Ref,Spider,Name,Address,City,State,Zipcode,Country,Phone,Website,Hours,Brand,WikiData
https://stores.aldi.us/#1014226968,aldi_sud_us,ALDI  300 N. Perryville Blvd,,Perryville,MO,,US,+1 855-955-2534,https://stores.aldi.us/mo/perryville/300-n-perryville-blvd,"Mo-Th 08:30-20:00,09:00-20:00; Fr 08:30-20:00,09:00-15:00,09:00-20:00; Sa-Su 08:30-20:00,09:00-20:00",ALDI,Q41171672
23064,asics_us,Hibbett Sports,2021 Jefferson St,Perryville,MO,,US,+1 573-517-0176,,,asics,Q327247
2338,autozone_us,AutoZone Auto Parts Perryville,,Perryville,MO,,US,+1 573-547-3070,https://www.autozone.com/locations/mo/perryville/100-perry-plaza.html,Mo-Sa 07:30-20:00; Su 09:00-19:00,AutoZone,Q4826087
82532,bluerhino,Rhodes 101 Stop 335,,Perryville,MO,,US,+1 573-517-7871,,,Blue Rhino,Q65681213
152884,bluerhino,Walgreens #10908,,Perryville,MO,,US,+1 573-517-0029,,,Blue Rhino,Q65681213
70683,bluerhino,Rhodes 101 Stop #350,,Perryville,MO,,US,+1 573-547-7777,,,Blue Rhino,Q65681213
226329,bluerhino,Tractor Supply #2829,,Perryville,MO,,US,+1 573-547-4571,,,Blue Rhino,Q65681213
203809,bluerhino,CASEY'S GENERAL STORE #2200,,PERRYVILLE,MO,,US,+1 573-547-6742,,,Blue Rhino,Q65681213
190944,bluerhino,Rozier's Mercantile #07544,,Perryville,MO,,US,+1 573-547-6521,,,Blue Rhino,Q65681213
191314,bluerhino,Perryville Pit Stop,,Perryville,MO,,US,+1 618-334-6618,,,Blue Rhino,Q65681213
70682,bluerhino,Rhodes 101 Stop #340,,Perryville,MO,,US,+1 573-547-2314,,,Blue Rhino,Q65681213
28685,burgerking,Burger King,,Perryville,MO,,US,+1 573-547-2144,https://www.bk.com/store-locator/store/restaurant_239872,Mo-Su 07:00-21:00,Burger King,Q177054
92039,citi,ATM Walgreens,,Perryville,MO,,US,,,,Citibank,Q857063
56683,citi,ATM First State Community Bk,,Perryville,MO,,US,,,,Citibank,Q857063
56669,citi,ATM First State Community Bk,,Perryville,MO,,US,,,,Citibank,Q857063
39536,citi,ATM CHESTER NATIONAL BANK,,Perryville,MO,,US,,,,Citibank,Q857063
70189700,cricket_wireless,Cricket Wireless Authorized Retailer,,Perryville,MO,,US,+1 573-768-1152,https://www.cricketwireless.com/stores/ll/US/MO/Perryville/1705-Alma-Ave,Mo-Sa 10:00-19:00; Su 12:00-17:00,Cricket Wireless,Q5184987
1626,dominos_pizza_us,Domino's Pizza,,Perryville,MO,,US,+1 573-547-3030,https://pizza.dominos.com/missouri/perryville/1219-rand-ave,Mo-Th 10:30-23:00; Fr-Sa 10:30-24:00; Su 10:30-23:00,Domino's,Q839466
https://www.edwardjones.com/us-en/financial-advisor/chris-mudd,edwardjones,Chris Mudd,,Perryville,MO,,US,+1 573-547-8383,https://www.edwardjones.com/us-en/financial-advisor/chris-mudd,Mo-Fr 08:00-17:00,Edward Jones,Q5343830
E10182,enterprise,Perryville Keller Motors,,Perryville,MO,,US,+1 573-547-1411,,,Enterprise Rent-A-Car,Q17085454
Motorcraft2357USAEnglish,ford,Bening Ford of Perryville,,Missouri,MO,,US,+1 573-547-8377,,,Ford,Q44294
https://www.ford.com/dealerships/dealer-details/mo/perryville/bening-ford-of-perryville/,ford_dealers_us,Bening Ford of Perryville,,Perryville,MO,,US,+1 573-605-4007,https://www.ford.com/dealerships/dealer-details/mo/perryville/bening-ford-of-perryville/,Mo-Fr 08:00-17:30; Sa 08:00-14:00,Ford Motor Company,Q44294
3850,fresenius_kidney_care_us,Fresenius Kidney Care Perry County,,Perryville,MO,,US,+1 800-881-5101,https://www.freseniuskidneycare.com/dialysis-centers/missouri/3850,Mo 04:30-18:30; We 04:30-18:30; Fr 04:30-18:30,,
24403,h_r_block,H&R Block,,Perryville,MO,,US,+1 573-547-4514,https://www.hrblock.com/local-tax-offices/missouri/perryville/513-old-st-marys-rd/24403/,,H&R Block,Q5627799
https://locations.kfc.com/#16741802,kfc,Chicken Nuggets Near Perryville,,Perryville,MO,,US,,https://locations.kfc.com/mo/perryville/1212-s-perryville-blvd/chickennugget,Mo-Su 10:00-24:00,KFC,Q524757
https://locations.maurices.com/#11688594,maurices,maurices Perryville Crossing,,Perryville,MO,,US,+1 573-547-9901,https://locations.maurices.com/us/mo/perryville/2021-jefferson-st,Mo-Sa 10:00-19:00; Su 11:00-17:00,maurices,Q6793571
https://www.mercy.net/content/mercy/us/en/practice/perryville/mercy-wound-care-perryville.html,mercy,Mercy Wound Care - Perryville,,Perryville,MO,,US,+1 573-768-3402,https://www.mercy.net/practice/mercy-wound-care-perryville,Mo-Fr 08:00-15:30,Mercy,Q30289045
https://www.mercy.net/content/mercy/us/en/practice/perryville/mercy-clinic-behavioral-health-perryville.html,mercy,Mercy Clinic Behavioral Health - Perryville,,Perryville,MO,,US,+1 573-547-3116,https://www.mercy.net/practice/mercy-clinic-behavioral-health-perryville,Mo-Th 08:00-16:30; Fr 08:00-12:00,Mercy,Q30289045
https://www.mercy.net/content/mercy/us/en/practice/perryville/mercy-family-medicine-and-obstetrics-206-hospital-lane.html,mercy,Mercy Family Medicine and Obstetrics - 206 Hospital Lane,,Perryville,MO,,US,+1 573-547-4899,https://www.mercy.net/practice/mercy-family-medicine-and-obstetrics-206-hospital-lane,Mo-Fr 08:00-17:00,Mercy,Q30289045
https://www.mercy.net/content/mercy/us/en/practice/perryville/mercy-nephrology-206-hospital-lane.html,mercy,Mercy Nephrology - 206 Hospital Lane,,Perryville,MO,,US,+1 573-768-3378,https://www.mercy.net/practice/mercy-nephrology-206-hospital-lane,Mo-Th 08:00-17:00; Fr 08:00-16:00,Mercy,Q30289045
https://www.mercy.net/content/mercy/us/en/practice/perryville/mercy-pain-management-206-hospital-lane.html,mercy,Mercy Pain Management - 206 Hospital Lane,,Perryville,MO,,US,+1 573-768-3420,https://www.mercy.net/practice/mercy-pain-management-206-hospital-lane,Mo-Th 08:00-17:00; Fr 08:00-16:00,Mercy,Q30289045
https://www.mercy.net/content/mercy/us/en/practice/perryville/mercy-pulmonology-206-hospital-lane.html,mercy,Mercy Pulmonology - 206 Hospital Lane,,Perryville,MO,,US,+1 573-768-3420,https://www.mercy.net/practice/mercy-pulmonology-206-hospital-lane,Mo-Th 08:00-17:00; Fr 08:00-16:00,Mercy,Q30289045
https://www.mercy.net/content/mercy/us/en/practice/perryville/mercy-orthopedics-and-sports-medicine-206-hospital-lane.html,mercy,Mercy Orthopedics and Sports Medicine - 206 Hospital Lane,,Perryville,MO,,US,+1 573-768-3396,https://www.mercy.net/practice/mercy-orthopedics-and-sports-medicine-206-hospital-lane,Mo-Th 08:00-17:00; Fr 08:00-16:00,Mercy,Q30289045
https://www.mercy.net/content/mercy/us/en/practice/perryville/mercy-fitness-center.html,mercy,Mercy Fitness Center,,Perryville,MO,,US,+1 573-768-3349,https://www.mercy.net/practice/mercy-fitness-center,24/7,Mercy,Q30289045
https://www.mercy.net/content/mercy/us/en/practice/perryville/mercy-therapy-services--206-hospital-lane.html,mercy,Mercy Therapy Services -  206 Hospital Lane,,Perryville,MO,,US,+1 573-768-3349,https://www.mercy.net/practice/mercy-therapy-services--206-hospital-lane,Mo-Fr 07:00-17:00,Mercy,Q30289045
https://www.mercy.net/content/mercy/us/en/practice/perryville/mercy-urology-206-hospital-lane.html,mercy,Mercy Urology - 206 Hospital Lane,,Perryville,MO,,US,+1 573-547-7248,https://www.mercy.net/practice/mercy-urology-206-hospital-lane,Mo-Th 08:00-17:00; Fr 08:00-16:00,Mercy,Q30289045
https://www.mercy.net/content/mercy/us/en/practice/perryville/mercy-pharmacy-212-hospital-lane.html,mercy,Mercy Pharmacy - 212 Hospital Lane,,Perryville,MO,,US,+1 573-547-4960,https://www.mercy.net/practice/mercy-pharmacy-212-hospital-lane,Mo-Fr 09:00-18:00; Sa 09:00-13:00,Mercy,Q30289045
https://www.mercy.net/content/mercy/us/en/practice/perryville/mercy-podiatry-212-hospital-lane.html,mercy,Mercy Podiatry - 212 Hospital Lane,,Perryville,MO,,US,+1 573-768-3270,https://www.mercy.net/practice/mercy-podiatry-212-hospital-lane,Mo-Fr 08:00-17:00,Mercy,Q30289045
https://www.mercy.net/content/mercy/us/en/practice/perryville/mercy-gastroenterology-212-hospital-lane.html,mercy,Mercy Gastroenterology - 212 Hospital Lane,,Perryville,MO,,US,+1 573-768-3270,https://www.mercy.net/practice/mercy-gastroenterology-212-hospital-lane,Mo-Fr 08:00-16:30,Mercy,Q30289045
https://www.mercy.net/content/mercy/us/en/practice/perryville/mercy-general-surgery-212-hospital-lane.html,mercy,Mercy General Surgery - 212 Hospital Lane,,Perryville,MO,,US,+1 573-547-8390,https://www.mercy.net/practice/mercy-general-surgery-212-hospital-lane,Mo-Fr 08:00-16:30,Mercy,Q30289045
https://www.mercy.net/content/mercy/us/en/practice/perryville/mercy-primary-care-212-hospital-lane-suite-101a.html,mercy,Mercy Primary Care - 212 Hospital Lane Suite 101A,,Perryville,MO,,US,+1 573-547-7888,https://www.mercy.net/practice/mercy-primary-care-212-hospital-lane-suite-101a,Mo-Fr 08:00-17:00,Mercy,Q30289045
https://www.mercy.net/content/mercy/us/en/practice/perryville/mercy-infectious-disease-212-hospital-lane.html,mercy,Mercy Infectious Disease - 212 Hospital Lane,,Perryville,MO,,US,+1 573-768-3410,https://www.mercy.net/practice/mercy-infectious-disease-212-hospital-lane,Mo-Fr 08:00-17:00,Mercy,Q30289045
https://www.mercy.net/content/mercy/us/en/practice/perryville/mercy-primary-care-212-hospital-lane-suite-205.html,mercy,Mercy Primary Care - 212 Hospital Lane Suite 205,,Perryville,MO,,US,+1 573-547-7888,https://www.mercy.net/practice/mercy-primary-care-212-hospital-lane-suite-205,Mo-Fr 08:00-17:00,Mercy,Q30289045
https://www.mercy.net/content/mercy/us/en/practice/perryville/mercy-primary-care-212-hospital-lane-suite-201.html,mercy,Mercy Primary Care - 212 Hospital Lane Suite 201,,Perryville,MO,,US,+1 573-547-7888,https://www.mercy.net/practice/mercy-primary-care-212-hospital-lane-suite-201,Mo-Fr 08:00-17:00,Mercy,Q30289045
https://www.mercy.net/content/mercy/us/en/practice/perryville/mercy-primary-care-212-hospital-lane-suite-101b.html,mercy,Mercy Primary Care - 212 Hospital Lane Suite 101B,,Perryville,MO,,US,+1 573-547-7888,https://www.mercy.net/practice/mercy-primary-care-212-hospital-lane-suite-101b,Mo-Fr 08:00-17:00,Mercy,Q30289045
https://www.mercy.net/content/mercy/us/en/practice/perryville/mercy-internal-medicine-and-pediatrics-212-hospital-lane.html,mercy,Mercy Internal Medicine and Pediatrics - 212 Hospital Lane,,Perryville,MO,,US,+1 573-768-3449,https://www.mercy.net/practice/mercy-internal-medicine-and-pediatrics-212-hospital-lane,Mo-Fr 08:00-17:00,Mercy,Q30289045
https://www.mercy.net/content/mercy/us/en/practice/perryville/mercy-cardiology-212-hospital-lane.html,mercy,Mercy Cardiology - 212 Hospital Lane,,Perryville,MO,,US,+1 573-902-2550,https://www.mercy.net/practice/mercy-cardiology-212-hospital-lane,Mo-Fr 08:00-16:00,Mercy,Q30289045
https://www.mercy.net/content/mercy/us/en/practice/perryville/mercy-rheumatology-212-hospital-lane.html,mercy,Mercy Rheumatology - 212 Hospital Lane,,Perryville,MO,,US,+1 573-768-3285,https://www.mercy.net/practice/mercy-rheumatology-212-hospital-lane,Mo-Fr 08:00-17:00,Mercy,Q30289045
https://www.mercy.net/content/mercy/us/en/practice/perryville/mercy-ear-nose-and-throat-212-hospital-lane.html,mercy,"Mercy Ear, Nose and Throat - 212 Hospital Lane",,Perryville,MO,,US,+1 573-547-4026,https://www.mercy.net/practice/mercy-ear-nose-and-throat-212-hospital-lane,Mo-Fr 08:00-16:30,Mercy,Q30289045
https://www.mercy.net/content/mercy/us/en/practice/perryville/mercy-pediatrics-210-hospital-lane.html,mercy,Mercy Pediatrics - 210 Hospital Lane,,Perryville,MO,,US,+1 573-517-0999,https://www.mercy.net/practice/mercy-pediatrics-210-hospital-lane,Mo-Fr 08:30-16:30,Mercy,Q30289045
https://www.mercy.net/content/mercy/us/en/practice/perryville/mercy-infusion-center-210-hospital-lane.html,mercy,Mercy Infusion Center - 210 Hospital Lane,,Perryville,MO,,US,+1 573-768-3285,https://www.mercy.net/practice/mercy-infusion-center-210-hospital-lane,Mo-Fr 08:00-16:00,Mercy,Q30289045
https://www.mercy.net/content/mercy/us/en/practice/perryville/mercy-sleep-center-210-hospital-lane.html,mercy,Mercy Sleep Center - 210 Hospital Lane,,Perryville,MO,,US,+1 573-768-3344,https://www.mercy.net/practice/mercy-sleep-center-210-hospital-lane,,Mercy,Q30289045
https://www.mercy.net/content/mercy/us/en/practice/perryville/mercy-convenient-care-1508-edgemont.html,mercy,Mercy Convenient Care - 1508 Edgemont,,Perryville,MO,,US,+1 573-768-3220,https://www.mercy.net/practice/mercy-convenient-care-1508-edgemont,Mo-Fr 08:00-18:30; Sa 08:00-12:00,Mercy,Q30289045
https://www.mercy.net/content/mercy/us/en/practice/perryville/mercy-occupational-health-1508-edgemont.html,mercy,Mercy Occupational Health - 1508 Edgemont,,Perryville,MO,,US,+1 573-768-3220,https://www.mercy.net/practice/mercy-occupational-health-1508-edgemont,,Mercy,Q30289045
https://www.mercy.net/content/mercy/us/en/practice/perryville/mercy-imaging-services-perryville.html,mercy,Mercy Imaging Services - Perryville,,Perryville,MO,,US,+1 573-768-3295,https://www.mercy.net/practice/mercy-imaging-services-perryville,,Mercy,Q30289045
https://www.mercy.net/content/mercy/us/en/practice/perryville/mercy-emergency-department-perryville.html,mercy,Mercy Emergency Department - Perryville,,Perryville,MO,,US,+1 573-547-2536,https://www.mercy.net/practice/mercy-emergency-department-perryville,24/7,Mercy,Q30289045
https://www.mercy.net/content/mercy/us/en/practice/perryville/mercy-hospital-perry.html,mercy,Mercy Hospital Perry,,Perryville,MO,,US,+1 573-547-2536,https://www.mercy.net/practice/mercy-hospital-perry,24/7,Mercy,Q30289045
https://www.mercy.net/content/mercy/us/en/practice/perryville/mercy-cardiopulmonary-rehabilitation-perryville.html,mercy,Mercy Cardiopulmonary Rehabilitation - Perryville,,Perryville,MO,,US,+1 573-902-2550,https://www.mercy.net/practice/mercy-cardiopulmonary-rehabilitation-perryville,Mo-Fr 06:00-16:00,Mercy,Q30289045
https://www.mercy.net/content/mercy/us/en/practice/perryville/mercy-clinic-cardiology-perryville.html,mercy,Mercy Clinic Cardiology - Perryville,,Perryville,MO,,US,+1 573-902-2550,https://www.mercy.net/practice/mercy-clinic-cardiology-perryville,Mo-Fr 08:00-16:00,Mercy,Q30289045
https://www.mercy.net/content/mercy/us/en/practice/perryville/mercy-birthplace-perryville.html,mercy,Mercy Birthplace - Perryville,,Perryville,MO,,US,+1 573-768-3274,https://www.mercy.net/practice/mercy-birthplace-perryville,24/7,Mercy,Q30289045
https://locations.oreillyauto.com/mo/perryville/check-engine-light-testing-1896.html,oreilly,Your Perryville O'Reilly Auto Parts Store,,Perryville,MO,,US,+1 573-547-2807,https://locations.oreillyauto.com/mo/perryville/check-engine-light-testing-1896.html,Mo-Fr 07:00-21:00; Sa 07:30-21:00; Su 08:00-20:00,O'Reilly Auto Parts,Q7071951
https://locations.oreillyauto.com/mo/perryville/wiper-installation-1896.html,oreilly,Your Perryville O'Reilly Auto Parts Store,,Perryville,MO,,US,+1 573-547-2807,https://locations.oreillyauto.com/mo/perryville/wiper-installation-1896.html,Mo-Fr 07:00-21:00; Sa 07:30-21:00; Su 08:00-20:00,O'Reilly Auto Parts,Q7071951
https://locations.oreillyauto.com/mo/perryville/battery-testing-1896.html,oreilly,Your Perryville O'Reilly Auto Parts Store,,Perryville,MO,,US,+1 573-547-2807,https://locations.oreillyauto.com/mo/perryville/battery-testing-1896.html,Mo-Fr 07:00-21:00; Sa 07:30-21:00; Su 08:00-20:00,O'Reilly Auto Parts,Q7071951
https://locations.oreillyauto.com/mo/perryville/autopartes-1896.html,oreilly,Tu tienda O'Reilly Auto Parts en Perryville,,Perryville,MO,,US,+1 573-547-2807,https://locations.oreillyauto.com/mo/perryville/autopartes-1896.html,Mo-Fr 07:00-21:00; Sa 07:30-21:00; Su 08:00-20:00,O'Reilly Auto Parts,Q7071951
0000917010,phillips_66_conoco_76,SQRL 1417 PERRYVILLE,,PERRYVILLE,MO,,US,+1 573-547-6222,,,Phillips 66,Q1656230
mo_perryville_1418-saint-joseph-st,pizza_hut_us,1418 Saint Joseph St.,,Perryville,MO,,US,+1 573-547-7833,https://locations.pizzahut.com/mo/perryville/1418-saint-joseph-st,,Pizza Hut,Q191615
buchheit-perryville-29507,ppgpaints,BUCHHEIT PERRYVILLE,,"Perryville, ",MO,,US,+1 573-547-1010,https://www.ppgpaints.com/store-locator/us/missouri/perryville-paint-stores/buchheit-perryville-29507,,PPG Paints,Q83891559
662,scooters_coffee_us,W St Joseph St & N Perryville Blvd,,Perryville,MO,,US,+1 573-605-1520,,Mo-Fr 05:30-20:00; Sa-Su 06:00-20:00,Scooter's Coffee,Q117280308
https://restaurants.subway.com/#14915638,subway,Subway,,Perryville Perry,MO,,US,+1 573-517-1227,https://restaurants.subway.com/united-states/mo/perryville/1527-s-perryville-blvd,Mo-Su 08:00-21:00,Subway,Q244457
https://restaurants.subway.com/#14911653,subway,Subway Perry Plaza Shopping Center,,Perryville Perry,MO,,US,+1 573-547-3535,https://restaurants.subway.com/united-states/mo/perryville/620-n-kings-highway,Mo-Su 08:00-21:00,Subway,Q244457
468,sun_loan_us,Sun Loan Company – Perryville,,Perryville,MO,,US,+1 573-605-7020,https://www.sunloan.com/find-a-branch/sun-loan-company-perryville-missouri-388/,Mo-Th 08:30-17:30; Fr 08:30-18:00; Sa 08:30-12:30,Sun Loan,Q118725658
https://locations.tacobell.com/#6146566,taco_bell,Taco Bell,,Perryville,MO,,US,+1 573-547-9100,https://locations.tacobell.com/mo/perryville/1303-s-perryville-blvd.html,Mo-Th 08:00-02:00; Fr-Sa 08:00-03:00; Su 08:00-02:00,Taco Bell,Q752941
935F,tmobile_us,The Gaming Center,,Perryville,MO,,US,+1 573-547-6260,https://www.t-mobile.com/store-locator/mo/perryville/the-gaming-center,,T-Mobile,Q3511885
1377272,usps,PERRYVILLE,,PERRYVILLE,MO,,US,+1 573-547-4343,,Mo-Fr 08:30-17:00; Sa 10:00-12:00,United States Postal Service,Q668687
6377500015,usps_collection_boxes,USPS COLLECTION BOX - BLUE BOX,1015 S PERRYVILLE BLVD,PERRYVILLE,MO,,US,,,,United States Postal Service,Q668687
6377500014,usps_collection_boxes,USPS COLLECTION BOX - BLUE BOX,20 E SAINTE MARIE ST,PERRYVILLE,MO,,US,,,,United States Postal Service,Q668687
6377500011,usps_collection_boxes,USPS COLLECTION BOX - PO LOBBY,20 E SAINTE MARIE ST,PERRYVILLE,MO,,US,,,,United States Postal Service,Q668687
A00000253077,verizon_us,Russell Cellular Perryville,,PERRYVILLE,MO,,US,+1 573-513-2667,https://www.verizon.com/stores/details/missouri/perryville/russell-cellular-perryville-1835922/,Mo-Sa 09:00-19:00; Su 11:00-17:00,Verizon,Q919641
,visa,,,PERRYVILLE,MO,,US,,,,,
,visa,,,PERRYVILLE,MO,,US,,,,,
,visa,,,PERRYVILLE,MO,,US,,,,,
,visa,,,PERRYVILLE,MO,,US,,,,,
,visa,,,PERRYVILLE,MO,,US,,,,,
,visa,,,PERRYVILLE,MO,,US,,,,,
,visa,,,PERRYVILLE,MO,,US,,,,,
,visa,,,PERRYVILLE,MO,,US,,,,,
,visa,,,PERRYVILLE,MO,,US,,,,,
,visa,,,PERRYVILLE,MO,,US,,,,,
,visa,,,PERRYVILLE,MO,,US,,,,,
,visa,,,PERRYVILLE,MO,,US,,,,,
,visa,,,PERRYVILLE,MO,,US,,,,,
,visa,,,PENNYVILLE,MO,,US,,,,,
,visa,,,PERRYVILLE,MO,,US,,,,,
,visa,,,PERRYVILLE,MO,,US,,,,,
,visa,,,PERRYVILLE,MO,,US,,,,,
,visa,,,PERRYVILLE,MO,,US,,,,,
,visa,,,PERRYVILLE,MO,,US,,,,,
,visa,,,PERRYVILLE,MO,,US,,,,,
,visa,,,PERRYVILLE,MO,,US,,,,,
,visa,,,PERRYVILLE,MO,,US,,,,,
,visa,,,PERRYVILLE,MO,,US,,,,,
,visa,,,PERRYVILLE,MO,,US,,,,,
,visa,,,PERRYVILLE,MO,,US,,,,,
,visa,,,PERRYVILLE,MO,,US,,,,,
,visa,,,PERRYVILLE,MO,,US,,,,,
,visa,,,PERRYVILLE,MO,,US,,,,,
,visa,,,PERRYVILLE,MO,,US,,,,,
,visa,,,PERRYVILLE,MO,,US,,,,,
,visa,,,PERRYVILLE,MO,,US,,,,,
,visa,,,PERRYVILLE,MO,,US,,,,,
,visa,,,PERRYVILLE,MO,,US,,,,,
,visa,,,PERRYVILLE,MO,,US,,,,,
https://www.walgreens.com/locator/walgreens-6+s+perryville+blvd-perryville-mo-63775/id=10908,walgreens,Walgreens,,Perryville,MO,,US,+1 573-517-0029,https://www.walgreens.com/locator/walgreens-6+s+perryville+blvd-perryville-mo-63775/id=10908,Mo-Su 08:00-21:00,Walgreens,Q1591889
1146,world_finance_us,,"1418 W St Joseph St Suite 20, Perryville, MO, 63775",Perryville,MO,,US,+1 573-547-3600,https://www.loansbyworld.com/branches/branch-1146,Mo-Fr 09:00-17:30; Sa 09:00-12:00,World Finance,Q3569971
