Ref,Spider,Name,Address,City,State,Zipcode,Country,Phone,Website,Hours,Brand,WikiData
818,aaa,Placerville,,Placerville,CA,,US,+1 530-295-6600,,,American Automobile Association,Q463436
/locations/propane-offices/california/placerville/5641-davidson-rd,amerigas,"AmerGas Propane | Placerville, California",,Placerville,CA,,US,+1 530-622-7354,/locations/propane-offices/california/placerville/5641-davidson-rd,,AmeriGas,Q23130318
2666,anytime_fitness,Anytime Fitness,,Placerville,CA,,US,+1 530-295-3600,https://www.anytimefitness.com/gyms/2666/placerville-ca-95667/,,Anytime Fitness,Q4778364
1237,att_us,PLACERVILLE,,Placerville,CA,,US,+1 530-295-8520,https://www.att.com/stores/california/placerville/1237,Mo-Sa 09:00-19:00; Su 10:00-18:00,AT&T,Q298594
3361,autozone_us,AutoZone Auto Parts Placerville,,Placerville,CA,,US,+1 530-626-0852,https://www.autozone.com/locations/ca/placerville/4350-golden-center-dr.html,Mo-Sa 07:30-21:00; Su 08:00-21:00,AutoZone,Q4826087
https://locators.bankofamerica.com/ca/placerville/financial-centers-placerville-8961.html,bankofamerica,Bank of America Financial Center & Walk-Up ATM | Placerville,,Placerville,CA,,US,+1 530-295-6415,https://locators.bankofamerica.com/ca/placerville/financial-centers-placerville-8961.html,Mo-Fr 09:00-17:00; Sa 09:00-16:00,Bank of America,Q487907
https://locators.bankofamerica.com/ca/placerville/atm-placerville-110247.html,bankofamerica,Bank of America Walk-Up ATM | Missouri Flat Village,,Placerville,CA,,US,+1 844-401-8500,https://locators.bankofamerica.com/ca/placerville/atm-placerville-110247.html,,Bank of America,Q487907
BBW02551,bathandbodyworks_us,PROSPECTOR'S PLAZA,,PLACERVILLE,CA,,US,+1 530-303-5919,,Mo-Sa 10:00-20:00; Su 10:00-18:00,Bath & Body Works,Q810773
https://local.biglots.com/#13189738,biglots,Big Lots - Placerville,,Placerville,CA,,US,+1 530-642-8927,https://local.biglots.com/ca/placerville/47-fair-ln,Mo-Sa 09:00-21:00; Su 10:00-19:00,Big Lots,Q4905973
190765,bluerhino,Speedway #1495,,Placerville,CA,,US,+1 530-622-5563,,,Blue Rhino,Q65681213
154494,bluerhino,Walgreens #11823,,Placerville,CA,,US,+1 530-344-1062,,,Blue Rhino,Q65681213
162192,bluerhino,Gutierrez Enterprise Inc True Value #8618-1,,Placerville,CA,,US,+1 530-622-0992,,,Blue Rhino,Q65681213
2040585,chase_us,Placerville - New branch,,Placerville,CA,,US,+1 530-626-8800,https://locator.chase.com/ca/placerville/3980-missouri-flat-rd,Mo-Fr 09:00-17:00; Sa 09:00-14:00,Chase,Q524629
90315,chevron,Chevron Station #90315,3943 MISSOURI FLAT ROAD,PLACERVILLE,CA,,US,+1 530-626-7240,,,Chevron,Q319642
370210,chevron,Chevron Station #370210,1312 BROADWAY AVE,PLACERVILLE,CA,,US,+1 530-622-8212,,,Chevron,Q319642
381290,chevron,Chevron Station #381290,4412 PLEASANT VALLEY RD,PLACERVILLE,CA,,US,+1 530-644-5182,,,Chevron,Q319642
ca_placerville_3987-missouri-flat-rd,chipotle, ,,Placerville,CA,,US,+1 530-748-0094,https://locations.chipotle.com/ca/placerville/3987-missouri-flat-rd,,Chipotle,Q465751
72726,citi,ATM Rite Aid,,Placerville,CA,,US,,,,Citibank,Q857063
78539,citi,ATM Speedway,,Placerville,CA,,US,,,,Citibank,Q857063
34904,citi,ATM Ampm,,Placerville,CA,,US,,,,Citibank,Q857063
91017,citi,ATM Walgreens,,Placerville,CA,,US,,,,Citibank,Q857063
50770,citi,ATM CVS,,Placerville,CA,,US,,,,Citibank,Q857063
82485,citi,ATM Target,,Placerville,CA,,US,,,,Citibank,Q857063
17787,cvs_us,CVS Pharmacy,,Placerville,CA,,US,+1 530-748-2321,https://www.cvs.com/store-locator/placerville-ca-pharmacies/3968-missouri-flat-rd-placerville-ca-95667/storeid=17787,"Mo-Fr 10:00-13:30,14:00-18:00; Sa 09:00-13:30,14:00-17:00; Su 11:00-13:30,14:00-17:00",CVS Pharmacy,Q2078880
9184,cvs_us,CVS Pharmacy,,Placerville,CA,,US,+1 530-626-8642,https://www.cvs.com/store-locator/placerville-ca-pharmacies/3964-missouri-flat-rd-ste-a-placerville-ca-95667/storeid=9184,Mo-Su 08:00-22:00,CVS Pharmacy,Q2078880
247746,dennys,Denny's,,Placerville,CA,,US,+1 530-626-1086,https://locations.dennys.com/CA/PLACERVILLE/247746,Mo-Su 06:00-24:00,Denny's,Q1189695
1493,dickeys_barbecue_pit_us,Placerville - Fair Ln,,Placerville,CA,,US,+1 530-748-3445,https://www.dickeys.com/locations/california/placerville/placerville,Mo-Su 11:00-21:00,Dickey's Barbecue Pit,Q19880747
7996,dominos_pizza_us,Domino's Pizza,,Placerville,CA,,US,+1 530-303-6777,https://pizza.dominos.com/california/placerville/1331-broadway,Mo-Th 10:00-24:00; Fr-Sa 10:00-01:00; Su 10:00-24:00,Domino's,Q839466
DB739,dutchbros,Missouri Flat,,Placerville,CA,,US,,https://locations.dutchbros.com/dutch-bros-coffee-d8c85b7e7857,Mo-Th 05:00-22:00; Fr-Sa 05:00-23:00; Su 05:00-22:00,Dutch Bros. Coffee,Q5317253
https://www.edwardjones.com/us-en/financial-advisor/scott-jacob,edwardjones,Scott Jacob,,Placerville,CA,,US,+1 530-626-6246,https://www.edwardjones.com/us-en/financial-advisor/scott-jacob,Mo-Fr 08:00-16:30,Edward Jones,Q5343830
110132,electrify_america,"BOA CA2-144 (Placerville, CA)",,Placerville,CA,,US,,,,Electrify America,Q59773555
E13016,enterprise,Placerville,,Placerville,CA,,US,+1 530-621-0866,,,Enterprise Rent-A-Car,Q17085454
1100,european_wax_center_us,European Wax Center,,Placerville,CA,,US,+1 530-663-6731,https://locations.waxcenter.com/ca/placerville/placerville-missouri-flat-village-1100.html,Mo-Fr 08:30-20:00; Sa 08:30-18:00; Su 10:00-17:00,European Wax Center,Q5413426
5467,gamestop_us,Missouri Flat Village,,PLACERVILLE,CA,,US,+1 530-622-0240,https://www.gamestop.com/search/?store=5467,Mo-Th 12:00-19:00; Fr-Sa 11:00-21:00; Su 11:00-19:00,GameStop,Q202210
d9f9aeee-5796-e611-bbdb-005056890337,goodwill,Store - Placerville (Missouri Flat),,Placerville,CA,,US,+1 530-748-3586,https://www.goodwill.org/locator/location/?store=ZDlmOWFlZWUtNTc5Ni1lNjExLWJiZGItMDA1MDU2ODkwMzM3&lat=MzguNzA1NDM=&lng=LTEyMC44MzEzMQ==,,Goodwill,Q5583655
https://salons.greatclips.com/us/ca/placerville/3987-missouri-flat-rd,greatclips,Great Clips,,Placerville,CA,,US,+1 530-622-2770,https://salons.greatclips.com/us/ca/placerville/3987-missouri-flat-rd,Mo-Fr 08:00-19:00; Sa 09:00-18:00; Su 09:00-17:00,Great Clips,Q5598967
https://www.habitburger.com/locations/placerville/,habit_burger,The Habit Burger Grill,,Placerville,CA,,US,+1 530-444-7030,https://www.habitburger.com/locations/placerville/,Mo-Su 10:30-21:00,The Habit Burger Grill,Q18158741
https://www.harborfreight.com/storelocator/1460-broadway-placerville-95667?number=3476,harborfreight,"Harbor Freight Tools Placerville, CA",,Placerville,CA,,US,+1 530-719-3031,https://www.harborfreight.com/storelocator/1460-broadway-placerville-95667?number=3476,Mo-Sa 08:00-20:00; Su 09:00-18:00,Harbor Freight Tools,Q5654601
6511,h_r_block,H&R Block,,Placerville,CA,,US,+1 530-622-1465,https://www.hrblock.com/local-tax-offices/california/placerville/1446-broadway/6511/,,H&R Block,Q5627799
139,innout,Placerville,,Placerville,CA,,US,,http://locations.in-n-out.com/139,,In-N-Out Burger,Q1205312
https://locations.jackinthebox.com/us/ca/placerville/3945-missouri-flat-rd,jackinthebox,Jack in the Box,,Placerville,CA,,US,+1 530-626-1898,https://locations.jackinthebox.com/us/ca/placerville/3945-missouri-flat-rd,Mo-Su 06:00-22:00,Jack in the Box,Q1538507
https://office.jacksonhewitt.com/#27579256,jackson_hewitt,Jackson Hewitt,,Placerville,CA,,US,+1 530-349-3019,https://office.jacksonhewitt.com/tax-preparation-services-locations/en/ca/placerville/4300-missouri-flat-rd/52418,Mo-Sa 11:00-19:00; Su 12:00-16:00,Jackson Hewitt,Q6117132
https://locations.jamba.com/#590-Jamba,jambajuice,Jamba Missouri Flat Village,,Placerville,CA,,US,+1 530-344-1675,https://locations.jamba.com/ca/placerville/3987-missouri-flat-rd,Mo-Su 07:30-19:30,Jamba Juice,Q3088784
https://healthy.kaiserpermanente.org/northern-california/facilities/summitview-child-family-services-vista-134439,kaiser_permanente_us,Summitview Child & Family Services - Vista,,Placerville,CA,,US,+1 530-217-1148,https://healthy.kaiserpermanente.org/northern-california/facilities/summitview-child-family-services-vista-134439,,Kaiser Permanente,Q1721601
https://healthy.kaiserpermanente.org/northern-california/facilities/summitview-child-family-services-sugar-pine-134447,kaiser_permanente_us,Summitview Child & Family Services - Sugar Pine,,Placerville,CA,,US,+1 530-236-3844,https://healthy.kaiserpermanente.org/northern-california/facilities/summitview-child-family-services-sugar-pine-134447,,Kaiser Permanente,Q1721601
https://healthy.kaiserpermanente.org/northern-california/facilities/summitview-child-family-services-lotus-house-134431,kaiser_permanente_us,Summitview Child & Family Services - Lotus House,,Placerville,CA,,US,+1 530-644-2412,https://healthy.kaiserpermanente.org/northern-california/facilities/summitview-child-family-services-lotus-house-134431,,Kaiser Permanente,Q1721601
https://healthy.kaiserpermanente.org/northern-california/facilities/summitview-child-family-services-inc-332291,kaiser_permanente_us,"Summitview Child & Family Services, Inc.",,Placerville,CA,,US,+1 530-644-2412,https://healthy.kaiserpermanente.org/northern-california/facilities/summitview-child-family-services-inc-332291,,Kaiser Permanente,Q1721601
https://healthy.kaiserpermanente.org/northern-california/facilities/stepping-stones-134215,kaiser_permanente_us,Stepping Stones,,Placerville,CA,,US,+1 530-903-3378,https://healthy.kaiserpermanente.org/northern-california/facilities/stepping-stones-134215,,Kaiser Permanente,Q1721601
https://healthy.kaiserpermanente.org/northern-california/facilities/shingle-springs-health-and-wellness-center-174217,kaiser_permanente_us,Shingle Springs Health and Wellness Center,,Placerville,CA,,US,+1 530-387-4975,https://healthy.kaiserpermanente.org/northern-california/facilities/shingle-springs-health-and-wellness-center-174217,,Kaiser Permanente,Q1721601
https://healthy.kaiserpermanente.org/northern-california/facilities/sequoia-house-133521,kaiser_permanente_us,Sequoia House,,Placerville,CA,,US,+1 530-644-2412,https://healthy.kaiserpermanente.org/northern-california/facilities/sequoia-house-133521,,Kaiser Permanente,Q1721601
https://healthy.kaiserpermanente.org/northern-california/facilities/pioneer-house-134741,kaiser_permanente_us,Pioneer House,,Placerville,CA,,US,+1 530-621-1185,https://healthy.kaiserpermanente.org/northern-california/facilities/pioneer-house-134741,,Kaiser Permanente,Q1721601
https://healthy.kaiserpermanente.org/northern-california/facilities/pioneer-house-134413,kaiser_permanente_us,Pioneer House,,Placerville,CA,,US,+1 530-621-1185,https://healthy.kaiserpermanente.org/northern-california/facilities/pioneer-house-134413,,Kaiser Permanente,Q1721601
https://healthy.kaiserpermanente.org/northern-california/facilities/el-dorado-county-community-health-center-433803,kaiser_permanente_us,El Dorado County Community Health Center,,Placerville,CA,,US,+1 530-621-7700,https://healthy.kaiserpermanente.org/northern-california/facilities/el-dorado-county-community-health-center-433803,,Kaiser Permanente,Q1721601
https://locations.kfc.com/#11248499,kfc,Chicken Nuggets Near Placerville,,Placerville,CA,,US,,https://locations.kfc.com/ca/placerville/73-main-street/chickennugget,Mo-Su 10:30-21:00,KFC,Q524757
141986,little_free_library,Little Free Library #141986 Placerville CA,,Placerville,CA,,US,,,,Little Free Library,Q6650101
99928,little_free_library,Silverlode Little Free Library #99928 Placerville CA,,Placerville,CA,,US,,,,Little Free Library,Q6650101
52224,little_free_library,Regina Grosby #52224 Placerville CA,,Placerville,CA,,US,,,,Little Free Library,Q6650101
11726,little_free_library,Lee Miller #11726 Placerville CA,,Placerville,CA,,US,,,,Little Free Library,Q6650101
3578,little_free_library,Jill Barnes #3578 Placerville CA,,Placerville,CA,,US,,,,Little Free Library,Q6650101
51705,little_free_library,Siri Cleveland #51705 Placerville CA,,Placerville,CA,,US,,,,Little Free Library,Q6650101
79489,little_free_library,Kamar Taj Little Free Library #79489 Placerville CA,,Placerville,CA,,US,,,,Little Free Library,Q6650101
130944,little_free_library,Rucksack Little Free Library #130944 Placerville CA,,Placerville,CA,,US,,,,Little Free Library,Q6650101
151778,little_free_library,Little Treehouse Library #151778 Placerville CA,,Placerville,CA,,US,,,,Little Free Library,Q6650101
98516,little_free_library,El Dorado County Fire - Station 19 #98516 Placerville CA,,Placerville,CA,,US,,,,Little Free Library,Q6650101
118557,little_free_library,Cortleigh Ellis #118557 Placerville CA,,Placerville,CA,,US,,,,Little Free Library,Q6650101
99458,little_free_library,Jeanine’s Busy Bee LFL #99458 Placerville CA,,Placerville,CA,,US,,,,Little Free Library,Q6650101
16799,mattress_firm_us,Mattress Firm Prospectors Plaza,,Placerville,CA,,US,+1 530-903-4386,https://www.mattressfirm.com/en-us/stores/ca/placerville/501087/,,Mattress Firm,Q6791878
44639385,moneygram,SAVE MART - #0615,,PLACERVILLE,CA,,US,+1 530-626-7530,,Mo-Su 09:00-21:00,MoneyGram,Q1944412
66044181,moneygram,LONGS/CVS - #9184,,PLACERVILLE,CA,,US,+1 530-626-7621,,Mo-Su 08:00-22:00,MoneyGram,Q1944412
https://locations.oreillyauto.com/ca/placerville/check-engine-light-testing-2577.html,oreilly,Your Placerville O'Reilly Auto Parts Store,,Placerville,CA,,US,+1 530-626-9191,https://locations.oreillyauto.com/ca/placerville/check-engine-light-testing-2577.html,Mo-Tu 07:30-22:00; We 07:30-21:45; Th-Fr 07:30-22:00; Sa 07:30-21:00; Su 08:00-21:00,O'Reilly Auto Parts,Q7071951
https://locations.oreillyauto.com/ca/placerville/wiper-installation-2577.html,oreilly,Your Placerville O'Reilly Auto Parts Store,,Placerville,CA,,US,+1 530-626-9191,https://locations.oreillyauto.com/ca/placerville/wiper-installation-2577.html,Mo-Tu 07:30-22:00; We 07:30-21:45; Th-Fr 07:30-22:00; Sa 07:30-21:00; Su 08:00-21:00,O'Reilly Auto Parts,Q7071951
https://locations.oreillyauto.com/ca/placerville/battery-testing-2577.html,oreilly,Your Placerville O'Reilly Auto Parts Store,,Placerville,CA,,US,+1 530-626-9191,https://locations.oreillyauto.com/ca/placerville/battery-testing-2577.html,Mo-Tu 07:30-22:00; We 07:30-21:45; Th-Fr 07:30-22:00; Sa 07:30-21:00; Su 08:00-21:00,O'Reilly Auto Parts,Q7071951
https://locations.oreillyauto.com/ca/placerville/autopartes-2577.html,oreilly,Tu tienda O'Reilly Auto Parts en Placerville,,Placerville,CA,,US,+1 530-626-9191,https://locations.oreillyauto.com/ca/placerville/autopartes-2577.html,Mo-Tu 07:30-22:00; We 07:30-21:45; Th-Fr 07:30-22:00; Sa 07:30-21:00; Su 08:00-21:00,O'Reilly Auto Parts,Q7071951
112247,pandaexpress,Missouri Flat & Forni - Walmart,,Placerville,CA,,US,+1 530-626-5269,https://www.pandaexpress.com/locations/ca/placerville/4280-missouri-flat-road,Mo-Su 10:00-22:00,Panda Express,Q1358690
https://locations.papamurphys.com/#15431008,papamurphys,Pizza Takeout & Delivery,,Placerville,CA,,US,+1 530-626-8997,https://locations.papamurphys.com/ca/placerville/65-fair-lane,Mo-Th 11:00-20:00; Fr-Sa 11:00-21:00; Su 11:00-20:00,Papa Murphy's,Q7132349
16526130,peets_coffee_us,Peet's Coffee,,Placerville,CA,,US,+1 530-622-6800,,,Peet's Coffee,Q1094101
the-paint-spot-64057,ppgpaints,THE PAINT SPOT,,"Placerville, ",CA,,US,+1 530-622-4744,https://www.ppgpaints.com/store-locator/us/california/placerville-paint-stores/the-paint-spot-64057,,PPG Paints,Q83891559
paint-spot-the-24212,ppgpaints,PAINT SPOT THE,,"Placerville, ",CA,,US,+1 530-622-4744,https://www.ppgpaints.com/store-locator/us/california/placerville-paint-stores/paint-spot-the-24212,,PPG Paints,Q83891559
home-depot-1085-7903,ppgpaints,HOME DEPOT 1085,,"Placerville, ",CA,,US,+1 530-626-9751,https://www.ppgpaints.com/store-locator/us/california/placerville-paint-stores/home-depot-1085-7903,,PPG Paints,Q83891559
06057,rite_aid_us,Rite Aid #06057 Placerville,,Placerville,CA,,US,+1 530-626-5501,https://locations2.riteaid.com.yext-cdn.com/ca/placerville/1220-broadway.html,Mo-Su 08:00-21:00,Rite Aid,Q3433273
1036,round_table_pizza,Placerville - Main St,,Placerville ,CA,,US,+1 530-622-2259,https://ordering.roundtablepizza.com/site/rt52,,Round Table Pizza,Q7371139
2449,round_table_pizza,Placerville - Missouri Flat Rd,,Placerville ,CA,,US,+1 530-621-0682,https://ordering.roundtablepizza.com/site/rt-placerville-missouri-flat,,Round Table Pizza,Q7371139
https://local.pharmacy.safeway.com/#5673356,safeway,Safeway Pharmacy,,Placerville,CA,,US,+1 530-295-2977,https://local.pharmacy.safeway.com/safeway/ca/placerville/3955-missouri-flat-rd.html,,Safeway,Q1508234
https://local.fuel.safeway.com/#9073513,safeway,Safeway Fuel Station,,Placerville,CA,,US,+1 530-295-2972,https://local.fuel.safeway.com/safeway/ca/placerville/3983-missouri-flat-rd.html,Mo-Su 05:00-23:00,Safeway,Q1508234
https://local.safeway.com/#5604223,safeway,Safeway,,Placerville,CA,,US,+1 530-295-2972,https://local.safeway.com/safeway/ca/placerville/3955-missouri-flat-rd.html,,Safeway,Q1508234
3233,snap_fitness,"Placerville, CA",1248 Broadway,Placerville,CA,,US,+1 530-621-2777,https://www.snapfitness.com/us/gyms/placerville-ca,24/7,Snap Fitness,Q7547254
https://restaurants.subway.com/#14907420,subway,Subway County Fair Shopping Center,,Placerville El Dorado,CA,,US,+1 530-626-2000,https://restaurants.subway.com/united-states/ca/placerville/73-fair-lane,Mo-Su 08:00-21:00,Subway,Q244457
https://restaurants.subway.com/#14916862,subway,Subway Broadway Plaza S/C,,Placerville El Dorado,CA,,US,+1 530-626-4468,https://restaurants.subway.com/united-states/ca/placerville/1329-broadway-st,Mo-Fr 08:00-21:00; Sa-Su 08:00-20:00,Subway,Q244457
https://restaurants.subway.com/#14895650,subway,Subway,,Diamond Springs El Dorado,CA,,US,+1 530-317-0026,https://restaurants.subway.com/united-states/ca/diamond-springs/4181-highway-49,Mo-Fr 07:00-21:00; Sa-Su 09:00-20:00,Subway,Q244457
80598,supercuts,Golden Center Plaza,4370 Golden Center Dr Ste D,Placerville,CA,,US,+1 530-626-5404,https://www.supercuts.com/checkin/80598,Mo-Su 09:00-17:00,Supercuts,Q7643239
https://locations.tacobell.com/#6146687,taco_bell,Taco Bell,,Placerville,CA,,US,+1 530-303-9101,https://locations.tacobell.com/ca/placerville/1240-broadway.html,Mo 07:00-23:00; Tu-Su 07:00-01:00,Taco Bell,Q752941
0894,tjx,Placerville,3959 Missouri Flat Road,Placerville,CA,,US,+1 530-621-4741,,Mo-Sa 09:30-21:30; Su 10:00-20:00,TJ Maxx,Q10860683
701D,tmobile_us,Golden Center Dr,,Placerville,CA,,US,+1 530-417-8505,https://www.t-mobile.com/store-locator/ca/placerville/golden-center-dr,,T-Mobile,Q3511885
020157,uhaul,Pleasant Valley Chevron,4412 Pleasant Valley Rd,Placerville,CA,,US,+1 530-903-5737,,Mo-Sa 00:00-17:00,U-Haul,Q7862902
030680,uhaul,Cold Springs Food Mart,1628 Cold Springs Rd,Placerville,CA,,US,+1 530-647-2314,,Mo-Fr 00:00-17:00,U-Haul,Q7862902
050703,uhaul,Vintage Transport Inc,161 Fair Ln,Placerville,CA,,US,+1 530-621-3861,,Mo-Fr 00:00-17:00; Sa 00:00-14:00,U-Haul,Q7862902
1377692,usps,PLACERVILLE,,PLACERVILLE,CA,,US,+1 530-622-5174,,Mo-Fr 08:30-17:00; Sa 10:00-13:00,United States Postal Service,Q668687
9566700064,usps_collection_boxes,USPS COLLECTION BOX - BLUE BOX,3057 BRIW RD,PLACERVILLE,CA,,US,,,,United States Postal Service,Q668687
9566700024,usps_collection_boxes,USPS COLLECTION BOX - BLUE BOX,166 PLACERVILLE DR,PLACERVILLE,CA,,US,,,,United States Postal Service,Q668687
9566700023,usps_collection_boxes,USPS COLLECTION BOX - BLUE BOX,360 FAIR LN,PLACERVILLE,CA,,US,,,,United States Postal Service,Q668687
9566700010,usps_collection_boxes,USPS COLLECTION BOX - BLUE BOX,1095 MARSHALL WAY,PLACERVILLE,CA,,US,,,,United States Postal Service,Q668687
9566700066,usps_collection_boxes,USPS COLLECTION BOX - BLUE BOX,409 MAIN ST,PLACERVILLE,CA,,US,,,,United States Postal Service,Q668687
9566700006,usps_collection_boxes,USPS COLLECTION BOX - BLUE BOX,4570 PLEASANT VALLEY RD,PLACERVILLE,CA,,US,,,,United States Postal Service,Q668687
9566700085,usps_collection_boxes,USPS COLLECTION BOX - PO LOBBY,3045 SACRAMENTO ST,PLACERVILLE,CA,,US,,,,United States Postal Service,Q668687
9566700050,usps_collection_boxes,USPS COLLECTION BOX - PO LOBBY,3045 SACRAMENTO ST,PLACERVILLE,CA,,US,,,,United States Postal Service,Q668687
9566700051,usps_collection_boxes,USPS COLLECTION BOX - PO LOBBY,3045 SACRAMENTO ST,PLACERVILLE,CA,,US,,,,United States Postal Service,Q668687
9566700077,usps_collection_boxes,USPS COLLECTION BOX - BLUE BOX,3045 SACRAMENTO ST,PLACERVILLE,CA,,US,,,,United States Postal Service,Q668687
R00000147203,verizon_us,Placerville,,Placerville,CA,,US,+1 530-622-3844,https://www.verizon.com/stores/details/california/placerville/placerville-247443/,Mo-Sa 09:00-18:00; Su 10:00-17:00,Verizon,Q919641
,visa,,,PLACERVILLE,CA,,US,,,,,
,visa,,,PLACERVILLE,CA,,US,,,,,
,visa,,,PLACERVILLE,CA,,US,,,,,
,visa,,,PLACERVILLE,CA,,US,,,,,
,visa,,,PLACERVILLE,CA,,US,,,,,
,visa,,,PLACERVILLE,CA,,US,,,,,
,visa,,,PLACERVILLE,CA,,US,,,,,
,visa,,,PLEASENT VALLEY,CA,,US,,,,,
,visa,,,PLACERVILLE,CA,,US,,,,,
,visa,,,PLACERVILLE,CA,,US,,,,,
,visa,,,PLACERVILLE,CA,,US,,,,,
,visa,,,PLACERVILLE,CA,,US,,,,,
,visa,,,PLACERVILLE,CA,,US,,,,,
,visa,,,PLACERVILLE,CA,,US,,,,,
,visa,,,PLACERVILLE,CA,,US,,,,,
,visa,,,PLACERVILLE,CA,,US,,,,,
,visa,,,PLACERVILLE,CA,,US,,,,,
,visa,,,PLACERVILLE,CA,,US,,,,,
,visa,,,PLACERVILLE,CA,,US,,,,,
,visa,,,PLACERVILLE,CA,,US,,,,,
,visa,,,PLACERVILLE,CA,,US,,,,,
,visa,,,PLACERVILLE,CA,,US,,,,,
,visa,,,PLACERVILLE,CA,,US,,,,,
,visa,,,PLACERVILLE,CA,,US,,,,,
,visa,,,PLACERVILLE,CA,,US,,,,,
,visa,,,PLACERVILLE,CA,,US,,,,,
,visa,,,PLACERVILLE,CA,,US,,,,,
,visa,,,PLACERVILLE,CA,,US,,,,,
,visa,,,PLACERVILLE,CA,,US,,,,,
,visa,,,PLACERVILLE,CA,,US,,,,,
,visa,,,PLACERVILLE,CA,,US,,,,,
,visa,,,PLACERVILLE,CA,,US,,,,,
,visa,,,PLACERVILLE,CA,,US,,,,,
,visa,,,PLACERVILLE,CA,,US,,,,,
,visa,,,PLACERVILLE,CA,,US,,,,,
,visa,,,PLACERVILLE,CA,,US,,,,,
,visa,,,PLAVERVILLE,CA,,US,,,,,
,visa,,,PLACERVILLE,CA,,US,,,,,
,visa,,,PLACERVILLE,CA,,US,,,,,
,visa,,,PLACERVILLE,CA,,US,,,,,
,visa,,,PLACERVILLE,CA,,US,,,,,
,visa,,,PLACERVILLE,CA,,US,,,,,
,visa,,,PLACERVILLE,CA,,US,,,,,
,visa,,,PLACERVILLE,CA,,US,,,,,
,visa,,,PLACERVILLE,CA,,US,,,,,
,visa,,,PLACERVILLE,CA,,US,,,,,
,visa,,,PLACERVILLE,CA,,US,,,,,
,visa,,,PLACERVILLE,CA,,US,,,,,
,visa,,,PLACERVILLE,CA,,US,,,,,
,visa,,,PLACERVILLE,CA,,US,,,,,
,visa,,,PLACERVILLE,CA,,US,,,,,
https://www.walgreens.com/locator/walgreens-4220+missouri+flat+rd-placerville-ca-95667/id=11823,walgreens,Walgreens,,Placerville,CA,,US,+1 530-344-1062,https://www.walgreens.com/locator/walgreens-4220+missouri+flat+rd-placerville-ca-95667/id=11823,Mo-Su 08:00-22:00,Walgreens,Q1591889
186__PLACERVILLE__DR_PLACERVILLE_CA_95667,wellsfargo,Wells Fargo,186 PLACERVILLE DR,PLACERVILLE,CA,,US,+1 530-622-5694,https://www.wellsfargo.com/locator/bank/186__PLACERVILLE__DR_PLACERVILLE_CA_95667/,Mo-Fr 09:00-17:00,Wells Fargo,Q744149
1244__BROADWAY_PLACERVILLE_CA_95667,wellsfargo,Wells Fargo,1244 BROADWAY,PLACERVILLE,CA,,US,+1 530-622-9200,https://www.wellsfargo.com/locator/bank/1244__BROADWAY_PLACERVILLE_CA_95667/,Mo-Fr 09:00-17:00,Wells Fargo,Q744149
2e872538d7583862a88abb24ecd8ebe6,western_union,WALMART #002418,,Placerville,CA,,US,+1 530-621-2917,https://location.westernunion.com/us/ca/placerville/2e872538d7583862a88abb24ecd8ebe6,Mo-Su 07:00-21:00,Western Union,Q861042
7a2214c380544f42978ef1dc4a11686c,western_union,7-ELEVEN/SPEEDWAY #43074,,Placerville,CA,,US,+1 530-622-5563,https://location.westernunion.com/us/ca/placerville/7a2214c380544f42978ef1dc4a11686c,,Western Union,Q861042
