Ref,Spider,Name,Address,City,State,Zipcode,Country,Phone,Website,Hours,Brand,WikiData
https://stores.advanceautoparts.com/ny/levittown/3371-hempstead-tpke,advance_auto_parts_us,Advance Auto Parts,,Levittown,NY,,US,+1 516-688-2225,https://stores.advanceautoparts.com/ny/levittown/3371-hempstead-tpke,Mo-Sa 07:30-21:00; Su 09:00-20:00,Advance Auto Parts,Q4686051
6831,autozone_us,AutoZone Auto Parts Levittown,,Levittown,NY,,US,+1 516-688-6047,https://www.autozone.com/locations/ny/levittown/3505-hempstead-tpke.html,Mo-Sa 06:00-24:00; Su 06:30-24:00,AutoZone,Q4826087
https://www.banfield.com/locations/veterinarians/ny/levittown/lvt,banfield_pet_hospital,Levittown,,Levittown,NY,,US,+1 516-731-0122,https://www.banfield.com/locations/veterinarians/ny/levittown/lvt,Mo-Fr 07:45-18:00; Sa 07:45-17:00; Su 00:00-24:00,Banfield Pet Hospital,Q2882416
https://locators.bankofamerica.com/ny/levittown/financial-centers-levittown-16983.html,bankofamerica,Bank of America Financial Center & Drive-Thru ATM | Levittown,,Levittown,NY,,US,+1 516-490-0960,https://locators.bankofamerica.com/ny/levittown/financial-centers-levittown-16983.html,Mo-Fr 09:00-17:00; Sa 09:00-14:00,Bank of America,Q487907
https://locations.baskinrobbins.com/ny/levittown/2944-hempstead-tpke-343333-br,baskin_robbins_us,Baskin-Robbins™,,Levittown,NY,,US,+1 516-520-0494,https://locations.baskinrobbins.com/ny/levittown/2944-hempstead-tpke-343333-br,Mo-Su 05:00-22:00,Baskin-Robbins,Q584601
https://stores.bestbuy.com/ny/levittown/3601-hempstead-tpke-467.html,bestbuy,Best Buy Levittown,,Levittown,NY,,US,+1 516-796-8095,https://stores.bestbuy.com/ny/levittown/3601-hempstead-tpke-467.html,,Best Buy,Q533415
0160,bjswholesale,Levittown,,Levittown,NY,,US,+1 516-860-1371,https://www.bjs.com/mapDetail;city=0160,Mo-Sa 08:00-22:00,BJ's Wholesale,Q4835754
77512423716651175600100000000000,bp,BP,,LEVITTOWN,NY,,US,+1 516-796-0499,,24/7,BP,Q152057
A02A,capital_one_us,LEVITTOWN,,LEVITTOWN,NY,,US,,https://locations.capitalone.com/atm/NY/levittown-atm-A02A,,Capital One,Q1034654
46403,capital_one_us,Levittown,,Levittown,NY,,US,+1 516-735-6801,https://locations.capitalone.com/bank/NY/Nassau-County-Levittown-branch-46403,Mo-Fr 09:00-17:00; Sa 09:00-12:00,Capital One,Q1034654
//locations.carters.com/ny/levittown/carters-levittown-ny,carters_us,Carter's Levittown,,Levittown,NY,,US,+1 516-796-1428,https://locations.carters.com/ny/levittown/carters-levittown-ny,Mo-Sa 10:00-19:00; Su 11:00-18:00,Carter's,Q5047083
2040509,chase_us,Levittown Pkwy - New branch,,Levittown,NY,,US,+1 516-935-7070,https://locator.chase.com/ny/levittown/681-newbridge-rd,Mo-Fr 09:00-17:00; Sa 09:00-14:00,Chase,Q524629
2040469,chase_us,Levittown - New branch,,Levittown,NY,,US,+1 516-731-2025,https://locator.chase.com/ny/levittown/3737-hempstead-tpke,Mo-Fr 09:00-17:00; Sa 09:00-14:00,Chase,Q524629
ny_levittown_3629-hempstead-tpke,chipotle, ,,Levittown,NY,,US,+1 516-731-0416,https://locations.chipotle.com/ny/levittown/3629-hempstead-tpke,,Chipotle,Q465751
880348,citizens_us,Citizens,,Levittown,NY,,US,+1 516-688-2191,,Mo-Fr 09:00-17:00; Sa 09:00-13:00,Citizens,Q5122694
ATM-1175,citizens_us,,,Levittown,NY,,US,+1 516-688-2191,,Mo-Fr 09:00-17:00; Sa 09:00-13:00,Citizens,Q5122694
ATM-2739,citizens_us,,,Levittown,NY,,US,+1 516-688-2192,,24/7,Citizens,Q5122694
levittown/6706,claires,Shop Ear Piercings & Jewelry at Crescent Land Shopping Center,,LEVITTOWN,NY,,US,+1 516-475-3220,https://stores.claires.com/us/ny/levittown/6706.html,Mo-Sa 11:00-19:00; Su 11:00-17:00,Claire's,Q2974996
20636,coldstone_creamery,Cold Stone Creamery,,Levittown,NY,,US,+1 516-796-3500,https://www.coldstonecreamery.com/stores/20636,,Cold Stone Creamery,Q1094923
,credit_union_us,Bethpage FCU,,Levittown,NY,,US,+1 800-628-7070,,Mo-Th 09:00-05:00; Fr 09:00-06:00; Sa 09:00-02:00,,
,credit_union_us,Jovia Financial/FKA Nassau Ed,,Levittown,NY,,US,+1 516-561-0030,,Mo-Th 09:00-05:00; Fr 09:00-07:00; Sa 09:00-01:00,,
982,cvs_us,CVS Pharmacy,,Levittown,NY,,US,+1 516-579-3411,https://www.cvs.com/store-locator/levittown-ny-pharmacies/646-wantagh-avenue-levittown-ny-11756/storeid=982,Mo-Th 08:00-23:00; Fr-Su 08:00-22:00,CVS Pharmacy,Q2078880
218,cvs_us,CVS Pharmacy,,Levittown,NY,,US,+1 516-735-8230,https://www.cvs.com/store-locator/levittown-ny-pharmacies/2970-hempstead-tpke-levittown-ny-11756/storeid=218,Mo-Su 07:00-23:00,CVS Pharmacy,Q2078880
16611,cvs_us,CVS Pharmacy,,Levittown,NY,,US,+1 516-731-9692,https://www.cvs.com/store-locator/levittown-ny-pharmacies/3850-hempstead-tpke-levittown-ny-11756/storeid=16611,"Mo-Fr 09:00-13:30,14:00-20:00; Sa-Su 09:00-13:30,14:00-18:00",CVS Pharmacy,Q2078880
Crescent Mall,dsw,DSW,,Levittown,NY,,US,+1 516-520-1534,https://stores.dsw.com/usa/ny/levittown/dsw-designer-shoe-warehouse-crescent-mall.html,Mo-Sa 10:00-20:00; Su 11:00-19:00,Designer Shoe Warehouse,Q5206207
345452,dunkin_us,Dunkin',,Levittown,NY,,US,+1 516-520-0071,https://locations.dunkindonuts.com/en/ny/levittown/3497-hempstead-tpke/345452,Mo-Su 05:30-21:00,Dunkin',Q847743
356314,dunkin_us,Dunkin',,Levittown,NY,,US,+1 631-478-7599,https://locations.dunkindonuts.com/en/ny/levittown/3635-hempstead-tpke/356314,Mo 08:30-18:30; Tu 08:30-18:00; We-Su 08:30-18:30,Dunkin',Q847743
343333,dunkin_us,Dunkin',,Levittown,NY,,US,+1 516-520-0494,https://locations.dunkindonuts.com/en/ny/levittown/2944-hempstead-tpke/343333,Mo-Su 05:00-22:00,Dunkin',Q847743
0325,european_wax_center_us,European Wax Center,,Levittown,NY,,US,+1 516-731-7100,https://locations.waxcenter.com/ny/levittown/levittown-0325.html,Mo-Fr 08:00-21:00; Sa-Su 08:00-18:00,European Wax Center,Q5413426
200318618,exxonmobil,LEVITTOWN CONVENIENCE STORE,,LEVITTOWN,NY,,US,+1 516-796-6653,https://www.exxon.com/en/find-station/exxon-levittown-ny-levittownconveniencestore-200318618,24/7,Exxon,Q109675651
200314538,exxonmobil,Mobil,,LEVITTOWN,NY,,US,,https://www.exxon.com/en/find-station/mobil-levittown-ny-mobil-200314538,24/7,Mobil,Q109676002
21083,firestone_auto_care,Firestone Complete Auto Care,,Levittown,NY,,US,+1 516-740-2723,https://local.firestonecompleteautocare.com/new-york/levittown/2992-hempstead-turnpike/,,Firestone,Q420837
https://locations.fivebelow.com/ny/levittown/3565-hempstead-turnpike,five_below,Five Below Nassau Mall,,Levittown,NY,,US,,https://locations.fivebelow.com/ny/levittown/3565-hempstead-turnpike,Mo-Sa 10:00-20:00; Su 11:00-18:00,Five Below,Q5455836
https://restaurants.fiveguys.com/#15553566,five_guys_us,Five Guys Kohl's Shopping Center (next to DSW/Filene's Basment),,Levittown,NY,,US,+1 516-796-1237,https://restaurants.fiveguys.com/3497-hempstead-turnpike,"Mo-Su 11:00-21:30,11:00-22:00",Five Guys,Q1131810
Motorcraft3300USAEnglish,ford,"Levittown Ford, LLC",,New York,NY,,US,,,,Ford,Q44294
Motorcraft3302USAEnglish,ford,Country Ford Ltd,,New York,NY,,US,+1 516-735-7400,,,Ford,Q44294
https://www.ford.com/dealerships/dealer-details/ny/levittown/levittown-ford-llc/,ford_dealers_us,"Levittown Ford, LLC",,Levittown,NY,,US,+1 516-863-5630,https://www.ford.com/dealerships/dealer-details/ny/levittown/levittown-ford-llc/,,Ford Motor Company,Q44294
2605,gamestop_us,Nassau Mall,,Levittown,NY,,US,+1 516-735-8030,https://www.gamestop.com/search/?store=2605,Mo-Th 12:00-20:00; Fr-Sa 10:00-21:00; Su 12:00-20:00,GameStop,Q202210
https://stores.gnc.com/#24058928,gnc,GNC 35-25 Hemstead Turnpike,,,NY,,US,+1 516-579-0866,https://stores.gnc.com/all-stores-new-york/levittown/35-25-hemstead-turnpike,Mo-Sa 10:00-19:00; Su 11:00-17:00,GNC,Q4808595
https://www.goodyearautoservice.com/en_US/location/Levittown-NY-11756-US-000900830,goodyear_us,"Goodyear Auto Service - Levittown, Levittown, NY | Oil, Brakes & Repairs | #000900830",,Levittown,NY,,US,+1 516-796-2444,https://www.goodyearautoservice.com/en_US/location/Levittown-NY-11756-US-000900830,Mo-Sa 07:30-19:30; Su 08:00-17:00,Goodyear,Q620875
7101,honey_baked,HoneyBaked of Levittown,,Levittown,NY,,US,+1 516-579-2900,https://www.honeybaked.com/stores/7101,,Honey Baked Ham,Q5893363
29665,h_r_block,H&R Block,,Levittown,NY,,US,+1 516-735-7234,https://www.hrblock.com/local-tax-offices/new-york/levittown/levittown-mews-shopping-center/29665/,,H&R Block,Q5627799
ny_levittown_breakfast-2935-hempstead-turnpike-3564,ihop,IHOP Breakfast Restaurants Near You at 2935 Hempstead Turnpike,,Levittown,NY,,US,+1 516-597-5490,https://restaurants.ihop.com/en-us/ny/levittown/breakfast-2935-hempstead-turnpike-3564,,IHOP,Q1185675
https://office.jacksonhewitt.com/#27578188,jackson_hewitt,Jackson Hewitt,,Levittown,NY,,US,+1 516-644-2600,https://office.jacksonhewitt.com/tax-preparation-services-locations/en/ny/levittown/2900-hempstead-turnpike/11494,Mo-Fr 10:00-18:00; Sa 12:00-17:00,Jackson Hewitt,Q6117132
2604,key_food_us,Key Food Marketplace,,Levittown,NY,,US,+1 516-933-7717,https://keyfoodmarketplace.keyfood.com/store/store/2604,Mo-Su 07:00-20:00,Key Food Marketplace,
https://locations.kfc.com/#11249366,kfc,Chicken Nuggets Near Levittown,,Levittown,NY,,US,,https://locations.kfc.com/ny/levittown/3880-hempstead-turnpike/chickennugget,Mo-Th 10:30-23:00; Fr-Sa 10:30-24:00; Su 10:30-23:00,KFC,Q524757
374,kohls_us,Kohl's,,Levittown,NY,,US,+1 516-520-4488,https://www.kohls.com/stores/ny/levittown-374.shtml,Mo-Sa 09:00-22:00; Su 09:00-21:00,Kohl's,Q967265
18522,mattress_firm_us,Mattress Firm Levittown,,Levittown,NY,,US,+1 516-653-0097,https://www.mattressfirm.com/en-us/stores/ny/levittown/163014/,,Mattress Firm,Q6791878
https://locations.mtb.com/#25082057,mt_bank_us,,,,NY,,US,+1 800-724-2440,https://locations.mtb.com/ny/plainedge/bank-branches-and-atms-plainedge-ny-ah170170.html,24/7,M&T Bank,Q3272257
478,party_city,Nassau Mall,,Levittown,NY,,US,+1 516-342-7291,https://stores.partycity.com/us/ny/levittown/party-store-pc478.html,,Party City,Q7140896
ny_hempstead_3850-hempstead-turnpike,pizza_hut_us,3850 Hempstead Turnpike,,Hempstead,NY,,US,,https://locations.pizzahut.com/ny/hempstead/3850-hempstead-turnpike,,Pizza Hut,Q191615
34241,seven_eleven_ca_us,7-Eleven Store,,Levittown,NY,,US,+1 516-735-0929,https://www.7-eleven.com/locations/ny/levittown/2901-hempstead-tpk-34241,,7-Eleven,Q259340
37625,seven_eleven_ca_us,7-Eleven Store,,Levittown,NY,,US,+1 516-520-0175,https://www.7-eleven.com/locations/ny/levittown/151-jerusalem-ave-37625,,7-Eleven,Q259340
2981-2991-hempstead-tpke,staples,"Staples Levittown, NY",,Levittown,NY,,US,,https://stores.staples.com/ny/levittown/2981-2991-hempstead-tpke,Mo-Sa 09:00-20:00; Su 10:00-18:00,Staples,Q785943
0555,stop_and_shop,Super Stop & Shop,3750 Hempstead Turnpike,Levittown,NY,,US,,,,Stop and Shop,Q3658429
0873535900,sunoco_us,Sunoco,,LEVITTOWN,NY,,US,+1 516-731-8025,,Mo-Su 06:00-23:00,Sunoco,Q1423218
https://locations.tacobell.com/#6143812,taco_bell,Taco Bell,,Levittown,NY,,US,+1 516-735-0997,https://locations.tacobell.com/ny/levittown/3946-hempstead-turnpike.html,Mo-Th 07:00-04:30; Su 05:30-04:30,Taco Bell,Q752941
4SJO,tmobile_us,Hempstead Tpke & Hamlet Rd,,Levittown,NY,,US,+1 516-871-3599,https://www.t-mobile.com/store-locator/ny/levittown/hempstead-tpke-hamlet-rd,,T-Mobile,Q3511885
1582,upsstore,Levittown,94 Gardiners Ave,Levittown,NY,,US,+1 516-735-5120,https://locations.theupsstore.com/ny/levittown/94-gardiners-ave,,UPS Store,Q7771029
1370309,usps,LEVITTOWN,,LEVITTOWN,NY,,US,+1 516-735-7343,,Mo-Fr 09:00-17:00; Sa 09:00-13:00,United States Postal Service,Q668687
1175600006,usps_collection_boxes,USPS COLLECTION BOX - BLUE BOX,3103 N JERUSALEM RD,LEVITTOWN,NY,,US,,,,United States Postal Service,Q668687
1175600008,usps_collection_boxes,USPS COLLECTION BOX - BLUE BOX,636 WANTAGH AVE,LEVITTOWN,NY,,US,,,,United States Postal Service,Q668687
1175600010,usps_collection_boxes,USPS COLLECTION BOX - BLUE BOX,207 MILTON AVE,LEVITTOWN,NY,,US,,,,United States Postal Service,Q668687
1175600011,usps_collection_boxes,USPS COLLECTION BOX - BLUE BOX,335 WANTAGH AVE,LEVITTOWN,NY,,US,,,,United States Postal Service,Q668687
1175600020,usps_collection_boxes,USPS COLLECTION BOX - BLUE BOX,677 N NEWBRIDGE RD,LEVITTOWN,NY,,US,,,,United States Postal Service,Q668687
1175600016,usps_collection_boxes,USPS COLLECTION BOX - BLUE BOX,16 E VILLAGE GRN,LEVITTOWN,NY,,US,,,,United States Postal Service,Q668687
1175600019,usps_collection_boxes,USPS COLLECTION BOX - BLUE BOX,19 POPPY LN,LEVITTOWN,NY,,US,,,,United States Postal Service,Q668687
1175600021,usps_collection_boxes,USPS COLLECTION BOX - BLUE BOX,140 BUD LN,LEVITTOWN,NY,,US,,,,United States Postal Service,Q668687
1175600022,usps_collection_boxes,USPS COLLECTION BOX - BLUE BOX,555 N NEWBRIDGE RD,LEVITTOWN,NY,,US,,,,United States Postal Service,Q668687
1175600015,usps_collection_boxes,USPS COLLECTION BOX - BLUE BOX,3520 MALLARD RD,LEVITTOWN,NY,,US,,,,United States Postal Service,Q668687
1175600035,usps_collection_boxes,USPS COLLECTION BOX - BLUE BOX,3543 HEMPSTEAD TPKE,LEVITTOWN,NY,,US,,,,United States Postal Service,Q668687
1175600042,usps_collection_boxes,USPS COLLECTION BOX - BLUE BOX,3371 HEMPSTEAD TPKE,LEVITTOWN,NY,,US,,,,United States Postal Service,Q668687
1175600029,usps_collection_boxes,USPS COLLECTION BOX - BLUE BOX,3240 HEMPSTEAD TPKE,LEVITTOWN,NY,,US,,,,United States Postal Service,Q668687
1175600039,usps_collection_boxes,USPS COLLECTION BOX - BLUE BOX,64 DIVISION AVE,LEVITTOWN,NY,,US,,,,United States Postal Service,Q668687
1175600037,usps_collection_boxes,USPS COLLECTION BOX - BLUE BOX,3105 HEMPSTEAD TPKE,LEVITTOWN,NY,,US,,,,United States Postal Service,Q668687
1175600038,usps_collection_boxes,USPS COLLECTION BOX - BLUE BOX,3017 HEMPSTEAD TPKE,LEVITTOWN,NY,,US,,,,United States Postal Service,Q668687
1175600040,usps_collection_boxes,USPS COLLECTION BOX - BLUE BOX,27 DIVISION AVE,LEVITTOWN,NY,,US,,,,United States Postal Service,Q668687
1175600026,usps_collection_boxes,USPS COLLECTION BOX - BLUE BOX,3000 HEMPSTEAD TPKE,LEVITTOWN,NY,,US,,,,United States Postal Service,Q668687
1175600014,usps_collection_boxes,USPS COLLECTION BOX - BLUE BOX,61 GARDINERS AVE,LEVITTOWN,NY,,US,,,,United States Postal Service,Q668687
1175600034,usps_collection_boxes,USPS COLLECTION BOX - BLUE BOX,3601 HEMPSTEAD TPKE,LEVITTOWN,NY,,US,,,,United States Postal Service,Q668687
1175600031,usps_collection_boxes,USPS COLLECTION BOX - BLUE BOX,2920 HEMPSTEAD TPKE,LEVITTOWN,NY,,US,,,,United States Postal Service,Q668687
1175600033,usps_collection_boxes,USPS COLLECTION BOX - BLUE BOX,2950 HEMPSTEAD TPKE,LEVITTOWN,NY,,US,,,,United States Postal Service,Q668687
1175600041,usps_collection_boxes,USPS COLLECTION BOX - BLUE BOX,73 SOUTHBERRY LN,LEVITTOWN,NY,,US,,,,United States Postal Service,Q668687
1175600024,usps_collection_boxes,USPS COLLECTION BOX - BLUE BOX,2731 HEMPSTEAD TPKE,LEVITTOWN,NY,,US,,,,United States Postal Service,Q668687
1175600001,usps_collection_boxes,USPS COLLECTION BOX - BLUE BOX,180 GARDINERS AVE,LEVITTOWN,NY,,US,,,,United States Postal Service,Q668687
1175600053,usps_collection_boxes,USPS COLLECTION BOX - APC,180 GARDINERS AVE,LEVITTOWN,NY,,US,,,,United States Postal Service,Q668687
1175600054,usps_collection_boxes,USPS COLLECTION BOX - PO LOBBY,180 GARDINERS AVE,LEVITTOWN,NY,,US,,,,United States Postal Service,Q668687
1175600061,usps_collection_boxes,USPS COLLECTION BOX - PO LOBBY,180 GARDINERS AVE,LEVITTOWN,NY,,US,,,,United States Postal Service,Q668687
1175600013,usps_collection_boxes,USPS COLLECTION BOX - BLUE BOX,46 BAYBERRY LN,LEVITTOWN,NY,,US,,,,United States Postal Service,Q668687
1175600030,usps_collection_boxes,USPS COLLECTION BOX - BLUE BOX,191 LORING RD,LEVITTOWN,NY,,US,,,,United States Postal Service,Q668687
1175600005,usps_collection_boxes,USPS COLLECTION BOX - BLUE BOX,164 CENTER LN,LEVITTOWN,NY,,US,,,,United States Postal Service,Q668687
1175600004,usps_collection_boxes,USPS COLLECTION BOX - BLUE BOX,267 CENTER LN,LEVITTOWN,NY,,US,,,,United States Postal Service,Q668687
A00000245495,verizon_us,Cellular Sales Levittown,,LEVITTOWN,NY,,US,+1 516-644-2202,https://www.verizon.com/stores/details/new-york/levittown/cellular-sales-levittown-1760422/,Mo-Sa 09:00-21:00; Su 11:00-19:00,Verizon,Q919641
,visa,,,LEVITTOWN,NY,,US,,,,,
,visa,,,PLAINEDGE,NY,,US,,,,,
,visa,,,LEVITTOWN,NY,,US,,,,,
,visa,,,LEVITTOWN,NY,,US,,,,,
,visa,,,LEVITTOWN,NY,,US,,,,,
,visa,,,LEVITTOWN,NY,,US,,,,,
,visa,,,LEVITTOWN,NY,,US,,,,,
,visa,,,LEVITTOWN,NY,,US,,,,,
,visa,,,LEVITTOWN,NY,,US,,,,,
,visa,,,LEVITTOWN,NY,,US,,,,,
,visa,,,LEVITTOWN,NY,,US,,,,,
,visa,,,LEVITTOWN,NY,,US,,,,,
,visa,,,LEVITTOWN,NY,,US,,,,,
,visa,,,LEVITTOWN,NY,,US,,,,,
,visa,,,LEVITTOWN,NY,,US,,,,,
,visa,,,LEVITTOWN,NY,,US,,,,,
,visa,,,LEVITTOWN,NY,,US,,,,,
,visa,,,LEVITTOWN,NY,,US,,,,,
,visa,,,LEVITTOWN,NY,,US,,,,,
,visa,,,LEVITTOWN,NY,,US,,,,,
,visa,,,LEVITTOWN,NY,,US,,,,,
,visa,,,LEVITTOWN,NY,,US,,,,,
,visa,,,LEVITTOWN,NY,,US,,,,,
,visa,,,LEVITTOWN,NY,,US,,,,,
,visa,,,LEVITTOWN,NY,,US,,,,,
,visa,,,LEVITTOWN,NY,,US,,,,,
,visa,,,LEVITOWN,NY,,US,,,,,
,visa,,,LEVITTOWN,NY,,US,,,,,
,visa,,,LEVITTOWN,NY,,US,,,,,
,visa,,,LEVITTOWN,NY,,US,,,,,
,visa,,,LEVITTOWN,NY,,US,,,,,
,visa,,,LEVITTOWN,NY,,US,,,,,
,visa,,,LEVITTOWN,NY,,US,,,,,
,visa,,,LEVITTOWN,NY,,US,,,,,
,visa,,,LEVITTOWN,NY,,US,,,,,
,visa,,,LEVITTOWN,NY,,US,,,,,
,visa,,,LEVITTOWN,NY,,US,,,,,
,visa,,,LEVITTOWN,NY,,US,,,,,
,visa,,,LEVITTOWN,NY,,US,,,,,
,visa,,,LEVITTOWN,NY,,US,,,,,
,visa,,,LEVITTOWN,NY,,US,,,,,
,visa,,,LEVITTOWN,NY,,US,,,,,
,visa,,,LEVITTOWN,NY,,US,,,,,
,visa,,,LEVITTOWN,NY,,US,,,,,
,visa,,,LEVITTOWN,NY,,US,,,,,
,visa,,,LEVITTOWN,NY,,US,,,,,
,visa,,,LEVITTOWN,NY,,US,,,,,
,visa,,,LEVITTOWN,NY,,US,,,,,
,visa,,,LEVITTOWN,NY,,US,,,,,
,visa,,,LEVITTOWN,NY,,US,,,,,
,visa,,,LEVITTOWN,NY,,US,,,,,
,visa,,,LEVITTOWN,NY,,US,,,,,
,visa,,,LEVITTOWN,NY,,US,,,,,
,visa,,,LEVITTOWN,NY,,US,,,,,
,visa,,,LEVITTOWN,NY,,US,,,,,
,visa,,,LEVITTOWN,NY,,US,,,,,
,visa,,,LEVITTOWN,NY,,US,,,,,
,visa,,,LEVITTOWN,NY,,US,,,,,
,visa,,,LEVITTOWN,NY,,US,,,,,
,visa,,,LEITTOWN,NY,,US,,,,,
1221,visionworks,Davis Visionworks Levittown Plaza,,Levittown,NY,,US,+1 516-520-0286,https://locations.visionworks.com/ll/US/NY/Levittown/3244-Hempstead-Turnpike,Mo-Fr 09:00-19:00; Sa 09:00-18:00,Visionworks,Q5422607
https://locations.vitaminshoppe.com/ny/levittown/vitamins-supplements-levittown-ny-40.html,vitamin_shoppe,The Vitamin Shoppe® Levittown ,3145 Hempstead Tpke ,Levittown,NY,,US,+1 516-520-5408,https://locations.vitaminshoppe.com/ny/levittown/vitamins-supplements-levittown-ny-40.html,Su 09:30-19:00; Mo 09:30-21:00; Tu 09:30-21:00; We 09:30-21:00; Th 09:30-21:00; Fr 09:30-21:00; Sa 09:00-20:00,The Vitamin Shoppe,Q7772938
https://locations.wendys.com/#9253605,wendys,"Wendy's 3595 Hempstead Turnpike in Levittown, NY",,Levittown,NY,,US,+1 516-731-0049,https://locations.wendys.com/united-states/ny/levittown/3595-hempstead-turnpike,"Mo-Su 07:00-10:30,08:00-22:00",Wendy's,Q550258
15210fc6e2bdf0c922c65edd60a86f80,western_union,7-ELEVEN #34241,,Levittown,NY,,US,+1 516-735-0929,https://location.westernunion.com/us/ny/levittown/15210fc6e2bdf0c922c65edd60a86f80,,Western Union,Q861042
017c82aca3aded0b5706c1ac74d33620,western_union,WALMART #004184,,Levittown,NY,,US,+1 516-490-0438,https://location.westernunion.com/us/ny/levittown/017c82aca3aded0b5706c1ac74d33620,Mo-Su 07:00-21:00,Western Union,Q861042
f2502d85a51e1edcf33dbfd844183967,western_union,7-ELEVEN #37625,,Levittown,NY,,US,+1 516-520-0175,https://location.westernunion.com/us/ny/levittown/f2502d85a51e1edcf33dbfd844183967,,Western Union,Q861042
154369,wingstop,Wingstop Levittown Hempstead Tpke,2925 Hempstead Turnpike,Levittown,NY,,US,+1 516-800-8500,,,Wingstop,Q8025339
