Ref,Spider,Name,Address,City,State,Zipcode,Country,Phone,Website,Hours,Brand,WikiData
US428372,adidas,"adidas Outlet Store, Napa, Napa Premium",,Napa,CA,,US,+1 707-265-7987,https://www.adidas.co.uk/storefront/US428372-napa-607-factory-stores-drive-adidas-outlet-store-napa-napa-premium,,Adidas,Q3895
550 Gateway Drive,allied_universal,Allied Universal,,Napa,CA,,US,+1 707-258-8841,https://www.aus.com/napa-security-systems-services,,Allied Universal,Q4732537
https://storelocations.ae.com/#1727647,american_eagle_outfitters,American Eagle Outlet Napa Premium Outlets,,Napa,CA,,US,+1 707-254-9102,https://storelocations.ae.com/us/ca/napa/601-factory-stores-drive.html,Mo-Su 11:00-19:00,American Eagle Outlet,Q2842931
9754,athleta,Bel-Aire Plaza,,Napa,CA,,US,+1 707-418-8404,https://athleta.gap.com/stores/ca/napa/athleta-9754.html,Mo-Sa 09:00-19:00; Su 10:00-18:00,Athleta,Q105722424
5515,autozone_us,AutoZone Auto Parts Napa,,Napa,CA,,US,+1 707-257-3822,https://www.autozone.com/locations/ca/napa/698-lincoln-ave.html,Mo-Sa 07:30-22:00; Su 07:30-21:00,AutoZone,Q4826087
https://locators.bankofamerica.com/ca/napa/financial-centers-napa-10926.html,bankofamerica,Bank of America Financial Center & Drive-Thru ATM | North Napa,,Napa,CA,,US,+1 707-256-1731,https://locators.bankofamerica.com/ca/napa/financial-centers-napa-10926.html,Mo-Fr 10:00-16:00,Bank of America,Q487907
https://locations.baskinrobbins.com/ca/napa/3373-solano-ave-353158-br,baskin_robbins_us,Baskin-Robbins™,,Napa,CA,,US,+1 707-492-3100,https://locations.baskinrobbins.com/ca/napa/3373-solano-ave-353158-br,Mo-Su 11:00-22:00,Baskin-Robbins,Q584601
178,bevmo_us,Napa North,,Napa,CA,,US,+1 707-287-9671,https://www.bevmo.com/stores/napa-north,Mo-Th 09:00-21:00; Fr-Sa 09:00-22:00; Su 09:00-20:00,BevMo!,Q4899308
201264,bluerhino,Lola's Market #4 - UNFI #245781,,Napa,CA,,US,+1 707-251-1698,,,Blue Rhino,Q65681213
189271,bluerhino,Orgill #553461 - Outdoor Supply Hardware Napa,,Napa,CA,,US,+1 707-690-0366,,,Blue Rhino,Q65681213
156538,bluerhino,Walgreens #11822,,Napa,CA,,US,+1 707-257-1154,,,Blue Rhino,Q65681213
219155,bluerhino,Moller Retail (Conserv) #0040,,Napa,CA,,US,+1 707-224-9616,,,Blue Rhino,Q65681213
222104,bluerhino,Kwikee Mart,,Napa,CA,,US,+1 707-258-8481,,,Blue Rhino,Q65681213
190726,bluerhino,Speedway #4074,,Napa,CA,,US,+1 707-255-6288,,,Blue Rhino,Q65681213
190777,bluerhino,Speedway #3039,,Napa,CA,,US,+1 707-254-7028,,,Blue Rhino,Q65681213
178642,bluerhino,Clark Ace Hardware #14756-5,,Napa,CA,,US,+1 707-255-4272,,,Blue Rhino,Q65681213
48,calvin_klein_ca_us,Calvin Klein,,Napa,CA,,US,+1 707-258-1984,https://www.calvinklein.us/en,,Calvin Klein,Q1068628
0374,carpet_one_floor_and_home_us,Carpet One Floor & Home Design Center,,Napa,CA,,US,+1 707-224-6994,https://www.carpetonenapa.com/,,Carpet One Floor & Home,Q121335910
2041408,chase_us,Trancas St - New branch,,Napa,CA,,US,+1 707-257-1664,https://locator.chase.com/ca/napa/699-trancas-st,Mo-Fr 09:00-17:00; Sa 09:00-14:00,Chase,Q524629
305940,chevron,Chevron Station #305940,1895 SALVADOR AVENUE,NAPA,CA,,US,+1 707-226-9744,,,Chevron,Q319642
302225,chevron,Chevron Station #302225,2008 REDWOOD ROAD,NAPA,CA,,US,+1 707-252-7141,,,Chevron,Q319642
ca_napa_1715-trancas-st,chipotle, ,,Napa,CA,,US,+1 707-226-1769,https://locations.chipotle.com/ca/napa/1715-trancas-st,,Chipotle,Q465751
28601,citi,ATM 7ELEVEN-FCTI,,Napa,CA,,US,,,,Citibank,Q857063
30656,citi,ATM 7ELEVEN-FCTI,,Napa,CA,,US,,,,Citibank,Q857063
27244,citi,ATM 7ELEVEN-FCTI,,Napa,CA,,US,,,,Citibank,Q857063
36091,citi,ATM BANK OF MARIN,,Napa,CA,,US,,,,Citibank,Q857063
36090,citi,ATM BANK OF MARIN,,Napa,CA,,US,,,,Citibank,Q857063
27004,citi,ATM 7ELEVEN-FCTI,,Napa,CA,,US,,,,Citibank,Q857063
82501,citi,ATM Target,,Napa,CA,,US,,,,Citibank,Q857063
71229,citi,ATM POPPY BANK,,Napa,CA,,US,,,,Citibank,Q857063
88096,citi,ATM Walgreens,,Napa,CA,,US,,,,Citibank,Q857063
65987,citi,ATM Napa Valley - Gym,,Napa,CA,,US,,,,Citibank,Q857063
65988,citi,ATM Napa Valley - Library,,Napa,CA,,US,,,,Citibank,Q857063
48167,citi,ATM CVS,,Napa,CA,,US,,,,Citibank,Q857063
33762,citi,ATM 7ELEVEN-FCTI,,Napa,CA,,US,,,,Citibank,Q857063
76863,citi,ATM Speedway,,Napa,CA,,US,,,,Citibank,Q857063
60558,citi,ATM Just Nails,,Napa,CA,,US,,,,Citibank,Q857063
52351,citi,ATM CVS,,Napa,CA,,US,,,,Citibank,Q857063
39804,citi,ATM Chevron,,Napa,CA,,US,,,,Citibank,Q857063
https://www.coach.com/stores/#17277502,coach_us,COACH Outlet,,Napa,CA,,US,+1 707-531-7356,https://www.coach.com/stores/outlets/ca/napa/885-factory-stores-drive,Mo-Su 11:00-19:00,Coach,Q727697
ca_napa_3934-bel-aire-plaza,costplus_worldmarket,World Market Napa,,Napa,CA,,US,+1 707-255-9755,https://stores.worldmarket.com/ca/napa/3934-bel-aire-plaza.html,Mo-Sa 10:00-20:00; Su 11:00-18:00,Cost Plus World Market,Q5174750
1804,cvs_us,CVS Pharmacy,,Napa,CA,,US,+1 707-252-2844,https://www.cvs.com/store-locator/napa-ca-pharmacies/675-trancas-st-napa-ca-94558/storeid=1804,Mo-Su 08:00-22:00,CVS Pharmacy,Q2078880
9214,cvs_us,CVS Pharmacy,,Napa,CA,,US,+1 707-253-7918,https://www.cvs.com/store-locator/napa-ca-pharmacies/1558-trancas-st-napa-ca-94558/storeid=9214,Mo-Su 07:00-00:00,CVS Pharmacy,Q2078880
DB242,dutchbros,"Napa, CA (Napa)",,Napa,CA,,US,,https://locations.dutchbros.com/dutch-bros-coffee-1f1dc9202876,Mo-Th 05:00-22:00; Fr-Sa 05:00-23:00; Su 05:00-22:00,Dutch Bros. Coffee,Q5317253
110003,electrify_america,"Simon Napa Premium Outlets (Napa, Ca)",,Napa,CA,,US,,,,Electrify America,Q59773555
0310,european_wax_center_us,European Wax Center,,Napa,CA,,US,+1 707-258-9320,https://locations.waxcenter.com/ca/napa/napa-0310.html,Mo-Fr 08:30-20:00; Sa-Su 10:00-18:00,European Wax Center,Q5413426
1000001511,extra_space_storage,Napa Self Storage at 1135 Golden Gate Dr,,Napa,CA,,US,+1 707-224-8400,https://www.extraspace.com/storage/facilities/us/california/napa/1000001511/,Mo-Fr 09:30-18:00; Sa 09:00-17:30,Extra Space Storage,Q5422162
535415,follett,Napa Valley College Bookstore,,Napa,CA,,US,+1 707-256-7480,https://www.bkstr.com/napavalleystore/home,,,
https://salons.greatclips.com/us/ca/napa/667-trancas-st,greatclips,Great Clips,,Napa,CA,,US,+1 707-224-9970,https://salons.greatclips.com/us/ca/napa/667-trancas-st,Mo-Fr 09:00-19:00; Sa 09:00-18:00; Su 09:00-15:00,Great Clips,Q5598967
https://www.habitburger.com/locations/napa/,habit_burger,The Habit Burger Grill,,Napa,CA,,US,+1 707-251-8137,https://www.habitburger.com/locations/napa/,Mo-Th 10:30-22:00; Fr-Sa 10:30-23:00; Su 10:30-22:00,The Habit Burger Grill,Q18158741
5349,h_r_block,H&R Block,,Napa,CA,,US,+1 707-257-6113,https://www.hrblock.com/local-tax-offices/california/napa/silverado-plaza/5349/,,H&R Block,Q5627799
3435,h_r_block,H&R Block,,Napa,CA,,US,+1 707-255-9477,https://www.hrblock.com/local-tax-offices/california/napa/grapeyard-shopping-center/3435/,,H&R Block,Q5627799
https://locations.jackinthebox.com/us/ca/napa/1641-trancas-st,jackinthebox,Jack in the Box,,Napa,CA,,US,+1 707-252-7015,https://locations.jackinthebox.com/us/ca/napa/1641-trancas-st,Mo-Su 04:00-04:00,Jack in the Box,Q1538507
https://locations.jamba.com/#356-Jamba,jambajuice,Jamba Napa,,Napa,CA,,US,+1 707-256-3803,https://locations.jamba.com/ca/napa/623-trancas-st,Mo-Su 08:00-19:00,Jamba Juice,Q3088784
https://stores.factory.jcrew.com/#832713,j_crew_us,J.Crew Factory,,Napa,CA,,US,+1 707-252-6774,https://stores.factory.jcrew.com/us/ca/napa/867-factory-stores-drive,Mo-Su 11:00-19:00,J. Crew,Q5370765
https://healthy.kaiserpermanente.org/northern-california/facilities/queen-of-the-valley-medical-center-433953,kaiser_permanente_us,Queen Of The Valley Medical Center,,Napa,CA,,US,+1 707-252-4411,https://healthy.kaiserpermanente.org/northern-california/facilities/queen-of-the-valley-medical-center-433953,,Kaiser Permanente,Q1721601
https://healthy.kaiserpermanente.org/northern-california/facilities/napa-valley-care-center-328695,kaiser_permanente_us,Napa Valley Care Center,,Napa,CA,,US,+1 707-257-0931,https://healthy.kaiserpermanente.org/northern-california/facilities/napa-valley-care-center-328695,,Kaiser Permanente,Q1721601
https://healthy.kaiserpermanente.org/northern-california/facilities/napa-post-acute-339537,kaiser_permanente_us,Napa Post Acute,,Napa,CA,,US,+1 707-763-4109,https://healthy.kaiserpermanente.org/northern-california/facilities/napa-post-acute-339537,,Kaiser Permanente,Q1721601
https://healthy.kaiserpermanente.org/northern-california/facilities/napa-medical-offices-100349,kaiser_permanente_us,Napa Medical Offices,,Napa,CA,,US,+1 707-258-2500,https://healthy.kaiserpermanente.org/northern-california/facilities/napa-medical-offices-100349,,Kaiser Permanente,Q1721601
https://healthy.kaiserpermanente.org/northern-california/facilities/napa-county-health-human-services-agency-133253,kaiser_permanente_us,Napa County Health & Human Services Agency,,Napa,CA,,US,+1 707-253-4862,https://healthy.kaiserpermanente.org/northern-california/facilities/napa-county-health-human-services-agency-133253,,Kaiser Permanente,Q1721601
https://healthy.kaiserpermanente.org/northern-california/facilities/davita-napa-dialysis-339877,kaiser_permanente_us,DaVita Napa Dialysis,,Napa,CA,,US,+1 866-544-6741,https://healthy.kaiserpermanente.org/northern-california/facilities/davita-napa-dialysis-339877,,Kaiser Permanente,Q1721601
https://www.katespade.com/stores/#18467757,kate_spade_ca_us,Kate Spade Outlet Napa Premium Outlets,,Napa,CA,,US,+1 707-309-0912,https://www.katespade.com/stores/us/ca/napa/835-factory-stores-dr,Mo-We 11:00-19:00; Th 10:00-21:00; Fr-Su 11:00-19:00,Kate Spade New York,Q6375797
https://locations.kfc.com/#11246729,kfc,Chicken Nuggets Near Napa,,Napa,CA,,US,,https://locations.kfc.com/ca/napa/3246-jefferson-st/chickennugget,,KFC,Q524757
42897,little_free_library,Kristin Ranuio #42897 Napa CA,,Napa,CA,,US,,,,Little Free Library,Q6650101
71416,little_free_library,The Willow Little Free Library #71416 Napa CA,,Napa,CA,,US,,,,Little Free Library,Q6650101
156449,little_free_library,Christy Harper #156449 Napa CA,,Napa,CA,,US,,,,Little Free Library,Q6650101
100269,little_free_library,Sierra Linda #100269 Napa CA,,Napa,CA,,US,,,,Little Free Library,Q6650101
95828,little_free_library,Little Red Caboose Library #95828 Napa CA,,Napa,CA,,US,,,,Little Free Library,Q6650101
85033,little_free_library,Girl Scout Troop 10808 Library #85033 Napa CA,,Napa,CA,,US,,,,Little Free Library,Q6650101
164050,little_free_library,Myfanwy Black Memorial Library #164050 Napa CA,,Napa,CA,,US,,,,Little Free Library,Q6650101
97383,little_free_library,Napa Treehouse #97383 Napa CA,,Napa,CA,,US,,,,Little Free Library,Q6650101
102923,little_free_library,Michelle Johnson #102923 Napa CA,,Napa,CA,,US,,,,Little Free Library,Q6650101
120666,little_free_library,The Garden House #120666 Napa CA,,Napa,CA,,US,,,,Little Free Library,Q6650101
116111,little_free_library,Sherri White #116111 Napa CA,,Napa,CA,,US,,,,Little Free Library,Q6650101
95000,little_free_library,Rusty Rake Little Free Library #95000 Napa CA,,Napa,CA,,US,,,,Little Free Library,Q6650101
22815,little_free_library,Jeanne Christofferson #22815 Napa CA,,Napa,CA,,US,,,,Little Free Library,Q6650101
26305,little_free_library,Kelly Rose #26305 Napa CA,,Napa,CA,,US,,,,Little Free Library,Q6650101
155744,little_free_library,Kirill Elistratov #155744 #155744 Napa CA,,Napa,CA,,US,,,,Little Free Library,Q6650101
114821,little_free_library,Round Hill Circle LFL #114821 Napa CA,,Napa,CA,,US,,,,Little Free Library,Q6650101
147811,little_free_library,Pinewood Hilltop Adventurer’s Library #147811 Napa CA,,Napa,CA,,US,,,,Little Free Library,Q6650101
26242,little_free_library,Leisa Jones #26242 Napa CA,,Napa,CA,,US,,,,Little Free Library,Q6650101
125568,little_free_library,Dede Lockett #125568 Napa CA,,Napa,CA,,US,,,,Little Free Library,Q6650101
37576,little_free_library,Kristina Webster #37576 Napa CA,,Napa,CA,,US,,,,Little Free Library,Q6650101
43594,little_free_library,David Barker #43594 Napa CA,,Napa,CA,,US,,,,Little Free Library,Q6650101
156090,little_free_library,Illinois Street Little Free Library #156090 Napa CA,,Napa,CA,,US,,,,Little Free Library,Q6650101
101207,little_free_library,Little Free Library #101207 Napa CA,,Napa,CA,,US,,,,Little Free Library,Q6650101
161600,little_free_library,Francee Chagonjian #161600 Napa CA,,Napa,CA,,US,,,,Little Free Library,Q6650101
134857,little_free_library,Children's Library #134857 Napa CA,,Napa,CA,,US,,,,Little Free Library,Q6650101
45004,little_free_library,Tanya Mahaphon #45004 Napa CA,,Napa,CA,,US,,,,Little Free Library,Q6650101
5856,little_free_library,Scott & Shelley Rounds #5856 Napa CA,,Napa,CA,,US,,,,Little Free Library,Q6650101
115650,little_free_library,Flowery Little Free Library #115650 Napa CA,,Napa,CA,,US,,,,Little Free Library,Q6650101
882,little_free_library,John Haddad #882 Napa CA,,Napa,CA,,US,,,,Little Free Library,Q6650101
177409,little_free_library,Little Red Barn Library #177409 Napa CA,,Napa,CA,,US,,,,Little Free Library,Q6650101
121253,little_free_library,RAN's Rainbow Little Library #121253 Napa CA,,Napa,CA,,US,,,,Little Free Library,Q6650101
28698,little_free_library,Lee Hillman #28698 Napa CA,,Napa,CA,,US,,,,Little Free Library,Q6650101
87060,little_free_library,Rachel’s Napa Moms LFL #87060 Napa CA,,Napa,CA,,US,,,,Little Free Library,Q6650101
157721,marathon_petroleum_us,Fast and Easy Gas,,Napa,CA,,US,+1 650-267-0523,,,Marathon,Q458363
SFONP,marriott,Napa Valley Marriott Hotel & Spa,,Napa,CA,,US,+1 707-253-8600,https://www.marriott.com/SFONP,,Marriott Hotels & Resorts,Q3918608
SFONS,marriott,SpringHill Suites Napa Valley,,Napa,CA,,US,+1 707-253-1900,https://www.marriott.com/SFONS,,SpringHill Suites,Q7580351
16694,mattress_firm_us,Mattress Firm Trancas Street,,Napa,CA,,US,+1 707-253-1810,https://www.mattressfirm.com/en-us/stores/ca/napa/502070/,,Mattress Firm,Q6791878
https://locations.michaelkors.com/us/ca/napa/679-factory-stores-dr.html,michaelkors,Michael Kors Outlet NAPA,,Napa,CA,,US,+1 707-254-7944,https://locations.michaelkors.com/us/ca/napa/679-factory-stores-dr.html,Mo-Su 11:00-19:00,Michael Kors,Q19572998
https://locations.michaelkors.com/fr/us/ca/napa/679-factory-stores-dr.html,michaelkors,Michael Kors Outlet NAPA,,Napa,CA,,US,+1 707-254-7944,https://locations.michaelkors.com/fr/us/ca/napa/679-factory-stores-dr.html,Mo-Su 11:00-19:00,Michael Kors,Q19572998
10383167,nick_the_greek_us,Napa,"721 Lincoln Ave., Napa, Ca, 94558, US",Napa,CA,,US,+1 707-927-5802,,Mo-Su 11:00-21:00,Nick The Greek,Q117222612
4102,orangetheory_fitness,"Napa, CA",,Napa,CA,,US,+1 707-345-1560,,,Orangetheory Fitness,Q25005163
572,outdoor_supply_hardware_us,Napa,,Napa,CA,,US,+1 707-690-0366,,Mo-Sa 07:00-19:00; Su 08:00-18:00,Outdoor Supply Hardware,Q119104427
16525995,peets_coffee_us,Napa,,Napa,CA,,US,+1 707-254-7690,https://peets.app.link?&$fallback_url=https%3A%2F%2Forder.peets.com%2Flocation%2Fnapa%2Fmenu&$type=order&~campaign=orderaheadonline&~channel=web&~feature=menu&~tags=napa,Mo-Fr 05:00-19:00; Sa-Su 05:30-18:00,Peet's Coffee,Q1094101
https://stores.petco.com/#27959556,petco,Petco Napa,,Napa,CA,,US,+1 707-224-7662,https://stores.petco.com/ca/napa/pet-supplies-napa-ca-302.html,Mo-Su 09:00-20:00,Petco,Q7171798
https://www.plannedparenthood.org/health-center/california/napa/94558/napa-health-center-2702-90200,planned_parenthood,Planned Parenthood,,Napa,CA,,US,,https://www.plannedparenthood.org/health-center/california/napa/94558/napa-health-center-2702-90200,,Planned Parenthood,Q2553262
devine-paint-center-35862,ppgpaints,DEVINE PAINT CENTER,,"Napa, ",CA,,US,+1 707-226-5211,https://www.ppgpaints.com/store-locator/us/california/napa-paint-stores/devine-paint-center-35862,,PPG Paints,Q83891559
https://www.premiumoutlets.com/outlet/napa/about,premium_outlets,Napa Premium Outlets®,,Napa,CA,,US,+1 707-226-6219,https://www.premiumoutlets.com/outlet/napa,,Premium Outlets,
https://www.providence.org/locations/norcal/napa-primary-care,providence_us,Providence Medical Group Napa - Primary Care,,Napa,CA,,US,+1 707-703-4863,https://www.providence.org/locations/norcal/napa-primary-care,Mo-Fr 08:00-17:00,Providence,Q7252430
https://www.providence.org/locations/norcal/queen-of-the-valley/surgery-center,providence_us,Surgery Center,,Napa,CA,,US,+1 707-252-4411 ext. 3660,https://www.providence.org/locations/norcal/queen-of-the-valley/surgery-center,Mo-Fr 06:00-18:00,Providence,Q7252430
https://www.providence.org/locations/norcal/queen-of-the-valley/direct-access-colonoscopy-program,providence_us,Direct Access Colonoscopy Program,,Napa,CA,,US,+1 707-252-4411 ext. 1337,https://www.providence.org/locations/norcal/queen-of-the-valley/direct-access-colonoscopy-program,,Providence,Q7252430
https://www.providence.org/locations/norcal/queen-of-the-valley/nutrition-and-diabetes-wellness,providence_us,Queen of the Valley Wellness Center,,Napa,CA,,US,+1 707-251-3691,https://www.providence.org/locations/norcal/queen-of-the-valley/nutrition-and-diabetes-wellness,,Providence,Q7252430
https://www.providence.org/locations/norcal/napa-general-surgery,providence_us,Providence Medical Group Napa - General Surgery,,Napa,CA,,US,+1 707-224-7757,https://www.providence.org/locations/norcal/napa-general-surgery,Mo-Fr 08:00-17:00,Providence,Q7252430
https://www.providence.org/locations/norcal/queen-of-the-valley/center-for-maternal-and-infant-care,providence_us,Center for Maternal and Infant Care,,Napa,CA,,US,+1 707-257-4015,https://www.providence.org/locations/norcal/queen-of-the-valley/center-for-maternal-and-infant-care,,Providence,Q7252430
https://www.providence.org/locations/norcal/queen-of-the-valley/cancer-care,providence_us,Cancer Center,,Napa,CA,,US,+1 707-252-4411,https://www.providence.org/locations/norcal/queen-of-the-valley/cancer-care,,Providence,Q7252430
https://www.providence.org/locations/norcal/queen-of-the-valley/audiology-center,providence_us,Audiology Center,,Napa,CA,,US,,https://www.providence.org/locations/norcal/queen-of-the-valley/audiology-center,,Providence,Q7252430
https://www.providence.org/locations/norcal/queen-of-the-valley/acute-rehabilitation,providence_us,Acute Rehabilitation,,Napa,CA,,US,+1 707-257-4010,https://www.providence.org/locations/norcal/queen-of-the-valley/acute-rehabilitation,,Providence,Q7252430
https://www.providence.org/locations/norcal/queen-of-the-valley/outpatient-laboratory,providence_us,Outpatient Laboratory,,Napa,CA,,US,+1 707-257-4062,https://www.providence.org/locations/norcal/queen-of-the-valley/outpatient-laboratory,Mo-Fr 07:00-16:00,Providence,Q7252430
https://www.providence.org/locations/norcal/napa-cardiology,providence_us,Providence Medical Group Napa - Cardiology,,Napa,CA,,US,+1 707-253-8280,https://www.providence.org/locations/norcal/napa-cardiology,Mo-Fr 08:00-17:00,Providence,Q7252430
https://www.providence.org/locations/norcal/queen-of-the-valley/cancer-care/wellness-program,providence_us,Wellness Program,,Napa,CA,,US,+1 707-252-4411 ext. 2495,https://www.providence.org/locations/norcal/queen-of-the-valley/cancer-care/wellness-program,Mo-Fr 07:00-18:00,Providence,Q7252430
https://www.providence.org/locations/norcal/queen-of-the-valley/outpatient-rehabilitation,providence_us,Outpatient Rehabilitation,,Napa,CA,,US,+1 707-257-4089,https://www.providence.org/locations/norcal/queen-of-the-valley/outpatient-rehabilitation,Mo-Th 07:30-18:00; Fr-Sa 07:30-17:00,Providence,Q7252430
https://www.providence.org/locations/norcal/queen-of-the-valley/breast-center,providence_us,Breast Center,,Napa,CA,,US,+1 707-719-0550,https://www.providence.org/locations/norcal/queen-of-the-valley/breast-center,Fr 07:00-17:30,Providence,Q7252430
https://www.providence.org/locations/norcal/queen-of-the-valley,providence_us,Queen of the Valley Medical Center,,Napa,CA,,US,+1 707-252-4411,https://www.providence.org/locations/norcal/queen-of-the-valley,,Providence,Q7252430
https://www.providence.org/locations/norcal/napa-medical-oncology,providence_us,Providence Medical Group Napa - Medical Oncology,,Napa,CA,,US,+1 707-253-7161,https://www.providence.org/locations/norcal/napa-medical-oncology,Mo-Fr 08:00-17:00,Providence,Q7252430
https://www.providence.org/locations/norcal/queen-of-the-valley/palliative-care,providence_us,Palliative Care,,Napa,CA,,US,+1 707-257-4042,https://www.providence.org/locations/norcal/queen-of-the-valley/palliative-care,Mo-Su 08:00-17:00,Providence,Q7252430
https://www.providence.org/locations/norcal/queen-of-the-valley/medical-oncology,providence_us,Oncology Infusion Center,,Napa,CA,,US,+1 707-251-3502,https://www.providence.org/locations/norcal/queen-of-the-valley/medical-oncology,Mo-Fr 07:30-17:00,Providence,Q7252430
https://www.providence.org/locations/norcal/queen-of-the-valley/neuroscience-center,providence_us,Neuroscience Center,,Napa,CA,,US,+1 707-252-4411,https://www.providence.org/locations/norcal/queen-of-the-valley/neuroscience-center,,Providence,Q7252430
https://www.providence.org/locations/norcal/queen-of-the-valley/minimally-invasive-surgery,providence_us,Minimally Invasive Surgery,,Napa,CA,,US,+1 707-252-4411,https://www.providence.org/locations/norcal/queen-of-the-valley/minimally-invasive-surgery,,Providence,Q7252430
https://www.providence.org/locations/norcal/queen-of-the-valley/heart-care,providence_us,Heart Care,,Napa,CA,,US,+1 707-253-8280,https://www.providence.org/locations/norcal/queen-of-the-valley/heart-care,Mo-Fr 07:00-17:30,Providence,Q7252430
https://www.providence.org/locations/norcal/queen-of-the-valley/emergency-and-trauma,providence_us,Emergency and Trauma,,Napa,CA,,US,+1 707-252-4411,https://www.providence.org/locations/norcal/queen-of-the-valley/emergency-and-trauma,,Providence,Q7252430
https://www.providence.org/locations/norcal/napa-urology,providence_us,Providence Medical Group Napa - Urology,,Napa,CA,,US,+1 707-251-1860,https://www.providence.org/locations/norcal/napa-urology,Mo-Fr 08:00-17:00,Providence,Q7252430
https://www.providence.org/locations/norcal/queen-of-the-valley/womens-health,providence_us,Womens Health,,Napa,CA,,US,+1 707-251-1850,https://www.providence.org/locations/norcal/queen-of-the-valley/womens-health,Mo-Fr 08:00-17:00,Providence,Q7252430
https://www.providence.org/locations/norcal/napa-obstetrics-and-gynecology,providence_us,Providence Medical Group Napa - Obstetrics and Gynecology,,Napa,CA,,US,+1 707-251-1850,https://www.providence.org/locations/norcal/napa-obstetrics-and-gynecology,Mo-Fr 08:30-17:00,Providence,Q7252430
https://www.providence.org/locations/norcal/queen-of-the-valley/radiation-oncology,providence_us,Radiation Oncology,,Napa,CA,,US,+1 707-257-4083,https://www.providence.org/locations/norcal/queen-of-the-valley/radiation-oncology,Mo-Fr 08:00-17:00,Providence,Q7252430
https://www.providence.org/locations/norcal/queen-of-the-valley/profili-imaging-center,providence_us,Profili Imaging Center,,Napa,CA,,US,+1 707-251-1700,https://www.providence.org/locations/norcal/queen-of-the-valley/profili-imaging-center,Mo-Fr 08:00-17:00,Providence,Q7252430
https://www.providence.org/locations/norcal/queen-of-the-valley/weight-management,providence_us,Weight Management,,Napa,CA,,US,+1 800-667-4761,https://www.providence.org/locations/norcal/queen-of-the-valley/weight-management,,Providence,Q7252430
https://www.providence.org/locations/norcal/napa-internal-medicine,providence_us,Providence Medical Group Napa - Internal Medicine,,Napa,CA,,US,+1 707-703-4863,https://www.providence.org/locations/norcal/napa-internal-medicine,Mo-Fr 08:00-17:00,Providence,Q7252430
https://www.providence.org/locations/norcal/napa-cardiac-rehab,providence_us,Providence Medical Group Napa - Cardiac Rehab,,Napa,CA,,US,+1 707-251-3519,https://www.providence.org/locations/norcal/napa-cardiac-rehab,Mo-Fr 08:00-17:00,Providence,Q7252430
https://www.providence.org/locations/norcal/napa-neurology,providence_us,Providence Medical Group Napa - Neurology,,Napa,CA,,US,+1 707-251-1859,https://www.providence.org/locations/norcal/napa-neurology,Mo-Fr 08:00-17:00,Providence,Q7252430
https://www.providence.org/locations/norcal/napa-gastroenterology,providence_us,Providence Medical Group Napa - Gastroenterology,,Napa,CA,,US,+1 707-251-1862,https://www.providence.org/locations/norcal/napa-gastroenterology,Mo-Fr 08:00-17:00,Providence,Q7252430
https://www.providence.org/locations/norcal/napa-psychiatry,providence_us,Providence Medical Group Napa - Psychiatry,,Napa,CA,,US,+1 707-890-4151,https://www.providence.org/locations/norcal/napa-psychiatry,Mo-Fr 08:00-17:00,Providence,Q7252430
https://www.publicstorage.com/self-storage-ca-napa/278.html,public_storage_us,Public Storage,,Napa,CA,,US,+1 707-681-5365,https://www.publicstorage.com/self-storage-ca-napa/278.html,,Public Storage,Q1156045
723,pure_barre_us,Napa,,Napa,CA,,US,+1 707-257-7215,https://www.purebarre.com/location/napa-ca,,Pure Barre,Q86707084
170,ross_dress_for_less_us,Napa,,Napa,CA,,US,+1 707-258-2100,,Mo-Th 09:00-23:00; Fr-Sa 08:00-23:00; Su 09:00-22:00,Ross Dress for Less,Q3442791
1623,round_table_pizza,Napa - Solano Ave.,,Napa ,CA,,US,+1 707-252-7505,https://ordering.roundtablepizza.com/site/jksolano,,Round Table Pizza,Q7371139
https://local.pharmacy.safeway.com/#5673482,safeway,Safeway Pharmacy,,Napa,CA,,US,+1 707-225-3040,https://local.pharmacy.safeway.com/safeway/ca/napa/3375-jefferson-st.html,,Safeway,Q1508234
https://local.safeway.com/#5604379,safeway,Safeway,,Napa,CA,,US,+1 707-225-3037,https://local.safeway.com/safeway/ca/napa/3375-jefferson-st.html,,Safeway,Q1508234
41611,seven_eleven_ca_us,7-Eleven,,Napa,CA,,US,+1 707-200-5996,https://www.7-eleven.com/locations/ca/napa/490-devlin-rd-41611,,7-Eleven,Q259340
870,simonmalls,Napa Premium Outlets®,,Napa,CA,,US,+1 707-226-9876,https://www.simon.com/mall/napa,Mo-Su 11:00-19:00,Premium Outlets,Q2287759
11786981878778005136,sleep_number_us,Sleep Number,,Napa,CA,,US,,https://www.sleepnumber.com/stores/ca/napa/1735-trancas-st,Mo 11:00-20:00; Tu-Th 11:00-19:00; Fr-Su 11:00-20:00,Sleep Number,Q7447640
3325-jefferson-street,staples,"Staples Napa, CA",,Napa,CA,,US,,https://stores.staples.com/ca/napa/3325-jefferson-street,Mo-Fr 08:00-20:00; Sa 09:00-18:00; Su 10:00-18:00,Staples,Q785943
https://restaurants.subway.com/#14895858,subway,Subway Grapeyard Shopping Center,,Napa Napa,CA,,US,+1 707-253-8476,https://restaurants.subway.com/united-states/ca/napa/3214-jefferson-st,Mo-Sa 09:00-21:00; Su 09:00-20:00,Subway,Q244457
https://restaurants.subway.com/#14894130,subway,Subway 900 Business Park,,Napa Napa,CA,,US,+1 707-252-0800,https://restaurants.subway.com/united-states/ca/napa/902-enterprise-way,Mo-Fr 08:00-19:00; Sa-Su 09:00-19:00,Subway,Q244457
https://locations.tacobell.com/#6144274,taco_bell,Taco Bell,,Napa,CA,,US,+1 707-254-0517,https://locations.tacobell.com/ca/napa/3177-jefferson-street.html,Mo-Th 08:00-02:00; Fr-Sa 08:00-03:00; Su 08:00-02:00,Taco Bell,Q752941
9761,tmobile_us,Bel Aire Plaza,,Napa,CA,,US,+1 707-259-0903,https://www.t-mobile.com/store-locator/ca/napa/bel-aire-plaza,,T-Mobile,Q3511885
128,trader_joes_us,Trader Joe's Napa (128),,Napa,CA,,US,+1 707-256-0806,https://locations.traderjoes.com/ca/napa/128/,Mo-Su 08:00-21:00,Trader Joe's,Q688825
https://www.asurion.com/repairs/tech/locations/napa,ubreakifix,uBreakiFix by Asurion - Napa CA,,Napa,CA,,US,+1 707-403-1111,https://www.asurion.com/repairs/tech/locations/napa,Mo-Sa 10:00-19:00,Asurion Tech Repair & Solutions,Q4811938
049540,uhaul,Valley Liquor & Gas Station,2023 Monticello Rd,Napa,CA,,US,+1 707-256-3983,,Mo-Fr 00:00-17:00; Sa 00:00-16:00,U-Haul,Q7862902
007302,uhaul,Napa Gas,2442 Imola Av W,Napa,CA,,US,+1 707-252-8722,,Mo-Fr 00:00-17:00; Sa 00:00-18:00; Su 00:00-17:00,U-Haul,Q7862902
1374377,usps,NAPA,,NAPA,CA,,US,+1 707-255-0190,,Mo-Fr 08:30-17:00,United States Postal Service,Q668687
9455800108,usps_collection_boxes,USPS COLLECTION BOX - BLUE BOX,2 EXECUTIVE CT,NAPA,CA,,US,,,,United States Postal Service,Q668687
9455800016,usps_collection_boxes,USPS COLLECTION BOX - BLUE BOX,499 DEVLIN RD,NAPA,CA,,US,,,,United States Postal Service,Q668687
9455800012,usps_collection_boxes,USPS COLLECTION BOX - BLUE BOX,2100 NAPA VALLEJO HWY,NAPA,CA,,US,,,,United States Postal Service,Q668687
9455800130,usps_collection_boxes,USPS COLLECTION BOX - BLUE BOX,1310 2ND ST,NAPA,CA,,US,,,,United States Postal Service,Q668687
9455800126,usps_collection_boxes,USPS COLLECTION BOX - PO LOBBY,1436 2ND ST,NAPA,CA,,US,,,,United States Postal Service,Q668687
9455800002,usps_collection_boxes,USPS COLLECTION BOX - BLUE BOX,699 TRANCAS ST,NAPA,CA,,US,,,,United States Postal Service,Q668687
9455800014,usps_collection_boxes,USPS COLLECTION BOX - BLUE BOX,2896 1ST ST,NAPA,CA,,US,,,,United States Postal Service,Q668687
9455800069,usps_collection_boxes,USPS COLLECTION BOX - BLUE BOX,1600 ATLAS PEAK RD,NAPA,CA,,US,,,,United States Postal Service,Q668687
9455800094,usps_collection_boxes,USPS COLLECTION BOX - BLUE BOX,1625 TRANCAS ST,NAPA,CA,,US,,,,United States Postal Service,Q668687
9455800096,usps_collection_boxes,USPS COLLECTION BOX - BLUE BOX,1625 TRANCAS ST,NAPA,CA,,US,,,,United States Postal Service,Q668687
9455800097,usps_collection_boxes,USPS COLLECTION BOX - BLUE BOX,1625 TRANCAS ST,NAPA,CA,,US,,,,United States Postal Service,Q668687
9455800117,usps_collection_boxes,USPS COLLECTION BOX - APC,1625 TRANCAS ST,NAPA,CA,,US,,,,United States Postal Service,Q668687
9455800121,usps_collection_boxes,USPS COLLECTION BOX - APC,1625 TRANCAS ST,NAPA,CA,,US,,,,United States Postal Service,Q668687
9455800127,usps_collection_boxes,USPS COLLECTION BOX - PO LOBBY,1625 TRANCAS ST,NAPA,CA,,US,,,,United States Postal Service,Q668687
9455800079,usps_collection_boxes,USPS COLLECTION BOX - BLUE BOX,3385 SOLANO AVE,NAPA,CA,,US,,,,United States Postal Service,Q668687
9455800003,usps_collection_boxes,USPS COLLECTION BOX - BLUE BOX,3263 BROWNS VALLEY RD,NAPA,CA,,US,,,,United States Postal Service,Q668687
9455800051,usps_collection_boxes,USPS COLLECTION BOX - BLUE BOX,2277 NAPA VALLEJO HWY,NAPA,CA,,US,,,,United States Postal Service,Q668687
9455800080,usps_collection_boxes,USPS COLLECTION BOX - BLUE BOX,3400 VALLE VERDE DR,NAPA,CA,,US,,,,United States Postal Service,Q668687
9455800073,usps_collection_boxes,USPS COLLECTION BOX - BLUE BOX,4205 SOLANO AVE,NAPA,CA,,US,,,,United States Postal Service,Q668687
0000030810,valero,REDWOOD AUTO SERVICE,,NAPA,CA,,US,+1 707-257-0571,https://locations.valero.com/en-us/LocationDetails/Index/2005-REDWOOD-RD/0000030810,,Valero,Q1283291
R00000177219,verizon_us,Napa Crossing,,Napa,CA,,US,+1 707-259-2121,https://www.verizon.com/stores/details/california/napa/napa-crossing-352969/,Mo-Sa 09:00-19:00; Su 10:00-17:00,Verizon,Q919641
,visa,,,NAPA,CA,,US,,,,,
,visa,,,NAPA,CA,,US,,,,,
,visa,,,NAPA,CA,,US,,,,,
,visa,,,NAPA VALLEY,CA,,US,,,,,
,visa,,,NAPA,CA,,US,,,,,
,visa,,,NAPA,CA,,US,,,,,
,visa,,,NAPA,CA,,US,,,,,
,visa,,,NAPA,CA,,US,,,,,
,visa,,,NAPA,CA,,US,,,,,
,visa,,,NAPA,CA,,US,,,,,
,visa,,,NAPA,CA,,US,,,,,
,visa,,,NAPA,CA,,US,,,,,
,visa,,,NAPA,CA,,US,,,,,
,visa,,,NAPA,CA,,US,,,,,
,visa,,,NAPA,CA,,US,,,,,
,visa,,,NAPA,CA,,US,,,,,
,visa,,,NAPA,CA,,US,,,,,
,visa,,,NAPA,CA,,US,,,,,
,visa,,,NAPA,CA,,US,,,,,
,visa,,,NAPA,CA,,US,,,,,
,visa,,,NAPA,CA,,US,,,,,
,visa,,,NAPA,CA,,US,,,,,
,visa,,,NAPA,CA,,US,,,,,
,visa,,,NAPA,CA,,US,,,,,
,visa,,,NAPA,CA,,US,,,,,
,visa,,,NAPA,CA,,US,,,,,
,visa,,,NAPA,CA,,US,,,,,
,visa,,,NAPA,CA,,US,,,,,
,visa,,,NAPA,CA,,US,,,,,
,visa,,,NAPA,CA,,US,,,,,
,visa,,,NAPA,CA,,US,,,,,
,visa,,,NAPA,CA,,US,,,,,
,visa,,,NAPA,CA,,US,,,,,
,visa,,,NAPA,CA,,US,,,,,
,visa,,,NAPA,CA,,US,,,,,
,visa,,,NAPA,CA,,US,,,,,
,visa,,,NAPA,CA,,US,,,,,
,visa,,,NAPA,CA,,US,,,,,
,visa,,,NAPA,CA,,US,,,,,
,visa,,,NAPA,CA,,US,,,,,
,visa,,,NAPA,CA,,US,,,,,
,visa,,,NAPA,CA,,US,,,,,
,visa,,,NAPA,CA,,US,,,,,
,visa,,,NAPA,CA,,US,,,,,
,visa,,,NAPA,CA,,US,,,,,
,visa,,,NAPA,CA,,US,,,,,
,visa,,,NAPA,CA,,US,,,,,
,visa,,,NAPA,CA,,US,,,,,
,visa,,,NAPA,CA,,US,,,,,
,visa,,,NAPA,CA,,US,,,,,
,visa,,,NAPA,CA,,US,,,,,
,visa,,,NAPA,CA,,US,,,,,
,visa,,,NAPA,CA,,US,,,,,
,visa,,,NAPA,CA,,US,,,,,
,visa,,,NAPA,CA,,US,,,,,
,visa,,,NAPA,CA,,US,,,,,
,visa,,,NAPA,CA,,US,,,,,
,visa,,,NAPA,CA,,US,,,,,
,visa,,,NAPA,CA,,US,,,,,
,visa,,,NAPA,CA,,US,,,,,
,visa,,,NAPA,CA,,US,,,,,
,visa,,,NAPA,CA,,US,,,,,
,visa,,,NAPA,CA,,US,,,,,
,visa,,,NAPA,CA,,US,,,,,
https://www.walgreens.com/locator/walgreens-1685+trancas+st-napa-ca-94558/id=11822,walgreens,Walgreens,,Napa,CA,,US,+1 707-257-1154,https://www.walgreens.com/locator/walgreens-1685+trancas+st-napa-ca-94558/id=11822,Mo-Su 07:00-22:00,Walgreens,Q1591889
611__TRANCAS__ST_NAPA_CA_94558,wellsfargo,,611 TRANCAS ST,NAPA,CA,,US,+1 800-869-3557,https://www.wellsfargo.com/locator/bank/611__TRANCAS__ST_NAPA_CA_94558/,,Wells Fargo,Q744149
3255__JEFFERSON__ST_NAPA_CA_94558,wellsfargo,Wells Fargo,3255 JEFFERSON ST,NAPA,CA,,US,+1 707-299-2220,https://www.wellsfargo.com/locator/bank/3255__JEFFERSON__ST_NAPA_CA_94558/,Mo-Fr 09:00-17:00,Wells Fargo,Q744149
https://locations.wendys.com/#9254370,wendys,"Wendy's Napa in Napa, CA",,Napa,CA,,US,+1 707-252-6855,https://locations.wendys.com/united-states/ca/napa/1450-trancas-st,"Mo-Su 06:30-10:30,08:00-22:00",Wendy's,Q550258
napa,whole_foods,Napa,3682 Bel Aire Plaza,Napa,CA,,US,+1 707-224-6300,https://www.wholefoodsmarket.com/stores/napa,Mo-Su 08:00-21:00,Whole Foods,Q1809448
