Ref,Spider,Name,Address,City,State,Zipcode,Country,Phone,Website,Hours,Brand,WikiData
/locations/propane-offices/colorado/pueblo-west/805-east-enterprise-dr,amerigas,"AmerGas Propane | Pueblo, Colorado",,Pueblo,CO,,US,+1 719-547-4444,/locations/propane-offices/colorado/pueblo-west/805-east-enterprise-dr,,AmeriGas,Q23130318
3775,autozone_us,AutoZone Auto Parts Pueblo West,,Pueblo West,CO,,US,+1 719-547-0398,https://www.autozone.com/locations/co/pueblo-west/957-hailey-ln-e.html,Mo-Fr 07:30-21:00; Sa 07:30-20:00; Su 08:00-20:00,AutoZone,Q4826087
https://locations.baskinrobbins.com/co/pueblo-west/922-e-hailey-lane-356544-br,baskin_robbins_us,Baskin-Robbins™,,Pueblo West,CO,,US,+1 719-547-4344,https://locations.baskinrobbins.com/co/pueblo-west/922-e-hailey-lane-356544-br,Mo-Su 11:00-22:00,Baskin-Robbins,Q584601
197618,bluerhino,Dollar General #20879,,Pueblo West,CO,,US,+1 719-467-6015,,,Blue Rhino,Q65681213
178125,bluerhino,Loaf N Jug #82,,Pueblo West,CO,,US,+1 719-547-2311,,,Blue Rhino,Q65681213
201326,bluerhino,Dollar General #21096,,Pueblo West,CO,,US,+1 719-501-1253,,,Blue Rhino,Q65681213
156332,bluerhino,Walgreens #9569,,Pueblo West,CO,,US,+1 719-404-0081,,,Blue Rhino,Q65681213
172397,bluerhino,Family Dollar #09160,,Pueblo West,CO,,US,+1 719-547-3518,,,Blue Rhino,Q65681213
178130,bluerhino,Loaf N Jug #85,,Pueblo,CO,,US,+1 719-547-0571,,,Blue Rhino,Q65681213
213658,bluerhino,Lambert Ace Hardware #18034,,Pueblo West,CO,,US,+1 719-766-0526,,,Blue Rhino,Q65681213
KR002324,bmo,Loaf N Jug,,Pueblo,CO,,US,,,,BMO,Q4835981
KR002323,bmo,Loaf N Jug 2,,Pueblo West,CO,,US,,,,BMO,Q4835981
KR002286,bmo,Loaf N Jug 1,,Pueblo West,CO,,US,,,,BMO,Q4835981
64055,citi,ATM Loaf N Jug 1,,Pueblo West,CO,,US,,,,Citibank,Q857063
64063,citi,ATM Loaf N Jug 2,,Pueblo West,CO,,US,,,,Citibank,Q857063
60051,citi,ATM INBANK,,Pueblo West,CO,,US,,,,Citibank,Q857063
63925,citi,ATM Loaf N Jug,,Pueblo,CO,,US,,,,Citibank,Q857063
93593,citi,ATM Walgreens,,Pueblo,CO,,US,,,,Citibank,Q857063
pueblowest/6494,claires,Shop Ear Piercings & Jewelry at Claires Walmart Pueblo We,,PUEBLO WEST,CO,,US,+1 719-547-4156,https://stores.claires.com/us/co/pueblowest/6494.html,Mo-Su 12:00-20:00,Claire's,Q2974996
,credit_union_us,Power CU,,Pueblo West,CO,,US,+1 719-564-0710,,Mo-Fr 08:30-05:30; Sa 09:00-12:00,,
70180516,cricket_wireless,Cricket Wireless Authorized Retailer,,Pueblo West,CO,,US,+1 719-501-4219,https://www.cricketwireless.com/stores/ll/US/CO/Pueblo-West/74-N-McCulloch,Mo-Fr 10:00-20:00; Sa 10:00-19:00; Su 12:00-17:00,Cricket Wireless,Q5184987
21096,dollar_general,Dollar General,,Pueblo West,CO,,US,+1 719-501-1253,https://www.dollargeneral.com/store-directory/co/pueblo-west/21096,Mo-Su 08:00-22:00,Dollar General,Q145168
20879,dollar_general,Dollar General,,Pueblo West,CO,,US,+1 719-467-6015,https://www.dollargeneral.com/store-directory/co/pueblo-west/20879,Mo-Su 08:00-22:00,Dollar General,Q145168
6359,dominos_pizza_us,Domino's Pizza,,Pueblo West,CO,,US,+1 719-547-1444,https://pizza.dominos.com/colorado/pueblo-west/101-south-mcculloch,Mo-Th 10:00-24:00; Fr-Sa 10:00-01:00; Su 10:00-24:00,Domino's,Q839466
7641,dominos_pizza_us,Domino's Pizza,,Pueblo West,CO,,US,+1 719-507-3633,https://pizza.dominos.com/colorado/pueblo-west/1002-n-market-plaza-unit-g,Mo-Th 10:00-24:00; Fr-Sa 10:00-01:00; Su 10:00-24:00,Domino's,Q839466
https://www.edwardjones.com/us-en/financial-advisor/donald-storm,edwardjones,Donald Storm,,Pueblo West,CO,,US,+1 719-547-1776,https://www.edwardjones.com/us-en/financial-advisor/donald-storm,Mo-Th 07:30-16:30; Fr 08:00-15:00,Edward Jones,Q5343830
521015,eg_america_us,Loaf 'N Jug,,Pueblo West,CO,,US,+1 719-547-0571,https://www.loafnjug.com/find-us/generic-store-page/?id=750085,,Loaf 'N Jug,Q6663398
521012,eg_america_us,Loaf 'N Jug,,Pueblo West,CO,,US,+1 719-547-2311,https://www.loafnjug.com/find-us/generic-store-page/?id=750082,,Loaf 'N Jug,Q6663398
E112GW,enterprise,Pueblo ABRA Auto Body,,Pueblo West,CO,,US,+1 719-647-9750,,,Enterprise Rent-A-Car,Q17085454
29160,family_dollar_us,FAMILY DOLLAR #9160,,Pueblo West,CO,,US,+1 804-372-0105,https://www.familydollar.com/locations/co/pueblo-west/29160/,Mo-Su 08:00-22:00,Family Dollar,Q5433101
6844,fresenius_kidney_care_us,Fresenius Kidney Care Pueblo West,,Pueblo West,CO,,US,+1 800-881-5101,https://www.freseniuskidneycare.com/dialysis-centers/colorado/6844,Mo 05:00-19:00; We 05:00-19:00; Fr 05:00-19:00,,
7559,h_r_block,H&R Block,,Pueblo,CO,,US,+1 719-647-2763,https://www.hrblock.com/local-tax-offices/colorado/pueblo/1021-market-plaza-n/7559/,,H&R Block,Q5627799
https://office.jacksonhewitt.com/#27576634,jackson_hewitt,Jackson Hewitt,,Pueblo West,CO,,US,+1 719-404-3234,https://office.jacksonhewitt.com/tax-preparation-services-locations/en/co/pueblo-west/78-north-mcculloch-blvd/53382,Mo-Sa 11:00-19:00; Su 13:00-17:00,Jackson Hewitt,Q6117132
https://office.jacksonhewitt.com/#27578385,jackson_hewitt,Jackson Hewitt,,Pueblo West,CO,,US,+1 719-404-3234,https://office.jacksonhewitt.com/tax-preparation-services-locations/en/co/pueblo-west/141-purcell-blvd/13926,Mo-Sa 11:00-19:00; Su 13:00-17:00,Jackson Hewitt,Q6117132
https://locations.jimmyjohns.com/co/pueblowest/sandwiches-3734.html,jimmy_johns,Jimmy John's,,Pueblo West,CO,,US,+1 719-924-9193,https://locations.jimmyjohns.com/co/pueblowest/sandwiches-3734.html,,Jimmy John's,Q1689380
https://healthy.kaiserpermanente.org/colorado/facilities/walmart-pharmacy-10-3382-339335,kaiser_permanente_us,Walmart Pharmacy 10-3382,,Pueblo West,CO,,US,+1 719-647-9925,https://healthy.kaiserpermanente.org/colorado/facilities/walmart-pharmacy-10-3382-339335,,Kaiser Permanente,Q1721601
https://healthy.kaiserpermanente.org/colorado/facilities/walgreens-no-9569-339325,kaiser_permanente_us,Walgreens No. 9569,,Pueblo,CO,,US,+1 719-404-0081,https://healthy.kaiserpermanente.org/colorado/facilities/walgreens-no-9569-339325,,Kaiser Permanente,Q1721601
https://healthy.kaiserpermanente.org/colorado/facilities/southern-colorado-clinic-urgent-care-340581,kaiser_permanente_us,Southern Colorado Clinic Urgent Care,,Pueblo West,CO,,US,+1 719-553-2205,https://healthy.kaiserpermanente.org/colorado/facilities/southern-colorado-clinic-urgent-care-340581,,Kaiser Permanente,Q1721601
https://healthy.kaiserpermanente.org/colorado/facilities/parkview-pueblo-west-hospital-136389,kaiser_permanente_us,Parkview Pueblo West Hospital,,Pueblo West,CO,,US,+1 719-585-1717,https://healthy.kaiserpermanente.org/colorado/facilities/parkview-pueblo-west-hospital-136389,,Kaiser Permanente,Q1721601
https://healthy.kaiserpermanente.org/colorado/facilities/parkview-outpatient-rehabilitation-at-parkview-pueblo-west-319085,kaiser_permanente_us,Parkview Outpatient Rehabilitation at Parkview Pueblo West,,Pueblo West,CO,,US,+1 719-584-4700,https://healthy.kaiserpermanente.org/colorado/facilities/parkview-outpatient-rehabilitation-at-parkview-pueblo-west-319085,,Kaiser Permanente,Q1721601
https://healthy.kaiserpermanente.org/colorado/facilities/laboratory-corporation-of-america-patient-service-center-laboratory-draw-site-333291,kaiser_permanente_us,Laboratory Corporation of America Patient Service Center (Laboratory Draw Site),,Pueblo West,CO,,US,+1 719-547-0375,https://healthy.kaiserpermanente.org/colorado/facilities/laboratory-corporation-of-america-patient-service-center-laboratory-draw-site-333291,,Kaiser Permanente,Q1721601
https://healthy.kaiserpermanente.org/colorado/facilities/fresenius-medical-care-pueblo-west-fmc-pueblo-west-dialysis-133701,kaiser_permanente_us,Fresenius Medical Care Pueblo West - FMC Pueblo West Dialysis,,Pueblo West,CO,,US,+1 719-547-3888,https://healthy.kaiserpermanente.org/colorado/facilities/fresenius-medical-care-pueblo-west-fmc-pueblo-west-dialysis-133701,,Kaiser Permanente,Q1721601
84361,little_free_library,W Winterhaven Free Little Library #84361 Pueblo West CO,,Pueblo West,CO,,US,,,,Little Free Library,Q6650101
103109,little_free_library,Windy Hill Library #103109 Pueblo West CO,,Pueblo West,CO,,US,,,,Little Free Library,Q6650101
23235,little_free_library,Tammy Metz #23235 Pueblo CO,,Pueblo,CO,,US,,,,Little Free Library,Q6650101
https://locations.oreillyauto.com/co/pueblowest/check-engine-light-testing-3767.html,oreilly,Your Pueblo West O'Reilly Auto Parts Store,,Pueblo West,CO,,US,+1 719-547-2466,https://locations.oreillyauto.com/co/pueblowest/check-engine-light-testing-3767.html,Mo-Sa 07:30-21:00; Su 08:00-20:00,O'Reilly Auto Parts,Q7071951
https://locations.oreillyauto.com/co/pueblowest/wiper-installation-3767.html,oreilly,Your Pueblo West O'Reilly Auto Parts Store,,Pueblo West,CO,,US,+1 719-547-2466,https://locations.oreillyauto.com/co/pueblowest/wiper-installation-3767.html,Mo-Sa 07:30-21:00; Su 08:00-20:00,O'Reilly Auto Parts,Q7071951
https://locations.oreillyauto.com/co/pueblowest/battery-testing-3767.html,oreilly,Your Pueblo West O'Reilly Auto Parts Store,,Pueblo West,CO,,US,+1 719-547-2466,https://locations.oreillyauto.com/co/pueblowest/battery-testing-3767.html,Mo-Sa 07:30-21:00; Su 08:00-20:00,O'Reilly Auto Parts,Q7071951
https://locations.oreillyauto.com/co/pueblowest/autopartes-3767.html,oreilly,Tu tienda O'Reilly Auto Parts en Pueblo West,,Pueblo West,CO,,US,+1 719-547-2466,https://locations.oreillyauto.com/co/pueblowest/autopartes-3767.html,Mo-Sa 07:30-21:00; Su 08:00-20:00,O'Reilly Auto Parts,Q7071951
https://locations.papajohns.com/#10690671,papa_johns,Papa John's,,Pueblo West,CO,,US,+1 719-547-7676,https://locations.papajohns.com/united-states/co/81007/pueblo-west/1021-market-plaza,Mo-Th 10:30-23:00; Fr-Sa 10:00-24:00; Su 10:00-23:00,Papa John's Pizza,Q2759586
https://local.pharmacy.safeway.com/#5673372,safeway,Safeway Pharmacy,,Pueblo,CO,,US,+1 719-547-2913,https://local.pharmacy.safeway.com/safeway/co/pueblo/1017-n-market-plaza.html,,Safeway,Q1508234
https://local.fuel.safeway.com/#9073564,safeway,Safeway Fuel Station,,Pueblo,CO,,US,+1 719-547-2108,https://local.fuel.safeway.com/safeway/co/pueblo/1008-n-market-plaza.html,Mo-Su 07:00-22:00,Safeway,Q1508234
https://local.safeway.com/#5604239,safeway,Safeway,,Pueblo,CO,,US,+1 719-547-2108,https://local.safeway.com/safeway/co/pueblo/1017-n-market-plaza.html,,Safeway,Q1508234
1019,scooters_coffee_us,"Pueblo West, CO",,Pueblo West,CO,,US,+1 719-766-9109,,Mo-Sa 05:00-20:00; Su 06:00-20:00,Scooter's Coffee,Q117280308
2216,snap_fitness,"Pueblo West, CO",279 S Purcell Blvd,Pueblo,CO,,US,+1 719-544-7627,https://www.snapfitness.com/us/gyms/pueblo-west-co,24/7,Snap Fitness,Q7547254
https://restaurants.subway.com/#14917017,subway,Subway Wal-Mart #3382,,Pueblo West Pueblo,CO,,US,+1 719-647-9188,https://restaurants.subway.com/united-states/co/pueblo-west/78-north-mcculloch-blvd,Mo-Fr 07:30-21:00; Sa-Su 08:00-21:00,Subway,Q244457
https://restaurants.subway.com/#14894276,subway,Subway Loaf n Jug,,Pueblo West Pueblo,CO,,US,+1 719-547-2311,https://restaurants.subway.com/united-states/co/pueblo-west/14-west-spaulding-ave,Mo-Su 07:00-21:00,Subway,Q244457
https://restaurants.subway.com/#14905770,subway,Subway Dillon Oil Gas/Loaf N' Jug C-S,,Pueblo West Pueblo,CO,,US,+1 719-547-0536,https://restaurants.subway.com/united-states/co/pueblo-west/136-s-purcell-blvd,Mo-Su 07:00-21:00,Subway,Q244457
82760,supercuts,Pueblo West Marketplace,1021 N Market Plz Ste 105,Pueblo,CO,,US,+1 719-647-9199,https://www.supercuts.com/checkin/82760,Mo-Fr 09:00-18:00; Sa 09:00-17:00; Su 10:00-17:00,Supercuts,Q7643239
https://locations.tacobell.com/#6141557,taco_bell,Taco Bell,,Pueblo West,CO,,US,+1 719-547-4836,https://locations.tacobell.com/co/pueblo-west/99-s-mcculloch-blvd.html,Mo-We 07:00-02:00; Th-Su 07:00-03:00,Taco Bell,Q752941
372E,tmobile_us,Purcell Blvd & US Hwy 50,,Pueblo West,CO,,US,+1 719-547-4868,https://www.t-mobile.com/store-locator/co/pueblo-west/purcell-blvd-us-hwy-50,,T-Mobile,Q3511885
866070,uhaul,U-Haul Moving & Storage of Pueblo West,469 E Spaulding Ave,Pueblo West,CO,,US,+1 719-821-3482,,Mo-Fr 00:00-16:00,U-Haul,Q7862902
049725,uhaul,Fresh Start LLC,270 S Purcell Blvd,Pueblo West,CO,,US,+1 719-564-4744,,Mo-Fr 00:00-16:00,U-Haul,Q7862902
053146,uhaul,Liberty Pack & Ship,448 S McCulloch Blvd,Pueblo West,CO,,US,+1 719-423-6379,,Mo-Fr 00:00-17:00; Sa 00:00-14:00,U-Haul,Q7862902
8100700002,usps_collection_boxes,USPS COLLECTION BOX - BLUE BOX,136 S PURCELL BLVD,PUEBLO,CO,,US,,,,United States Postal Service,Q668687
8100700005,usps_collection_boxes,USPS COLLECTION BOX - BLUE BOX,434 S MCCULLOCH BLVD,PUEBLO,CO,,US,,,,United States Postal Service,Q668687
8100700007,usps_collection_boxes,USPS COLLECTION BOX - BLUE BOX,958 HAILEY LN,PUEBLO,CO,,US,,,,United States Postal Service,Q668687
A00000244011,verizon_us,Victra Pueblo West,,PUEBLO WEST,CO,,US,+1 719-547-3625,https://www.verizon.com/stores/details/colorado/pueblo-west/gowireless-pueblo-west-1814322/,Mo-Fr 10:00-19:00; Sa 09:00-17:00,Verizon,Q919641
,visa,,,PUEBLO WEST,CO,,US,,,,,
,visa,,,PUEBLO WEST,CO,,US,,,,,
,visa,,,PUEBLO WEST,CO,,US,,,,,
,visa,,,PUEBLO WEST,CO,,US,,,,,
,visa,,,PUEBLO,CO,,US,,,,,
,visa,,,PUEBLO WEST,CO,,US,,,,,
,visa,,,PUEBLO WEST,CO,,US,,,,,
,visa,,,PUEBLO WEST,CO,,US,,,,,
,visa,,,PUEBLO,CO,,US,,,,,
,visa,,,PUEBLO WEST,CO,,US,,,,,
,visa,,,PUEBLO,CO,,US,,,,,
,visa,,,PUEBLO,CO,,US,,,,,
,visa,,,PUEBLO W,CO,,US,,,,,
,visa,,,PUEBLO WEST,CO,,US,,,,,
,visa,,,PUEBLO WEST,CO,,US,,,,,
,visa,,,PUEBLO,CO,,US,,,,,
,visa,,,PUEBLO WEST,CO,,US,,,,,
,visa,,,PUEBLO WEST,CO,,US,,,,,
,visa,,,PUEBLO WEST,CO,,US,,,,,
,visa,,,PUEBLO WEST,CO,,US,,,,,
,visa,,,PUEBLO WEST,CO,,US,,,,,
,visa,,,PUEBLO,CO,,US,,,,,
,visa,,,PUEBLO,CO,,US,,,,,
,visa,,,PUEBLO WEST,CO,,US,,,,,
,visa,,,PUEBLO WEST,CO,,US,,,,,
,visa,,,PUEBLO WEST,CO,,US,,,,,
,visa,,,PUEBLO WEST,CO,,US,,,,,
,visa,,,PUEBLO,CO,,US,,,,,
,visa,,,PUEBLO WEST,CO,,US,,,,,
,visa,,,PUEBLO WEST,CO,,US,,,,,
,visa,,,PUEBLO WEST,CO,,US,,,,,
,visa,,,PUEBLO WEST,CO,,US,,,,,
,visa,,,PUEBLO,CO,,US,,,,,
,visa,,,PUEBLO,CO,,US,,,,,
,visa,,,PUEBLO,CO,,US,,,,,
,visa,,,PUEBLO WEST,CO,,US,,,,,
,visa,,,PUEBLO WEST,CO,,US,,,,,
,visa,,,PUEBLO,CO,,US,,,,,
,visa,,,PUEBLO WEST,CO,,US,,,,,
,visa,,,PUEBLO WEST,CO,,US,,,,,
,visa,,,PUEBLO WEST,CO,,US,,,,,
,visa,,,PUEBLO WEST,CO,,US,,,,,
,visa,,,PUEBLO WEST,CO,,US,,,,,
,visa,,,PUEBLO,CO,,US,,,,,
,visa,,,PUEBLO WEST,CO,,US,,,,,
,visa,,,PUEBLO W,CO,,US,,,,,
,visa,,,PUEBLO WEST,CO,,US,,,,,
,visa,,,PUEBLO WEST,CO,,US,,,,,
,visa,,,PUEBLO,CO,,US,,,,,
,visa,,,PUEBLO WEST,CO,,US,,,,,
,visa,,,PEBLO WEST,CO,,US,,,,,
,visa,,,PUEBLO WEST,CO,,US,,,,,
,visa,,,PUEBLO,CO,,US,,,,,
,visa,,,PUEBLO,CO,,US,,,,,
,visa,,,PUEBLO WEST,CO,,US,,,,,
,visa,,,PUEBLO WEST,CO,,US,,,,,
,visa,,,PUEBLO WEST,CO,,US,,,,,
,visa,,,CAA▒ON CITY,CO,,US,,,,,
https://www.walgreens.com/locator/walgreens-958+hailey+ln-pueblo+west-co-81007/id=9569,walgreens,Walgreens,,Pueblo West,CO,,US,+1 719-404-0081,https://www.walgreens.com/locator/walgreens-958+hailey+ln-pueblo+west-co-81007/id=9569,Mo-Su 08:00-22:00,Walgreens,Q1591889
101__S__MCCULLOCH__BLVD_PUEBLO__WEST_CO_81007,wellsfargo,,101 S MCCULLOCH BLVD,PUEBLO WEST,CO,,US,+1 800-869-3557,https://www.wellsfargo.com/locator/bank/101__S__MCCULLOCH__BLVD_PUEBLO__WEST_CO_81007/,,Wells Fargo,Q744149
https://locations.wendys.com/#9255113,wendys,"Wendy's Pueblo West in Pueblo West, CO",,Pueblo West,CO,,US,+1 719-647-1592,https://locations.wendys.com/united-states/co/pueblo-west/988-kimble-dr,"Mo-Su 06:30-10:30,07:00-22:00",Wendy's,Q550258
11a722a483be252f309deadfd836b800,western_union,DOLLAR GENERAL #20879,,Pueblo West,CO,,US,+1 719-467-6015,https://location.westernunion.com/us/co/pueblo-west/11a722a483be252f309deadfd836b800,Mo-Su 08:00-22:00,Western Union,Q861042
a5b4ff8f427e1489ef12b3e1e2bde1ce,western_union,WALMART #003382,,Pueblo West,CO,,US,+1 719-647-9861,https://location.westernunion.com/us/co/pueblo-west/a5b4ff8f427e1489ef12b3e1e2bde1ce,Mo-Su 07:00-21:00,Western Union,Q861042
