Ref,Spider,Name,Address,City,State,Zipcode,Country,Phone,Website,Hours,Brand,WikiData
41,aaa,Southington CT,,Southington,CT,,US,+1 860-793-3630,,,American Automobile Association,Q463436
https://stores.advanceautoparts.com/ct/southington/151-queen-st,advance_auto_parts_us,Advance Auto Parts,,Southington,CT,,US,+1 860-621-2331,https://stores.advanceautoparts.com/ct/southington/151-queen-st,Mo-Sa 07:30-21:00; Su 09:00-20:00,Advance Auto Parts,Q4686051
597722,afcurgentcare,American Family Care Southington,,Southington,CT,,US,+1 860-863-5835,https://www.afcurgentcare.com/southington/,Mo-Fr 08:00-20:00; Sa-Su 08:00-17:00,AFC Urgent Care,Q110552174
https://stores.aldi.us/#9287495,aldi_sud_us,ALDI  811 Queen Street,,Southington,CT,,US,+1 888-473-1053,https://stores.aldi.us/ct/southington/811-queen-street,"Mo-Su 08:30-20:00,09:00-20:00",ALDI,Q41171672
3388,anytime_fitness,Anytime Fitness,,Southington,CT,,US,+1 860-621-7200,https://www.anytimefitness.com/gyms/3388/southington-ct-06489/,,Anytime Fitness,Q4778364
76444,att_us,SOUTHINGTON STORE,,Southington,CT,,US,+1 860-628-0070,https://www.att.com/stores/connecticut/southington/76444,Mo-Sa 10:00-20:00; Su 11:00-18:00,AT&T,Q298594
5133,autozone_us,AutoZone Auto Parts Southington,,Southington,CT,,US,+1 860-621-8908,https://www.autozone.com/locations/ct/southington/60-interstate-park-dr.html,Mo-Sa 07:30-21:00; Su 08:00-20:00,AutoZone,Q4826087
0203,bjswholesale,Southington,,Southington,CT,,US,+1 860-609-4757,https://www.bjs.com/mapDetail;city=0203,Mo-Sa 08:00-21:00,BJ's Wholesale,Q4835754
72752,bluerhino,Cumberland Farms #4642,,Southington,CT,,US,+1 860-276-8786,,,Blue Rhino,Q65681213
131635,bluerhino,ShopRite #315,,Southington,CT,,US,+1 860-736-0044,,,Blue Rhino,Q65681213
109701,bluerhino,Lowe's #2910,,Southington,CT,,US,+1 860-385-9193,,,Blue Rhino,Q65681213
164140,bluerhino,Maganti Oil Energy - Mobil,,Southington,CT,,US,+1 860-736-5077,,,Blue Rhino,Q65681213
164141,bluerhino,Maganti Oil Energy - Sunoco,,Southington,CT,,US,+1 860-426-1101,,,Blue Rhino,Q65681213
191693,bluerhino,Price Chopper #203,,Southington,CT,,US,+1 860-621-2128,,,Blue Rhino,Q65681213
42467,bluerhino,Walmart #2897,,Southington,CT,,US,+1 860-621-9540,,,Blue Rhino,Q65681213
58692,bluerhino,Stop & Shop #684,,Southington,CT,,US,+1 860-620-9161,,,Blue Rhino,Q65681213
84974,bluerhino,King Food Mart,,Southington,CT,,US,+1 860-621-6394,,,Blue Rhino,Q65681213
144827,bluerhino,Gasman,,Southington,CT,,US,+1 860-329-0006,,,Blue Rhino,Q65681213
151557,bluerhino,Walgreens #7641,,Southington,CT,,US,+1 860-621-0273,,,Blue Rhino,Q65681213
2012,bricks_minifigs_ca_us,Connecticut &#8211; Southington,1173 Queen St. Suite #7,Southington,CT,,US,+1 860-385-1007,https://bricksandminifigs.com/southington-ct/,,Bricks & Minifigs,Q109329121
3663,buffalo_wild_wings_us,"Southington, CT",,Southington,CT,,US,+1 860-863-5144,https://www.buffalowildwings.com/locations/us/ct/southington/750-queen-street/sports-bar-1074,Mo-Su 11:00-23:00,Buffalo Wild Wings,Q509255
309C,carpet_one_floor_and_home_us,Dalene Flooring Carpet One Floor & Home,,Southington,CT,,US,+1 860-276-9564,https://www.daleneflooringcarpetone.com/,,Carpet One Floor & Home,Q121335910
001.005.0822,chilis,Southington,,Southington,CT,,US,+1 860-628-5022,https://www.chilis.com/locations/us/connecticut/southington/southington/,Mo-Th 11:00-23:00; Fr-Sa 11:00-24:00; Su 11:00-23:00,Chili's,Q1072948
ct_southington_785-queen-st,chipotle, ,,Southington,CT,,US,+1 860-276-3912,https://locations.chipotle.com/ct/southington/785-queen-st,,Chipotle,Q465751
30782,citi,ATM 7ELEVEN-FCTI,,Southington,CT,,US,,,,Citibank,Q857063
94510,citi,ATM Webster Bank,,Southington,CT,,US,,,,Citibank,Q857063
94508,citi,ATM Webster Bank,,Southington,CT,,US,,,,Citibank,Q857063
94509,citi,ATM Webster Bank,,Southington,CT,,US,,,,Citibank,Q857063
82838,citi,ATM Target,,Southington,CT,,US,,,,Citibank,Q857063
94447,citi,ATM Webster Bank,,Southington,CT,,US,,,,Citibank,Q857063
94446,citi,ATM Webster Bank,,Southington,CT,,US,,,,Citibank,Q857063
50145,citi,ATM CVS,,Southington,CT,,US,,,,Citibank,Q857063
90485,citi,ATM Walgreens,,Southington,CT,,US,,,,Citibank,Q857063
ATM-1794,citizens_us,,,Southington,CT,,US,,,,Citizens,Q5122694
ATM-1775,citizens_us,,,Southington,CT,,US,,,,Citizens,Q5122694
520491,cumberland_farms_us,Cumberland Farms,,SOUTHINGTON,CT,,US,+1 860-276-1087,https://www.cumberlandfarms.com/find-us/generic-store-page/?id=004760,,Cumberland Farms,Q1143685
520252,cumberland_farms_us,Cumberland Farms,,SOUTHINGTON,CT,,US,+1 860-276-8786,https://www.cumberlandfarms.com/find-us/generic-store-page/?id=004642,,Cumberland Farms,Q1143685
17491,cvs_us,CVS Pharmacy,,Southington,CT,,US,+1 860-406-6755,https://www.cvs.com/store-locator/southington-ct-pharmacies/600-executive-blvd-southington-ct-06489/storeid=17491,"Mo-Fr 09:00-13:30,14:00-19:00; Sa 09:00-13:30,14:00-17:00; Su 11:00-13:30,14:00-17:00",CVS Pharmacy,Q2078880
1060,cvs_us,CVS Pharmacy,,Southington,CT,,US,+1 860-621-1996,https://www.cvs.com/store-locator/southington-ct-pharmacies/326-main-street-southington-ct-06489/storeid=1060,24/7,CVS Pharmacy,Q2078880
247208,dennys,Denny's,,Southington,CT,,US,+1 860-621-5334,https://locations.dennys.com/CT/SOUTHINGTON/247208,24/7,Denny's,Q1189695
18567,dollar_general,Dollar General,,Southington,CT,,US,+1 860-621-2608,https://www.dollargeneral.com/store-directory/ct/southington/18567,Mo-Su 08:00-22:00,Dollar General,Q145168
3283,dominos_pizza_us,Domino's Pizza,,Southington,CT,,US,+1 860-620-9500,https://pizza.dominos.com/connecticut/southington/200-main-st,Mo-Th 10:30-24:00; Fr-Sa 10:30-01:00; Su 10:30-24:00,Domino's,Q839466
338179,dunkin_us,Dunkin',,Southington,CT,,US,+1 860-620-9610,https://locations.dunkindonuts.com/en/ct/southington/790-west-st/338179,Mo-Sa 04:00-20:00; Su 05:00-20:00,Dunkin',Q847743
334689,dunkin_us,Dunkin',,Southington,CT,,US,+1 860-620-9289,https://locations.dunkindonuts.com/en/ct/southington/262-meriden-waterbury-tpke/334689,Mo-Sa 04:00-20:00; Su 05:00-20:00,Dunkin',Q847743
351568,dunkin_us,Dunkin',,Southington,CT,,US,+1 860-863-5548,https://locations.dunkindonuts.com/en/ct/southington/1096-west-st/351568,Mo-Su 05:00-19:00,Dunkin',Q847743
300669,dunkin_us,Dunkin',,Southington,CT,,US,+1 860-628-5525,https://locations.dunkindonuts.com/en/ct/southington/856-queen-st/300669,Mo-Su 03:30-21:00,Dunkin',Q847743
346839,dunkin_us,Dunkin',,Southington,CT,,US,+1 860-378-0527,https://locations.dunkindonuts.com/en/ct/southington/433-queen-st/346839,Mo-Fr 04:00-20:00; Sa-Su 05:00-20:00,Dunkin',Q847743
https://www.edwardjones.com/us-en/financial-advisor/tad-graham-handley,edwardjones,Tad Graham-Handley,,Southington,CT,,US,+1 860-276-0222,https://www.edwardjones.com/us-en/financial-advisor/tad-graham-handley,Mo-Th 08:00-17:00; Fr 08:00-16:00,Edward Jones,Q5343830
520491,eg_america_us,Cumberland Farms,,SOUTHINGTON,CT,,US,+1 860-276-1087,https://www.cumberlandfarms.com/find-us/generic-store-page/?id=004760,,Cumberland Farms,Q1143685
520252,eg_america_us,Cumberland Farms,,SOUTHINGTON,CT,,US,+1 860-276-8786,https://www.cumberlandfarms.com/find-us/generic-store-page/?id=004642,,Cumberland Farms,Q1143685
E14835,enterprise,Southington,,Southington,CT,,US,+1 860-793-1900,,,Enterprise Rent-A-Car,Q17085454
1162,european_wax_center_us,European Wax Center,,Southington,CT,,US,+1 860-414-3303,https://locations.waxcenter.com/ct/southington/southington-the-village-shops-1162.html,Mo-Fr 09:00-20:00; Sa 09:00-17:00; Su 09:00-16:00,European Wax Center,Q5413426
200316129,exxonmobil,SOUTHINGTON EXXON,,SOUTHINGTON,CT,,US,+1 860-628-5998,https://www.exxon.com/en/find-station/exxon-southington-ct-southingtonexxon-200316129,24/7,Exxon,Q109675651
86,firestone_auto_care,Firestone Complete Auto Care,,Southington,CT,,US,+1 860-863-0381,https://local.firestonecompleteautocare.com/connecticut/southington/288-queen-st/,,Firestone,Q420837
7651,gamestop_us,Southington Shopping Center,,SOUTHINGTON,CT,,US,+1 860-276-8512,https://www.gamestop.com/search/?store=7651,Mo-Th 12:00-19:00; Fr-Sa 11:00-21:00; Su 12:00-18:00,GameStop,Q202210
https://stores.gnc.com/#24058122,gnc,GNC Southington Plaza Shopping Center,,,CT,,US,+1 860-620-9454,https://stores.gnc.com/all-stores-connecticut/southington/750-queen-street,Mo-Sa 09:00-20:00; Su 11:00-18:00,GNC,Q4808595
203,golub_corporation_us,Price Chopper Southington,,Southington,CT,,US,+1 860-621-2128,https://www.pricechopper.com/stores/ct/southington/price-chopper-203.html,Mo-Su 06:00-23:00,Price Chopper,Q7242574
23deca87-458a-e111-8dde-005056934050,goodwill,Southington Goodwill Store and Donation Center,,Southington,CT,,US,+1 860-621-0775,https://www.goodwill.org/locator/location/?store=MjNkZWNhODctNDU4YS1lMTExLThkZGUtMDA1MDU2OTM0MDUw&lat=NDEuNjI1ODE=&lng=LTcyLjg3NTAy,,Goodwill,Q5583655
https://salons.greatclips.com/us/ct/southington/235-queen-st,greatclips,Great Clips,,Southington,CT,,US,+1 860-628-4000,https://salons.greatclips.com/us/ct/southington/235-queen-st,Mo-Fr 09:00-19:30; Sa 09:00-18:00; Su 10:00-17:00,Great Clips,Q5598967
4777,gulf_pr_us,WEST ST GULF,,Southington,CT,,US,+1 860-276-8844,https://www.gulfoil.com/west-st-gulf,,Gulf Oil,Q5617505
4881,gulf_pr_us,SOUTHINGTON GULF,,Southington,CT,,US,+1 860-736-0043,https://www.gulfoil.com/southington-gulf,,Gulf Oil,Q5617505
7640,h_r_block,H&R Block,,Southington,CT,,US,+1 860-620-5134,https://www.hrblock.com/local-tax-offices/connecticut/southington/768-queen-st/7640/,,H&R Block,Q5627799
ct_southington_breakfast-885-queen-st-3482,ihop,IHOP Breakfast Restaurants Near You at 885 Queen St,,Southington,CT,,US,+1 860-276-0487,https://restaurants.ihop.com/en-us/ct/southington/breakfast-885-queen-st-3482,,IHOP,Q1185675
https://office.jacksonhewitt.com/#27577171,jackson_hewitt,Jackson Hewitt,,Southington,CT,,US,+1 860-453-2036,https://office.jacksonhewitt.com/tax-preparation-services-locations/en/ct/southington/235-queen-street/52897,Mo-Sa 11:00-19:00; Su 12:00-16:00,Jackson Hewitt,Q6117132
2411,joann_us,JOANN Fabric and Crafts,,Southington,CT,,US,+1 860-621-6461,https://stores.joann.com/ct/southington/2411/,Mo-Sa 09:00-21:00; Su 10:00-18:00,JOANN,Q6203968
https://locations.kfc.com/#11250088,kfc,Chicken Nuggets Near Southington,,Southington,CT,,US,,https://locations.kfc.com/ct/southington/866-queen-street/chickennugget,Mo-Th 11:00-21:30; Fr-Sa 11:00-22:00; Su 11:00-21:30,KFC,Q524757
BDLCS,marriott,Courtyard Southington,,Southington,CT,,US,+1 860-620-1100,https://www.marriott.com/BDLCS,,Courtyard by Marriott,Q1053170
BDLST,marriott,Residence Inn Southington,,Southington,CT,,US,+1 860-621-4440,https://www.marriott.com/BDLST,,Residence Inn by Marriott,Q7315394
18719,mattress_firm_us,Mattress Firm Southington,,Southington,CT,,US,+1 860-628-2016,https://www.mattressfirm.com/en-us/stores/ct/southington/165013/,,Mattress Firm,Q6791878
https://locations.moes.com/#845,moes,Moe's Southwest Grill,,Southington,CT,,US,+1 860-276-9532,https://locations.moes.com/ct/southington/720-queen-street,Mo-Th 10:30-21:00; Fr-Sa 10:30-22:00; Su 10:30-20:00,Moe's Southwest Grill,Q6889938
71471147,moneygram,WAL-MART - #2897,,SOUTHINGTON,CT,,US,+1 860-621-9540,,Mo-Su 07:00-21:00,MoneyGram,Q1944412
https://locations.mtb.com/#11833368,mt_bank_us,M&T Bank,,,CT,,US,+1 860-284-4562,https://locations.mtb.com/ct/southington/bank-branches-and-atms-southington-ct-8331.html,,M&T Bank,Q3272257
https://locations.mtb.com/#55297093,mt_bank_us,M&T Bank,,,CT,,US,+1 860-620-1502,https://locations.mtb.com/ct/southington/bank-branches-and-atms-southington-ct-8330.html,Mo-Th 09:00-17:00; Fr 09:00-18:00; Sa 09:00-12:00,M&T Bank,Q3272257
https://locations.noodles.com/ct/southington/832-queen-st.html,noodles_and_company_us,Noodles & Company Southington,,Southington,CT,,US,+1 860-426-3500,https://locations.noodles.com/ct/southington/832-queen-st.html,Mo-Th 10:30-21:00; Fr-Sa 10:30-22:00; Su 10:30-21:00,Noodles and Company,Q7049673
https://locations.oreillyauto.com/ct/southington/check-engine-light-testing-5098.html,oreilly,Your Southington O'Reilly Auto Parts Store,,Southington,CT,,US,+1 860-378-8384,https://locations.oreillyauto.com/ct/southington/check-engine-light-testing-5098.html,Mo-Sa 07:30-21:00; Su 08:00-19:00,O'Reilly Auto Parts,Q7071951
https://locations.oreillyauto.com/ct/southington/wiper-installation-5098.html,oreilly,Your Southington O'Reilly Auto Parts Store,,Southington,CT,,US,+1 860-378-8384,https://locations.oreillyauto.com/ct/southington/wiper-installation-5098.html,Mo-Sa 07:30-21:00; Su 08:00-19:00,O'Reilly Auto Parts,Q7071951
https://locations.oreillyauto.com/ct/southington/battery-testing-5098.html,oreilly,Your Southington O'Reilly Auto Parts Store,,Southington,CT,,US,+1 860-378-8384,https://locations.oreillyauto.com/ct/southington/battery-testing-5098.html,Mo-Sa 07:30-21:00; Su 08:00-19:00,O'Reilly Auto Parts,Q7071951
https://locations.oreillyauto.com/ct/southington/autopartes-5098.html,oreilly,Tu tienda O'Reilly Auto Parts en Southington,,Southington,CT,,US,+1 860-378-8384,https://locations.oreillyauto.com/ct/southington/autopartes-5098.html,Mo-Sa 07:30-21:00; Su 08:00-19:00,O'Reilly Auto Parts,Q7071951
https://locations.outback.com/#15502394,outbacksteakhouse,Outback Steakhouse,,Southington,CT,,US,+1 860-276-9585,https://locations.outback.com/connecticut/southington/817-queen-street,Mo-Th 11:00-22:00; Fr-Sa 11:00-23:00; Su 11:00-21:00,Outback Steakhouse,Q1064893
https://stores.petco.com/#27960381,petco,Petco Southington,,Southington,CT,,US,+1 860-620-6667,https://stores.petco.com/ct/southington/pet-supplies-southington-ct-762.html,Mo-Sa 09:00-20:00; Su 10:00-19:00,Petco,Q7171798
ct_southington_600-executive-blvd,pizza_hut_us,600 Executive Blvd.,,Southington,CT,,US,,https://locations.pizzahut.com/ct/southington/600-executive-blvd,,Pizza Hut,Q191615
restaurant_86526,popeyes_us_fr,Popeyes,"1095 West Street Southington, Connecticut 06489 - USA",Southington,CT,,US,+1 860-863-5541,https://www.popeyes.com/store-locator/store/restaurant_86526,Mo-Su 10:30-22:00,Popeyes,Q1330910
ppg-paints-8266-21592,ppgpaints,PPG Paints 8266,,"Southington, ",CT,,US,+1 860-621-8661,https://www.ppgpaints.com/store-locator/us/connecticut/southington-paint-stores/ppg-paints-8266-21592,,PPG Paints,Q83891559
home-depot-6235-9675,ppgpaints,HOME DEPOT 6235,,"Southington, ",CT,,US,+1 860-276-6837,https://www.ppgpaints.com/store-locator/us/connecticut/southington-paint-stores/home-depot-6235-9675,,PPG Paints,Q83891559
home-depot-6208-9703,ppgpaints,HOME DEPOT 6208,,"Southington, ",CT,,US,+1 860-621-6770,https://www.ppgpaints.com/store-locator/us/connecticut/southington-paint-stores/home-depot-6208-9703,,PPG Paints,Q83891559
https://www.publicstorage.com/self-storage-ct-southington/1046.html,public_storage_us,Public Storage,,Southington,CT,,US,+1 860-384-6328,https://www.publicstorage.com/self-storage-ct-southington/1046.html,,Public Storage,Q1156045
81304,ritasitalianice,Rita’s of Southington CT,,Southington,CT,,US,+1 860-276-8829,https://www.ritasice.com/location/ritas-of-southington-ct/,,Rita's Italian Ice,Q7336456
42065,seven_eleven_ca_us,7-Eleven,,Southington,CT,,US,+1 475-434-1385,https://www.7-eleven.com/locations/ct/southington/500-queen-st-42065,,7-Eleven,Q259340
315,shoprite,ShopRite of Southington,,Southington,CT,,US,+1 860-736-0044,https://www.shoprite.com/sm/planning/rsid/315,Mo-Su 07:00-21:00,ShopRite,Q7501097
https://smashburger.com/locations/#64506700,smashburger,Smashburger,,Southington,CT,,US,+1 860-426-9100,https://smashburger.com/locations/us/ct/southington/842-queen-st,Mo-Th 10:30-21:30; Fr-Sa 10:30-22:00; Su 10:30-21:30,Smashburger,Q17061332
32483,smilebrands,Mondovi Dental Southington,31 Liberty St.,Southington,CT,,US,+1 860-628-0385,https://mondovidental.com/locations/connecticut-dental-centers/southington-ct/,,Smile Brands Inc.,Q108286823
672-queen-street,staples,"Staples Southington, CT",,Southington,CT,,US,,https://stores.staples.com/ct/southington/672-queen-street,Mo-Fr 08:00-21:00; Sa 09:00-21:00; Su 10:00-18:00,Staples,Q785943
0684,stop_and_shop,Super Stop & Shop,505 North Main Street,Southington,CT,,US,,,,Stop and Shop,Q3658429
https://restaurants.subway.com/#14900494,subway,Subway Plaza West,,Southington Hartford,CT,,US,+1 860-329-0357,https://restaurants.subway.com/united-states/ct/southington/738-west-street,Mo-Fr 08:00-21:30; Sa 08:30-20:00; Su 08:00-19:00,Subway,Q244457
https://restaurants.subway.com/#14902502,subway,Subway,,Southington Hartford,CT,,US,+1 860-621-3305,https://restaurants.subway.com/united-states/ct/southington/244-queen-st,Mo-Su 08:30-21:30,Subway,Q244457
https://restaurants.subway.com/#14907299,subway,Subway Southington Sq Shopping Ctr,,Southington Hartford,CT,,US,+1 860-620-1199,https://restaurants.subway.com/united-states/ct/southington/685-queen-st,Mo-Su 08:30-21:30,Subway,Q244457
0901524900,sunoco_us,Sunoco,,SOUTHINGTON,CT,,US,+1 860-628-0291,,24/7,Sunoco,Q1423218
0794313700,sunoco_us,Sunoco,,SOUTHINGTON,CT,,US,,,,Sunoco,Q1423218
0245759600,sunoco_us,Sunoco,,SOUTHINGTON,CT,,US,,,,Sunoco,Q1423218
0005671313,sunoco_us,Sunoco,,SOUTHINGTON,CT,,US,+1 860-621-1378,,Mo-Su 05:00-00:00,Sunoco,Q1423218
82623,supercuts,Queen Plaza,857 Queen St,Southington,CT,,US,+1 860-276-0892,https://www.supercuts.com/checkin/82623,Mo-Fr 09:00-19:00; Sa 08:00-17:00; Su 10:00-16:00,Supercuts,Q7643239
https://locations.tacobell.com/#6142406,taco_bell,Taco Bell,,Southington,CT,,US,+1 860-628-4794,https://locations.tacobell.com/ct/southington/709-queen-st.html,Mo-Th 07:00-01:00; Fr-Sa 07:00-02:00; Su 07:00-01:00,Taco Bell,Q752941
28799,tjx,Southington,99 Executive Boulevard,Southington,CT,,US,+1 860-276-2031,,Mo-Sa 09:30-21:30; Su 10:00-20:00,HomeGoods,Q5887941
08768,tjx,Southington,875 Queen Street,Southington,CT,,US,+1 860-621-7424,,Mo-Sa 09:30-21:30; Su 10:00-20:00,TJ Maxx,Q10860683
4942,upsstore,Southington,360-B Queen St,Southington,CT,,US,+1 860-426-8449,https://locations.theupsstore.com/ct/southington/360-b-queen-st,,UPS Store,Q7771029
1382367,usps,SOUTHINGTON,,SOUTHINGTON,CT,,US,+1 860-628-4766,,Mo-Fr 08:00-17:00; Sa 09:00-12:00,United States Postal Service,Q668687
0648900036,usps_collection_boxes,USPS COLLECTION BOX - BLUE BOX,264 MERIDEN WATERBURY TPKE,SOUTHINGTON,CT,,US,,,,United States Postal Service,Q668687
0648900019,usps_collection_boxes,USPS COLLECTION BOX - BLUE BOX,81 MERIDEN AVE,SOUTHINGTON,CT,,US,,,,United States Postal Service,Q668687
0648900025,usps_collection_boxes,USPS COLLECTION BOX - BLUE BOX,9 SPRING LAKE RD,SOUTHINGTON,CT,,US,,,,United States Postal Service,Q668687
0648900039,usps_collection_boxes,USPS COLLECTION BOX - BLUE BOX,255 MAIN ST,SOUTHINGTON,CT,,US,,,,United States Postal Service,Q668687
0648900018,usps_collection_boxes,USPS COLLECTION BOX - BLUE BOX,190 MAIN ST,SOUTHINGTON,CT,,US,,,,United States Postal Service,Q668687
0648900033,usps_collection_boxes,USPS COLLECTION BOX - BLUE BOX,125 MAIN ST,SOUTHINGTON,CT,,US,,,,United States Postal Service,Q668687
0648900002,usps_collection_boxes,USPS COLLECTION BOX - BLUE BOX,125 MAIN ST,SOUTHINGTON,CT,,US,,,,United States Postal Service,Q668687
0648900046,usps_collection_boxes,USPS COLLECTION BOX - PO LOBBY,125 MAIN ST,SOUTHINGTON,CT,,US,,,,United States Postal Service,Q668687
0648900014,usps_collection_boxes,USPS COLLECTION BOX - BLUE BOX,43 ACADEMY ST,SOUTHINGTON,CT,,US,,,,United States Postal Service,Q668687
0648900029,usps_collection_boxes,USPS COLLECTION BOX - BLUE BOX,76 MAIN ST,SOUTHINGTON,CT,,US,,,,United States Postal Service,Q668687
0648900016,usps_collection_boxes,USPS COLLECTION BOX - BLUE BOX,50 CENTER ST,SOUTHINGTON,CT,,US,,,,United States Postal Service,Q668687
0648900012,usps_collection_boxes,USPS COLLECTION BOX - BLUE BOX,360 N MAIN ST,SOUTHINGTON,CT,,US,,,,United States Postal Service,Q668687
0648900035,usps_collection_boxes,USPS COLLECTION BOX - BLUE BOX,505 N MAIN ST,SOUTHINGTON,CT,,US,,,,United States Postal Service,Q668687
0648900026,usps_collection_boxes,USPS COLLECTION BOX - BLUE BOX,720 PLEASANT ST,SOUTHINGTON,CT,,US,,,,United States Postal Service,Q668687
0648900015,usps_collection_boxes,USPS COLLECTION BOX - BLUE BOX,410 QUEEN ST,SOUTHINGTON,CT,,US,,,,United States Postal Service,Q668687
0648900009,usps_collection_boxes,USPS COLLECTION BOX - BLUE BOX,756 QUEEN ST,SOUTHINGTON,CT,,US,,,,United States Postal Service,Q668687
0648900008,usps_collection_boxes,USPS COLLECTION BOX - BLUE BOX,30 RIVER ST,SOUTHINGTON,CT,,US,,,,United States Postal Service,Q668687
0648900042,usps_collection_boxes,USPS COLLECTION BOX - BLUE BOX,200 EXECUTIVE BLVD,SOUTHINGTON,CT,,US,,,,United States Postal Service,Q668687
0648900034,usps_collection_boxes,USPS COLLECTION BOX - BLUE BOX,732 WEST ST,SOUTHINGTON,CT,,US,,,,United States Postal Service,Q668687
0648900043,usps_collection_boxes,USPS COLLECTION BOX - BLUE BOX,400 EXECUTIVE BLVD,SOUTHINGTON,CT,,US,,,,United States Postal Service,Q668687
southington_oil-change-ae1425,valvoline_instant_oil_change,Valvoline,86 Queen Street ,Southington,CT,,US,+1 860-426-0930,https://store.vioc.com/ct/southington/oil-change-ae1425.html,,Valvoline Instant Oil Change,Q7912852
A00000040225,verizon_us,Wireless Zone Southington,,Southington,CT,,US,+1 860-276-1044,https://www.verizon.com/stores/details/connecticut/southington/wireless-zone-southington-1799722/,Mo-Sa 10:00-19:00; Su 11:00-17:00,Verizon,Q919641
,visa,,,SOUTHINGTON,CT,,US,,,,,
,visa,,,SOUTHINGTON,CT,,US,,,,,
,visa,,,SOUTHINGTON,CT,,US,,,,,
,visa,,,SOUTHINGTON,CT,,US,,,,,
,visa,,,SOUTHINGTON,CT,,US,,,,,
,visa,,,SOUTHINGTON,CT,,US,,,,,
,visa,,,SOUTHINGTON,CT,,US,,,,,
,visa,,,SOUTHINGTON,CT,,US,,,,,
,visa,,,SOUTHINGTON,CT,,US,,,,,
,visa,,,SOUTHINGTON,CT,,US,,,,,
,visa,,,SOUTHINGTON,CT,,US,,,,,
,visa,,,SOUTHINGTON,CT,,US,,,,,
,visa,,,SOUTHINGTON,CT,,US,,,,,
,visa,,,SOUTHINGTON,CT,,US,,,,,
,visa,,,SOUTHINGTON,CT,,US,,,,,
,visa,,,SOUTHINGTON,CT,,US,,,,,
,visa,,,SOUTHINGTON,CT,,US,,,,,
,visa,,,SOUTHINGTON,CT,,US,,,,,
,visa,,,SOUTHINGTON,CT,,US,,,,,
https://www.walgreens.com/locator/walgreens-359+main+st-southington-ct-06489/id=7641,walgreens,Walgreens,,Southington,CT,,US,+1 860-621-3729,https://www.walgreens.com/locator/walgreens-359+main+st-southington-ct-06489/id=7641,Mo-Su 07:00-24:00,Walgreens,Q1591889
https://locations.wendys.com/#9255713,wendys,"Wendy's Southington in Southington, CT",,Southington,CT,,US,+1 860-736-1162,https://locations.wendys.com/united-states/ct/southington/328-queen-street,"Mo-Su 06:30-10:30,06:30-22:00",Wendy's,Q550258
https://locations.wendys.com/#15089436,wendys,"Wendy's Amc in Southington, CT",,Southington,CT,,US,+1 860-736-3662,https://locations.wendys.com/united-states/ct/southington/1799-meriden-waterbury-turnpike,Mo-Su 09:00-22:00,Wendy's,Q550258
8218910ef9d2bb4f41475d5f6dba075e,western_union,7-ELEVEN #42065,,Southington,CT,,US,+1 475-434-1385,https://location.westernunion.com/us/ct/southington/8218910ef9d2bb4f41475d5f6dba075e,,Western Union,Q861042
98d067ad279c164563f834e40154b81f,western_union,WALMART #002897,,Southington,CT,,US,+1 860-621-9540,https://location.westernunion.com/us/ct/southington/98d067ad279c164563f834e40154b81f,Mo-Su 07:00-21:00,Western Union,Q861042
49b01ab30275203686f60dc866a37b96,western_union,TA #154 MILLDALE,,Southington,CT,,US,+1 860-621-0106,https://location.westernunion.com/us/ct/southington/49b01ab30275203686f60dc866a37b96,Mo-Su 07:00-23:00,Western Union,Q861042
