Ref,Spider,Name,Address,City,State,Zipcode,Country,Phone,Website,Hours,Brand,WikiData
US287442,adidas,"adidas Outlet Store, Petaluma, Petaluma Premium",,Petaluma,CA,,US,+1 707-778-8561,https://www.adidas.co.uk/storefront/US287442-petaluma-2200-petaluma-boulevard-north-adidas-outlet-store-petaluma-petaluma-premium,,Adidas,Q3895
https://storelocations.ae.com/#1727580,american_eagle_outfitters,American Eagle Outlet Petaluma Village Premium Outlets,,Petaluma,CA,,US,+1 707-775-2491,https://storelocations.ae.com/us/ca/petaluma/2200-petaluma-blvd-north.html,Mo-Su 11:00-19:00,American Eagle Outlet,Q2842931
9520ae73-e11d-e611-80c5-005056aa8521,amf_bowling,AMF Boulevard Lanes,,Petaluma,CA,,US,+1 707-762-4581,https://www.amf.com/location/amf-boulevard-lanes-ca,,AMF Bowling Center,Q4652616
11773,asics_us,DICK's Sporting Goods - Petaluma ,401 Kenilworth Dr Ste 1030,Petaluma,CA,,US,+1 707-763-3750,,Mo-Sa 09:00-21:00; Su 10:00-19:00,asics,Q327247
14025,asics_us,Athletic Soles,49 Petaluma Blvd N,Petaluma,CA,,US,+1 707-763-0700,,,asics,Q327247
4013,autozone_us,AutoZone Auto Parts Petaluma,,Petaluma,CA,,US,+1 707-773-1103,https://www.autozone.com/locations/ca/petaluma/101-e-washington-st.html,Mo-Sa 07:30-21:00; Su 08:00-20:00,AutoZone,Q4826087
https://awrestaurants.com/locations/california/petaluma/701-east-washington-street/,awrestaurants,A&W Restaurant,,Petaluma,CA,,US,+1 707-763-6834,https://awrestaurants.com/locations/california/petaluma/701-east-washington-street/,Mo-Su 10:30-21:00,A&W Restaurants,Q277641
https://bananarepublic.gap.com/stores/ca/petaluma/banana-republic-1046.html,bananarepublic,Banana Republic,,Petaluma,CA,,US,+1 707-782-0191,https://bananarepublic.gap.com/stores/ca/petaluma/banana-republic-1046.html,Mo-Su 11:00-19:00,Banana Republic,Q806085
https://locators.bankofamerica.com/ca/petaluma/financial-centers-petaluma-11087.html,bankofamerica,Bank of America Financial Center & Walk-Up ATM | Petaluma,,Petaluma,CA,,US,+1 707-769-2850,https://locators.bankofamerica.com/ca/petaluma/financial-centers-petaluma-11087.html,Mo-Fr 10:00-16:00,Bank of America,Q487907
https://locators.bankofamerica.com/ca/petaluma/atm-petaluma-100281.html,bankofamerica,Bank of America Walk-Up ATM | Savemart 741 Petaluma,,Petaluma,CA,,US,+1 844-401-8500,https://locators.bankofamerica.com/ca/petaluma/atm-petaluma-100281.html,,Bank of America,Q487907
https://locations.baskinrobbins.com/ca/petaluma/60-e-washington-st-361042-br,baskin_robbins_us,Baskin-Robbins™,,Petaluma,CA,,US,+1 707-763-3131,https://locations.baskinrobbins.com/ca/petaluma/60-e-washington-st-361042-br,Mo-Su 11:00-22:00,Baskin-Robbins,Q584601
160,bevmo_us,Petaluma,,Petaluma,CA,,US,+1 707-241-9705,https://www.bevmo.com/stores/petaluma,Mo-Th 09:00-21:00; Fr-Sa 09:00-22:00; Su 09:00-20:00,BevMo!,Q4899308
111704,bluerhino,US Coast Guard Exchange #651,,Petaluma,CA,,US,+1 707-765-7256,,,Blue Rhino,Q65681213
123623,bluerhino,Agius Grocery,,Petaluma,CA,,US,+1 707-765-3970,,,Blue Rhino,Q65681213
97527,bluerhino,North Petaluma Gas Outlet,,Petaluma,CA,,US,+1 707-778-1271,,,Blue Rhino,Q65681213
178908,bluerhino,Rex Hardware Co. #0918,,Petaluma,CA,,US,+1 707-762-7355,,,Blue Rhino,Q65681213
3698,buffalo_wild_wings_us,"Petaluma, CA",,Petaluma,CA,,US,+1 707-765-9464,"https://www.buffalowildwings.com/locations/us/ca/petaluma/401-kenilworth-drive,-suite-810/sports-bar-1043",Mo-We 11:00-23:00; Th-Sa 11:00-24:00; Su 11:00-23:00,Buffalo Wild Wings,Q509255
38171,cadillac,VICTORY CADILLAC,,Petaluma,CA,,US,+1 707-762-2300,https://www.victorychevy.com,Mo-Sa 09:00-19:00; Su 10:00-18:00,Cadillac,Q27436
//locations.carters.com/ca/petaluma/carters-petaluma-ca,carters_us,Carter's Petaluma Carters,,Petaluma,CA,,US,+1 707-775-4064,https://locations.carters.com/ca/petaluma/carters-petaluma-ca,Mo-Su 11:00-19:00,Carter's,Q5047083
2041437,chase_us,Kenilworth and East Washington - New branch,,Petaluma,CA,,US,+1 707-769-7525,https://locator.chase.com/ca/petaluma/401-kenilworth-dr,Mo-Fr 09:00-17:00,Chase,Q524629
2041436,chase_us,Petaluma - New branch,,Petaluma,CA,,US,+1 707-763-4148,https://locator.chase.com/ca/petaluma/101-western-ave,Mo-Fr 09:00-17:00; Sa 09:00-14:00,Chase,Q524629
06646,chevrolet,VICTORY CHEVROLET,,Petaluma,CA,,US,+1 707-762-2300,https://www.victorychevy.com,Mo-Sa 09:00-19:00; Su 10:00-18:00,Chevrolet,Q29570
370425,chevron,Texaco Station #370425,421 PETALUMA BLVD,PETALUMA,CA,,US,+1 707-762-0947,,,Chevron,Q319642
307718,chevron,Chevron Station #307718,483 E. WASHINGTON STREET,PETALUMA,CA,,US,+1 707-766-0206,,,Chevron,Q319642
307243,chevron,Chevron Station #307243,1002 LAKEVILLE STREET,PETALUMA,CA,,US,+1 707-778-0404,,,Chevron,Q319642
ca_petaluma_401-kenilworth-dr,chipotle, ,,Petaluma,CA,,US,+1 707-772-5225,https://locations.chipotle.com/ca/petaluma/401-kenilworth-dr,,Chipotle,Q465751
30190,citi,ATM 7ELEVEN-FCTI,,Petaluma,CA,,US,,,,Citibank,Q857063
39782,citi,ATM Chevron,,Petaluma,CA,,US,,,,Citibank,Q857063
71215,citi,ATM POPPY BANK,,Petaluma,CA,,US,,,,Citibank,Q857063
25260,citi,ATM 7ELEVEN-FCTI,,Petaluma,CA,,US,,,,Citibank,Q857063
50586,citi,ATM CVS,,Petaluma,CA,,US,,,,Citibank,Q857063
82516,citi,ATM Target,,Petaluma,CA,,US,,,,Citibank,Q857063
39543,citi,ATM Chevron,,Petaluma,CA,,US,,,,Citibank,Q857063
petaluma/6613,claires,Shop Ear Piercings & Jewelry at Petaluma Village P. O.,,PETALUMA,CA,,US,+1 707-778-7355,https://stores.claires.com/us/ca/petaluma/6613.html,Mo-Su 11:00-19:00,Claire's,Q2974996
https://www.coach.com/stores/#17277498,coach_us,COACH Outlet,,Petaluma,CA,,US,+1 415-237-9468,https://www.coach.com/stores/outlets/ca/petaluma/2200-petaluma-blvd-north,Mo 09:30-19:00; Tu 11:00-20:00; We 08:00-19:00; Th-Su 11:00-19:00,Coach,Q727697
80221346,cricket_wireless,Cricket Wireless Authorized Retailer,,Petaluma,CA,,US,+1 707-758-1157,https://www.cricketwireless.com/stores/ll/US/CA/Petaluma/12-E-Washington-St,Mo-Sa 10:00-19:00; Su 11:00-18:00,Cricket Wireless,Q5184987
17586,cvs_us,CVS Pharmacy,,Petaluma,CA,,US,+1 707-775-6323,https://www.cvs.com/store-locator/petaluma-ca-pharmacies/401-kenilworth-drive-petaluma-ca-94952/storeid=17586,"Mo-Fr 10:00-13:30,14:00-19:00; Sa 12:00-17:00",CVS Pharmacy,Q2078880
9480,cvs_us,CVS Pharmacy,,Petaluma,CA,,US,+1 707-778-6722,https://www.cvs.com/store-locator/petaluma-ca-pharmacies/365-e-washington-st-petaluma-ca-94952/storeid=9480,24/7,CVS Pharmacy,Q2078880
249643,dennys,Denny's,,Petaluma,CA,,US,+1 707-559-5264,https://locations.dennys.com/CA/PETALUMA/249643,24/7,Denny's,Q1189695
1048,dickssportinggoods,"DICK'S Sporting Goods Store in Petaluma, CA | 1048",,Petaluma,CA,,US,+1 707-763-3750,https://stores.dickssportinggoods.com/ca/petaluma/1048/,Mo-Sa 09:00-21:00; Su 10:00-19:00,Dick's Sporting Goods,Q5272601
8576,dominos_pizza_us,Domino's Pizza,,Petaluma,CA,,US,+1 707-762-1000,https://pizza.dominos.com/california/petaluma/10-east-washington-street,Mo-Th 10:30-24:00; Fr-Sa 10:30-01:00; Su 10:30-24:00,Domino's,Q839466
https://www.edwardjones.com/us-en/financial-advisor/nicole-wade,edwardjones,Nicole E Wade,,Petaluma,CA,,US,+1 707-762-0611,https://www.edwardjones.com/us-en/financial-advisor/nicole-wade,Mo-Tu 08:30-16:00; We 08:30-15:30; Th 08:30-16:00; Fr 08:30-15:30,Edward Jones,Q5343830
210066,electrify_america,Simon Petaluma Village Premium Outlets,,Petaluma,CA,,US,,,,Electrify America,Q59773555
E12351,enterprise,Petaluma,,Petaluma,CA,,US,+1 707-778-7100,,,Enterprise Rent-A-Car,Q17085454
2200-petaluma-blvd,express,Petaluma Village Premium,,Petaluma,CA,,US,+1 707-787-5319,https://stores.expressfactoryoutlet.com/us/ca/petaluma/2200-petaluma-blvd,Mo-Su 10:00-19:00,Express Factory Outlet,Q1384784
https://restaurants.fiveguys.com/#15553572,five_guys_us,Five Guys East Washington Plaza,,Petaluma,CA,,US,+1 707-765-2255,https://restaurants.fiveguys.com/401-kenilworth-drive,"Mo-Su 11:00-21:30,11:00-22:00",Five Guys,Q1131810
Motorcraft2475USAEnglish,ford,Henry Curtis Ford,,California,CA,,US,+1 707-769-2300,,,Ford,Q44294
https://www.ford.com/dealerships/dealer-details/ca/petaluma/hansel-ford-of-petaluma/,ford_dealers_us,Hansel Ford of Petaluma,,Petaluma,CA,,US,+1 707-658-7541,https://www.ford.com/dealerships/dealer-details/ca/petaluma/hansel-ford-of-petaluma/,Mo-Sa 09:00-19:00; Su 10:00-18:00,Ford Motor Company,Q44294
0f6da5b9-10f2-e311-afbc-0050568924e6,goodwill,Windsor Store & Retail Training Center,,Windsor,CA,,US,+1 707-836-1583,https://www.goodwill.org/locator/location/?store=MGY2ZGE1YjktMTBmMi1lMzExLWFmYmMtMDA1MDU2ODkyNGU2&lat=MzguNTI3NDQ=&lng=LTEyMi43ODgwOA==,,Goodwill,Q5583655
6930a6d0-10bb-ea11-80e8-00505689ac90,goodwill,Petaluma (McDowell) Store & Retail Training Center,,Petaluma,CA,,US,+1 707-347-5155,https://www.goodwill.org/locator/location/?store=NjkzMGE2ZDAtMTBiYi1lYTExLTgwZTgtMDA1MDU2ODlhYzkw&lat=MzguMjU3NDI=&lng=LTEyMi42NDA0MQ==,,Goodwill,Q5583655
130c0740-458a-e111-8dde-005056934050,goodwill,Petaluma (Lakeville) Store & Retail Training Center,,Petaluma,CA,,US,+1 707-778-7485,https://www.goodwill.org/locator/location/?store=MTMwYzA3NDAtNDU4YS1lMTExLThkZGUtMDA1MDU2OTM0MDUw&lat=MzguMjM1MzQ=&lng=LTEyMi42MjI0Nw==,,Goodwill,Q5583655
https://salons.greatclips.com/us/ca/petaluma/929-lakeville-st,greatclips,Great Clips,,Petaluma,CA,,US,+1 707-774-6000,https://salons.greatclips.com/us/ca/petaluma/929-lakeville-st,Mo-Fr 10:00-19:00; Sa 09:00-18:00; Su 09:00-17:00,Great Clips,Q5598967
oakpchx-hampton-petaluma,hilton,Hampton Inn Petaluma,,,CA,,US,+1 707-397-0000,https://www.hilton.com/ar/hotels/oakpchx-hampton-petaluma/,,Hampton by Hilton,Q5646230
3483,h_r_block,H&R Block,,Petaluma,CA,,US,+1 707-762-8992,https://www.hrblock.com/local-tax-offices/california/petaluma/east-washington-place/3483/,,H&R Block,Q5627799
202,innout,Petaluma,,Petaluma,CA,,US,,http://locations.in-n-out.com/202,,In-N-Out Burger,Q1205312
https://locations.jackinthebox.com/us/ca/petaluma/837-e-washington-st,jackinthebox,Jack in the Box,,Petaluma,CA,,US,+1 707-763-3612,https://locations.jackinthebox.com/us/ca/petaluma/837-e-washington-st,Mo-Su 06:00-00:00,Jack in the Box,Q1538507
https://healthy.kaiserpermanente.org/northern-california/facilities/seneca-compass-petaluma-133297,kaiser_permanente_us,Seneca Compass - Petaluma,,Petaluma,CA,,US,+1 510-317-1444,https://healthy.kaiserpermanente.org/northern-california/facilities/seneca-compass-petaluma-133297,,Kaiser Permanente,Q1721601
https://healthy.kaiserpermanente.org/northern-california/facilities/petaluma-post-acute-rehab-133457,kaiser_permanente_us,Petaluma Post-Acute Rehab,,Petaluma,CA,,US,+1 707-765-3030,https://healthy.kaiserpermanente.org/northern-california/facilities/petaluma-post-acute-rehab-133457,,Kaiser Permanente,Q1721601
https://healthy.kaiserpermanente.org/northern-california/facilities/olympia-house-134813,kaiser_permanente_us,Olympia House,,Petaluma,CA,,US,+1 707-795-7609,https://healthy.kaiserpermanente.org/northern-california/facilities/olympia-house-134813,,Kaiser Permanente,Q1721601
https://healthy.kaiserpermanente.org/northern-california/facilities/muir-wood-adolescent-family-services-339597,kaiser_permanente_us,Muir Wood Adolescent & Family Services,,Petaluma,CA,,US,+1 866-478-0721,https://healthy.kaiserpermanente.org/northern-california/facilities/muir-wood-adolescent-family-services-339597,,Kaiser Permanente,Q1721601
https://healthy.kaiserpermanente.org/northern-california/facilities/muir-wood-adolescent-family-services-339595,kaiser_permanente_us,Muir Wood Adolescent & Family Services,,Petaluma,CA,,US,+1 855-684-7966,https://healthy.kaiserpermanente.org/northern-california/facilities/muir-wood-adolescent-family-services-339595,,Kaiser Permanente,Q1721601
https://healthy.kaiserpermanente.org/northern-california/facilities/muir-wood-adolescent-family-services-136821,kaiser_permanente_us,Muir Wood Adolescent & Family Services,,Petaluma,CA,,US,+1 310-903-1155,https://healthy.kaiserpermanente.org/northern-california/facilities/muir-wood-adolescent-family-services-136821,,Kaiser Permanente,Q1721601
https://healthy.kaiserpermanente.org/northern-california/facilities/muir-wood-adolescent-family-services-136805,kaiser_permanente_us,Muir Wood Adolescent & Family Services,,Petaluma,CA,,US,+1 310-903-1155,https://healthy.kaiserpermanente.org/northern-california/facilities/muir-wood-adolescent-family-services-136805,,Kaiser Permanente,Q1721601
https://healthy.kaiserpermanente.org/northern-california/facilities/muir-wood-adolescent-family-services-136773,kaiser_permanente_us,Muir Wood Adolescent & Family Services,,Petaluma,CA,,US,+1 310-903-1155,https://healthy.kaiserpermanente.org/northern-california/facilities/muir-wood-adolescent-family-services-136773,,Kaiser Permanente,Q1721601
https://healthy.kaiserpermanente.org/northern-california/facilities/muir-wood-adolescent-family-services-136765,kaiser_permanente_us,Muir Wood Adolescent & Family Services,,Petaluma,CA,,US,+1 310-903-1155,https://healthy.kaiserpermanente.org/northern-california/facilities/muir-wood-adolescent-family-services-136765,,Kaiser Permanente,Q1721601
https://healthy.kaiserpermanente.org/northern-california/facilities/muir-wood-adolescent-family-services-136757,kaiser_permanente_us,Muir Wood Adolescent & Family Services,,Petaluma,CA,,US,+1 310-903-1155,https://healthy.kaiserpermanente.org/northern-california/facilities/muir-wood-adolescent-family-services-136757,,Kaiser Permanente,Q1721601
https://healthy.kaiserpermanente.org/northern-california/facilities/muir-wood-adolescent-family-services-136749,kaiser_permanente_us,Muir Wood Adolescent & Family Services,,Petaluma,CA,,US,+1 310-903-1155,https://healthy.kaiserpermanente.org/northern-california/facilities/muir-wood-adolescent-family-services-136749,,Kaiser Permanente,Q1721601
https://healthy.kaiserpermanente.org/northern-california/facilities/muir-wood-adolescent-family-services-136741,kaiser_permanente_us,Muir Wood Adolescent & Family Services,,Petaluma,CA,,US,+1 310-903-1155,https://healthy.kaiserpermanente.org/northern-california/facilities/muir-wood-adolescent-family-services-136741,,Kaiser Permanente,Q1721601
https://www.katespade.com/stores/#18467862,kate_spade_ca_us,Kate Spade Outlet Petaluma Vlg Prem Outlets,,Petaluma,CA,,US,+1 707-309-6997,https://www.katespade.com/stores/us/ca/petaluma/2200-petaluma-blvd-n,Mo-We 11:00-19:00; Th 10:00-19:00; Fr-Su 11:00-19:00,Kate Spade New York,Q6375797
https://locations.kfc.com/#11246865,kfc,Chicken Nuggets Near Petaluma,,Petaluma,CA,,US,,https://locations.kfc.com/ca/petaluma/701-east-washington-street/chickennugget,Mo-Su 10:00-23:00,KFC,Q524757
159091,little_free_library,Le Disko Library #159091 Petaluma CA,,Petaluma,CA,,US,,,,Little Free Library,Q6650101
42272,little_free_library,Riley Gang #42272 Petaluma CA,,Petaluma,CA,,US,,,,Little Free Library,Q6650101
108305,little_free_library,Hill Boulevard’s Public Library #108305 Petaluma CA,,Petaluma,CA,,US,,,,Little Free Library,Q6650101
109761,little_free_library,Amber Way Neighborhood Library #109761 Petaluma CA,,Petaluma,CA,,US,,,,Little Free Library,Q6650101
87677,little_free_library,Buggy & Birdie's Little Free Library #87677 Petaluma CA,,Petaluma,CA,,US,,,,Little Free Library,Q6650101
158001,little_free_library,Little Free Library #158001 Petaluma CA,,Petaluma,CA,,US,,,,Little Free Library,Q6650101
88250,little_free_library,Books to Share #88250 Petaluma CA,,Petaluma,CA,,US,,,,Little Free Library,Q6650101
11373,little_free_library,edie chaska #11373 petaluma CA,,petaluma,CA,,US,,,,Little Free Library,Q6650101
141455,little_free_library,Jules Pelican #141455 Petaluma CA,,Petaluma,CA,,US,,,,Little Free Library,Q6650101
41260,little_free_library,Fiona Hamilton #41260 PETALUMA CA,,PETALUMA,CA,,US,,,,Little Free Library,Q6650101
173925,little_free_library,Ms. Shantina's Little Free Library #173925 Petaluma CA,,Petaluma,CA,,US,,,,Little Free Library,Q6650101
109535,little_free_library,Laura Holmes #109535 Petaluma CA,,Petaluma,CA,,US,,,,Little Free Library,Q6650101
155236,little_free_library,The 4th & G Library #155236 Petaluma CA,,Petaluma,CA,,US,,,,Little Free Library,Q6650101
71314,little_free_library,Rebecca Hachmyer #71314 Petaluma CA,,Petaluma,CA,,US,,,,Little Free Library,Q6650101
63307,little_free_library,McKinley Elementary School #63307 Petaluma CA,,Petaluma,CA,,US,,,,Little Free Library,Q6650101
155407,little_free_library,TRACEN Petaluma Little Library #155407 #155407 Petaluma CA,,Petaluma,CA,,US,,,,Little Free Library,Q6650101
SFOCP,marriott,Courtyard Petaluma Sonoma County,,Petaluma,CA,,US,+1 707-347-5400,https://www.marriott.com/SFOCP,,Courtyard by Marriott,Q1053170
16835,mattress_firm_us,Mattress Firm Petaluma,,Petaluma,CA,,US,+1 707-763-3256,https://www.mattressfirm.com/en-us/stores/ca/petaluma/502082/,,Mattress Firm,Q6791878
https://locations.michaelkors.com/us/ca/petaluma/2200-petaluma-blvd-north.html,michaelkors,Michael Kors Outlet PETALUMA VILLAGE,,Petaluma,CA,,US,+1 707-765-1382,https://locations.michaelkors.com/us/ca/petaluma/2200-petaluma-blvd-north.html,Mo-Su 11:00-19:00,Michael Kors,Q19572998
https://locations.michaelkors.com/fr/us/ca/petaluma/2200-petaluma-blvd-north.html,michaelkors,Michael Kors Outlet PETALUMA VILLAGE,,Petaluma,CA,,US,+1 707-765-1382,https://locations.michaelkors.com/fr/us/ca/petaluma/2200-petaluma-blvd-north.html,Mo-Su 11:00-19:00,Michael Kors,Q19572998
NNA5796,nissan_europe,NORTH BAY NISSAN,,PETALUMA,CA,,US,+1 707-769-7700,https://www.northbaynissan.com,Mo-Su 09:00-20:00,Nissan,Q20165
1322,orangetheory_fitness,"Petaluma, CA",,PETALUMA,CA,,US,+1 707-345-1160,,,Orangetheory Fitness,Q25005163
https://locations.oreillyauto.com/ca/petaluma/check-engine-light-testing-3508.html,oreilly,Your Petaluma O'Reilly Auto Parts Store,,Petaluma,CA,,US,+1 707-763-7204,https://locations.oreillyauto.com/ca/petaluma/check-engine-light-testing-3508.html,Mo-Sa 07:30-21:00; Su 08:00-20:00,O'Reilly Auto Parts,Q7071951
https://locations.oreillyauto.com/ca/petaluma/wiper-installation-3508.html,oreilly,Your Petaluma O'Reilly Auto Parts Store,,Petaluma,CA,,US,+1 707-763-7204,https://locations.oreillyauto.com/ca/petaluma/wiper-installation-3508.html,Mo-Sa 07:30-21:00; Su 08:00-20:00,O'Reilly Auto Parts,Q7071951
https://locations.oreillyauto.com/ca/petaluma/battery-testing-3508.html,oreilly,Your Petaluma O'Reilly Auto Parts Store,,Petaluma,CA,,US,+1 707-763-7204,https://locations.oreillyauto.com/ca/petaluma/battery-testing-3508.html,Mo-Sa 07:30-21:00; Su 08:00-20:00,O'Reilly Auto Parts,Q7071951
https://locations.oreillyauto.com/ca/petaluma/autopartes-3508.html,oreilly,Tu tienda O'Reilly Auto Parts en Petaluma,,Petaluma,CA,,US,+1 707-763-7204,https://locations.oreillyauto.com/ca/petaluma/autopartes-3508.html,Mo-Sa 07:30-21:00; Su 08:00-20:00,O'Reilly Auto Parts,Q7071951
111418,pandaexpress,Washington & McDowell,,Petaluma,CA,,US,+1 707-766-6330,https://www.pandaexpress.com/locations/ca/petaluma/301-s-mcdowell-blvd-space-#a,Mo-Th 09:30-22:00; Fr-Sa 10:00-22:00; Su 10:00-21:30,Panda Express,Q1358690
https://locations.papamurphys.com/#15430921,papamurphys,Pizza Takeout & Delivery,,Petaluma,CA,,US,+1 707-765-1011,https://locations.papamurphys.com/ca/petaluma/965-lakeville-street,Mo 11:00-19:00; Tu-Th 11:00-20:00; Fr-Sa 11:00-21:00; Su 11:00-19:00,Papa Murphy's,Q7132349
16525938,peets_coffee_us,Petaluma,,Petaluma,CA,,US,+1 707-782-0401,https://peets.app.link?&$fallback_url=https%3A%2F%2Forder.peets.com%2Flocation%2Fpetaluma%2Fmenu&$type=order&~campaign=orderaheadonline&~channel=web&~feature=menu&~tags=petaluma,Mo-Su 06:00-18:00,Peet's Coffee,Q1094101
0000832210,phillips_66_conoco_76,PETALUMA 88 INC,,PETALUMA,CA,,US,+1 707-774-6171,,,U76,Q1658320
ca_petaluma_401-kenilworth-drive,pizza_hut_us,401 Kenilworth Drive,,Petaluma,CA,,US,,https://locations.pizzahut.com/ca/petaluma/401-kenilworth-drive,,Pizza Hut,Q191615
https://www.premiumoutlets.com/outlet/petaluma-village/about,premium_outlets,Petaluma Village Premium Outlets®,,Petaluma,CA,,US,+1 707-800-6441,https://www.premiumoutlets.com/outlet/petaluma-village,Mo-Su 11:00-19:00,Premium Outlets,
https://www.providence.org/locations/norcal/petaluma-primary-care,providence_us,Providence Medical Group Petaluma - Primary Care,,Petaluma,CA,,US,+1 707-763-9891,https://www.providence.org/locations/norcal/petaluma-primary-care,Mo-Fr 08:00-17:00,Providence,Q7252430
https://www.providence.org/locations/norcal/hospice-of-petaluma,providence_us,Hospice of Petaluma,,Petaluma,CA,,US,+1 707-778-6242,https://www.providence.org/locations/norcal/hospice-of-petaluma,Mo-Fr 09:00-17:00,Providence,Q7252430
https://www.publicstorage.com/self-storage-ca-petaluma/5285.html,public_storage_us,Public Storage,,Petaluma,CA,,US,+1 707-229-3932,https://www.publicstorage.com/self-storage-ca-petaluma/5285.html,,Public Storage,Q1156045
2431,round_table_pizza,Petaluma - Kentucky St,,Petaluma ,CA,,US,+1 707-766-6999,https://ordering.roundtablepizza.com/site/rt-petaluma-dt,,Round Table Pizza,Q7371139
https://stores.saloncentric.com/#29173790,salon_centric_us,SalonCentric,,,CA,,US,+1 707-766-8777,https://stores.saloncentric.com/ca/petaluma/5942,Mo 08:00-18:30; Tu-Fr 08:00-18:00; Sa 08:30-16:00,SalonCentric,Q124339481
871,simonmalls,Petaluma Village Premium Outlets®,,Petaluma,CA,,US,+1 707-778-9300,https://www.simon.com/mall/petaluma-village,Mo-Su 11:00-19:00,Premium Outlets,Q2287759
https://www.sprouts.com/store/ca/petaluma/kenilworth-dr/,sprouts_farmer_market,Sprouts Farmers Market 274-Petaluma,,Petaluma,CA,,US,+1 707-789-4976,https://www.sprouts.com/store/ca/petaluma/kenilworth-dr/,Mo-Su 07:00-22:00,Sprouts Farmer Market,Q7581369
https://restaurants.subway.com/#14904253,subway,Subway Petaluma Gateway Shopping Ctr,,Petaluma Sonoma,CA,,US,+1 707-773-3294,https://restaurants.subway.com/united-states/ca/petaluma/961-lakeville-highway,Mo-Sa 09:00-21:00; Su 09:00-20:00,Subway,Q244457
https://locations.tacobell.com/#6143721,taco_bell,Taco Bell,,Petaluma,CA,,US,+1 707-763-6200,https://locations.tacobell.com/ca/petaluma/406-east-washington-street.html,Mo-Th 08:00-02:00; Fr-Sa 08:00-03:00; Su 08:00-02:00,Taco Bell,Q752941
081176,tjx,Petaluma,401 Kenilworth Dr ,Petaluma,CA,,US,+1 707-765-3352,,Mo-Sa 09:30-21:30; Su 10:00-20:00,TJ Maxx,Q10860683
28598,tjx,Petaluma,401 Kenilworth Drive,Petaluma,CA,,US,+1 707-765-3352,,Mo-Sa 09:30-21:30; Su 10:00-20:00,HomeGoods,Q5887941
00577,twenty_four_hour_fitness_us,Petaluma,,Petaluma,CA,,US,+1 707-789-9050,https://www.24hourfitness.com/Website/Club/00577,,24 Hour Fitness,Q4631849
037543,uhaul,Petaluma 88 Inc,4998 Petaluma Bl N,Petaluma,CA,,US,+1 707-241-9545,,Mo-Fr 00:00-18:00; Sa 00:00-17:00; Su 00:00-18:00,U-Haul,Q7862902
089478,uhaul,Walts Automotive,3504 Bodega Av,Petaluma,CA,,US,+1 707-762-2584,,Tu 00:00-17:00; We 00:00-17:00; Th-Fr 00:00-17:00; Sa 00:00-14:00,U-Haul,Q7862902
1440807,usps,TWO ROCK COAST GUARD STATION,,PETALUMA,CA,,US,+1 707-773-3741,,Mo-Fr 10:00-14:00,United States Postal Service,Q668687
1440636,usps,PETALUMA,,PETALUMA,CA,,US,+1 707-769-5352,,Mo-Fr 09:00-17:00; Sa 10:00-14:00,United States Postal Service,Q668687
9495200029,usps_collection_boxes,USPS COLLECTION BOX - BLUE BOX,939 LAKEVILLE ST,PETALUMA,CA,,US,,,,United States Postal Service,Q668687
9495200019,usps_collection_boxes,USPS COLLECTION BOX - BLUE BOX,120 4TH ST,PETALUMA,CA,,US,,,,United States Postal Service,Q668687
9495200020,usps_collection_boxes,USPS COLLECTION BOX - BLUE BOX,120 4TH ST,PETALUMA,CA,,US,,,,United States Postal Service,Q668687
9495200021,usps_collection_boxes,USPS COLLECTION BOX - BLUE BOX,120 4TH ST,PETALUMA,CA,,US,,,,United States Postal Service,Q668687
9495200022,usps_collection_boxes,USPS COLLECTION BOX - BLUE BOX,120 4TH ST,PETALUMA,CA,,US,,,,United States Postal Service,Q668687
9495200023,usps_collection_boxes,USPS COLLECTION BOX - BLUE BOX,120 4TH ST,PETALUMA,CA,,US,,,,United States Postal Service,Q668687
9495200024,usps_collection_boxes,USPS COLLECTION BOX - BLUE BOX,120 4TH ST,PETALUMA,CA,,US,,,,United States Postal Service,Q668687
9495200025,usps_collection_boxes,USPS COLLECTION BOX - EXPRESS,120 4TH ST,PETALUMA,CA,,US,,,,United States Postal Service,Q668687
9495200056,usps_collection_boxes,USPS COLLECTION BOX - PO LOBBY,120 4TH ST,PETALUMA,CA,,US,,,,United States Postal Service,Q668687
9495200059,usps_collection_boxes,USPS COLLECTION BOX - APC,120 4TH ST,PETALUMA,CA,,US,,,,United States Postal Service,Q668687
9495200064,usps_collection_boxes,USPS COLLECTION BOX - PO LOBBY,120 4TH ST,PETALUMA,CA,,US,,,,United States Postal Service,Q668687
9495200035,usps_collection_boxes,USPS COLLECTION BOX - BLUE BOX,2 E WASHINGTON ST,PETALUMA,CA,,US,,,,United States Postal Service,Q668687
9495200039,usps_collection_boxes,USPS COLLECTION BOX - BLUE BOX,199 LIBERTY ST,PETALUMA,CA,,US,,,,United States Postal Service,Q668687
9495200046,usps_collection_boxes,USPS COLLECTION BOX - BLUE BOX,1000 PETALUMA BLVD N,PETALUMA,CA,,US,,,,United States Postal Service,Q668687
9495200047,usps_collection_boxes,USPS COLLECTION BOX - BLUE BOX,1320 INDUSTRIAL AVE,PETALUMA,CA,,US,,,,United States Postal Service,Q668687
USA95,vans,Vans Store - PETALUMA,,Petaluma,CA,,US,+1 707-778-9053,https://www.vans.com/en-us/stores/ca/petaluma/usa95,Mo-Su 11:00-19:00,Vans,Q1135366
R00000248737,verizon_us,Petaluma,,Petaluma,CA,,US,+1 707-782-9890,https://www.verizon.com/stores/details/california/petaluma/petaluma-1039246/,Mo-Fr 10:00-19:00; Sa 09:00-18:00; Su 10:00-17:00,Verizon,Q919641
,visa,,,PETALUMA,CA,,US,,,,,
,visa,,,PETALUMA,CA,,US,,,,,
,visa,,,PETALUMA,CA,,US,,,,,
,visa,,,PETALUMA,CA,,US,,,,,
,visa,,,PETALUMA,CA,,US,,,,,
,visa,,,PETALUMA,CA,,US,,,,,
,visa,,,PETALUMA,CA,,US,,,,,
,visa,,,PETALUMA,CA,,US,,,,,
,visa,,,PETALUMA,CA,,US,,,,,
,visa,,,PETALUMA,CA,,US,,,,,
,visa,,,PETALUMA,CA,,US,,,,,
,visa,,,PETALUMA,CA,,US,,,,,
,visa,,,PETALUMA,CA,,US,,,,,
,visa,,,PETALUMA,CA,,US,,,,,
,visa,,,PETALUMA,CA,,US,,,,,
,visa,,,PETALUMA,CA,,US,,,,,
,visa,,,PETALUMA,CA,,US,,,,,
,visa,,,PETALUMA,CA,,US,,,,,
,visa,,,PETALUMA,CA,,US,,,,,
,visa,,,PETALUMA,CA,,US,,,,,
,visa,,,PETALUMA,CA,,US,,,,,
,visa,,,PETALUMA,CA,,US,,,,,
,visa,,,PETALUMA,CA,,US,,,,,
,visa,,,PETALUMA,CA,,US,,,,,
,visa,,,PETALUMA,CA,,US,,,,,
,visa,,,PETALUMA,CA,,US,,,,,
,visa,,,PETALUMA,CA,,US,,,,,
,visa,,,PETALUMA,CA,,US,,,,,
,visa,,,PETALUMA,CA,,US,,,,,
,visa,,,NORTH PETALUMA,CA,,US,,,,,
,visa,,,PETALUMA,CA,,US,,,,,
,visa,,,PETALUMA,CA,,US,,,,,
,visa,,,PETALUMA,CA,,US,,,,,
,visa,,,PETALUMA,CA,,US,,,,,
,visa,,,PETALUMA,CA,,US,,,,,
,visa,,,PETALUMA,CA,,US,,,,,
,visa,,,PETALUMA,CA,,US,,,,,
,visa,,,PETALUMA,CA,,US,,,,,
,visa,,,PETALUMA,CA,,US,,,,,
,visa,,,PETALUMA,CA,,US,,,,,
,visa,,,PETALUMA,CA,,US,,,,,
,visa,,,PETALUMA,CA,,US,,,,,
,visa,,,PETALUMA,CA,,US,,,,,
,visa,,,PETALUMA,CA,,US,,,,,
,visa,,,PETALUMA,CA,,US,,,,,
,visa,,,PETALUMA,CA,,US,,,,,
,visa,,,PETALUMA,CA,,US,,,,,
,visa,,,PETALUMA,CA,,US,,,,,
,visa,,,PETALUMA,CA,,US,,,,,
,visa,,,PETALUMA,CA,,US,,,,,
,visa,,,PETALUMA,CA,,US,,,,,
,visa,,,PETALUMA,CA,,US,,,,,
,visa,,,PETALUMA,CA,,US,,,,,
,visa,,,PETALUMA,CA,,US,,,,,
,visa,,,PETALUMA,CA,,US,,,,,
,visa,,,PETALUMA,CA,,US,,,,,
,visa,,,PETALUMA,CA,,US,,,,,
939__LAKEVILLE__ST_PETALUMA_CA_94952,wellsfargo,,939 LAKEVILLE ST,PETALUMA,CA,,US,+1 800-869-3557,https://www.wellsfargo.com/locator/bank/939__LAKEVILLE__ST_PETALUMA_CA_94952/,,Wells Fargo,Q744149
125__WESTERN__AVE_PETALUMA_CA_94952,wellsfargo,Wells Fargo,125 WESTERN AVE,PETALUMA,CA,,US,+1 707-762-4588,https://www.wellsfargo.com/locator/bank/125__WESTERN__AVE_PETALUMA_CA_94952/,Mo-Fr 09:00-17:00,Wells Fargo,Q744149
https://locations.wendys.com/#9254875,wendys,"Wendy's Petaluma in Petaluma, CA",,Petaluma,CA,,US,+1 707-762-4790,https://locations.wendys.com/united-states/ca/petaluma/500-e-washington-st,"Mo-Su 06:30-10:30,08:00-22:00",Wendy's,Q550258
a59190627a0858b40af3d9ee60814e41,western_union,NOVEDADES BRICIA,,Petaluma,CA,,US,+1 707-766-8601,https://location.westernunion.com/us/ca/petaluma/a59190627a0858b40af3d9ee60814e41,Mo-Fr 10:00-19:00; Sa 09:00-18:00; Su 09:00-15:00,Western Union,Q861042
6770b12818dfc2f9b6841736e4fe9ed0,western_union,7-ELEVEN #14137,,Petaluma,CA,,US,+1 707-776-0720,https://location.westernunion.com/us/ca/petaluma/6770b12818dfc2f9b6841736e4fe9ed0,,Western Union,Q861042
635e61fb012c8754d8691d5aa2c77e82,western_union,ENVIOS DINAMITA,,Petaluma,CA,,US,+1 707-766-8601,https://location.westernunion.com/us/ca/petaluma/635e61fb012c8754d8691d5aa2c77e82,Mo-Fr 10:00-19:00; Sa 09:00-18:00; Su 09:00-15:00,Western Union,Q861042
06ce7cd4cb8a7a1e505a4d53af56e8b1,western_union,ENVIOS DINAMITA,,Petaluma,CA,,US,+1 707-766-8601,https://location.westernunion.com/us/ca/petaluma/06ce7cd4cb8a7a1e505a4d53af56e8b1,Mo-Fr 10:00-19:00; Sa 09:00-18:00; Su 09:00-15:00,Western Union,Q861042
8bfc3af64751478bc90155828c985501,western_union,ENVIOS DINAMITA,,Petaluma,CA,,US,+1 707-766-8601,https://location.westernunion.com/us/ca/petaluma/8bfc3af64751478bc90155828c985501,Mo-Fr 10:00-19:00; Sa 09:00-18:00; Su 09:00-15:00,Western Union,Q861042
b380f60c1a4a93f96b48feb6c4117288,western_union,EL SABROSO MARKET,,Petaluma,CA,,US,+1 707-364-5375,https://location.westernunion.com/us/ca/petaluma/b380f60c1a4a93f96b48feb6c4117288,Mo-Su 08:00-20:00,Western Union,Q861042
243407,wheel_works_us,Wheel Works,,Petaluma,CA,,US,+1 707-241-9409,https://www.wheelworks.net/california/petaluma/361-e-washington-st/,Mo-Sa 07:00-18:00; Su 09:00-17:00,Wheel Works,Q121088283
petaluma,whole_foods,Petaluma,621 E Washington St,Petaluma,CA,,US,+1 707-762-9352,https://www.wholefoodsmarket.com/stores/petaluma,Mo-Su 08:00-21:00,Whole Foods,Q1809448
212913,wingstop,Wingstop Petaluma Lakeville St,953 Lakeville St,Petaluma,CA,,US,+1 707-776-0822,,,Wingstop,Q8025339
