Ref,Spider,Name,Address,City,State,Zipcode,Country,Phone,Website,Hours,Brand,WikiData
https://stores.advanceautoparts.com/ma/holyoke/447-south-st,advance_auto_parts_us,Advance Auto Parts,,Holyoke,MA,,US,+1 413-535-1382,https://stores.advanceautoparts.com/ma/holyoke/447-south-st,Mo-Sa 07:30-21:00; Su 08:00-20:00,Advance Auto Parts,Q4686051
https://storelocations.ae.com/#1725976,american_eagle_outfitters,Aerie Store Holyoke Mall,,Holyoke,MA,,US,+1 413-533-4708,https://storelocations.ae.com/us/ma/holyoke/02745-50-holyoke-street.html,Mo-Th 10:00-20:00; Fr-Sa 10:00-21:00; Su 11:00-18:00,Aerie Store,Q2842931
https://storelocations.ae.com/#1725975,american_eagle_outfitters,American Eagle Store Holyoke Mall,,Holyoke,MA,,US,+1 413-533-4936,https://storelocations.ae.com/us/ma/holyoke/00711-50-holyoke-street.html,Mo-Th 10:00-20:00; Fr-Sa 10:00-21:00; Su 11:00-18:00,American Eagle Store,Q2842931
R191,apple,Apple Holyoke,,Holyoke,MA,,US,+1 413-493-3878,https://www.apple.com/retail/holyoke,Mo-Th 10:00-20:00; Fr-Sa 10:00-21:00; Su 11:00-18:00,Apple,Q421253
21887,asics_us,Finish Line,50 Holyoke Street,Holyoke,MA,,US,+1 413-532-2897,,,asics,Q327247
152,att_us,HOLYOKE MALL STORE,,Holyoke,MA,,US,+1 413-536-0611,https://www.att.com/stores/massachusetts/holyoke/152,Mo-Sa 10:00-20:00; Su 11:00-18:00,AT&T,Q298594
5146,autozone_us,AutoZone Auto Parts Holyoke,,Holyoke,MA,,US,+1 413-534-1442,https://www.autozone.com/locations/ma/holyoke/2231-northampton-st.html,Mo-Fr 07:30-20:00; Sa 08:00-20:00; Su 08:00-19:00,AutoZone,Q4826087
https://locators.bankofamerica.com/ma/holyoke/financial-centers-holyoke-14613.html,bankofamerica,Bank of America Financial Center & Drive-Thru ATM | Holyoke - Lincoln,,Holyoke,MA,,US,+1 413-534-6545,https://locators.bankofamerica.com/ma/holyoke/financial-centers-holyoke-14613.html,Mo-Fr 10:00-16:00; Sa 10:00-14:00,Bank of America,Q487907
https://locators.bankofamerica.com/ma/holyoke/atm-holyoke-100884.html,bankofamerica,Bank of America Drive-Thru ATM | Rite Aid Plaza,,Holyoke,MA,,US,+1 844-401-8500,https://locators.bankofamerica.com/ma/holyoke/atm-holyoke-100884.html,,Bank of America,Q487907
https://locators.bankofamerica.com/ma/holyoke/atm-holyoke-102979.html,bankofamerica,Bank of America Walk-Up ATM | Holyoke Crossing Remote,,Holyoke,MA,,US,+1 844-401-8500,https://locators.bankofamerica.com/ma/holyoke/atm-holyoke-102979.html,,Bank of America,Q487907
https://locators.bankofamerica.com/ma/holyoke/atm-holyoke-109327.html,bankofamerica,Bank of America Walk-Up ATM | Downtown Holyoke Remote,,Holyoke,MA,,US,+1 844-401-8500,https://locators.bankofamerica.com/ma/holyoke/atm-holyoke-109327.html,,Bank of America,Q487907
BBW00693,bathandbodyworks_us,HOLYOKE MALL AT INGLESIDE,,HOLYOKE,MA,,US,+1 413-532-1980,,Mo-Th 10:00-20:00; Fr-Sa 10:00-21:00; Su 11:00-18:00,Bath & Body Works,Q810773
https://stores.bestbuy.com/ma/holyoke/50-holyoke-st-418.html,bestbuy,Best Buy Holyoke Mall,,Holyoke,MA,,US,+1 413-533-4443,https://stores.bestbuy.com/ma/holyoke/50-holyoke-st-418.html,,Best Buy,Q533415
58701,bluerhino,Stop & Shop #009,,Holyoke,MA,,US,+1 413-536-1247,,,Blue Rhino,Q65681213
169020,bluerhino,VY Enterprise Racing Mart Fuels,,Holyoke,MA,,US,+1 413-322-8021,,,Blue Rhino,Q65681213
58713,bluerhino,Stop & Shop #030,,Holyoke,MA,,US,+1 413-536-9287,,,Blue Rhino,Q65681213
190624,bluerhino,"Global #3709 - Holyoke, MA",,Holyoke,MA,,US,+1 413-536-5396,,,Blue Rhino,Q65681213
158494,bluerhino,Ocean State Job Lot # 208,,Holyoke,MA,,US,+1 413-534-1834,,,Blue Rhino,Q65681213
577,burlington_us,Burlington,,Holyoke,MA,,US,+1 413-532-8089,https://stores.burlington.com/ma/holyoke/577,Mo-Th 09:00-21:00; Fr-Sa 09:00-23:00; Su 09:00-21:30,Burlington,Q4999220
7728,careone_us,CareOne at Holyoke,,Holyoke,MA,,US,+1 413-538-9733,,,CareOne,Q25108589
ma_holyoke_235-whiting-farms-rd,chipotle, ,,Holyoke,MA,,US,+1 413-650-0574,https://locations.chipotle.com/ma/holyoke/235-whiting-farms-rd,,Chipotle,Q465751
87919,citi,ATM Walgreens,,Holyoke,MA,,US,,,,Citibank,Q857063
50797,citi,ATM CVS,,Holyoke,MA,,US,,,,Citibank,Q857063
59504,citi,ATM HOLYOKE CREDIT UNION,,Holyoke,MA,,US,,,,Citibank,Q857063
59505,citi,ATM HOLYOKE CREDIT UNION,,Holyoke,MA,,US,,,,Citibank,Q857063
59506,citi,ATM HOLYOKE CREDIT UNION,,Holyoke,MA,,US,,,,Citibank,Q857063
81203,citi,ATM Super Washing Well,,Holyoke,MA,,US,,,,Citibank,Q857063
49527,citi,ATM CVS,,Holyoke,MA,,US,,,,Citibank,Q857063
82693,citi,ATM Target,,Holyoke,MA,,US,,,,Citibank,Q857063
101242,citizens_us,Citizens Supermarket Branch Holyoke S&S Northa,,Holyoke,MA,,US,+1 413-536-5485,,Mo-Fr 10:00-17:00; Sa 10:00-15:00,Citizens,Q5122694
101130,citizens_us,Citizens Supermarket Branch Holyoke S&S Linc St.,,Holyoke,MA,,US,+1 413-534-0258,,Mo-Fr 10:00-17:00; Sa 10:00-15:00,Citizens,Q5122694
ATM-342,citizens_us,,,Holyoke,MA,,US,+1 413-534-0258,,,Citizens,Q5122694
ATM-343,citizens_us,,,Holyoke,MA,,US,+1 413-536-5485,,,Citizens,Q5122694
holyoke/3401,claires,Shop Ear Piercings & Jewelry at Holyoke Mall At Ingleside,,HOLYOKE,MA,,US,+1 413-533-5874,https://stores.claires.com/us/ma/holyoke/3401.html,Mo-Th 10:00-20:00; Fr-Sa 10:00-21:00; Su 10:00-17:00,Claire's,Q2974996
2071,cvs_us,CVS Pharmacy,,Holyoke,MA,,US,+1 413-536-1432,https://www.cvs.com/store-locator/holyoke-ma-pharmacies/400-beech-st-holyoke-ma-01040/storeid=2071,Mo-Su 07:00-22:00,CVS Pharmacy,Q2078880
16586,cvs_us,CVS Pharmacy,,Holyoke,MA,,US,+1 413-532-9568,https://www.cvs.com/store-locator/holyoke-ma-pharmacies/50-holyoke-st-holyoke-ma-01040/storeid=16586,"Mo-Fr 10:00-13:30,14:00-18:00; Sa 11:00-13:30,14:00-17:00",CVS Pharmacy,Q2078880
373,cvs_us,CVS Pharmacy,,Holyoke,MA,,US,+1 413-532-3216,https://www.cvs.com/store-locator/holyoke-ma-pharmacies/250-whiting-farms-rd-holyoke-ma-01040/storeid=373,Mo-Su 07:00-22:00,CVS Pharmacy,Q2078880
/ma/holyoke/2175-northampton-street,dangelos_us,D’Angelo Grilled Sandwiches | Massachusetts/Holyoke Locations,,Holyoke,MA,,US,+1 413-532-7370,https://locations.dangelos.com/ma/holyoke/2175-northampton-street.html,Mo-Sa 10:30-21:00; Su 11:00-21:00,D'Angelo Grilled Sandwiches,Q5203069
247614,dennys,Denny's,,Holyoke,MA,,US,+1 413-532-7554,https://locations.dennys.com/MA/HOLYOKE/247614,24/7,Denny's,Q1189695
3067,dominos_pizza_us,Domino's Pizza,,Holyoke,MA,,US,+1 413-533-1155,https://pizza.dominos.com/massachusetts/holyoke/341-appleton-st,Mo-Th 10:30-24:00; Fr-Sa 10:30-01:00; Su 10:30-24:00,Domino's,Q839466
Holyoke Mall at Ingleside,dsw,DSW,,Holyoke,MA,,US,+1 413-552-0400,https://stores.dsw.com/usa/ma/holyoke/dsw-designer-shoe-warehouse-holyoke-mall-at-ingleside.html,Mo-Sa 10:00-20:00; Su 11:00-19:00,Designer Shoe Warehouse,Q5206207
348720,dunkin_us,Dunkin',,Holyoke,MA,,US,+1 413-420-2014,https://locations.dunkindonuts.com/en/ma/holyoke/330-main-st/348720,Mo-Su 05:00-21:00,Dunkin',Q847743
349290,dunkin_us,Dunkin',,Holyoke,MA,,US,+1 413-536-1870,https://locations.dunkindonuts.com/en/ma/holyoke/225-whiting-farms-rd/349290,Mo-Su 05:00-20:00,Dunkin',Q847743
356870,dunkin_us,Dunkin',,Holyoke,MA,,US,+1 413-533-3029,https://locations.dunkindonuts.com/en/ma/holyoke/473-pleasant-st/356870,Mo-Su 05:00-21:00,Dunkin',Q847743
338724,dunkin_us,Dunkin',,Holyoke,MA,,US,+1 413-534-0538,https://locations.dunkindonuts.com/en/ma/holyoke/1600-northampton-st/338724,Mo-Su 05:00-21:00,Dunkin',Q847743
https://www.edwardjones.com/us-en/financial-advisor/john-mcandrew,edwardjones,John A McAndrew,,Holyoke,MA,,US,+1 413-533-4686,https://www.edwardjones.com/us-en/financial-advisor/john-mcandrew,Mo-Fr 08:00-16:30,Edward Jones,Q5343830
50-holyoke-street,express,Holyoke Mall,,Holyoke,MA,,US,+1 413-536-6808,https://stores.express.com/us/ma/holyoke/50-holyoke-street,Mo-Th 10:00-20:00; Fr-Sa 10:00-21:00; Su 11:00-18:00,Express,Q1384784
https://stores.finishline.com/ma/holyoke/holyoke-mall.html,finishline,Finish Line,,Holyoke,MA,,US,+1 413-532-2897,https://stores.finishline.com/ma/holyoke/holyoke-mall.html,Mo-Sa 11:00-19:00; Su 12:00-18:00,Finish Line,Q5450341
https://locations.fivebelow.com/ma/holyoke/50-holyoke-st-space-c334,five_below,Five Below Holyoke Mall,,Holyoke,MA,,US,,https://locations.fivebelow.com/ma/holyoke/50-holyoke-st-space-c334,Mo-Th 10:00-20:00; Fr-Sa 10:00-21:00; Su 11:00-18:00,Five Below,Q5455836
https://stores.footlocker.com/ma/holyoke/50-holyoke-street-7217.html,footlocker,"Foot Locker in Holyoke: Holyoke, Massachusetts | Approved | Own It",,Holyoke,MA,,US,+1 413-536-7031,https://stores.footlocker.com/ma/holyoke/50-holyoke-street-7217.html,Mo-Th 10:00-20:00; Fr-Sa 10:00-21:00; Su 11:00-18:00,Foot Locker,Q63335
Motorcraft3975USAEnglish,ford,Marcotte Ford Sales Inc,,Massachusetts,MA,,US,+1 413-536-1900,,,Ford,Q44294
https://www.ford.com/dealerships/dealer-details/ma/holyoke/marcotte-ford-sales-inc/,ford_dealers_us,Marcotte Ford Sales Inc,,Holyoke,MA,,US,+1 413-425-9295,https://www.ford.com/dealerships/dealer-details/ma/holyoke/marcotte-ford-sales-inc/,Mo-Fr 08:30-18:00; Sa 08:30-16:00,Ford Motor Company,Q44294
https://locations.forever21.com/#35646853,forever21_us,Holyoke Mall,,Holyoke,MA,,US,+1 413-275-1583,https://locations.forever21.com/us/stores/ma/holyoke/50-holyoke-st,Mo-Th 11:00-19:00; Fr-Sa 11:00-21:00; Su 11:00-18:00,Forever 21,Q1060537
4391,gamestop_us,Holyoke At Ingleside,,HOLYOKE,MA,,US,+1 413-533-1766,https://www.gamestop.com/search/?store=4391,Mo-Th 10:00-20:00; Fr-Sa 10:00-21:00; Su 11:00-18:00,GameStop,Q202210
https://salons.greatclips.com/us/ma/holyoke/98-lower-westfield-rd,greatclips,Great Clips,,Holyoke,MA,,US,+1 413-315-5330,https://salons.greatclips.com/us/ma/holyoke/98-lower-westfield-rd,Mo-Sa 09:00-19:00; Su 09:00-18:00,Great Clips,Q5598967
4849,gulf_pr_us,LUCKY TRADERS,,Holyoke,MA,,US,+1 413-536-4300,https://www.gulfoil.com/lucky-traders,,Gulf Oil,Q5617505
5294,gulf_pr_us,HIGH ST HOLYOKE GULF,,Holyoke,MA,,US,+1 413-493-1858,https://www.gulfoil.com/high-st-holyoke-gulf,,Gulf Oil,Q5617505
US0010,hm,Holyoke Mall,,Holyoke,MA,,US,+1 855-466-7467,,Mo-Th 10:00-20:00; Fr-Sa 10:00-21:00; Su 11:00-18:00,H&M,Q188326
20078,h_r_block,H&R Block,,Holyoke,MA,,US,+1 413-536-4766,https://www.hrblock.com/local-tax-offices/massachusetts/holyoke/pier-one-imports-center/20078/,,H&R Block,Q5627799
https://office.jacksonhewitt.com/#27580529,jackson_hewitt,Jackson Hewitt,,Holyoke,MA,,US,+1 413-536-0767,https://office.jacksonhewitt.com/tax-preparation-services-locations/en/ma/holyoke/518-high-street/15700,Mo-Fr 10:00-18:00; Sa 10:00-19:00; Su 10:00-18:00,Jackson Hewitt,Q6117132
https://locations.kfc.com/#11248773,kfc,Chicken Nuggets Near Holyoke,,Holyoke,MA,,US,,https://locations.kfc.com/ma/holyoke/2241-n-hampton-street/chickennugget,Mo-Th 10:30-22:00; Fr-Sa 10:30-23:00; Su 10:30-22:00,KFC,Q524757
https://stores.loft.com/ma/holyoke/50-holyoke-street.html,loft_us,Loft,,Holyoke,MA,,US,+1 413-540-0595,https://stores.loft.com/ma/holyoke/50-holyoke-street.html,,Loft,Q62075137
52304,lovisa,Lovisa,,Holyoke,MA,,US,+1 413-203-6889,,,Lovisa,Q106298409
BDLHO,marriott,Fairfield Inn & Suites Springfield Holyoke,,Holyoke,MA,,US,+1 413-533-2800,https://www.marriott.com/BDLHO,,Fairfield by Marriott,Q5430314
https://locations.mtb.com/#15636675,mt_bank_us,M&T Bank,,,MA,,US,+1 413-726-2436,https://locations.mtb.com/ma/holyoke/bank-branches-and-atms-holyoke-ma-8417.html,Mo-Th 09:00-16:00; Fr 09:00-17:00; Sa 09:00-12:00,M&T Bank,Q3272257
usd6b2111b,pandora,About Pandora Jewelry Authorized Retailer - Hannoush #06,,Holyoke,MA,,US,+1 413-536-7353,https://stores.pandora.net/ma/holyoke/pandora-jewelry-usd6b2111b.html,Mo 10:00-21:30; Tu 10:00-21:00; We-Sa 10:00-21:30; Su 11:00-18:00,Pandora,Q2241604
us4f1277fc,pandora,About Pandora Jewelry at 3810 Pandora @ Holyoke Mall at Ingleside,,Holyoke,MA,,US,+1 413-420-5120,https://stores.pandora.net/ma/holyoke/pandora-jewelry-us4f1277fc.html,Mo-Th 10:00-19:00; Fr-Sa 10:00-21:00; Su 11:00-18:00,Pandora,Q2241604
https://stores.petco.com/#27959570,petco,Petco Holyoke,,Holyoke,MA,,US,+1 413-539-9197,https://stores.petco.com/ma/holyoke/pet-supplies-holyoke-ma-777.html,Mo-Sa 09:00-21:00; Su 10:00-19:00,Petco,Q7171798
restaurant_242769,popeyes_us_fr,Popeyes,"12 Holyoke Street Holyoke, Massachusetts 01040 - USA",Holyoke,MA,,US,+1 413-322-0149,https://www.popeyes.com/store-locator/store/restaurant_242769,Mo-Th 10:30-21:30; Fr-Sa 10:30-21:00; Su 10:30-21:30,Popeyes,Q1330910
1551,rentacenter,Rent-A-Center,,Holyoke,MA,,US,+1 413-536-2500,https://locations.rentacenter.com/massachusetts/holyoke/2259-northampton-st/,Mo-Sa 10:00-18:00,Rent-A-Center,Q7313497
50-holyoke-st,rue21,Holyoke Mall,,Holyoke,MA,,US,,https://stores.rue21.com/ma/holyoke/50-holyoke-st.html,Mo-Th 10:00-20:00; Fr-Sa 10:00-21:00; Su 11:00-18:00,rue21,Q7377762
location-9289,sbarro,Holyoke Mall,50 Holyoke Street,Holyoke,MA,,US,,https://sbarro.com/locations/ma/holyoke/holyoke-mall/,,Sbarro,Q2589409
13754351853646907541,sleep_number_us,Sleep Number,,Holyoke,MA,,US,,https://www.sleepnumber.com/stores/ma/holyoke/44-holyoke-st,Mo-Th 10:00-19:00; Fr-Sa 10:00-20:00; Su 11:00-19:00,Sleep Number,Q7447640
2230,snap_fitness,"Holyoke, MA",506 Westfield Rd,Holyoke,MA,,US,+1 413-532-7627,https://www.snapfitness.com/us/gyms/holyoke-ma,24/7,Snap Fitness,Q7547254
0030,stop_and_shop,Super Stop & Shop,2265 Northampton Street,Holyoke,MA,,US,,,,Stop and Shop,Q3658429
0009,stop_and_shop,Super Stop & Shop,28 Lincoln Street,Holyoke,MA,,US,,,,Stop and Shop,Q3658429
https://restaurants.subway.com/#14903588,subway,Subway Gas Station/C-Store,,Holyoke Hampden,MA,,US,+1 413-322-9212,https://restaurants.subway.com/united-states/ma/holyoke/330-main-street,Mo-Th 08:00-20:30; Fr 08:00-21:30; Sa 09:30-20:00; Su 10:00-19:30,Subway,Q244457
https://restaurants.subway.com/#14894741,subway,Subway Holyoke Shopping Center,,Holyoke Hampden,MA,,US,+1 413-533-8488,https://restaurants.subway.com/united-states/ma/holyoke/2217-2291-northampton-st,Mo-Su 09:00-22:00,Subway,Q244457
https://stores.sunglasshut.com/us/ma/holyoke/400-whitney-ave,sunglass_hut_1,Sunglass Hut at Macy's,,Holyoke,MA,,US,+1 413-533-1872,https://stores.sunglasshut.com/us/ma/holyoke/400-whitney-ave,Mo-Th 10:00-20:00; Fr-Sa 10:00-21:00; Su 11:00-19:00,Sunglass Hut,Q136311
https://locations.tacobell.com/#6145152,taco_bell,Taco Bell,,Holyoke,MA,,US,+1 413-536-5863,https://locations.tacobell.com/ma/holyoke/2199-northampton-st.html,Mo-We 07:00-02:00; Th 07:00-24:00; Fr-Su 07:00-02:00,Taco Bell,Q752941
081244,tjx,Holyoke,33 Holyoke St,Holyoke,MA,,US,+1 413-533-1671,,Mo-Sa 09:30-21:30; Su 10:00-20:00,TJ Maxx,Q10860683
9587,tmobile_us,Holyoke Mall,,Holyoke,MA,,US,+1 413-539-6031,https://www.t-mobile.com/store-locator/ma/holyoke/holyoke-mall,,T-Mobile,Q3511885
1367278,usps,INGLESIDE MALL,,HOLYOKE,MA,,US,+1 413-536-0230,,,United States Postal Service,Q668687
1367277,usps,HOLYOKE,,HOLYOKE,MA,,US,+1 413-534-4577,,Mo-Fr 08:30-17:00; Sa 08:30-13:00,United States Postal Service,Q668687
0104000032,usps_collection_boxes,USPS COLLECTION BOX - BLUE BOX,174 PLEASANT ST,HOLYOKE,MA,,US,,,,United States Postal Service,Q668687
0104000119,usps_collection_boxes,USPS COLLECTION BOX - BLUE BOX,1220 NORTHAMPTON ST,HOLYOKE,MA,,US,,,,United States Postal Service,Q668687
0104000029,usps_collection_boxes,USPS COLLECTION BOX - BLUE BOX,65 LINCOLN ST,HOLYOKE,MA,,US,,,,United States Postal Service,Q668687
0104000028,usps_collection_boxes,USPS COLLECTION BOX - BLUE BOX,40 LINCOLN ST,HOLYOKE,MA,,US,,,,United States Postal Service,Q668687
0104000010,usps_collection_boxes,USPS COLLECTION BOX - BLUE BOX,825 HAMPDEN ST,HOLYOKE,MA,,US,,,,United States Postal Service,Q668687
0104000121,usps_collection_boxes,USPS COLLECTION BOX - BLUE BOX,41 CHESTNUT ST,HOLYOKE,MA,,US,,,,United States Postal Service,Q668687
0104000008,usps_collection_boxes,USPS COLLECTION BOX - BLUE BOX,1504 NORTHAMPTON ST,HOLYOKE,MA,,US,,,,United States Postal Service,Q668687
0104000075,usps_collection_boxes,USPS COLLECTION BOX - BLUE BOX,582 PLEASANT ST,HOLYOKE,MA,,US,,,,United States Postal Service,Q668687
0104000114,usps_collection_boxes,USPS COLLECTION BOX - PO LOBBY,650 DWIGHT ST,HOLYOKE,MA,,US,,,,United States Postal Service,Q668687
0104000138,usps_collection_boxes,USPS COLLECTION BOX - PO LOBBY,650 DWIGHT ST,HOLYOKE,MA,,US,,,,United States Postal Service,Q668687
0104000111,usps_collection_boxes,USPS COLLECTION BOX - BLUE BOX,650 DWIGHT ST,HOLYOKE,MA,,US,,,,United States Postal Service,Q668687
0104000072,usps_collection_boxes,USPS COLLECTION BOX - BLUE BOX,650 DWIGHT ST,HOLYOKE,MA,,US,,,,United States Postal Service,Q668687
0104000112,usps_collection_boxes,USPS COLLECTION BOX - BLUE BOX,650 DWIGHT ST,HOLYOKE,MA,,US,,,,United States Postal Service,Q668687
0104000104,usps_collection_boxes,USPS COLLECTION BOX - BLUE BOX,225 HIGH ST,HOLYOKE,MA,,US,,,,United States Postal Service,Q668687
0104000103,usps_collection_boxes,USPS COLLECTION BOX - BLUE BOX,100 FRONT ST,HOLYOKE,MA,,US,,,,United States Postal Service,Q668687
0104000047,usps_collection_boxes,USPS COLLECTION BOX - BLUE BOX,4 OPEN SQUARE WAY,HOLYOKE,MA,,US,,,,United States Postal Service,Q668687
0104000094,usps_collection_boxes,USPS COLLECTION BOX - BLUE BOX,1650 NORTHAMPTON ST,HOLYOKE,MA,,US,,,,United States Postal Service,Q668687
0104000014,usps_collection_boxes,USPS COLLECTION BOX - BLUE BOX,300 HIGH ST,HOLYOKE,MA,,US,,,,United States Postal Service,Q668687
0104000015,usps_collection_boxes,USPS COLLECTION BOX - BLUE BOX,20 COURT PLZ,HOLYOKE,MA,,US,,,,United States Postal Service,Q668687
0104000001,usps_collection_boxes,USPS COLLECTION BOX - BLUE BOX,10 HOSPITAL DR,HOLYOKE,MA,,US,,,,United States Postal Service,Q668687
0104000054,usps_collection_boxes,USPS COLLECTION BOX - BLUE BOX,303 HOMESTEAD AVE,HOLYOKE,MA,,US,,,,United States Postal Service,Q668687
0104000089,usps_collection_boxes,USPS COLLECTION BOX - EXPRESS,650 DWIGHT ST,HOLYOKE,MA,,US,,,,United States Postal Service,Q668687
0104000004,usps_collection_boxes,USPS COLLECTION BOX - BLUE BOX,11 WOODS AVE,HOLYOKE,MA,,US,,,,United States Postal Service,Q668687
0104000005,usps_collection_boxes,USPS COLLECTION BOX - BLUE BOX,1716 NORTHAMPTON ST,HOLYOKE,MA,,US,,,,United States Postal Service,Q668687
0104000003,usps_collection_boxes,USPS COLLECTION BOX - BLUE BOX,69 RIDGEWOOD AVE,HOLYOKE,MA,,US,,,,United States Postal Service,Q668687
0104000021,usps_collection_boxes,USPS COLLECTION BOX - BLUE BOX,600 HIGH ST,HOLYOKE,MA,,US,,,,United States Postal Service,Q668687
0104000052,usps_collection_boxes,USPS COLLECTION BOX - BLUE BOX,5 GERARD WAY,HOLYOKE,MA,,US,,,,United States Postal Service,Q668687
0104000099,usps_collection_boxes,USPS COLLECTION BOX - BLUE BOX,68 CABOT ST,HOLYOKE,MA,,US,,,,United States Postal Service,Q668687
0104000024,usps_collection_boxes,USPS COLLECTION BOX - BLUE BOX,475 MAPLE ST,HOLYOKE,MA,,US,,,,United States Postal Service,Q668687
0104000136,usps_collection_boxes,USPS COLLECTION BOX - BLUE BOX,575 BEECH ST,HOLYOKE,MA,,US,,,,United States Postal Service,Q668687
0104000025,usps_collection_boxes,USPS COLLECTION BOX - BLUE BOX,850 HIGH ST,HOLYOKE,MA,,US,,,,United States Postal Service,Q668687
0104000057,usps_collection_boxes,USPS COLLECTION BOX - BLUE BOX,227 SOUTH ST,HOLYOKE,MA,,US,,,,United States Postal Service,Q668687
0104000070,usps_collection_boxes,USPS COLLECTION BOX - BLUE BOX,433 HILLSIDE AVE,HOLYOKE,MA,,US,,,,United States Postal Service,Q668687
0104000058,usps_collection_boxes,USPS COLLECTION BOX - BLUE BOX,485 SOUTH ST,HOLYOKE,MA,,US,,,,United States Postal Service,Q668687
0104000059,usps_collection_boxes,USPS COLLECTION BOX - BLUE BOX,525 SOUTH ST,HOLYOKE,MA,,US,,,,United States Postal Service,Q668687
0104000060,usps_collection_boxes,USPS COLLECTION BOX - BLUE BOX,2014 NORTHAMPTON ST,HOLYOKE,MA,,US,,,,United States Postal Service,Q668687
0104000068,usps_collection_boxes,USPS COLLECTION BOX - BLUE BOX,260 WESTFIELD RD,HOLYOKE,MA,,US,,,,United States Postal Service,Q668687
0104000124,usps_collection_boxes,USPS COLLECTION BOX - BLUE BOX,100 WHITING FARMS RD,HOLYOKE,MA,,US,,,,United States Postal Service,Q668687
0104000073,usps_collection_boxes,USPS COLLECTION BOX - BLUE BOX,2265 NORTHAMPTON ST,HOLYOKE,MA,,US,,,,United States Postal Service,Q668687
0104000135,usps_collection_boxes,USPS COLLECTION BOX - BLUE BOX,506 WESTFIELD RD,HOLYOKE,MA,,US,,,,United States Postal Service,Q668687
0104000062,usps_collection_boxes,USPS COLLECTION BOX - BLUE BOX,1 FARNUM DR,HOLYOKE,MA,,US,,,,United States Postal Service,Q668687
0104000040,usps_collection_boxes,USPS COLLECTION BOX - BLUE BOX,1056 MAIN ST,HOLYOKE,MA,,US,,,,United States Postal Service,Q668687
0104000095,usps_collection_boxes,USPS COLLECTION BOX - BLUE BOX,14 BOBALA RD,HOLYOKE,MA,,US,,,,United States Postal Service,Q668687
0104000046,usps_collection_boxes,USPS COLLECTION BOX - BLUE BOX,7 HOLYOKE ST,HOLYOKE,MA,,US,,,,United States Postal Service,Q668687
0104000109,usps_collection_boxes,USPS COLLECTION BOX - BLUE BOX,330 WHITNEY AVE,HOLYOKE,MA,,US,,,,United States Postal Service,Q668687
0104000115,usps_collection_boxes,USPS COLLECTION BOX - PO LOBBY,50 HOLYOKE ST LBBY,HOLYOKE,MA,,US,,,,United States Postal Service,Q668687
0104000139,usps_collection_boxes,USPS COLLECTION BOX - PO LOBBY,50 HOLYOKE ST,HOLYOKE,MA,,US,,,,United States Postal Service,Q668687
0104000041,usps_collection_boxes,USPS COLLECTION BOX - BLUE BOX,1221 MAIN ST,HOLYOKE,MA,,US,,,,United States Postal Service,Q668687
0104000043,usps_collection_boxes,USPS COLLECTION BOX - BLUE BOX,1236 MAIN ST,HOLYOKE,MA,,US,,,,United States Postal Service,Q668687
0104000042,usps_collection_boxes,USPS COLLECTION BOX - BLUE BOX,1233 MAIN ST,HOLYOKE,MA,,US,,,,United States Postal Service,Q668687
,visa,,,HOLYOKE,MA,,US,,,,,
,visa,,,HOLYOKE,MA,,US,,,,,
,visa,,,HOLYOKE,MA,,US,,,,,
,visa,,,HOLYOKE,MA,,US,,,,,
,visa,,,HOLYOKE,MA,,US,,,,,
,visa,,,HOLYOKE,MA,,US,,,,,
,visa,,,HOLYOKE,MA,,US,,,,,
,visa,,,HOLYOKE,MA,,US,,,,,
,visa,,,HOLYOKE,MA,,US,,,,,
,visa,,,HOLYOKE,MA,,US,,,,,
,visa,,,HOLYOKE,MA,,US,,,,,
,visa,,,HOLYOKE,MA,,US,,,,,
,visa,,,HOLYOKE,MA,,US,,,,,
,visa,,,HOLYOKE,MA,,US,,,,,
,visa,,,HOLYOKE,MA,,US,,,,,
,visa,,,HOLYOKE,MA,,US,,,,,
,visa,,,HOLYOKE,MA,,US,,,,,
,visa,,,HOLYOKE,MA,,US,,,,,
,visa,,,HOLYOKE,MA,,US,,,,,
,visa,,,HOLYOKE,MA,,US,,,,,
,visa,,,HOLYOKE,MA,,US,,,,,
,visa,,,HOLYOKE,MA,,US,,,,,
,visa,,,HOLYOKE,MA,,US,,,,,
,visa,,,HOLYOKE,MA,,US,,,,,
,visa,,,HOLYOKE,MA,,US,,,,,
,visa,,,HOLYOKE,MA,,US,,,,,
,visa,,,HOLYOKE,MA,,US,,,,,
,visa,,,HOLYOKE,MA,,US,,,,,
,visa,,,HOLYOKE,MA,,US,,,,,
,visa,,,HOLYOKE,MA,,US,,,,,
,visa,,,HOLYOKE,MA,,US,,,,,
,visa,,,HOLYOKE,MA,,US,,,,,
https://locations.vitaminshoppe.com/ma/holyoke/vitamins-supplements-holyoke-ma-822.html,vitamin_shoppe,The Vitamin Shoppe® Holyoke ,239 Whiting Farms Rd ,Holyoke,MA,,US,+1 413-538-4775,https://locations.vitaminshoppe.com/ma/holyoke/vitamins-supplements-holyoke-ma-822.html,Su 10:30-17:30; Mo 10:00-19:30; Tu 10:00-19:30; We 10:00-19:30; Th 10:00-19:30; Fr 10:00-19:30; Sa 10:00-19:00,The Vitamin Shoppe,Q7772938
https://www.walgreens.com/locator/walgreens-1588+northampton+st-holyoke-ma-01040/id=4967,walgreens,Walgreens,,Holyoke,MA,,US,+1 413-493-3901,https://www.walgreens.com/locator/walgreens-1588+northampton+st-holyoke-ma-01040/id=4967,Mo-Su 08:00-22:00,Walgreens,Q1591889
160,windsor_us,Holyoke Mall,,Holyoke,MA,,US,+1 413-561-0290,https://www.windsorstore.com/pages/ma-holyoke-holyoke-mall,,Windsor,Q72981668
3951,xfinity,Xfinity,,Holyoke,MA,,US,,https://www.xfinity.com/local/ma/holyoke/50-holyoke-st.html,Mo-Th 10:00-20:00; Fr-Sa 10:00-21:00; Su 11:00-18:00,Xfinity,Q5151002
