Ref,Spider,Name,Address,City,State,Zipcode,Country,Phone,Website,Hours,Brand,WikiData
https://stores.advanceautoparts.com/nh/nashua/300-main-st,advance_auto_parts_us,Advance Auto Parts,,Nashua,NH,,US,+1 603-598-0049,https://stores.advanceautoparts.com/nh/nashua/300-main-st,Mo-Sa 07:30-21:00; Su 09:00-20:00,Advance Auto Parts,Q4686051
https://local.pharmacy.shaws.com/#5673814,albertsons,Shaw's Pharmacy,,Nashua,NH,,US,+1 603-579-5445,https://local.pharmacy.shaws.com/nh/nashua/300-main-st.html,,Shaw's,Q578387
https://local.shaws.com/#5604814,albertsons,Shaw's,,Nashua,NH,,US,+1 603-579-6966,https://local.shaws.com/nh/nashua/300-main-st.html,,Shaw's,Q578387
https://local.shaws.com/#5604880,albertsons,Shaw's,,Nashua,NH,,US,+1 603-891-1649,https://local.shaws.com/nh/nashua/213-daniel-webster-hwy.html,Mo-Sa 07:00-22:00; Su 07:00-21:00,Shaw's,Q578387
https://storelocations.ae.com/#1726158,american_eagle_outfitters,Aerie & OFFLINE Store Pheasant Lane Mall,,Nashua,NH,,US,+1 603-888-1909,https://storelocations.ae.com/us/nh/nashua/02729-310-daniel-webster-hwy-s.html,Mo-Th 10:00-20:00; Fr-Sa 10:00-21:00; Su 11:00-19:00,Aerie & OFFLINE Store,Q2842931
https://storelocations.ae.com/#1726159,american_eagle_outfitters,American Eagle Store Pheasant Lane Mall,,Nashua,NH,,US,+1 603-891-2317,https://storelocations.ae.com/us/nh/nashua/00781-310-daniel-webster-hwy-s.html,Mo-Th 10:00-20:00; Fr-Sa 10:00-21:00; Su 11:00-18:00,American Eagle Store,Q2842931
https://stores.anntaylor.com/nh/nashua/310-daniel-webster-highway.html,anntaylor,Ann Taylor,,Nashua,NH,,US,+1 603-891-0050,https://stores.anntaylor.com/nh/nashua/310-daniel-webster-highway.html,Mo-Sa 10:00-20:00; Su 11:00-18:00,Ann Taylor,Q4766699
R354,apple,Apple Pheasant Lane,,Nashua,NH,,US,+1 603-521-3400,https://www.apple.com/retail/pheasantlane,Mo-Th 10:00-20:00; Fr-Sa 10:00-21:00; Su 11:00-18:00,Apple,Q421253
https://stores.ashleyfurniture.com/store/us/new-hampshire/nashua/9000038162/,ashley_furniture,"Ashley Store Nashua, NH",,Nashua,NH,,US,+1 603-888-4480,https://stores.ashleyfurniture.com/store/us/new-hampshire/nashua/9000038162/,,Ashley Furniture,Q4805437
11715,asics_us,DICK'S Sporting Goods  - Nashua,310 Daniel Webster Hwy,Nashua,NH,,US,+1 603-888-3579,,Mo-Sa 09:00-21:00; Su 10:00-19:00,asics,Q327247
19395,asics_us,Olympia Sports,310 Daniel Webster Hwy # 126,Nashua,NH,,US,+1 603-888-1807,,Mo-Sa 11:00-19:00; Su 12:00-18:00,asics,Q327247
2655,att_us,PHEASANT LN MALL STORE,,Nashua,NH,,US,+1 603-888-1188,https://www.att.com/stores/new-hampshire/nashua/2655,Mo-Th 10:00-20:00; Fr-Sa 10:00-21:00; Su 11:00-18:00,AT&T,Q298594
126,att_us,NASHUA OUTSIDE STORE,,Nashua,NH,,US,+1 603-891-1686,https://www.att.com/stores/new-hampshire/nashua/126,Mo-Sa 10:00-20:00; Su 11:00-18:00,AT&T,Q298594
USAA01C08,audi,Audi of Nashua,"170 Main Dunstable Rd, Nashua, NH 03060",Nashua,NH,,US,+1 603-595-1700,,,Audi,Q23317
https://locations.auntieannes.com/#6083,auntie_annes,Auntie Anne's Pheasant Lane Mall,,Nashua,NH,,US,+1 603-888-0407,https://locations.auntieannes.com/nh/nashua/310-daniel-webster-hwy,Mo-Th 10:00-20:00; Fr-Sa 10:00-21:00; Su 11:00-18:00,Auntie Anne's,Q4822010
5021,autozone_us,AutoZone Auto Parts Nashua,,Nashua,NH,,US,+1 603-888-7555,https://www.autozone.com/locations/nh/nashua/100-daniel-webster-hwy.html,Mo-Sa 07:30-21:00; Su 08:30-20:00,AutoZone,Q4826087
https://locators.bankofamerica.com/nh/nashua/financial-centers-nashua-14541.html,bankofamerica,Bank of America Financial Center & Drive-Thru ATM | Royal Ridge,,Nashua,NH,,US,+1 603-888-0795,https://locators.bankofamerica.com/nh/nashua/financial-centers-nashua-14541.html,Mo-Fr 09:00-17:00; Sa 09:00-14:00,Bank of America,Q487907
https://locators.bankofamerica.com/nh/nashua/financial-centers-nashua-14540.html,bankofamerica,Bank of America Financial Center & Walk-Up ATM | Nashua - 157 Main,,Nashua,NH,,US,+1 603-594-1900,https://locators.bankofamerica.com/nh/nashua/financial-centers-nashua-14540.html,Mo-Fr 09:00-17:00; Sa 09:00-14:00,Bank of America,Q487907
BBW00676,bathandbodyworks_us,PHEASANT LANE,,NASHUA,NH,,US,+1 603-888-5550,,Mo-Th 10:00-20:00; Fr-Sa 10:00-21:00; Su 11:00-18:00,Bath & Body Works,Q810773
https://stores.bestbuy.com/nh/nashua/220-daniel-webster-hwy-534.html,bestbuy,Best Buy Nashua,,Nashua,NH,,US,+1 603-891-4900,https://stores.bestbuy.com/nh/nashua/220-daniel-webster-hwy-534.html,,Best Buy,Q533415
0039,bjswholesale,Nashua,,Nashua,NH,,US,+1 603-888-9900,https://www.bjs.com/mapDetail;city=0039,Mo-Sa 08:00-21:00,BJ's Wholesale,Q4835754
42681,blaze_pizza,Blaze Pizza Nashua,,Nashua,NH,,US,+1 603-835-3574,https://blazepizza.olo.com/menu/blaze-pizza-nashua-pheasant-lane-mall/,,Blaze Pizza,Q23016666
67807,bluerhino,"ENT, Inc. - Shell #1127",,Nashua,NH,,US,+1 603-889-3372,,,Blue Rhino,Q65681213
209841,bluerhino,Rebel #895 - MCI,,Nashua,NH,,US,+1 603-821-0319,,,Blue Rhino,Q65681213
67806,bluerhino,"ENT, Inc. - Amherst Street Shell #1123",,Nashua,NH,,US,+1 603-886-3994,,,Blue Rhino,Q65681213
89825,bluerhino,"ENT, Inc. - Main Dunstable Shell #1124",,Nashua,NH,,US,+1 603-889-4877,,,Blue Rhino,Q65681213
47242,bluerhino,Cumberland Farms #5433,,Nashua,NH,,US,+1 603-886-9485,,,Blue Rhino,Q65681213
219558,bluerhino,OM Shell Express,,Nashua,NH,,US,+1 603-943-5245,,,Blue Rhino,Q65681213
67809,bluerhino,"ENT, Inc. - West Hollis Street Shell #1126",,Nashua,NH,,US,+1 603-886-3915,,,Blue Rhino,Q65681213
162658,bluerhino,Nashua Ace Hardware #16421E,,Nashua,NH,,US,+1 603-882-9491,,,Blue Rhino,Q65681213
181131,bluerhino,Family Dollar #08353,,Nashua,NH,,US,+1 603-594-9976,,,Blue Rhino,Q65681213
67810,bluerhino,"ENT, Inc. - Shell #1125",,Nashua,NH,,US,+1 603-882-3962,,,Blue Rhino,Q65681213
187543,bluerhino,"Global #2736 - Nashua, NH",,Nashua,NH,,US,+1 603-883-6789,,,Blue Rhino,Q65681213
206408,bluerhino,Rite Aid #10270,,Nashua,NH,,US,+1 603-886-9210,,,Blue Rhino,Q65681213
43172,bluerhino,Cumberland Farms #5436,,Nashua,NH,,US,+1 603-891-2278,,,Blue Rhino,Q65681213
102740,bluerhino,Lowe's #2391,,Nashua,NH,,US,+1 603-521-9950,,,Blue Rhino,Q65681213
108269,bluerhino,HRA Market,,Nashua,NH,,US,+1 603-290-9347,,,Blue Rhino,Q65681213
153220,bluerhino,Walgreens #11505,,Nashua,NH,,US,+1 603-891-2907,,,Blue Rhino,Q65681213
207785,bluerhino,Nouria Energy #1187,,Nashua,NH,,US,+1 603-888-7303,,,Blue Rhino,Q65681213
74733,bluerhino,Cumberland Farms #5423,,Nashua,NH,,US,+1 603-888-3619,,,Blue Rhino,Q65681213
CW001443,bmo,Costco,,Nashua,NH,,US,,,,BMO,Q4835981
16815_01,bmw_group,Tulley BMW,,Nashua,NH,,US,+1 603-888-5050,https://www.tulleybmw.com,,BMW,Q26678
16815_3,bmw_group,"Tulley BMW, Certified Collision Repair Center",,Nashua,NH,,US,+1 603-888-0550,,,BMW,Q26678
0416,bootbarn,Natick,,"Nashua,",NH,,US,+1 603-713-0099,https://www.bootbarn.com/stores?StoreID=0416,Mo-Sa 09:00-21:00; Su 10:00-19:00,Boot Barn,Q109825187
3815,buffalo_wild_wings_us,"Nashua, NH",,Nashua,NH,,US,+1 603-888-9464,https://www.buffalowildwings.com/locations/us/nh/nashua/310-daniel-webster-highway/sports-bar-1469,Mo-Su 11:00-23:00,Buffalo Wild Wings,Q509255
32449,cadillac,MACMULKIN CADILLAC,,Nashua,NH,,US,+1 603-821-0370,https://www.macmulkincadillac.com,Mo-Th 08:30-20:00; Fr 08:30-19:30; Sa 08:30-18:00; Su 08:00-18:00,Cadillac,Q27436
558A,carpet_one_floor_and_home_us,Nashua Wallpaper Co. Carpet One Floor & Home,,Nashua,NH,,US,+1 603-882-9491,https://www.nashuawallpapercarpetone.com/,,Carpet One Floor & Home,Q121335910
//locations.carters.com/nh/nashua/carters-nashua-nh,carters_us,Carter's Nashua,,Nashua,NH,,US,+1 603-888-9745,https://locations.carters.com/nh/nashua/carters-nashua-nh,Mo-Th 10:00-20:00; Fr-Sa 10:00-21:00; Su 11:00-18:00,Carter's,Q5047083
14992787,chase_us,Nashua South - New branch,,Nashua,NH,,US,+1 603-324-3320,https://locator.chase.com/nh/nashua/232-daniel-webster-hwy,Mo-Fr 09:00-17:00; Sa 09:00-13:00,Chase,Q524629
32449,chevrolet,MACMULKIN CHEVROLET CADILLAC,,Nashua,NH,,US,+1 603-821-0370,https://www.macmulkin.net,Mo-Th 08:00-20:00; Fr 08:00-19:30; Sa-Su 08:00-18:00,Chevrolet,Q29570
001.005.0817,chilis,Nashua,,Nashua,NH,,US,+1 603-888-3200,https://www.chilis.com/locations/us/new-hampshire/nashua/nashua/,Mo-Th 11:00-22:00; Fr-Sa 11:00-23:00; Su 11:00-22:00,Chili's,Q1072948
nh_nashua_225-daniel-webster-hwy,chipotle, ,,Nashua,NH,,US,+1 603-888-0889,https://locations.chipotle.com/nh/nashua/225-daniel-webster-hwy,,Chipotle,Q465751
76170,citi,ATM Slades Food & Spirits,,Nashua,NH,,US,,,,Citibank,Q857063
49399,citi,ATM CVS,,Nashua,NH,,US,,,,Citibank,Q857063
89726,citi,ATM Walgreens,,Nashua,NH,,US,,,,Citibank,Q857063
73240,citi,ATM Rite Aid,,Nashua,NH,,US,,,,Citibank,Q857063
32174,citi,ATM 7ELEVEN-FCTI,,Nashua,NH,,US,,,,Citibank,Q857063
46067,citi,ATM Costco,,Nashua,NH,,US,,,,Citibank,Q857063
79103,citi,ATM Speedway,,Nashua,NH,,US,,,,Citibank,Q857063
82296,citi,ATM Target,,Nashua,NH,,US,,,,Citibank,Q857063
88961,citi,ATM Walgreens,,Nashua,NH,,US,,,,Citibank,Q857063
49069,citi,ATM CVS,,Nashua,NH,,US,,,,Citibank,Q857063
030481,citizens_us,Citizens Main Street Nashua,,Nashua,NH,,US,+1 603-594-7700,,Mo-Fr 09:00-16:00; Sa 09:00-12:00,Citizens,Q5122694
030484,citizens_us,Citizens Southgate Plaza,,Nashua,NH,,US,+1 603-594-7600,,Mo-Fr 09:00-16:00; Sa 09:00-12:00,Citizens,Q5122694
ATM-535,citizens_us,,,Nashua,NH,,US,+1 603-594-7600,,24/7,Citizens,Q5122694
ATM-536,citizens_us,,,Nashua,NH,,US,+1 603-594-7700,,24/7,Citizens,Q5122694
ATM-1704,citizens_us,,,Nashua,NH,,US,,,,Citizens,Q5122694
ATM-1580,citizens_us,,,Nashua,NH,,US,,,,Citizens,Q5122694
ATM-2318,citizens_us,,,Nashua,NH,,US,,,,Citizens,Q5122694
,credit_union_us,Service FCU,,Nashua,NH,,US,+1 603-883-8883,,Mo-We 09:00-05:00; Th-Fr 09:00-06:00; Sa 09:00-01:00,,
,credit_union_us,Triangle CU,,Nashua,NH,,US,+1 603-888-2900,,Mo-Fr 09:00-06:00; Sa 10:00-02:00,,
520300,cumberland_farms_us,Cumberland Farms,,NASHUA,NH,,US,+1 603-891-2278,https://www.cumberlandfarms.com/find-us/generic-store-page/?id=005436,,Cumberland Farms,Q1143685
520295,cumberland_farms_us,Cumberland Farms,,NASHUA,NH,,US,+1 603-888-3619,https://www.cumberlandfarms.com/find-us/generic-store-page/?id=005423,,Cumberland Farms,Q1143685
639,cvs_us,CVS Pharmacy,,Nashua,NH,,US,+1 603-886-1786,https://www.cvs.com/store-locator/nashua-nh-pharmacies/242-main-street-nashua-nh-03060/storeid=639,24/7,CVS Pharmacy,Q2078880
16583,cvs_us,CVS Pharmacy,,Nashua,NH,,US,+1 603-891-4869,https://www.cvs.com/store-locator/nashua-nh-pharmacies/310-daniel-webster-hwy-nashua-nh-03060/storeid=16583,"Mo-Fr 10:00-13:30,14:00-18:00; Sa 11:00-13:30,14:00-17:00; Su 12:00-17:00",CVS Pharmacy,Q2078880
1003,cvs_us,CVS Pharmacy,,Nashua,NH,,US,+1 603-888-4354,https://www.cvs.com/store-locator/nashua-nh-pharmacies/214-daniel-webster-highway-nashua-nh-03060/storeid=1003,Mo-Su 08:00-22:00,CVS Pharmacy,Q2078880
616,dickssportinggoods,"DICK'S Sporting Goods Store in Nashua, NH | 616",,Nashua,NH,,US,+1 603-888-3579,https://stores.dickssportinggoods.com/nh/nashua/616/,Mo-Sa 09:00-21:00; Su 10:00-19:00,Dick's Sporting Goods,Q5272601
Webster Square,dsw,DSW,,Nashua,NH,,US,+1 603-891-2050,https://stores.dsw.com/usa/nh/nashua/dsw-designer-shoe-warehouse-webster-square.html,Mo-Sa 10:00-20:00; Su 11:00-19:00,Designer Shoe Warehouse,Q5206207
336789,dunkin_us,Dunkin',,Nashua,NH,,US,+1 603-324-8160,https://locations.dunkindonuts.com/en/nh/nashua/119-east-hollis-st/336789,Mo-We 03:30-20:00; Th 03:30-18:00; Fr-Su 03:30-20:00,Dunkin',Q847743
336790,dunkin_us,Dunkin',,Nashua,NH,,US,+1 603-888-4154,https://locations.dunkindonuts.com/en/nh/nashua/242-daniel-webster-highway/336790,Mo-Su 05:00-19:00,Dunkin',Q847743
335574,dunkin_us,Dunkin',,Nashua,NH,,US,+1 603-880-5352,https://locations.dunkindonuts.com/en/nh/nashua/190-amherst-st/335574,Mo-Su 05:00-20:00,Dunkin',Q847743
300976,dunkin_us,Dunkin',,Nashua,NH,,US,+1 603-891-9674,https://locations.dunkindonuts.com/en/nh/nashua/109-daniel-webster-hwy/300976,Mo-Sa 04:00-21:00; Su 05:00-21:00,Dunkin',Q847743
358089,dunkin_us,Dunkin',,Nashua,NH,,US,+1 603-318-3393,https://locations.dunkindonuts.com/en/nh/nashua/267-main-st/358089,Mo-Su 04:30-20:00,Dunkin',Q847743
300254,dunkin_us,Dunkin',,Nashua,NH,,US,+1 603-883-3476,https://locations.dunkindonuts.com/en/nh/nashua/103-broad-st/300254,Mo-Sa 04:00-21:00; Su 05:00-21:00,Dunkin',Q847743
338939,dunkin_us,Dunkin',,Nashua,NH,,US,+1 603-889-0543,https://locations.dunkindonuts.com/en/nh/nashua/315-west-hollis-st/338939,Mo 00:00-24:00; Tu 05:00-24:00; We-Su 00:00-24:00,Dunkin',Q847743
300590,dunkin_us,Dunkin',,Nashua,NH,,US,+1 603-318-3422,https://locations.dunkindonuts.com/en/nh/nashua/42-main-st/300590,Mo-Su 04:30-19:00,Dunkin',Q847743
https://www.edwardjones.com/us-en/financial-advisor/tyler-lavoie,edwardjones,Tyler D Lavoie,,Nashua,NH,,US,+1 603-594-0038,https://www.edwardjones.com/us-en/financial-advisor/tyler-lavoie,Mo 09:00-18:00; Tu 09:00-16:00; We-Fr 09:00-18:00,Edward Jones,Q5343830
520300,eg_america_us,Cumberland Farms,,NASHUA,NH,,US,+1 603-891-2278,https://www.cumberlandfarms.com/find-us/generic-store-page/?id=005436,,Cumberland Farms,Q1143685
520295,eg_america_us,Cumberland Farms,,NASHUA,NH,,US,+1 603-888-3619,https://www.cumberlandfarms.com/find-us/generic-store-page/?id=005423,,Cumberland Farms,Q1143685
210332,electrify_america,"Simon Pheasant Lane Mall (Nashua, NH)",,Nashua,NH,,US,,,,Electrify America,Q59773555
E110B7,enterprise,Nashua Main St.,,Nashua,NH,,US,+1 603-821-7414,,,Enterprise Rent-A-Car,Q17085454
0413,european_wax_center_us,European Wax Center,,Nashua,NH,,US,+1 603-821-0707,https://locations.waxcenter.com/nh/nashua/nashua-0413.html,Mo-Fr 09:00-20:00; Sa 08:30-18:00; Su 09:00-17:00,European Wax Center,Q5413426
310-daniel-webster-highway,express,Pheasant Lane,,Nashua,NH,,US,+1 603-891-2511,https://stores.express.com/us/nh/nashua/310-daniel-webster-highway,Mo-Th 10:00-20:00; Fr-Sa 10:00-21:00; Su 11:00-18:00,Express,Q1384784
501842,extra_space_storage,Nashua Self Storage at 1 Chestnut St,,Nashua,NH,,US,+1 603-881-7711,https://www.extraspace.com/storage/facilities/us/new_hampshire/nashua/501842/,Mo-Fr 09:30-18:00; Sa 09:00-17:30,Extra Space Storage,Q5422162
https://stores.finishline.com/nh/nashua/pheasant-lane-mall.html,finishline,Finish Line,,Nashua,NH,,US,+1 603-891-2993,https://stores.finishline.com/nh/nashua/pheasant-lane-mall.html,Mo-Th 11:00-19:00; Fr-Sa 10:00-20:00; Su 11:00-18:00,Finish Line,Q5450341
https://locations.fivebelow.com/nh/nashua/266-daniel-webster-highway,five_below,Five Below Nashua,,Nashua,NH,,US,,https://locations.fivebelow.com/nh/nashua/266-daniel-webster-highway,Mo-Sa 10:00-20:00; Su 11:00-18:00,Five Below,Q5455836
https://restaurants.fiveguys.com/#15552363,five_guys_us,Five Guys Webster Square,,Nashua,NH,,US,+1 603-821-4131,https://restaurants.fiveguys.com/258-daniel-webster-highway,"Mo-Su 11:00-21:30,11:00-22:00",Five Guys,Q1131810
https://stores.footlocker.com/nh/nashua/310-daniel-webster-hwy-7693.html,footlocker,"Foot Locker in Pheasant Lane Mall: Nashua, New Hampshire | Approved | Own It",,Nashua,NH,,US,+1 603-891-1617,https://stores.footlocker.com/nh/nashua/310-daniel-webster-hwy-7693.html,Mo-Th 10:00-20:00; Fr-Sa 10:00-21:00; Su 11:00-18:00,Foot Locker,Q63335
https://locations.forever21.com/#35646770,forever21_us,Pheasant Lane Mall,,Nashua,NH,,US,+1 603-402-5028,https://locations.forever21.com/us/stores/nh/nashua/310-daniel-webster-hwy,Mo-Th 11:00-20:00; Fr-Sa 10:00-21:00; Su 11:00-18:00,Forever 21,Q1060537
0196,gamestop_us,Pheasant Lane Mall 2nd Floor,,Nashua,NH,,US,+1 603-888-7619,https://www.gamestop.com/search/?store=0196,Mo-Th 10:00-20:00; Fr-Sa 10:00-21:00; Su 12:00-18:00,GameStop,Q202210
https://stores.gnc.com/#45600742,gnc,GNC DANIEL WEBSTER CROSSING,,,NH,,US,+1 603-689-1010,https://stores.gnc.com/all-stores-new-hampshire/nashua/8-spitbrook-rd,Mo-Sa 10:00-19:00; Su 11:00-18:00,GNC,Q4808595
https://www.goodyearautoservice.com/en_US/location/Nashua-NH-03060-US-000900346,goodyear_us,"Goodyear Auto Service - Nashua, Nashua, NH | Oil, Brakes & Repairs | #000900346",,Nashua,NH,,US,+1 603-883-3392,https://www.goodyearautoservice.com/en_US/location/Nashua-NH-03060-US-000900346,Mo-Sa 07:00-18:00,Goodyear,Q620875
https://salons.greatclips.com/us/nh/nashua/292-daniel-webster-hwy,greatclips,Great Clips,,Nashua,NH,,US,+1 603-888-8600,https://salons.greatclips.com/us/nh/nashua/292-daniel-webster-hwy,Mo-Fr 09:00-20:00; Sa 09:00-19:00; Su 10:00-18:00,Great Clips,Q5598967
7401,honey_baked,HoneyBaked of Nashua,,Nashua,NH,,US,+1 603-888-6800,https://www.honeybaked.com/stores/7401,,Honey Baked Ham,Q5893363
28055,h_r_block,H&R Block,,Nashua,NH,,US,+1 603-595-2716,https://www.hrblock.com/local-tax-offices/new-hampshire/nashua/main-street-marketplace/28055/,,H&R Block,Q5627799
nh_nashua_breakfast-230-daniel-webster-hwy-3329,ihop,IHOP Breakfast Restaurants Near You at 230 Daniel Webster Hwy,,Nashua,NH,,US,+1 603-546-0400,https://restaurants.ihop.com/en-us/nh/nashua/breakfast-230-daniel-webster-hwy-3329,,IHOP,Q1185675
https://office.jacksonhewitt.com/#27578977,jackson_hewitt,Jackson Hewitt,,Nashua,NH,,US,+1 603-204-5838,https://office.jacksonhewitt.com/tax-preparation-services-locations/en/nh/nashua/213-main-st/14243,Mo-Fr 09:00-20:00; Sa 10:00-19:00,Jackson Hewitt,Q6117132
081079,kindercare,KinderCare at Rivier University,,Nashua,NH,,US,,https://www.kindercare.com/our-centers/nashua/nh/081079,,KinderCare Learning Centers,Q6410551
https://local.lenscrafters.com/nh/nashua/310-daniel-webster-hwy.html,lenscrafters,LensCrafters,,Nashua,NH,,US,+1 603-888-9292,https://local.lenscrafters.com/nh/nashua/310-daniel-webster-hwy.html,Mo-Fr 10:00-20:00; Sa 09:30-20:00; Su 11:00-18:00,LensCrafters,Q6523209
https://locations.massageenvy.com/#1773809,massage_envy,Massage Envy Nashua,,Nashua,NH,,US,+1 603-598-4400,https://locations.massageenvy.com/new-hampshire/nashua/310-daniel-webster-highway.html,Mo-Fr 08:00-22:00; Sa 08:00-18:00; Su 10:00-20:00,Massage Envy,Q10327170
17853,mattress_firm_us,Mattress Firm Nashua,,Nashua,NH,,US,+1 603-888-1479,https://www.mattressfirm.com/en-us/stores/nh/nashua/120193/,,Mattress Firm,Q6791878
1689,michaels,"Nashua, NH",,Nashua,NH,,US,+1 603-821-4224,https://locations.michaels.com/nh/nashua/1689,Mo-Sa 09:00-21:00; Su 10:00-19:00,Michaels,Q6835667
2364,mightyflame,A&P KORNER,,NASHUA,NH,,US,+1 978-569-8407,,,Mighty Flame,
https://locations.mtb.com/#3028028,mt_bank_us,M&T Bank,,,NH,,US,+1 603-888-2320,https://locations.mtb.com/nh/nashua/bank-branches-and-atms-nashua-nh-8129.html,Mo-Th 09:00-16:00; Fr 09:00-17:00; Sa 09:00-12:00,M&T Bank,Q3272257
https://locations.oreillyauto.com/nh/nashua/check-engine-light-testing-5712.html,oreilly,Your Nashua O'Reilly Auto Parts Store,,Nashua,NH,,US,+1 603-882-5117,https://locations.oreillyauto.com/nh/nashua/check-engine-light-testing-5712.html,Mo-Sa 07:30-21:00; Su 09:00-20:00,O'Reilly Auto Parts,Q7071951
https://locations.oreillyauto.com/nh/nashua/wiper-installation-5712.html,oreilly,Your Nashua O'Reilly Auto Parts Store,,Nashua,NH,,US,+1 603-882-5117,https://locations.oreillyauto.com/nh/nashua/wiper-installation-5712.html,Mo-Sa 07:30-21:00; Su 09:00-20:00,O'Reilly Auto Parts,Q7071951
https://locations.oreillyauto.com/nh/nashua/autopartes-5712.html,oreilly,Tu tienda O'Reilly Auto Parts en Nashua,,Nashua,NH,,US,+1 603-882-5117,https://locations.oreillyauto.com/nh/nashua/autopartes-5712.html,Mo-Sa 07:30-21:00; Su 09:00-20:00,O'Reilly Auto Parts,Q7071951
https://locations.oreillyauto.com/nh/nashua/battery-testing-5712.html,oreilly,Your Nashua O'Reilly Auto Parts Store,,Nashua,NH,,US,+1 603-882-5117,https://locations.oreillyauto.com/nh/nashua/battery-testing-5712.html,Mo-Sa 07:30-21:00; Su 09:00-20:00,O'Reilly Auto Parts,Q7071951
//locations.oshkosh.com/nh/nashua/oshkosh-nashua-nh,oshkosh_us,Oshkosh B'gosh Nashua,,Nashua,NH,,US,+1 603-888-9745,https://locations.oshkosh.com/nh/nashua/oshkosh-nashua-nh,Mo-Th 10:00-20:00; Fr-Sa 10:00-21:00; Su 11:00-18:00,OshKosh B'gosh,Q1417347
113117,pandaexpress,Daniel Webster Hwy & Royal Ridge,,Nashua,NH,,US,+1 603-888-1762,https://www.pandaexpress.com/locations/nh/nashua/219-daniel-webster-highway,Mo-Su 10:30-21:30,Panda Express,Q1358690
usf6c224b9,pandora,About Pandora Jewelry at 3825 Pandora @ Pheasant Lane,,Nashua,NH,,US,+1 603-888-4860,https://stores.pandora.net/nh/nashua/pandora-jewelry-usf6c224b9.html,Mo-Th 10:00-20:00; Fr-Sa 10:00-21:00; Su 12:00-18:00,Pandora,Q2241604
https://locations.papajohns.com/#10692175,papa_johns,Papa John's,,Nashua,NH,,US,+1 603-888-5005,https://locations.papajohns.com/united-states/nh/03060/nashua/110-daniel-webster-hwy,Mo-Th 10:00-01:00; Fr-Sa 10:00-02:00; Su 10:00-01:00,Papa John's Pizza,Q2759586
6047,party_city,Webster Square,,Nashua,NH,,US,+1 978-226-3104,https://stores.partycity.com/us/nh/nashua/party-store-pc6047.html,,Party City,Q7140896
https://stores.petco.com/#27960377,petco,Petco Nashua,,Nashua,NH,,US,+1 603-897-7387,https://stores.petco.com/nh/nashua/pet-supplies-nashua-nh-743.html,Mo-Sa 09:00-20:00; Su 10:00-19:00,Petco,Q7171798
nh_nashua_199-daniel-webster-hwy-s,pizza_hut_us,199 Daniel Webster Hwy S,,Nashua,NH,,US,+1 603-888-3553,https://locations.pizzahut.com/nh/nashua/199-daniel-webster-hwy-s,,Pizza Hut,Q191615
restaurant_85596,popeyes_us_fr,Popeyes,"141 Daniel Webster Highway Nashua, New Hampshire 03060 - USA",Nashua,NH,,US,+1 603-943-5197,https://www.popeyes.com/store-locator/store/restaurant_85596,Mo-Su 10:30-22:00,Popeyes,Q1330910
nashua-wallpaper-and-paint-35472,ppgpaints,NASHUA WALLPAPER & PAINT,,"Nashua, ",NH,,US,+1 603-882-9491,https://www.ppgpaints.com/store-locator/us/new-hampshire/nashua-paint-stores/nashua-wallpaper-and-paint-35472,,PPG Paints,Q83891559
home-depot-3481-12144,ppgpaints,HOME DEPOT 3481,,"Nashua, ",NH,,US,+1 603-891-4300,https://www.ppgpaints.com/store-locator/us/new-hampshire/nashua-paint-stores/home-depot-3481-12144,,PPG Paints,Q83891559
1833,rentacenter,Rent-A-Center,,Nashua,NH,,US,+1 603-886-4900,https://locations.rentacenter.com/new-hampshire/nashua/300-main-st/,Mo-Sa 10:00-18:00,Rent-A-Center,Q7313497
10270,rite_aid_us,Rite Aid #10270 Nashua,,Nashua,NH,,US,+1 603-886-9210,https://locations2.riteaid.com.yext-cdn.com/nh/nashua/331-main-street.html,Mo-Sa 08:00-21:00; Su 09:00-18:00,Rite Aid,Q3433273
https://stores.saloncentric.com/#29173383,salon_centric_us,SalonCentric,,,NH,,US,+1 603-891-2888,https://stores.saloncentric.com/nh/nashua/3901,Mo 08:00-18:30; Tu-Fr 08:00-18:00; Sa 08:30-16:00; Su 12:00-16:00,SalonCentric,Q124339481
402,sanel_napa,NAPA Nashua,358 Main St.,Nashua,NH,,US,+1 603-882-8187,https://www.napaonline.com/en/nh/nashua/store/22832,,Sanel NAPA,Q122564780
1151,savers,Nashua,,Nashua,NH,,US,+1 603-888-0409,https://stores.savers.com/nh/nashua/savers-thrift-store-1151.html,Mo-Sa 09:00-21:00; Su 09:00-19:00,Savers,Q7428188
789,simonmalls,Pheasant Lane Mall,,Nashua,NH,,US,+1 603-888-2331,https://www.simon.com/mall/pheasant-lane-mall,Mo-Th 10:00-20:00; Fr-Sa 10:00-21:00; Su 11:00-18:00,Simon Malls,Q2287759
14099291260737872201,sleep_number_us,Sleep Number,,Nashua,NH,,US,,https://www.sleepnumber.com/stores/nh/nashua/278-daniel-webster-hwy,Mo-Th 10:00-19:00; Fr-Sa 10:00-20:00; Su 11:00-19:00,Sleep Number,Q7447640
1105,sola_salon_studios,Nashua,,Nashua,NH,,US,+1 857-810-0909,https://www.solasalonstudios.com/locations/nashua,,Sola Salon Studios,Q64337426
252-daniel-webster-hwy,staples,"Staples Nashua, NH",,Nashua,NH,,US,,https://stores.staples.com/nh/nashua/252-daniel-webster-hwy,Mo-Fr 08:00-20:00; Sa 09:00-20:00; Su 10:00-18:00,Staples,Q785943
https://restaurants.subway.com/#14899152,subway,Subway,,Nashua Hillsborough,NH,,US,+1 603-883-1211,https://restaurants.subway.com/united-states/nh/nashua/291-main-st,Mo-Tu 09:00-22:00; We 09:00-23:00; Th-Fr 09:00-24:00; Sa-Su 10:00-21:00,Subway,Q244457
https://restaurants.subway.com/#14908974,subway,Subway,,Nashua Hillsborough,NH,,US,+1 603-891-1466,https://restaurants.subway.com/united-states/nh/nashua/112-daniel-webster-hwy,Mo-Tu 08:00-21:00; We-Sa 08:00-21:30; Su 08:30-21:00,Subway,Q244457
https://stores.sunglasshut.com/us/nh/nashua/310-daniel-webster-hwy-6250,sunglass_hut_1,Sunglass Hut at Macy's,,Nashua,NH,,US,+1 603-888-0732,https://stores.sunglasshut.com/us/nh/nashua/310-daniel-webster-hwy-6250,Mo-Sa 10:00-21:00; Su 11:00-19:00,Sunglass Hut,Q136311
0267950400,sunoco_us,Sunoco,,NASHUA,NH,,US,+1 603-889-9529,,Mo-Sa 07:00-22:00; Su 00:00-00:00,Sunoco,Q1423218
0012476802,sunoco_us,Sunoco,,NASHUA,NH,,US,+1 603-882-0723,,Mo-Su 06:00-22:00,Sunoco,Q1423218
8704,supercuts,Webster Square,274 Daniel Webster Hwy,Nashua,NH,,US,+1 603-891-4188,https://www.supercuts.com/checkin/8704,Mo-Fr 09:00-19:00; Sa-Su 09:00-17:00,Supercuts,Q7643239
80366,supercuts,Main Street Marketplace,300 Main St,Nashua,NH,,US,+1 603-594-8545,https://www.supercuts.com/checkin/80366,Mo-Fr 10:00-18:00; Sa 09:00-17:00; Su 10:00-17:00,Supercuts,Q7643239
https://locations.tacobell.com/#6144445,taco_bell,Taco Bell,,Nashua,NH,,US,+1 603-886-2859,https://locations.tacobell.com/nh/nashua/300-main-street.html,Mo-Su 07:00-02:00,Taco Bell,Q752941
0016,the_paper_store_us,The Paper Store,,Nashua,NH,,US,+1 603-897-1001,https://locations.thepaperstore.com/nashua-213-daniel-webster-hwy-ste-5-03060-6600,Mo-Fr 10:00-20:00; Sa 09:00-20:00; Su 10:00-18:00,The Paper Store,Q65068381
5073,tjx,Nashua,213 Daniel Webster Highway,Nashua,NH,,US,+1 603-888-0524,,Mo-Sa 09:30-21:30; Su 10:00-20:00,Sierra,Q7511598
28834,tjx,Nashua,213 Daniel Webster Highway,Nashua,NH,,US,+1 603-888-9816,,Mo-Sa 09:30-21:30; Su 10:00-20:00,HomeGoods,Q5887941
1025,tjx,Nashua,213 Daniel Webster Highway,Nashua,NH,,US,+1 603-888-4703,,Mo-Sa 09:30-21:30; Su 10:00-20:00,Marshalls,Q15903261
08345,tjx,Nashua,268 Daniel Webster Hwy,Nashua,NH,,US,+1 603-888-5962,,Mo-Sa 09:30-21:30; Su 10:00-20:00,TJ Maxx,Q10860683
4ESU,tmobile_us,Pheasant Lane Mall,,Nashua,NH,,US,+1 603-888-8880,https://www.t-mobile.com/store-locator/nh/nashua/pheasant-lane-mall,,T-Mobile,Q3511885
3820,tmobile_us,Pheasant Lane Mall-First Floor,,Nashua,NH,,US,+1 603-577-4600,https://www.t-mobile.com/store-locator/nh/nashua/pheasant-lane-mall-first-floor,,T-Mobile,Q3511885
3SNG,tmobile_us,Nashua Daniel Webster Highway,,Nashua,NH,,US,+1 603-891-4735,https://www.t-mobile.com/store-locator/nh/nashua/nashua-daniel-webster-highway,,T-Mobile,Q3511885
507,trader_joes_us,Trader Joe's Nashua (507),,Nashua,NH,,US,+1 603-888-5460,https://locations.traderjoes.com/nh/nashua/507/,Mo-Su 08:00-21:00,Trader Joe's,Q688825
https://www.ubreakifix.com/locations/nashua,ubreakifix,uBreakiFix Nashua,,Nashua,NH,,US,+1 603-402-5952,https://www.ubreakifix.com/locations/nashua,Mo-Sa 10:00-19:00,uBreakiFix,Q53685733
1374425,usps,NASHUA,,NASHUA,NH,,US,+1 603-882-7515,,Mo-Fr 08:00-17:00; Sa 08:00-12:30,United States Postal Service,Q668687
1374428,usps,NASHUA SOUTH,,NASHUA,NH,,US,+1 603-888-7833,,Mo-Fr 09:00-17:30; Sa 09:30-12:30,United States Postal Service,Q668687
0306000044,usps_collection_boxes,USPS COLLECTION BOX - BLUE BOX,18 SIMON ST,NASHUA,NH,,US,,,,United States Postal Service,Q668687
0306000028,usps_collection_boxes,USPS COLLECTION BOX - BLUE BOX,157 MAIN DUNSTABLE RD,NASHUA,NH,,US,,,,United States Postal Service,Q668687
0306000055,usps_collection_boxes,USPS COLLECTION BOX - BLUE BOX,217 W HOLLIS ST,NASHUA,NH,,US,,,,United States Postal Service,Q668687
0306000019,usps_collection_boxes,USPS COLLECTION BOX - BLUE BOX,172 KINSLEY ST,NASHUA,NH,,US,,,,United States Postal Service,Q668687
0306000021,usps_collection_boxes,USPS COLLECTION BOX - BLUE BOX,295 LAKE ST,NASHUA,NH,,US,,,,United States Postal Service,Q668687
0306000065,usps_collection_boxes,USPS COLLECTION BOX - BLUE BOX,1 CHESTNUT ST,NASHUA,NH,,US,,,,United States Postal Service,Q668687
0306000023,usps_collection_boxes,USPS COLLECTION BOX - BLUE BOX,60 MAIN ST,NASHUA,NH,,US,,,,United States Postal Service,Q668687
0306000008,usps_collection_boxes,USPS COLLECTION BOX - BLUE BOX,23 FACTORY ST,NASHUA,NH,,US,,,,United States Postal Service,Q668687
0306000030,usps_collection_boxes,USPS COLLECTION BOX - BLUE BOX,115 MAIN ST,NASHUA,NH,,US,,,,United States Postal Service,Q668687
0306000056,usps_collection_boxes,USPS COLLECTION BOX - BLUE BOX,109 W PEARL ST,NASHUA,NH,,US,,,,United States Postal Service,Q668687
0306000054,usps_collection_boxes,USPS COLLECTION BOX - BLUE BOX,56 W HOLLIS ST,NASHUA,NH,,US,,,,United States Postal Service,Q668687
0306000074,usps_collection_boxes,USPS COLLECTION BOX - BLUE BOX,146 MAIN ST,NASHUA,NH,,US,,,,United States Postal Service,Q668687
0306000026,usps_collection_boxes,USPS COLLECTION BOX - BLUE BOX,191 MAIN ST,NASHUA,NH,,US,,,,United States Postal Service,Q668687
0306000015,usps_collection_boxes,USPS COLLECTION BOX - BLUE BOX,1 INDIAN HEAD PLZ,NASHUA,NH,,US,,,,United States Postal Service,Q668687
0306000067,usps_collection_boxes,USPS COLLECTION BOX - BLUE BOX,1 INDIAN HEAD PLZ,NASHUA,NH,,US,,,,United States Postal Service,Q668687
0306000022,usps_collection_boxes,USPS COLLECTION BOX - BLUE BOX,194 MAIN ST,NASHUA,NH,,US,,,,United States Postal Service,Q668687
0306000004,usps_collection_boxes,USPS COLLECTION BOX - BLUE BOX,219 MAIN ST,NASHUA,NH,,US,,,,United States Postal Service,Q668687
0306000053,usps_collection_boxes,USPS COLLECTION BOX - BLUE BOX,40 TEMPLE ST,NASHUA,NH,,US,,,,United States Postal Service,Q668687
0306000031,usps_collection_boxes,USPS COLLECTION BOX - BLUE BOX,229 MAIN ST,NASHUA,NH,,US,,,,United States Postal Service,Q668687
0306000090,usps_collection_boxes,USPS COLLECTION BOX - PO LOBBY,38 SPRING ST,NASHUA,NH,,US,,,,United States Postal Service,Q668687
0306000047,usps_collection_boxes,USPS COLLECTION BOX - BLUE BOX,38 SPRING ST,NASHUA,NH,,US,,,,United States Postal Service,Q668687
0306000076,usps_collection_boxes,USPS COLLECTION BOX - BLUE BOX,38 SPRING ST,NASHUA,NH,,US,,,,United States Postal Service,Q668687
0306000077,usps_collection_boxes,USPS COLLECTION BOX - BLUE BOX,38 SPRING ST,NASHUA,NH,,US,,,,United States Postal Service,Q668687
0306000078,usps_collection_boxes,USPS COLLECTION BOX - BLUE BOX,38 SPRING ST,NASHUA,NH,,US,,,,United States Postal Service,Q668687
0306000079,usps_collection_boxes,USPS COLLECTION BOX - APC,38 SPRING ST,NASHUA,NH,,US,,,,United States Postal Service,Q668687
0306000070,usps_collection_boxes,USPS COLLECTION BOX - PO LOBBY,38 SPRING ST,NASHUA,NH,,US,,,,United States Postal Service,Q668687
0306000052,usps_collection_boxes,USPS COLLECTION BOX - BLUE BOX,9 E PEARL ST,NASHUA,NH,,US,,,,United States Postal Service,Q668687
0306000042,usps_collection_boxes,USPS COLLECTION BOX - BLUE BOX,8 PROSPECT ST,NASHUA,NH,,US,,,,United States Postal Service,Q668687
0306000064,usps_collection_boxes,USPS COLLECTION BOX - BLUE BOX,280 MAIN ST,NASHUA,NH,,US,,,,United States Postal Service,Q668687
0306000051,usps_collection_boxes,USPS COLLECTION BOX - BLUE BOX,14 SPRUCE ST,NASHUA,NH,,US,,,,United States Postal Service,Q668687
0306000059,usps_collection_boxes,USPS COLLECTION BOX - BLUE BOX,56 TYLER ST,NASHUA,NH,,US,,,,United States Postal Service,Q668687
0306000001,usps_collection_boxes,USPS COLLECTION BOX - BLUE BOX,89 ALLDS ST,NASHUA,NH,,US,,,,United States Postal Service,Q668687
0306000062,usps_collection_boxes,USPS COLLECTION BOX - BLUE BOX,43 E DUNSTABLE RD,NASHUA,NH,,US,,,,United States Postal Service,Q668687
0306000045,usps_collection_boxes,USPS COLLECTION BOX - BLUE BOX,436 S MAIN ST,NASHUA,NH,,US,,,,United States Postal Service,Q668687
0306000012,usps_collection_boxes,USPS COLLECTION BOX - BLUE BOX,213 DANIEL WEBSTER HWY,NASHUA,NH,,US,,,,United States Postal Service,Q668687
0306000091,usps_collection_boxes,USPS COLLECTION BOX - PO LOBBY,254 DANIEL WEBSTER HWY UNIT 4,NASHUA,NH,,US,,,,United States Postal Service,Q668687
0306000013,usps_collection_boxes,USPS COLLECTION BOX - BLUE BOX,275 DANIEL WEBSTER HWY,NASHUA,NH,,US,,,,United States Postal Service,Q668687
0306000058,usps_collection_boxes,USPS COLLECTION BOX - BLUE BOX,254 DANIEL WEBSTER HWY,NASHUA,NH,,US,,,,United States Postal Service,Q668687
0306000075,usps_collection_boxes,USPS COLLECTION BOX - PO LOBBY,254 DANIEL WEBSTER HWY,NASHUA,NH,,US,,,,United States Postal Service,Q668687
0306000006,usps_collection_boxes,USPS COLLECTION BOX - BLUE BOX,48 BURKE ST,NASHUA,NH,,US,,,,United States Postal Service,Q668687
0306000080,usps_collection_boxes,USPS COLLECTION BOX - BLUE BOX,310 DANIEL WEBSTER HWY,NASHUA,NH,,US,,,,United States Postal Service,Q668687
USA379,vans,Vans Store - Pheasant Lane Mall,,Nashua,NH,,US,+1 603-888-8267,https://www.vans.com/en-us/stores/nh/nashua/usa379,Mo-Th 11:00-19:00; Fr-Sa 10:00-20:00; Su 12:00-18:00,Vans,Q1135366
R00000005467,verizon_us,Nashua,,Nashua,NH,,US,+1 603-888-2000,https://www.verizon.com/stores/details/new-hampshire/nashua/nashua-202582/,Mo-Fr 10:00-20:00; Sa 09:00-19:00; Su 10:00-17:00,Verizon,Q919641
A00000025174,verizon_us,Wireless Zone Nashua Main St,,Nashua,NH,,US,+1 603-880-3600,https://www.verizon.com/stores/details/new-hampshire/nashua/wireless-zone-nashua-main-st-1796622/,Mo-Sa 08:00-20:00; Su 10:00-18:00,Verizon,Q919641
A00000282975,verizon_us,Wireless Zone Pheasant Lane Mall,,Nashua,NH,,US,+1 603-459-8253,https://www.verizon.com/stores/details/new-hampshire/nashua/wireless-zone-nashua-daniel-webster-hwy-1791922/,Mo-Th 10:00-20:00; Fr-Sa 10:00-21:00; Su 11:00-18:00,Verizon,Q919641
,visa,,,NASHUA,NH,,US,,,,,
,visa,,,NASHUA,NH,,US,,,,,
,visa,,,NASHUA,NH,,US,,,,,
,visa,,,NASHUA,NH,,US,,,,,
,visa,,,NASHUA,NH,,US,,,,,
,visa,,,NASHUA,NH,,US,,,,,
,visa,,,NASHUA,NH,,US,,,,,
,visa,,,NASHUA,NH,,US,,,,,
,visa,,,NASHUA,NH,,US,,,,,
,visa,,,NASHUA,NH,,US,,,,,
,visa,,,NASHUA,NH,,US,,,,,
,visa,,,NASHUA,NH,,US,,,,,
,visa,,,NASHUA,NH,,US,,,,,
,visa,,,NASHUA,NH,,US,,,,,
,visa,,,NASHUA,NH,,US,,,,,
,visa,,,NASHUA,NH,,US,,,,,
,visa,,,NASHUA,NH,,US,,,,,
,visa,,,NASHUA,NH,,US,,,,,
,visa,,,NASHUA,NH,,US,,,,,
,visa,,,NASHUA,NH,,US,,,,,
,visa,,,NASHUA,NH,,US,,,,,
,visa,,,NASHUA,NH,,US,,,,,
,visa,,,NASHUA,NH,,US,,,,,
,visa,,,NASHUA,NH,,US,,,,,
,visa,,,NASHUA,NH,,US,,,,,
,visa,,,NASHUA,NH,,US,,,,,
https://locations.vitaminshoppe.com/nh/nashua/vitamins-supplements-nashua-nh-342.html,vitamin_shoppe,The Vitamin Shoppe® Nashua ,274 Daniel Webster Hghwy ,Nashua,NH,,US,+1 603-888-2631,https://locations.vitaminshoppe.com/nh/nashua/vitamins-supplements-nashua-nh-342.html,Su 10:00-19:00; Mo 09:30-20:00; Tu 09:30-20:00; We 09:30-20:00; Th 09:30-20:00; Fr 09:30-20:00; Sa 09:00-19:30,The Vitamin Shoppe,Q7772938
https://www.walgreens.com/locator/walgreens-283+main+st-nashua-nh-03060/id=9613,walgreens,Walgreens,,Nashua,NH,,US,+1 603-889-6124,https://www.walgreens.com/locator/walgreens-283+main+st-nashua-nh-03060/id=9613,Mo-Su 06:00-24:00,Walgreens,Q1591889
https://www.walgreens.com/locator/walgreens-217+daniel+webster+hwy-nashua-nh-03060/id=11505,walgreens,Walgreens,,Nashua,NH,,US,+1 603-891-2907,https://www.walgreens.com/locator/walgreens-217+daniel+webster+hwy-nashua-nh-03060/id=11505,Mo-Su 07:00-22:00,Walgreens,Q1591889
https://locations.wendys.com/#9254381,wendys,"Wendy's Hollis Street in Nashua, NH",,Nashua,NH,,US,+1 603-594-8838,https://locations.wendys.com/united-states/nh/nashua/46-e-hollis-street,"Mo-Su 06:30-10:30,09:00-22:00",Wendy's,Q550258
b820ae24b0060f45d1fdb47bb3984f4d,western_union,NASHUA TAX CENTER & WIRELESS S,,Nashua,NH,,US,+1 603-943-5124,https://location.westernunion.com/us/nh/nashua/b820ae24b0060f45d1fdb47bb3984f4d,Mo-Sa 08:00-20:30; Su 10:00-18:00,Western Union,Q861042
5739b51ee7094a03f12496345f640017,western_union,EN BUSINESS SOLUTIONS,,Nashua,NH,,US,+1 603-318-9116,https://location.westernunion.com/us/nh/nashua/5739b51ee7094a03f12496345f640017,Mo-Su 10:00-20:00,Western Union,Q861042
1378,whitehouseblackmarket,Pheasant Lane Mall,310 Daniel Webster Highway,Nashua,NH,,US,+1 603-888-5124,,Mo-Th 11:00-19:00; Fr 10:00-20:00; Sa 10:00-21:00; Su 12:00-18:00,White House Black Market,Q7994858
196,windsor_us,Pheasant Lane Mall,,Nashua,NH,,US,+1 978-419-2019,https://www.windsorstore.com/pages/nh-nashua-pheasant-lane-mall,,Windsor,Q72981668
61731,wingstop,Wingstop Nashua Main St,290 Main St.,Nashua,NH,,US,+1 603-417-3850,,,Wingstop,Q8025339
1121,xfinity,Xfinity,,Nashua,NH,,US,,https://www.xfinity.com/local/nh/nashua/219-daniel-webster-highway.html,Mo-Sa 09:00-19:00; Su 11:00-16:00,Xfinity,Q5151002
