Ref,Spider,Name,Address,City,State,Zipcode,Country,Phone,Website,Hours,Brand,WikiData
https://locations.99only.com/ca/pinole/discount-store-275.html,99_cents_only_us,99 Cents Only Stores,,Pinole,CA,,US,+1 510-964-9906,https://locations.99only.com/ca/pinole/discount-store-275.html,Mo 08:00-21:00; Tu 07:00-21:00; We 08:00-21:00; Th 07:00-21:00; Fr-Su 08:00-21:00,99 Cents Only Stores,Q4646294
792,aaa,Pinole Vista Crossing,,Pinole,CA,,US,+1 510-262-4900,,,American Automobile Association,Q463436
8f20ae73-e11d-e611-80c5-005056aa8521,amf_bowling,AMF Pinole Valley Lanes,,Pinole,CA,,US,+1 510-724-9130,https://www.amf.com/location/amf-pinole-valley-lanes,,AMF Bowling Center,Q4652616
4222,anytime_fitness,Anytime Fitness,,Pinole,CA,,US,+1 510-222-5646,https://www.anytimefitness.com/gyms/4222/pinole-ca-94564/,,Anytime Fitness,Q4778364
https://restaurants.applebees.com/en-us/ca/pinole/1369-fitzgerald-drive-77087,applebees,Connect with this Applebee's,,Pinole,CA,,US,+1 510-243-0400,https://restaurants.applebees.com/en-us/ca/pinole/1369-fitzgerald-drive-77087,Mo-Th 11:00-24:00; Fr-Sa 11:00-01:00; Su 11:00-24:00,Applebees,Q621532
3312,autozone_us,AutoZone Auto Parts Pinole,,Pinole,CA,,US,+1 510-758-4200,https://www.autozone.com/locations/ca/pinole/1475-fitzgerald-dr--ste-100.html,Mo-Sa 07:30-21:00; Su 08:00-20:00,AutoZone,Q4826087
https://locators.bankofamerica.com/ca/pinole/atm-pinole-8941.html,bankofamerica,Bank of America Walk-Up ATM | Savemart 742 Pinole,,Pinole,CA,,US,+1 844-401-8500,https://locators.bankofamerica.com/ca/pinole/atm-pinole-8941.html,,Bank of America,Q487907
https://stores.bestbuy.com/ca/pinole/1490-fitzgerald-dr-138.html,bestbuy,Best Buy Pinole,,Pinole,CA,,US,+1 510-758-0112,https://stores.bestbuy.com/ca/pinole/1490-fitzgerald-dr-138.html,,Best Buy,Q533415
61,bevmo_us,Pinole,,Pinole,CA,,US,+1 510-669-1331,https://www.bevmo.com/stores/pinole,Mo-Th 09:00-21:00; Fr-Sa 09:00-22:00; Su 09:00-20:00,BevMo!,Q4899308
183898,bluerhino,RADC #378,,Pinole,CA,,US,+1 510-223-5525,,,Blue Rhino,Q65681213
186286,bluerhino,Ace Hardware of Pinole #148 - Ace #17407,,Pinole,CA,,US,+1 510-939-6003,,,Blue Rhino,Q65681213
153437,bluerhino,Walgreens #11614,,Pinole,CA,,US,+1 510-222-9422,,,Blue Rhino,Q65681213
769,burlington_us,Burlington,,Pinole,CA,,US,+1 510-669-0159,https://stores.burlington.com/ca/pinole/769,Mo-Th 09:00-22:30; Fr-Sa 09:00-23:00; Su 09:00-22:00,Burlington,Q4999220
2040315,chase_us,Fitzgerald and Appian Way - New branch,,Pinole,CA,,US,+1 510-758-4743,https://locator.chase.com/ca/pinole/1541-fitzgerald-dr,Mo-Fr 09:00-17:00; Sa 09:00-14:00,Chase,Q524629
377153,chevron,Chevron Station #377153,2298 APPIAN WAY,PINOLE,CA,,US,+1 510-741-1700,,,Chevron,Q319642
376767,chevron,Chevron Station #376767,254 BAILEY ROAD,PITTSBURG,CA,,US,+1 925-458-4317,,,Chevron,Q319642
ca_pinole_2696-pinole-valley-rd,chipotle, ,,Pinole,CA,,US,+1 510-283-0070,https://locations.chipotle.com/ca/pinole/2696-pinole-valley-rd,,Chipotle,Q465751
https://locations.chuckecheese.com/us/ca/pinole/1470-fitzgerald-dr,chuckecheese,Chuck E. Cheese,,Pinole,CA,,US,+1 510-243-1111,https://locations.chuckecheese.com/us/ca/pinole/1470-fitzgerald-dr,Mo-Th 11:00-21:00; Fr 11:00-22:00; Sa 10:00-22:00; Su 11:00-21:00,Chuck E. Cheese,Q2438391
81611,citi,ATM Target,,Pinole,CA,,US,,,,Citibank,Q857063
48264,citi,ATM CVS,,Pinole,CA,,US,,,,Citibank,Q857063
27919,citi,ATM 7ELEVEN-FCTI,,Pinole,CA,,US,,,,Citibank,Q857063
89653,citi,ATM Walgreens,,Pinole,CA,,US,,,,Citibank,Q857063
28542,citi,ATM 7ELEVEN-FCTI,,Pinole,CA,,US,,,,Citibank,Q857063
20385,coldstone_creamery,Cold Stone Creamery,,Pinole,CA,,US,+1 510-223-3700,https://www.coldstonecreamery.com/stores/20385,,Cold Stone Creamery,Q1094923
16222,cvs_us,CVS Pharmacy,,Pinole,CA,,US,+1 510-222-9281,https://www.cvs.com/store-locator/pinole-ca-pharmacies/1400-fitzgerald-dr-pinole-ca-94564/storeid=16222,"Mo-Fr 10:00-13:30,14:00-18:00; Sa 09:00-13:30,14:00-17:00; Su 11:00-13:30,14:00-17:00",CVS Pharmacy,Q2078880
9299,cvs_us,CVS Pharmacy,,Pinole,CA,,US,+1 510-724-8880,https://www.cvs.com/store-locator/pinole-ca-pharmacies/1617-canyon-drive-pinole-ca-94564/storeid=9299,Mo-Su 08:00-22:00,CVS Pharmacy,Q2078880
https://restaurants.fiveguys.com/#15552366,five_guys_us,Five Guys Pinole Valley Shopping Center,,Pinole,CA,,US,+1 510-223-6031,https://restaurants.fiveguys.com/2780-pinole-valley-road,"Mo-Su 11:00-21:30,11:00-22:00",Five Guys,Q1131810
https://stores.gnc.com/#24057786,gnc,GNC Pinole Vista Shopping Center,,,CA,,US,+1 510-758-4171,https://stores.gnc.com/all-stores-california/pinole/1382-fitzgerald-drive,Mo-Fr 10:00-21:00; Sa-Su 10:00-18:00,GNC,Q4808595
https://salons.greatclips.com/us/ca/pinole/1386-fitzgerald-dr,greatclips,Great Clips,,Pinole,CA,,US,+1 510-243-0808,https://salons.greatclips.com/us/ca/pinole/1386-fitzgerald-dr,Mo-Fr 09:00-20:00; Sa-Su 09:00-18:00,Great Clips,Q5598967
https://www.habitburger.com/locations/pinole/,habit_burger,The Habit Burger Grill,,Pinole,CA,,US,+1 510-243-5188,https://www.habitburger.com/locations/pinole/,Mo-Th 10:30-22:00; Fr-Sa 10:30-22:30; Su 10:30-22:00,The Habit Burger Grill,Q18158741
3720,h_r_block,H&R Block,,Pinole,CA,,US,+1 510-222-0779,https://www.hrblock.com/local-tax-offices/california/pinole/pinole-vista-shopping-center/3720/,,H&R Block,Q5627799
503,ikes,Pinole,,Pinole,CA,,US,+1 341-600-4810,https://locations.ikessandwich.com/ca/pinole/503/,,Ike's Love & Sandwiches,Q112028897
120,innout,Pinole,,Pinole,CA,,US,,http://locations.in-n-out.com/120,,In-N-Out Burger,Q1205312
https://locations.jackinthebox.com/us/ca/pinole/2689-pinole-valley-rd,jackinthebox,Jack in the Box,,Pinole,CA,,US,+1 510-758-2346,https://locations.jackinthebox.com/us/ca/pinole/2689-pinole-valley-rd,Mo-Su 04:00-04:00,Jack in the Box,Q1538507
https://office.jacksonhewitt.com/#27579279,jackson_hewitt,Jackson Hewitt,,Pinole,CA,,US,+1 510-455-2944,https://office.jacksonhewitt.com/tax-preparation-services-locations/en/ca/pinole/610-san-pablo-ave/14249,Mo-Sa 11:00-19:00; Su 12:00-16:00,Jackson Hewitt,Q6117132
https://locations.jamba.com/#1087-Jamba,jambajuice,Jamba Pinole Valley Shopping Center,,Pinole,CA,,US,+1 510-669-1321,https://locations.jamba.com/ca/pinole/2794-pinole-valley-rd,Mo-Su 08:00-20:00,Jamba Juice,Q3088784
https://healthy.kaiserpermanente.org/northern-california/facilities/pinole-medical-offices-300005,kaiser_permanente_us,Pinole Medical Offices,,Pinole,CA,,US,+1 510-243-4000,https://healthy.kaiserpermanente.org/northern-california/facilities/pinole-medical-offices-300005,,Kaiser Permanente,Q1721601
https://locations.kfc.com/#11247277,kfc,Chicken Nuggets Near Pinole,,Pinole,CA,,US,,https://locations.kfc.com/ca/pinole/1544-fitzgerald-dr/chickennugget,Mo-Su 10:00-23:00,KFC,Q524757
162692,little_free_library,Wildflower Story Box #162692 Pinole CA,,Pinole,CA,,US,,,,Little Free Library,Q6650101
167266,little_free_library,Chickie & Gigs Little Free Library #167266 Pinole CA,,Pinole,CA,,US,,,,Little Free Library,Q6650101
128796,little_free_library,Ponderosa Trail Library #128796 Pinole CA,,Pinole,CA,,US,,,,Little Free Library,Q6650101
130902,little_free_library,Linda Heights Little Free Library #1 #130902 Pinole CA,,Pinole,CA,,US,,,,Little Free Library,Q6650101
62747,little_free_library,Moira Bielby #62747 Pinole CA,,Pinole,CA,,US,,,,Little Free Library,Q6650101
157780,little_free_library,Jesse Meyer #157780 #157780 Pinole CA,,Pinole,CA,,US,,,,Little Free Library,Q6650101
6896,little_free_library,Laura King #6896 Pinole CA,,Pinole,CA,,US,,,,Little Free Library,Q6650101
53604,little_free_library,Kimberly Corcoran #53604 Pinole CA,,Pinole,CA,,US,,,,Little Free Library,Q6650101
94238,little_free_library,Nicole Botha #94238 Pinole CA,,Pinole,CA,,US,,,,Little Free Library,Q6650101
https://locations.modpizza.com/#23557951,modpizza,MOD Pizza Pinole Valley,,Pinole,CA,,US,+1 510-662-3172,https://locations.modpizza.com/usa/ca/pinole/2830-pinole-valley-rd,Mo-Su 10:30-23:00,MOD Pizza,Q19903469
66042455,moneygram,LONGS/CVS - #9299,,PINOLE,CA,,US,+1 510-724-8880,,Mo-Su 08:00-22:00,MoneyGram,Q1944412
1552-fitzgerald-dr,noahsnybagels,Noah's NY Bagels Pinole,,Pinole,CA,,US,+1 510-758-2757,https://locations.noahs.com/us/ca/pinole/1552-fitzgerald-dr,Mo-Fr 05:00-14:00; Sa-Su 06:00-14:00,Noah's New York Bagels,Q64517373
https://stores.nordstromrack.com/#1030113697,nordstrom_rack,Nordstrom Rack Pinole Vista Crossing - Coming Soon Pinole,,Pinole,CA,,US,,https://stores.nordstromrack.com/us/ca/pinole/1330-b-fitzgerald-drive,,Nordstrom Rack,Q21463374
1134,orangetheory_fitness,"Pinole, CA",,Pinole,CA,,US,+1 510-777-0600,,,Orangetheory Fitness,Q25005163
https://locations.oreillyauto.com/ca/pinole/check-engine-light-testing-3495.html,oreilly,Your Pinole O'Reilly Auto Parts Store,,Pinole,CA,,US,+1 510-741-1161,https://locations.oreillyauto.com/ca/pinole/check-engine-light-testing-3495.html,Mo-Sa 07:30-21:00; Su 08:00-20:00,O'Reilly Auto Parts,Q7071951
https://locations.oreillyauto.com/ca/pinole/wiper-installation-3495.html,oreilly,Your Pinole O'Reilly Auto Parts Store,,Pinole,CA,,US,+1 510-741-1161,https://locations.oreillyauto.com/ca/pinole/wiper-installation-3495.html,Mo-Sa 07:30-21:00; Su 08:00-20:00,O'Reilly Auto Parts,Q7071951
https://locations.oreillyauto.com/ca/pinole/battery-testing-3495.html,oreilly,Your Pinole O'Reilly Auto Parts Store,,Pinole,CA,,US,+1 510-741-1161,https://locations.oreillyauto.com/ca/pinole/battery-testing-3495.html,Mo-Sa 07:30-21:00; Su 08:00-20:00,O'Reilly Auto Parts,Q7071951
https://locations.oreillyauto.com/ca/pinole/autopartes-3495.html,oreilly,Tu tienda O'Reilly Auto Parts en Pinole,,Pinole,CA,,US,+1 510-741-1161,https://locations.oreillyauto.com/ca/pinole/autopartes-3495.html,Mo-Sa 07:30-21:00; Su 08:00-20:00,O'Reilly Auto Parts,Q7071951
https://locations.oreillyauto.com/ca/pinole/check-engine-light-testing-2833.html,oreilly,Your Pinole O'Reilly Auto Parts Store,,Pinole,CA,,US,+1 510-758-5155,https://locations.oreillyauto.com/ca/pinole/check-engine-light-testing-2833.html,Mo-Sa 07:30-21:00; Su 08:00-20:00,O'Reilly Auto Parts,Q7071951
https://locations.oreillyauto.com/ca/pinole/wiper-installation-2833.html,oreilly,Your Pinole O'Reilly Auto Parts Store,,Pinole,CA,,US,+1 510-758-5155,https://locations.oreillyauto.com/ca/pinole/wiper-installation-2833.html,Mo-Sa 07:30-21:00; Su 08:00-20:00,O'Reilly Auto Parts,Q7071951
https://locations.oreillyauto.com/ca/pinole/battery-testing-2833.html,oreilly,Your Pinole O'Reilly Auto Parts Store,,Pinole,CA,,US,+1 510-758-5155,https://locations.oreillyauto.com/ca/pinole/battery-testing-2833.html,Mo-Sa 07:30-21:00; Su 08:00-20:00,O'Reilly Auto Parts,Q7071951
https://locations.oreillyauto.com/ca/pinole/autopartes-2833.html,oreilly,Tu tienda O'Reilly Auto Parts en Pinole,,Pinole,CA,,US,+1 510-758-5155,https://locations.oreillyauto.com/ca/pinole/autopartes-2833.html,Mo-Sa 07:30-21:00; Su 08:00-20:00,O'Reilly Auto Parts,Q7071951
https://locations.outback.com/#15502639,outbacksteakhouse,Outback Steakhouse,,Pinole,CA,,US,+1 510-758-7386,https://locations.outback.com/california/pinole/1361-fitzgerald-dr.,Mo-Th 16:00-22:00; Fr-Su 11:00-22:00,Outback Steakhouse,Q1064893
111530,pandaexpress,Fitzgerald & Appian,,Pinole,CA,,US,+1 510-222-5618,https://www.pandaexpress.com/locations/ca/pinole/1473-fitzgerald-dr-suite-101,Mo-Th 09:30-22:00; Fr-Sa 09:30-22:30; Su 09:30-22:00,Panda Express,Q1358690
https://locations.papamurphys.com/#15430221,papamurphys,Pizza Takeout & Delivery,,Pinole,CA,,US,+1 510-223-3000,https://locations.papamurphys.com/ca/pinole/1502a-fitzgerald-drive,Mo 11:00-19:00; Tu-Th 11:00-20:30; Fr-Sa 11:00-21:00; Su 11:00-19:00,Papa Murphy's,Q7132349
16526001,peets_coffee_us,Pinole,,Pinole,CA,,US,+1 510-669-9815,https://peets.app.link?&$fallback_url=https%3A%2F%2Forder.peets.com%2Flocation%2Fpinole%2Fmenu&$type=order&~campaign=orderaheadonline&~channel=web&~feature=menu&~tags=pinole,Mo-Fr 05:30-18:00; Sa-Su 06:00-18:00,Peet's Coffee,Q1094101
ca_pinole_1400-fitzgerald-drive,pizza_hut_us,1400 Fitzgerald Drive,,Pinole,CA,,US,,https://locations.pizzahut.com/ca/pinole/1400-fitzgerald-drive,,Pizza Hut,Q191615
https://www.publicstorage.com/self-storage-ca-pinole/341.html,public_storage_us,Public Storage,,Pinole,CA,,US,+1 510-854-0543,https://www.publicstorage.com/self-storage-ca-pinole/341.html,,Public Storage,Q1156045
https://www.publicstorage.com/self-storage-ca-pinole/440.html,public_storage_us,Public Storage,,Pinole,CA,,US,+1 510-854-0544,https://www.publicstorage.com/self-storage-ca-pinole/440.html,,Public Storage,Q1156045
2236,round_table_pizza,Pinole - Fitzgerald Dr,,Pinole ,CA,,US,+1 510-222-5555,https://ordering.roundtablepizza.com/site/rt619,,Round Table Pizza,Q7371139
https://local.safeway.com/#5604216,safeway,Safeway,,Pinole,CA,,US,+1 510-724-1525,https://local.safeway.com/safeway/ca/pinole/1421-tara-hill-dr.html,Mo-Su 06:00-24:00,Safeway,Q1508234
882,sizzler_us,Sizzler,,Pinole,CA,,US,+1 510-222-3468,https://sizzler.com/locations/sizzler-pinole/,Mo-Th 11:00-21:00; Fr-Sa 11:00-21:30; Su 11:00-21:00,Sizzler,Q1848822
32034,smilebrands,Bright Now! Dental Pinole,1477 Fitzgerald Drive,Pinole,CA,,US,+1 510-669-0350,https://www.brightnow.com/dentist-near-me/pinole-dentist/10170/,,Smile Brands Inc.,Q108286823
https://www.sprouts.com/store/ca/pinole/pinole-valley-rd/,sprouts_farmer_market,Sprouts Farmers Market 401-Pinole,,Pinole,CA,,US,+1 510-640-8111,https://www.sprouts.com/store/ca/pinole/pinole-valley-rd/,Mo-Su 07:00-22:00,Sprouts Farmer Market,Q7581369
1200-fitzgerald-drive,staples,"Staples Pinole, CA",,Pinole,CA,,US,,https://stores.staples.com/ca/pinole/1200-fitzgerald-drive,Mo-Fr 08:00-20:00; Sa 09:00-18:00; Su 10:00-18:00,Staples,Q785943
https://restaurants.subway.com/#14896791,subway,Subway Pinole Valley Shopping Center,,Pinole Contra Costa,CA,,US,+1 510-283-5440,https://restaurants.subway.com/united-states/ca/pinole/2768-pinole-valley-rd,Mo-Fr 07:00-21:00; Sa 08:00-20:30; Su 09:00-20:30,Subway,Q244457
80884,supercuts,Pinole Valley,2792 Pinole Valley Rd,Pinole,CA,,US,+1 510-758-4823,https://www.supercuts.com/checkin/80884,Mo-Fr 09:00-20:00; Sa-Su 09:00-17:00,Supercuts,Q7643239
https://locations.tacobell.com/#6146066,taco_bell,Taco Bell,,Pinole,CA,,US,+1 510-222-9598,https://locations.tacobell.com/ca/pinole/1561-fitzgerald-dr.html,Mo-Su 06:00-01:00,Taco Bell,Q752941
281085,tjx,Pinole,1330-A Fitzgerald Dr,Pinole,CA,,US,+1 510-222-2460,,Mo-Sa 09:30-21:30; Su 10:00-20:00,HomeGoods,Q5887941
081347,tjx,Pinole,1230 Fitzgerald Dr,Pinole,CA,,US,+1 510-262-9517,,Mo-Sa 09:30-21:30; Su 10:00-20:00,TJ Maxx,Q10860683
9560,tmobile_us,Pinole Valley Shopping Center,,Pinole,CA,,US,+1 510-223-3672,https://www.t-mobile.com/store-locator/ca/pinole/pinole-valley-shopping-center,,T-Mobile,Q3511885
230,trader_joes_us,Trader Joe's Pinole (230),,Pinole,CA,,US,+1 510-222-3501,https://locations.traderjoes.com/ca/pinole/230/,Mo-Su 08:00-21:00,Trader Joe's,Q688825
7276,upsstore,Pinole,1556 Fitzgerald Dr,Pinole,CA,,US,+1 510-275-9556,https://locations.theupsstore.com/ca/pinole/1556-fitzgerald-dr,,UPS Store,Q7771029
1377606,usps,PINOLE,,PINOLE,CA,,US,+1 510-741-3056,,Mo-Fr 08:30-17:00; Sa 09:00-12:00,United States Postal Service,Q668687
9456400012,usps_collection_boxes,USPS COLLECTION BOX - BLUE BOX,777 TENNENT AVE,PINOLE,CA,,US,,,,United States Postal Service,Q668687
9456400019,usps_collection_boxes,USPS COLLECTION BOX - BLUE BOX,2101 PEAR ST,PINOLE,CA,,US,,,,United States Postal Service,Q668687
9456400026,usps_collection_boxes,USPS COLLECTION BOX - PO LOBBY,2101 PEAR ST,PINOLE,CA,,US,,,,United States Postal Service,Q668687
9456400004,usps_collection_boxes,USPS COLLECTION BOX - BLUE BOX,2690 PINOLE VALLEY RD,PINOLE,CA,,US,,,,United States Postal Service,Q668687
9456400014,usps_collection_boxes,USPS COLLECTION BOX - BLUE BOX,1564A FITZGERALD DR,PINOLE,CA,,US,,,,United States Postal Service,Q668687
A00000235634,verizon_us,Victra Pinole,,Pinole,CA,,US,+1 510-243-9990,https://www.verizon.com/stores/details/california/pinole/victra-pinole-1790622/,Mo-Sa 10:00-20:00; Su 10:00-19:00,Verizon,Q919641
,visa,,,PORT COSTA,CA,,US,,,,,
,visa,,,PINOLE,CA,,US,,,,,
,visa,,,PINOLE,CA,,US,,,,,
,visa,,,PINOLE,CA,,US,,,,,
,visa,,,PINOLE,CA,,US,,,,,
,visa,,,PINOLE,CA,,US,,,,,
,visa,,,PINOLE,CA,,US,,,,,
,visa,,,PINOLE,CA,,US,,,,,
,visa,,,PINOLE,CA,,US,,,,,
,visa,,,PINOLE,CA,,US,,,,,
,visa,,,PINOLE,CA,,US,,,,,
,visa,,,PINOLE,CA,,US,,,,,
,visa,,,PINOLE,CA,,US,,,,,
,visa,,,PINOLE,CA,,US,,,,,
,visa,,,PINOLE,CA,,US,,,,,
,visa,,,PINOLE,CA,,US,,,,,
,visa,,,PINOLE,CA,,US,,,,,
,visa,,,PINOLE,CA,,US,,,,,
,visa,,,PINOLE,CA,,US,,,,,
,visa,,,PINOLE,CA,,US,,,,,
,visa,,,PINOLE,CA,,US,,,,,
,visa,,,PINOLE,CA,,US,,,,,
,visa,,,PINOLE,CA,,US,,,,,
,visa,,,PINOLE,CA,,US,,,,,
,visa,,,PINOLE,CA,,US,,,,,
,visa,,,PINOLE,CA,,US,,,,,
,visa,,,PINOLE,CA,,US,,,,,
,visa,,,PINOLE,CA,,US,,,,,
,visa,,,PINOLE,CA,,US,,,,,
,visa,,,PINOLE,CA,,US,,,,,
,visa,,,PINOLE,CA,,US,,,,,
,visa,,,PINOLE,CA,,US,,,,,
,visa,,,PINOLE,CA,,US,,,,,
,visa,,,PINOLE,CA,,US,,,,,
,visa,,,PINOLE,CA,,US,,,,,
,visa,,,RICHMOND,CA,,US,,,,,
https://locations.vitaminshoppe.com/ca/pinole/vitamins-supplements-pinole-ca-153.html,vitamin_shoppe,The Vitamin Shoppe® Pinole ,1471 Fitzgerald Dr. Suite 100,Pinole,CA,,US,+1 510-223-4681,https://locations.vitaminshoppe.com/ca/pinole/vitamins-supplements-pinole-ca-153.html,Su 10:30-19:00; Mo 09:30-20:30; Tu 09:30-20:30; We 09:30-20:30; Th 09:30-20:30; Fr 09:30-20:30; Sa 10:00-20:00,The Vitamin Shoppe,Q7772938
https://www.walgreens.com/locator/walgreens-2750+pinole+valley+rd-pinole-ca-94564/id=11614,walgreens,Walgreens,,Pinole,CA,,US,+1 510-222-9422,https://www.walgreens.com/locator/walgreens-2750+pinole+valley+rd-pinole-ca-94564/id=11614,Mo-Su 07:00-22:00,Walgreens,Q1591889
1374__FITZGERALD__DR_PINOLE_CA_94564,wellsfargo,Wells Fargo,1374 FITZGERALD DR,PINOLE,CA,,US,+1 510-223-7171,https://www.wellsfargo.com/locator/bank/1374__FITZGERALD__DR_PINOLE_CA_94564/,Mo-Fr 09:00-17:00,Wells Fargo,Q744149
https://locations.wendys.com/#9254953,wendys,"Wendy's Pinole in Pinole, CA",,Pinole,CA,,US,+1 510-262-0242,https://locations.wendys.com/united-states/ca/pinole/1581-fitzgerald-drive,"Mo-Su 06:30-10:30,06:30-22:00",Wendy's,Q550258
b3c90dbc2c96bcf2bf6988f2405b46a0,western_union,7-ELEVEN #14206,,Pinole,CA,,US,+1 510-758-8633,https://location.westernunion.com/us/ca/pinole/b3c90dbc2c96bcf2bf6988f2405b46a0,,Western Union,Q861042
8968,wingstop,Wingstop Pinole Fitzgerald Dr,1581 Fitzgerald Dr,Pinole,CA,,US,+1 510-758-9464,,,Wingstop,Q8025339
