Ref,Spider,Name,Address,City,State,Zipcode,Country,Phone,Website,Hours,Brand,WikiData
https://stores.advanceautoparts.com/fl/mount-dora/18651-us-highway-441,advance_auto_parts_us,Advance Auto Parts,,Mount Dora,FL,,US,+1 352-735-3399,https://stores.advanceautoparts.com/fl/mount-dora/18651-us-highway-441,Mo-Sa 07:30-21:00; Su 09:00-20:00,Advance Auto Parts,Q4686051
3012,anytime_fitness,Anytime Fitness,,Mt. Dora,FL,,US,+1 352-308-8126,https://www.anytimefitness.com/gyms/3012/mt-dora-fl-32757/,,Anytime Fitness,Q4778364
4990,autozone_us,AutoZone Auto Parts Mount Dora,,Mount Dora,FL,,US,+1 352-729-8410,https://www.autozone.com/locations/fl/mount-dora/18515-us-hwy-441.html,Mo-Sa 08:00-21:00; Su 08:30-19:00,AutoZone,Q4826087
https://locators.bankofamerica.com/fl/mountdora/financial-centers-mount-dora-12090.html,bankofamerica,Bank of America Financial Center with Drive-Thru ATM & Teller Services | Mount Dora,,Mount Dora,FL,,US,+1 352-735-6777,https://locators.bankofamerica.com/fl/mountdora/financial-centers-mount-dora-12090.html,Mo-Fr 09:00-16:00; Sa 09:00-14:00,Bank of America,Q487907
759,batteriesplus,Shop our Mount Dora store today,,Mount Dora,FL,,US,+1 352-483-1122,https://www.batteriesplus.com/store-locator/fl/mountdora/batteries-plus-759,Mo-Fr 08:00-19:00; Sa 09:00-19:00; Su 10:00-17:00,Batteries Plus Bulbs,Q17005157
81735,bluerhino,Lowe's #2577,,Mount Dora,FL,,US,+1 352-385-3600,,,Blue Rhino,Q65681213
162594,bluerhino,Publix #1269,,Mount Dora,FL,,US,+1 352-383-0368,,,Blue Rhino,Q65681213
167655,bluerhino,Hari 1 LLC dba Citgo,,Mt Dora,FL,,US,+1 352-729-6278,,,Blue Rhino,Q65681213
184050,bluerhino,Lina's Food Mart LLC,,Mount Dora,FL,,US,+1 321-946-2727,,,Blue Rhino,Q65681213
160094,bluerhino,Publix #1275,,Mount Dora,FL,,US,+1 352-383-0740,,,Blue Rhino,Q65681213
7451,bricks_minifigs_ca_us,Florida – Mount Dora,16844 US 441,Mount Dora,FL,,US,,,,Bricks & Minifigs,Q109329121
2039626,chase_us,US 441 and Donnelly St - New branch,,Mount Dora,FL,,US,+1 352-383-0178,https://locator.chase.com/fl/mount-dora/18925-us-441,Mo-Fr 09:00-17:00; Sa 09:00-14:00,Chase,Q524629
301141,chevron,Chevron Station #301141,6321 N. ORANGE BLOSSOM TRAIL,MOUNT DORA,FL,,US,,,,Chevron,Q319642
001.005.1342,chilis,Mount Dora,,Mount Dora,FL,,US,+1 352-589-4002,https://www.chilis.com/locations/us/florida/mount-dora/mount-dora/,Mo-Th 10:45-23:00; Fr-Sa 10:45-24:00; Su 10:45-23:00,Chili's,Q1072948
fl_mount-dora_19025-us-highway-441,chipotle, ,,Mount Dora,FL,,US,+1 352-735-1983,https://locations.chipotle.com/fl/mount-dora/19025-us-highway-441,,Chipotle,Q465751
24091,coldstone_creamery,Cold Stone Creamery,,Mt. Dora,FL,,US,+1 352-735-5115,https://www.coldstonecreamery.com/stores/24091,,Cold Stone Creamery,Q1094923
80193165,cricket_wireless,Cricket Wireless Authorized Retailer,,MOUNT DORA,FL,,US,+1 352-385-7285,https://www.cricketwireless.com/stores/ll/US/FL/MOUNT-DORA/17195-US-441,Mo-Sa 10:00-20:00; Su 10:00-18:00,Cricket Wireless,Q5184987
932,culvers_us,"Culver's of Mt. Dora, FL - US Hwy 441",,Mount Dora,FL,,US,+1 352-720-5996,http://www.culvers.com/restaurants/mt-dora-us-highway-441,Mo-Th 10:00-22:00; Fr 10:00-23:00; Su 10:00-22:00,Culver's,Q1143589
3838,dominos_pizza_us,Domino's Pizza,,Mount Dora,FL,,US,+1 352-383-1010,https://pizza.dominos.com/florida/mount-dora/17855-us-441,Mo-Th 10:30-24:00; Fr-Sa 10:30-01:00; Su 10:30-24:00,Domino's,Q839466
3131,dominos_pizza_us,Domino's Pizza - Coming Soon,,Mount Dora,FL,,US,+1 877-883-9643,https://pizza.dominos.com/florida/mount-dora/6551-n-orange-blossom-trl,,Domino's,Q839466
https://www.edwardjones.com/us-en/financial-advisor/nicole-wortsman,edwardjones,Nicole M Wortsman,,Mount Dora,FL,,US,+1 352-735-0366,https://www.edwardjones.com/us-en/financial-advisor/nicole-wortsman,Mo-Th 08:30-16:30,Edward Jones,Q5343830
E10726,enterprise,Eustis,,Mount Dora,FL,,US,+1 352-735-0470,,,Enterprise Rent-A-Car,Q17085454
7907,extra_space_storage,Mount Dora Self Storage at 880 Bay Rd,,Mount Dora,FL,,US,+1 352-505-2450,https://www.extraspace.com/storage/facilities/us/florida/mount_dora/7907/,Mo-Fr 09:30-18:00; Sa 09:00-17:30,Extra Space Storage,Q5422162
200323646,exxonmobil,7 ELEVEN 34285,,MOUNT DORA,FL,,US,+1 352-735-1118,https://www.exxon.com/en/find-station/mobil-mountdora-fl-7eleven34285-200323646,24/7,Mobil,Q109676002
https://local.fedex.com/#25229025,fedex,,,Mount Dora,FL,,US,+1 800-463-3339,https://local.fedex.com/en-us/fl/mount-dora/sfbac,,FedEx,Q459477
https://local.fedex.com/#25204842,fedex,,,Mount Dora,FL,,US,+1 800-463-3339,https://local.fedex.com/en-us/fl/mount-dora/djw4v,,FedEx,Q459477
https://local.fedex.com/#27758798,fedex,FedEx Authorized ShipCenter,,Mount Dora,FL,,US,+1 352-729-4174,https://local.fedex.com/en-us/fl/mount-dora/00t14,,FedEx,Q459477
https://local.fedex.com/#25458160,fedex,,,Mount Dora,FL,,US,+1 800-463-3339,https://local.fedex.com/en-us/fl/mount-dora/00h3w,,FedEx,Q459477
https://local.fedex.com/#27767723,fedex,FedEx Authorized ShipCenter,,Mount Dora,FL,,US,+1 352-729-2166,https://local.fedex.com/en-us/fl/mount-dora/002qr,,FedEx,Q459477
354585,firestone_auto_care,Firestone Complete Auto Care,,Mount Dora,FL,,US,+1 352-431-2812,https://local.firestonecompleteautocare.com/florida/mount-dora/3106-county-rd-44b/,,Firestone,Q420837
https://restaurants.fiveguys.com/#15553137,five_guys_us,Five Guys Loch Leven Landing,,Mount Dora,FL,,US,+1 352-735-3500,https://restaurants.fiveguys.com/19009-us-highway-441,"Mo-Su 11:00-21:30,11:00-22:00",Five Guys,Q1131810
Motorcraft715USAEnglish,ford,Prestige Ford Inc,,Florida,FL,,US,+1 352-357-5522,,,Ford,Q44294
https://www.ford.com/dealerships/dealer-details/fl/mount-dora/prestige-ford-inc/,ford_dealers_us,Prestige Ford Inc,,Mount Dora,FL,,US,+1 352-706-2541,https://www.ford.com/dealerships/dealer-details/fl/mount-dora/prestige-ford-inc/,Mo-Fr 09:00-20:00; Sa 09:00-19:00; Su 11:00-17:00,Ford Motor Company,Q44294
5986,gamestop_us,Panda Center,,Mount Dora,FL,,US,+1 352-383-1254,https://www.gamestop.com/search/?store=5986,Mo-Th 12:00-20:00; Fr-Sa 10:00-21:00; Su 12:00-18:00,GameStop,Q202210
https://salons.greatclips.com/us/fl/mount-dora/18973-us-hwy-441,greatclips,Great Clips,,Mount Dora,FL,,US,+1 352-735-0300,https://salons.greatclips.com/us/fl/mount-dora/18973-us-hwy-441,Mo-Fr 08:00-19:00; Sa 09:00-18:00; Su 09:00-17:00,Great Clips,Q5598967
https://www.harborfreight.com/storelocator/18990-us-highway-441-mount-dora-32757?number=807,harborfreight,"Harbor Freight Tools Mount Dora, FL",,Mount Dora,FL,,US,+1 352-383-4026,https://www.harborfreight.com/storelocator/18990-us-highway-441-mount-dora-32757?number=807,Mo-Sa 08:00-20:00; Su 09:00-18:00,Harbor Freight Tools,Q5654601
31779,h_r_block,H&R Block,,Mount Dora,FL,,US,+1 352-383-2105,https://www.hrblock.com/local-tax-offices/florida/mount-dora/18846-us-hwy-441/31779/,,H&R Block,Q5627799
https://office.jacksonhewitt.com/#27578387,jackson_hewitt,Jackson Hewitt,,Mount Dora,FL,,US,+1 352-589-1040,https://office.jacksonhewitt.com/tax-preparation-services-locations/en/fl/mount-dora/17030-us-highway-441/50705,Mo-Fr 10:00-19:00; Sa 10:00-18:00; Su 13:00-17:00,Jackson Hewitt,Q6117132
https://locations.kfc.com/#11249160,kfc,Chicken Nuggets Near Mount Dora,,Mount Dora,FL,,US,,https://locations.kfc.com/fl/mount-dora/16800-w-new-hwy-441/chickennugget,Mo-Su 10:30-22:00,KFC,Q524757
17452,mattress_firm_us,Mattress Firm Eustis,,Mount Dora,FL,,US,+1 352-589-6108,https://www.mattressfirm.com/en-us/stores/fl/mount-dora/053091/,,Mattress Firm,Q6791878
3606,mightyflame,OUR STORE,,MOUNT DORA,FL,,US,+1 352-735-0867,,,Mighty Flame,
5526,murphy_usa_us,,,Mount Dora,FL,,US,+1 352-735-5113,,Mo-Sa 05:30-23:00; Su 06:00-23:00,Murphy USA,Q19604459
34437,orangetheory_fitness,"Mount Dora, FL",,Mount Dora,FL,,US,+1 352-448-6505,,,Orangetheory Fitness,Q25005163
162720,pandaexpress,US 441 & Frontage Rd Panda Express,,Mount Dora,FL,,US,+1 352-574-6088,https://www.pandaexpress.com/locations/fl/mount-dora/17284-us-highway-441,Mo-Su 10:00-22:30,Panda Express,Q1358690
https://locations.papamurphys.com/#15430802,papamurphys,Pizza Takeout & Delivery,,Mt. Dora,FL,,US,+1 352-735-5115,https://locations.papamurphys.com/fl/mt.-dora/18965-us-hwy-441-n,Mo-Su 11:00-20:00,Papa Murphy's,Q7132349
https://locations.papajohns.com/#10691507,papa_johns,Papa John's,,Mt Dora,FL,,US,+1 352-385-7272,https://locations.papajohns.com/united-states/fl/32757/mt-dora/16894-us-highway-441,Mo-Th 10:00-23:00; Fr-Sa 10:00-24:00; Su 10:00-23:00,Papa John's Pizza,Q2759586
61,pinch_a_penny_us,Pinch A Penny,,Mount Dora,FL,,US,+1 352-383-3900,https://pinchapenny.com/stores/mount-dora-fl-61,Mo-Fr 09:00-18:00; Sa 09:00-17:00; Su 10:00-14:00,Pinch A Penny,Q121436109
fl_mount-dora_18930-us-highway-441,pizza_hut_us,18930 US Highway 441,,Mount Dora,FL,,US,+1 352-735-4200,https://locations.pizzahut.com/fl/mount-dora/18930-us-highway-441,,Pizza Hut,Q191615
https://www.racetrac.com/locations/florida/mt_-dora/mt_-dora,racetrac_us,RaceTrac,,Mt. Dora,FL,,US,+1 352-383-0421,https://www.racetrac.com/locations/florida/mt_-dora/mt_-dora,,RaceTrac,Q735942
8457,regal_nails_us,"Regal Nails, Salon &#038; Spa",17030 US Highway 441,Mount Dora,FL,,US,+1 352-735-3099,,,Regal Nails,Q108918028
33068,seven_eleven_ca_us,7-11 Str   19955 U.S. Highway 441,,Mount Dora,FL,,US,+1 352-735-2437,https://www.7-eleven.com/locations/fl/mount-dora/19955-u.s.-highway-441-33068,,7-Eleven,Q259340
34285,seven_eleven_ca_us,7-11 Str   16950 Us 441,,Mount Dora,FL,,US,+1 352-735-1118,https://www.7-eleven.com/locations/fl/mount-dora/16950-us-441-34285,,7-Eleven,Q259340
https://restaurants.subway.com/#14913111,subway,Subway Mobil Gas Station/C-Store,,Mount Dora Lake,FL,,US,+1 352-735-1631,https://restaurants.subway.com/united-states/fl/mount-dora/4498-n-orange-blossom-trail,Mo-Sa 06:00-22:00; Su 07:00-22:00,Subway,Q244457
https://restaurants.subway.com/#14916870,subway,Subway Mt. Dora Marketplace S/C,,Mount Dora Lake,FL,,US,+1 352-735-4376,https://restaurants.subway.com/united-states/fl/mount-dora/18870-us-highway-441,Mo-Su 09:00-22:00,Subway,Q244457
0459132700,sunoco_us,Sunoco,,MOUNT DORA,FL,,US,+1 352-383-4617,,Mo-Su 06:00-00:00,Sunoco,Q1423218
0183606300,sunoco_us,Sunoco,,MOUNT DORA,FL,,US,+1 352-243-2100,,Mo-Sa 06:00-21:00; Su 07:00-21:00,Sunoco,Q1423218
https://locations.tacobell.com/#6145840,taco_bell,Taco Bell,,Mount Dora,FL,,US,+1 352-735-0444,https://locations.tacobell.com/fl/mount-dora/17060-us-hwy-441.html,Mo-Th 08:00-01:00; Fr-Sa 08:00-02:00; Su 08:00-01:00,Taco Bell,Q752941
mount-dora,tijuanaflats,Mt. Dora - Tijuana Flats,,Mt. Dora ,FL,,US,+1 352-508-1174,https://www.tijuanaflats.com/locations/mount-dora,,Tijuana Flats,Q7801833
081408,tjx,Mount Dora,16920 US Hwy 441,Mount Dora,FL,,US,+1 352-385-1080,,Mo-Sa 09:30-21:30; Su 10:00-20:00,TJ Maxx,Q10860683
5541,tmobile_us,US 441 & Spring Harbor Blvd,,Eustis,FL,,US,+1 352-589-5456,https://www.t-mobile.com/store-locator/fl/eustis/us-441-spring-harbor-blvd,,T-Mobile,Q3511885
100472,two_men_and_truck,Mt Dora,402 N Donnelly St,Mt Dora,FL,,US,+1 689-223-3500,https://twomenandatruck.com/movers/fl/orlando/mt-dora,,Two Men and a Truck,Q7859087
6683,upsstore,Mount Dora,18981 US Highway 441,Mount Dora,FL,,US,+1 352-602-4253,https://locations.theupsstore.com/fl/mount-dora/18981-us-highway-441,,UPS Store,Q7771029
1373982,usps,MOUNT DORA,,MOUNT DORA,FL,,US,+1 352-383-4066,,Mo-Fr 09:00-17:00; Sa 09:00-12:00,United States Postal Service,Q668687
3275700009,usps_collection_boxes,USPS COLLECTION BOX - BLUE BOX,3900 LAKE CENTER DR,MOUNT DORA,FL,,US,,,,United States Postal Service,Q668687
3275700023,usps_collection_boxes,USPS COLLECTION BOX - PO LOBBY,2600 W OLD US HWY 441,MOUNT DORA,FL,,US,,,,United States Postal Service,Q668687
3275700027,usps_collection_boxes,USPS COLLECTION BOX - PO LOBBY,2600 W OLD US HWY 441,MOUNT DORA,FL,,US,,,,United States Postal Service,Q668687
3275700029,usps_collection_boxes,USPS COLLECTION BOX - BLUE BOX,2600 W OLD US HIGHWAY 441,MOUNT DORA,FL,,US,,,,United States Postal Service,Q668687
3275700020,usps_collection_boxes,USPS COLLECTION BOX - BLUE BOX,17030 US HIGHWAY 441,MOUNT DORA,FL,,US,,,,United States Postal Service,Q668687
3275700003,usps_collection_boxes,USPS COLLECTION BOX - BLUE BOX,196 W 5TH AVE,MOUNT DORA,FL,,US,,,,United States Postal Service,Q668687
3275700012,usps_collection_boxes,USPS COLLECTION BOX - BLUE BOX,140 W 7TH AVE,MOUNT DORA,FL,,US,,,,United States Postal Service,Q668687
3275700019,usps_collection_boxes,USPS COLLECTION BOX - BLUE BOX,411 N DONNELLY ST,MOUNT DORA,FL,,US,,,,United States Postal Service,Q668687
3275700010,usps_collection_boxes,USPS COLLECTION BOX - BLUE BOX,18840 US HIGHWAY 441,MOUNT DORA,FL,,US,,,,United States Postal Service,Q668687
3275700016,usps_collection_boxes,USPS COLLECTION BOX - BLUE BOX,19735 US HWY 441,MOUNT DORA,FL,,US,,,,United States Postal Service,Q668687
3275700008,usps_collection_boxes,USPS COLLECTION BOX - BLUE BOX,6551 N ORANGE BLOSSOM TRAIL SUITE 101,MOUNT DORA,FL,,US,,,,United States Postal Service,Q668687
mountdora_oil-change-gq0052,valvoline_instant_oil_change,Valvoline,18631 US Hwy 441 ,Mount Dora,FL,,US,+1 352-269-3412,https://store.vioc.com/fl/mountdora/oil-change-gq0052.html,,Valvoline Instant Oil Change,Q7912852
mountdora_oil-change-gq0051,valvoline_instant_oil_change,Valvoline,17500 US 441 ,Mount Dora,FL,,US,+1 352-735-1818,https://store.vioc.com/fl/mountdora/oil-change-gq0051.html,,Valvoline Instant Oil Change,Q7912852
,visa,,,MT DORA,FL,,US,,,,,
,visa,,,MT DORA,FL,,US,,,,,
,visa,,,MOUNT DORA,FL,,US,,,,,
,visa,,,MOUNT DORA,FL,,US,,,,,
,visa,,,MT DORA,FL,,US,,,,,
,visa,,,MOUNT DORA,FL,,US,,,,,
,visa,,,MT DORA,FL,,US,,,,,
,visa,,,MT DORA,FL,,US,,,,,
,visa,,,MOUNT DORA,FL,,US,,,,,
,visa,,,MT. DORA,FL,,US,,,,,
,visa,,,MT. DORA,FL,,US,,,,,
,visa,,,MOUNT DORA,FL,,US,,,,,
,visa,,,MOUNT DORA,FL,,US,,,,,
,visa,,,MT DORA,FL,,US,,,,,
,visa,,,MOUNT DORA,FL,,US,,,,,
,visa,,,MOUNT DORA,FL,,US,,,,,
,visa,,,MT DORA,FL,,US,,,,,
,visa,,,MOUNT DORA,FL,,US,,,,,
,visa,,,MOUNT DORA,FL,,US,,,,,
,visa,,,MOUNT DORA,FL,,US,,,,,
,visa,,,MOUNT DORA,FL,,US,,,,,
,visa,,,MT DORA,FL,,US,,,,,
,visa,,,MT DORA,FL,,US,,,,,
,visa,,,MOUNT DORA,FL,,US,,,,,
,visa,,,MT DORA,FL,,US,,,,,
,visa,,,MT DORA,FL,,US,,,,,
,visa,,,MOUNT DORA,FL,,US,,,,,
,visa,,,MT DORA,FL,,US,,,,,
,visa,,,MT DORO,FL,,US,,,,,
,visa,,,MOUNT DORA,FL,,US,,,,,
,visa,,,MT DORA,FL,,US,,,,,
,visa,,,MT DORA,FL,,US,,,,,
,visa,,,MOUNT DORA,FL,,US,,,,,
,visa,,,MOUNT DORA,FL,,US,,,,,
,visa,,,MT DORA,FL,,US,,,,,
,visa,,,MT DORA,FL,,US,,,,,
,visa,,,MT DORA,FL,,US,,,,,
,visa,,,MT DORA,FL,,US,,,,,
,visa,,,MOUNT DORA,FL,,US,,,,,
,visa,,,MOUNT DORA,FL,,US,,,,,
,visa,,,MOUNT DORA,FL,,US,,,,,
,visa,,,MOUNT DORA,FL,,US,,,,,
,visa,,,MOUNT DORA,FL,,US,,,,,
,visa,,,MT DORA,FL,,US,,,,,
,visa,,,MOUNT DORA,FL,,US,,,,,
,visa,,,MOUNT DORA,FL,,US,,,,,
,visa,,,MT DORA,FL,,US,,,,,
,visa,,,MOUNT DORA,FL,,US,,,,,
https://locations.vitaminshoppe.com/fl/mt-dora/vitamins-supplements-mt.-dora-fl-764.html,vitamin_shoppe,The Vitamin Shoppe® Mt. Dora ,17355 US 441 ,Mt. Dora,FL,,US,+1 352-357-2124,https://locations.vitaminshoppe.com/fl/mt-dora/vitamins-supplements-mt.-dora-fl-764.html,Su 10:30-18:00; Mo 09:30-19:30; Tu 09:30-19:30; We 09:30-19:30; Th 09:30-19:30; Fr 09:30-19:30; Sa 09:30-19:00,The Vitamin Shoppe,Q7772938
1982,waffle_house_us,Waffle House #1982,,MOUNT DORA,FL,,US,+1 352-383-0587,https://locations.wafflehouse.com/mountdora-fl-1982,24/7,Waffle House,Q1701206
https://www.walgreens.com/locator/walgreens-18910+us+highway+441-mount+dora-fl-32757/id=2928,walgreens,Walgreens,,Mount Dora,FL,,US,+1 352-735-0600,https://www.walgreens.com/locator/walgreens-18910+us+highway+441-mount+dora-fl-32757/id=2928,Mo-Su 07:00-23:00,Walgreens,Q1591889
16949__US__HWY__441_MOUNT__DORA_FL_32757,wellsfargo,Wells Fargo,16949 US HWY 441,MOUNT DORA,FL,,US,+1 352-483-2940,https://www.wellsfargo.com/locator/bank/16949__US__HWY__441_MOUNT__DORA_FL_32757/,Mo-Fr 09:00-17:00,Wells Fargo,Q744149
https://locations.wendys.com/#9254271,wendys,"Wendy's Mt. Dora in Mount Dora, FL",,Mount Dora,FL,,US,+1 352-735-5114,https://locations.wendys.com/united-states/fl/mount-dora/18890-us-highway-441,"Mo-Su 06:30-10:30,06:30-22:00",Wendy's,Q550258
f6e99d0bb72578128bf4682dca762329,western_union,WALMART #000705,,Mount Dora,FL,,US,+1 352-735-3000,https://location.westernunion.com/us/fl/mount-dora/f6e99d0bb72578128bf4682dca762329,Mo-Sa 08:00-20:00; Su 10:00-18:00,Western Union,Q861042
