Ref,Spider,Name,Address,City,State,Zipcode,Country,Phone,Website,Hours,Brand,WikiData
https://stores.aldi.us/#12199439,aldi_sud_us,ALDI  2306 S. Jefferson Ave,,Mt. Pleasant,TX,,US,+1 888-475-7102,https://stores.aldi.us/tx/mt.-pleasant/2306-s-jefferson-ave,Mo-Su 09:00-20:00,ALDI,Q41171672
2656,anytime_fitness,Anytime Fitness,,Mount Pleasant,TX,,US,+1 903-577-8877,https://www.anytimefitness.com/gyms/2656/mount-pleasant-tx-75455/,,Anytime Fitness,Q4778364
https://restaurants.applebees.com/en-us/tx/mount-pleasant/2300-greenhill-road-96099,applebees,Connect with this Applebee's,,Mount Pleasant,TX,,US,+1 903-577-7234,https://restaurants.applebees.com/en-us/tx/mount-pleasant/2300-greenhill-road-96099,Mo-Th 10:45-23:00; Fr-Sa 10:45-24:00; Su 10:45-23:00,Applebees,Q621532
15021,asics_us,Hibbett Sports,2306 S Jefferson Avenue,Mount Pleasant,TX,,US,+1 903-572-5007,,,asics,Q327247
1569,autozone_us,AutoZone Auto Parts Mount Pleasant,,Mount Pleasant,TX,,US,+1 903-575-0515,https://www.autozone.com/locations/tx/mount-pleasant/912-s-jefferson.html,Mo-Sa 07:30-21:00; Su 09:00-21:00,AutoZone,Q4826087
595,bealls_us,Bealls,,Mt Pleasant,TX,,US,+1 903-572-0514,https://stores.bealls.com/tx/mtpleasant/clothing-store-595.html,Mo-Th 09:00-21:00; Fr-Sa 09:00-21:30; Su 10:00-20:00,Bealls,Q4876153
https://local.biglots.com/#41460730,biglots,Big Lots - Mount Pleasant,,Mount Pleasant,TX,,US,+1 903-717-7060,https://local.biglots.com/tx/mount-pleasant/2306-s-jefferson-ave,Mo-Sa 09:00-21:00; Su 10:00-19:00,Big Lots,Q4905973
226175,bluerhino,Atwoods Ranch & Home Goods #65,,Mount Pleasant,TX,,US,+1 903-573-7066,,,Blue Rhino,Q65681213
69897,bluerhino,Lowe's #1802,,Mount  Pleasant,TX,,US,+1 903-434-7910,,,Blue Rhino,Q65681213
240888,bluerhino,Brookshire Grocery #016,,Mt Pleasant,TX,,US,+1 903-572-1947,,,Blue Rhino,Q65681213
156391,bluerhino,Walgreens #12293,,Mount Pleasant,TX,,US,+1 903-572-0486,,,Blue Rhino,Q65681213
163699,bluerhino,Cefco dba Food Fast #1021,,Mount Pleasant,TX,,US,+1 903-572-1622,,,Blue Rhino,Q65681213
5273,bluerhino,Walmart #0131 - Supercenter,,Mount Pleasant,TX,,US,+1 903-572-0018,,,Blue Rhino,Q65681213
172482,bluerhino,Family Dollar #03923,,Mount Pleasant,TX,,US,+1 903-577-7769,,,Blue Rhino,Q65681213
https://stores.catofashions.com/#26560756,cato_us,Cato,,,TX,,US,+1 903-577-1575,https://stores.catofashions.com/tx/mount-pleasant/624-south-jefferson-avenue,Mo-Sa 10:00-20:00; Su 13:00-18:00,Cato,Q16956136
07642,chevrolet,"SANDLIN MOTORS, INC.",,Mount Pleasant,TX,,US,+1 903-285-6644,https://www.chevyhouse.com,Mo-Fr 08:00-17:30; Sa 09:00-12:00,Chevrolet,Q29570
001.005.1276,chilis,Tennison,,Mt. Pleasant,TX,,US,+1 903-577-8778,https://www.chilis.com/locations/us/texas/mt-pleasant/tennison/,Mo-Th 10:45-22:00; Fr-Sa 10:45-23:30; Su 10:45-22:00,Chili's,Q1072948
81162,citi,ATM Super 1 Food Store,,Mt Pleasant,TX,,US,,,,Citibank,Q857063
52002,citi,ATM CVS,,Mount Pleasant,TX,,US,,,,Citibank,Q857063
88754,citi,ATM Walgreens,,Mount Pleasant,TX,,US,,,,Citibank,Q857063
37216,citi,ATM Brookshires,,Mt Pleasant,TX,,US,,,,Citibank,Q857063
80338357,cricket_wireless,Cricket Wireless Authorized Retailer,,Mount Pleasant,TX,,US,+1 430-222-2320,https://www.cricketwireless.com/stores/ll/US/TX/Mount-Pleasant/630-S-Jefferson-Ave,Mo-Sa 10:00-20:00; Su 12:00-18:00,Cricket Wireless,Q5184987
7436,cvs_us,CVS Pharmacy,,Mount Pleasant,TX,,US,+1 903-572-3448,https://www.cvs.com/store-locator/mount-pleasant-tx-pharmacies/601-s-jefferson-ave-mount-pleasant-tx-75455/storeid=7436,Mo-Su 08:00-23:00,CVS Pharmacy,Q2078880
6583,dominos_pizza_us,Domino's Pizza,,Mt Pleasant,TX,,US,+1 903-577-3030,https://pizza.dominos.com/texas/mt-pleasant/1600-s-jefferson-ave,Mo-Th 10:30-24:00; Fr-Sa 10:30-01:00; Su 10:30-24:00,Domino's,Q839466
https://www.edwardjones.com/us-en/financial-advisor/frank-conrad,edwardjones,Frank Conrad,,Mt Pleasant,TX,,US,+1 903-572-9088,https://www.edwardjones.com/us-en/financial-advisor/frank-conrad,Mo-Th 08:00-17:00; Fr 08:00-16:00,Edward Jones,Q5343830
100185,electrify_america,Jefferson Park,,Mt. Pleasant,TX,,US,,,,Electrify America,Q59773555
E1510M,enterprise,Mount Pleasant,,Mount Pleasant,TX,,US,+1 903-575-0500,,,Enterprise Rent-A-Car,Q17085454
200327148,exxonmobil,Mobil,,MOUNT PLEASANT,TX,,US,,https://www.exxon.com/en/find-station/mobil-mountpleasant-tx-mobil-200327148,Mo-Su 06:00-00:00,Mobil,Q109676002
200308968,exxonmobil,KYLES KWIK STOP 7,,MOUNT PLEASANT,TX,,US,+1 903-717-8906,https://www.exxon.com/en/find-station/exxon-mountpleasant-tx-kyleskwikstop7-200308968,Mo-Su 05:30-22:00,Exxon,Q109675651
https://local.fedex.com/#25230598,fedex,,,Mount Pleasant,TX,,US,+1 800-463-3339,https://local.fedex.com/en-us/tx/mount-pleasant/txkcc,,FedEx,Q459477
https://local.fedex.com/#25203898,fedex,,,Mount Pleasant,TX,,US,+1 800-463-3339,https://local.fedex.com/en-us/tx/mount-pleasant/byrdf,,FedEx,Q459477
https://local.fedex.com/#27757914,fedex,FedEx Authorized ShipCenter,,Mount Pleasant,TX,,US,+1 903-577-0081,https://local.fedex.com/en-us/tx/mount-pleasant/007w1,,FedEx,Q459477
Motorcraft1298USAEnglish,ford,Elliott Ford Lincoln,,Texas,TX,,US,+1 903-572-3486,,,Ford,Q44294
https://www.ford.com/dealerships/dealer-details/tx/mount-pleasant/elliott-ford/,ford_dealers_us,Elliott Ford,,Mount Pleasant,TX,,US,+1 430-297-8023,https://www.ford.com/dealerships/dealer-details/tx/mount-pleasant/elliott-ford/,Mo-Fr 08:00-18:00; Sa 09:00-17:00,Ford Motor Company,Q44294
4465,fresenius_kidney_care_us,Fresenius Kidney Care Titus County,,Mt Pleasant,TX,,US,+1 800-881-5101,https://www.freseniuskidneycare.com/dialysis-centers/texas/4465,Mo 05:30-21:00; Tu 06:00-17:00; We 05:30-21:00; Th 06:00-17:00; Fr 05:30-21:00; Sa 06:00-17:00,,
100649,fresenius_kidney_care_us,Fresenius Kidney Care Mount Pleasant,,Mt Pleasant,TX,,US,+1 800-881-5101,https://www.freseniuskidneycare.com/dialysis-centers/texas/100649,Mo-Sa 06:00-16:00,,
7525,gamestop_us,Commerce Square,,Mount Pleasant,TX,,US,+1 903-577-8686,https://www.gamestop.com/search/?store=7525,Mo-Th 12:00-20:00; Fr-Sa 12:00-21:00; Su 11:00-20:00,GameStop,Q202210
https://stores.gnc.com/#24059424,gnc,GNC Jefferson Park Shopping Center,,,TX,,US,+1 903-577-8112,https://stores.gnc.com/all-stores-texas/mount-pleasant/634-south-jefferson,Mo-Sa 09:00-19:00; Su 12:00-17:00,GNC,Q4808595
c948bb93-458a-e111-8dde-005056934050,goodwill,2507 W Ferguson Rd Store,,Mt Pleasant,TX,,US,+1 903-572-0688,https://www.goodwill.org/locator/location/?store=Yzk0OGJiOTMtNDU4YS1lMTExLThkZGUtMDA1MDU2OTM0MDUw&lat=MzMuMTc4NDM=&lng=LTk1LjAwMzc3,,Goodwill,Q5583655
https://www.harborfreight.com/storelocator/626-south-jefferson-ave-mt-pleasant-75455?number=709,harborfreight,"Harbor Freight Tools Mt. Pleasant, TX",,Mt. Pleasant,TX,,US,+1 903-575-9293,https://www.harborfreight.com/storelocator/626-south-jefferson-ave-mt-pleasant-75455?number=709,Mo-Sa 08:00-20:00; Su 09:00-18:00,Harbor Freight Tools,Q5654601
mtptxhx-hampton-suites-mount-pleasant,hilton,Hampton Inn & Suites Mount Pleasant,,,TX,,US,+1 903-572-7100,https://www.hilton.com/ar/hotels/mtptxhx-hampton-suites-mount-pleasant/,,Hampton by Hilton,Q5646230
41501,h_r_block,H&R Block,,Mount Pleasant,TX,,US,+1 903-572-8181,https://www.hrblock.com/local-tax-offices/texas/mount-pleasant/1311-s-jefferson/41501/,,H&R Block,Q5627799
tx_mount-pleasant_breakfast-2502-w.-ferguson-rd-3232,ihop,IHOP Breakfast Restaurants Near You at 2502 W. Ferguson Rd,,Mount Pleasant,TX,,US,+1 903-572-7400,https://restaurants.ihop.com/en-us/tx/mount-pleasant/breakfast-2502-w.-ferguson-rd-3232,,IHOP,Q1185675
https://office.jacksonhewitt.com/#27576829,jackson_hewitt,Jackson Hewitt,,Mount Pleasant,TX,,US,+1 903-572-8833,https://office.jacksonhewitt.com/tax-preparation-services-locations/en/tx/mount-pleasant/2603-s-jefferson/16300,Mo-Fr 10:00-18:00; Sa 10:00-16:00,Jackson Hewitt,Q6117132
https://office.jacksonhewitt.com/#27579898,jackson_hewitt,Jackson Hewitt,,Mount Pleasant,TX,,US,+1 903-572-5556,https://office.jacksonhewitt.com/tax-preparation-services-locations/en/tx/mount-pleasant/2311-s-jefferson-ave/50131,Mo-Fr 10:00-18:00; Sa 10:00-16:00; Su 01:00-17:00,Jackson Hewitt,Q6117132
https://locations.kfc.com/#11247823,kfc,Kentucky Fried Chicken 1001 South Jefferson,,Mount Pleasant,TX,,US,,https://locations.kfc.com/tx/mount-pleasant/1001-south-jefferson,Mo-Su 10:00-24:00,KFC,Q524757
71467847,moneygram,WAL-MART - #131,,MOUNT PLEASANT,TX,,US,+1 903-572-0018,,Mo-Su 07:00-21:00,MoneyGram,Q1944412
5665,murphy_usa_us,,,Mt. Pleasant,TX,,US,+1 903-572-2025,,Mo-Sa 05:30-23:30; Su 06:00-23:00,Murphy USA,Q19604459
1606-south-jefferson-avenue,my_eye_dr,,,Mt. Pleasant,TX,,US,+1 903-572-4000,https://locations.myeyedr.com/tx/mt-pleasant/1606-south-jefferson-avenue,,MyEyeDr.,Q117864710
https://locations.oreillyauto.com/tx/mtpleasant/check-engine-light-testing-385.html,oreilly,Your Mt Pleasant O'Reilly Auto Parts Store,,Mt Pleasant,TX,,US,+1 903-572-4889,https://locations.oreillyauto.com/tx/mtpleasant/check-engine-light-testing-385.html,Mo-Sa 07:30-21:00; Su 08:00-20:00,O'Reilly Auto Parts,Q7071951
https://locations.oreillyauto.com/tx/mtpleasant/wiper-installation-385.html,oreilly,Your Mt Pleasant O'Reilly Auto Parts Store,,Mt Pleasant,TX,,US,+1 903-572-4889,https://locations.oreillyauto.com/tx/mtpleasant/wiper-installation-385.html,Mo-Sa 07:30-21:00; Su 08:00-20:00,O'Reilly Auto Parts,Q7071951
https://locations.oreillyauto.com/tx/mtpleasant/battery-testing-385.html,oreilly,Your Mt Pleasant O'Reilly Auto Parts Store,,Mt Pleasant,TX,,US,+1 903-572-4889,https://locations.oreillyauto.com/tx/mtpleasant/battery-testing-385.html,Mo-Sa 07:30-21:00; Su 08:00-20:00,O'Reilly Auto Parts,Q7071951
https://locations.oreillyauto.com/tx/mtpleasant/autopartes-385.html,oreilly,Tu tienda O'Reilly Auto Parts en Mt Pleasant,,Mt Pleasant,TX,,US,+1 903-572-4889,https://locations.oreillyauto.com/tx/mtpleasant/autopartes-385.html,Mo-Sa 07:30-21:00; Su 08:00-20:00,O'Reilly Auto Parts,Q7071951
112996,pandaexpress,S Jefferson & Alexander,,Mount Pleasant,TX,,US,+1 903-577-8810,https://www.pandaexpress.com/locations/tx/mount-pleasant/1907-s-jefferson-street,Mo-Su 10:00-22:00,Panda Express,Q1358690
https://locations.papajohns.com/#16236849,papa_johns,Papa John's,,Mount Pleasant,TX,,US,+1 903-717-3177,https://locations.papajohns.com/united-states/tx/75455/mount-pleasant/815-s-jefferson-ave,Mo-Th 10:00-21:00; Fr-Sa 10:00-22:00; Su 10:00-21:00,Papa John's Pizza,Q2759586
0000917573,phillips_66_conoco_76,1 STOP MT PLEASANT,,MT PLEASANT,TX,,US,,,,Phillips 66,Q1656230
0000912543,phillips_66_conoco_76,PIC N PAY,,MOUNT PLEASANT,TX,,US,+1 903-572-5451,,,Phillips 66,Q1656230
tx_mount-pleasant_1902-s-jefferson-ave,pizza_hut_us,1902 S Jefferson Ave,,Mount Pleasant,TX,,US,+1 903-572-1871,https://locations.pizzahut.com/tx/mount-pleasant/1902-s-jefferson-ave,,Pizza Hut,Q191615
restaurant_86565,popeyes_us_fr,Popeyes,"1604 N Jefferson Av Mount Pleasant, Texas 75455 - USA",Mount Pleasant,TX,,US,+1 430-222-0617,https://www.popeyes.com/store-locator/store/restaurant_86565,Mo-Tu 10:00-23:00; We 10:00-21:00; Th 10:00-15:00; Fr-Sa 10:00-22:00; Su 10:00-21:00,Popeyes,Q1330910
mccoys-bldg-supply-ctr-061-33564,ppgpaints,MCCOYS BLDG SUPPLY CTR 061,,"Mount Pleasant, ",TX,,US,+1 903-572-9281,https://www.ppgpaints.com/store-locator/us/texas/mount-pleasant-paint-stores/mccoys-bldg-supply-ctr-061-33564,,PPG Paints,Q83891559
home-depot-8540-12683,ppgpaints,HOME DEPOT 8540,,"Mount Pleasant, ",TX,,US,+1 903-434-7940,https://www.ppgpaints.com/store-locator/us/texas/mount-pleasant-paint-stores/home-depot-8540-12683,,PPG Paints,Q83891559
3748,rentacenter,Rent-A-Center,,Mount Pleasant,TX,,US,+1 903-575-1872,https://locations.rentacenter.com/texas/mount-pleasant/310-b-west-ferguson-road/,Mo-Sa 10:00-18:00,Rent-A-Center,Q7313497
https://locations.schlotzskys.com/#7619,schlotzskys,Schlotzsky's,,Titus County,TX,,US,+1 903-717-8207,https://locations.schlotzskys.com/tx/mount-pleasant/1000-s-jefferson-ave,Mo-Su 10:00-21:00,Schlotzsky's,Q2244796
42073,seven_eleven_ca_us,7-Eleven,,Mount Pleasant,TX,,US,+1 800-255-0711,https://www.7-eleven.com/locations/tx/mount-pleasant/1300-s-jefferson-ave-42073,,7-Eleven,Q259340
2306-south-jefferson-unit-190,staples,"Staples Mt. Pleasant, TX",,Mt. Pleasant,TX,,US,,https://stores.staples.com/tx/mt-pleasant/2306-south-jefferson-unit-190,Mo-Fr 09:00-20:00; Sa 09:00-18:00; Su 11:00-18:00,Staples,Q785943
https://restaurants.subway.com/#14904583,subway,Subway Wal-Mart #131,,Mt Pleasant Titus,TX,,US,+1 903-575-9691,https://restaurants.subway.com/united-states/tx/mt-pleasant/2311-s-jefferson,Mo-Su 08:30-21:30,Subway,Q244457
https://restaurants.subway.com/#14904757,subway,Subway Airport Plaza Shopping Center,,Mount Pleasant Titus,TX,,US,+1 903-572-4500,https://restaurants.subway.com/united-states/tx/mount-pleasant/2306-s-jefferson,Mo-Su 08:30-21:30,Subway,Q244457
https://restaurants.subway.com/#14894746,subway,Subway Total Stop,,Mount Pleasant Titus,TX,,US,+1 903-577-1599,https://restaurants.subway.com/united-states/tx/mount-pleasant/2204-n-jefferson-ave,Mo-Sa 06:00-24:00; Su 07:00-24:00,Subway,Q244457
0677249500,sunoco_us,Sunoco,,MT PLEASANT,TX,,US,+1 903-577-1599,,,Sunoco,Q1423218
712,sun_loan_us,Sun Loan Company – Mount Pleasant,,Mount Pleasant,TX,,US,+1 903-717-3925,https://www.sunloan.com/find-a-branch/sun-loan-company-mount-pleasant-texas-389/,Mo-Th 08:30-17:30; Fr 08:30-18:00; Sa 08:30-12:30,Sun Loan,Q118725658
https://locations.tacobell.com/#6141784,taco_bell,Taco Bell,,Mount Pleasant,TX,,US,+1 903-572-3366,https://locations.tacobell.com/tx/mount-pleasant/905-s-jefferson.html,Mo-Th 08:00-02:00; Fr-Sa 08:00-04:00; Su 08:00-02:00,Taco Bell,Q752941
904E,tmobile_us,S Jefferson Ave & E Ferguson,,Mount Pleasant,TX,,US,+1 430-222-2128,https://www.t-mobile.com/store-locator/tx/mt-pleasant/s-jefferson-ave-e-ferguson,,T-Mobile,Q3511885
1374051,usps,MOUNT PLEASANT,,MOUNT PLEASANT,TX,,US,+1 903-572-8311,,Mo-Fr 08:00-16:00,United States Postal Service,Q668687
7545503169,usps_collection_boxes,USPS COLLECTION BOX - BLUE BOX,2311 S JEFFERSON AVE,MOUNT PLEASANT,TX,,US,,,,United States Postal Service,Q668687
7545503175,usps_collection_boxes,USPS COLLECTION BOX - BLUE BOX,1900 S JEFFERSON AVE,MOUNT PLEASANT,TX,,US,,,,United States Postal Service,Q668687
7545506224,usps_collection_boxes,USPS COLLECTION BOX - BLUE BOX,601 STARK ST,MOUNT PLEASANT,TX,,US,,,,United States Postal Service,Q668687
7545506587,usps_collection_boxes,USPS COLLECTION BOX - PO LOBBY,201 W ALABAMA ST,MOUNT PLEASANT,TX,,US,,,,United States Postal Service,Q668687
7545503174,usps_collection_boxes,USPS COLLECTION BOX - PO LOBBY,201 W ALABAMA ST,MOUNT PLEASANT,TX,,US,,,,United States Postal Service,Q668687
7545505211,usps_collection_boxes,USPS COLLECTION BOX - BLUE BOX,201 W ALABAMA ST,MOUNT PLEASANT,TX,,US,,,,United States Postal Service,Q668687
7545505212,usps_collection_boxes,USPS COLLECTION BOX - BLUE BOX,201 W ALABAMA ST,MOUNT PLEASANT,TX,,US,,,,United States Postal Service,Q668687
7545506585,usps_collection_boxes,USPS COLLECTION BOX - PO LOBBY,201 W ALABAMA ST,MOUNT PLEASANT,TX,,US,,,,United States Postal Service,Q668687
7545503168,usps_collection_boxes,USPS COLLECTION BOX - BLUE BOX,107 W. SECOND,MOUNT PLEASANT,TX,,US,,,,United States Postal Service,Q668687
7545503170,usps_collection_boxes,USPS COLLECTION BOX - BLUE BOX,1809 W FERGUSON RD,MOUNT PLEASANT,TX,,US,,,,United States Postal Service,Q668687
7545503172,usps_collection_boxes,USPS COLLECTION BOX - BLUE BOX,1901 N JEFFERSON AVE,MOUNT PLEASANT,TX,,US,,,,United States Postal Service,Q668687
0000027190,valero,67 EXPRESS,,MOUNT PLEASANT,TX,,US,+1 903-872-1096,https://locations.valero.com/en-us/LocationDetails/Index/925-WEST-16TH-STREET/0000027190,,Valero,Q1283291
R00000232284,verizon_us,Mount Pleasant TX,,Mount Pleasant,TX,,US,+1 903-577-1527,https://www.verizon.com/stores/details/texas/mount-pleasant/mount-pleasant-341026/,Mo-Sa 10:00-19:00; Su 11:00-18:00,Verizon,Q919641
,visa,,,MT. PLEASANT BOWL,TX,,US,,,,,
,visa,,,MT. PLEASANT,TX,,US,,,,,
,visa,,,MOUNT PLEASANT,TX,,US,,,,,
,visa,,,MT PLEASANT,TX,,US,,,,,
,visa,,,MT PLEASANT,TX,,US,,,,,
,visa,,,MT PLEASANT,TX,,US,,,,,
,visa,,,MT PLEASANT,TX,,US,,,,,
,visa,,,MT PLEASANT,TX,,US,,,,,
,visa,,,MOUNT PLEASANT,TX,,US,,,,,
,visa,,,MOUNT PLEASANT,TX,,US,,,,,
,visa,,,MT. PLEASANT,TX,,US,,,,,
,visa,,,MT. PLEASANT,TX,,US,,,,,
,visa,,,MOUNT PLEASANT,TX,,US,,,,,
,visa,,,MT. PLEASANT,TX,,US,,,,,
,visa,,,MT. PLEASANT,TX,,US,,,,,
,visa,,,MT PLEASANT,TX,,US,,,,,
,visa,,,MT. PLEASANT,TX,,US,,,,,
,visa,,,MOUNT PLEASANT,TX,,US,,,,,
,visa,,,MOUNTPLANT,TX,,US,,,,,
,visa,,,MT. PLEASANT,TX,,US,,,,,
,visa,,,MOUNT PLEASANT,TX,,US,,,,,
,visa,,,MT. PLEASANT,TX,,US,,,,,
,visa,,,MOUNT PLEASANT,TX,,US,,,,,
,visa,,,MT PLEASANT,TX,,US,,,,,
,visa,,,MT PLEASANT,TX,,US,,,,,
,visa,,,MOUNT PLEASANT,TX,,US,,,,,
,visa,,,MT PLEASANT,TX,,US,,,,,
,visa,,,MT PLEASANT,TX,,US,,,,,
,visa,,,MT PLEASANT,TX,,US,,,,,
,visa,,,MT. PLEASANT,TX,,US,,,,,
,visa,,,PITTSBURG,TX,,US,,,,,
,visa,,,MT. PLEASANT,TX,,US,,,,,
,visa,,,MT PLEASANT,TX,,US,,,,,
,visa,,,MT. PLEASANT,TX,,US,,,,,
,visa,,,MOUNT PLEASANT,TX,,US,,,,,
,visa,,,MT PLEASANT,TX,,US,,,,,
,visa,,,MT. PLEASANT,TX,,US,,,,,
,visa,,,MT. PLEASANT,TX,,US,,,,,
,visa,,,MT PLEASANT,TX,,US,,,,,
,visa,,,MOUNT PLEASANT,TX,,US,,,,,
,visa,,,MT. PLEASANT,TX,,US,,,,,
,visa,,,MT. PLEASANT,TX,,US,,,,,
,visa,,,MT. PLEASANT,TX,,US,,,,,
https://www.walgreens.com/locator/walgreens-203+w+ferguson+rd-mount+pleasant-tx-75455/id=12293,walgreens,Walgreens,,Mount Pleasant,TX,,US,+1 903-572-0486,https://www.walgreens.com/locator/walgreens-203+w+ferguson+rd-mount+pleasant-tx-75455/id=12293,Mo-Su 07:00-22:00,Walgreens,Q1591889
aaf0dc66d28fce6b4c33910e197c2805,western_union,E-Z MART #4371,,Mount Pleasant,TX,,US,+1 903-572-6532,https://location.westernunion.com/us/tx/mount-pleasant/aaf0dc66d28fce6b4c33910e197c2805,Mo-Su 08:00-20:00,Western Union,Q861042
69880e95236f2962ba8f7eedd43663fa,western_union,E-Z MART #4372,,Mount Pleasant,TX,,US,+1 903-572-5424,https://location.westernunion.com/us/tx/mount-pleasant/69880e95236f2962ba8f7eedd43663fa,Mo-Su 08:00-20:00,Western Union,Q861042
4eca2ff2ca689c213389810b41d1e2c2,western_union,DISCOUNT MART #4,,Mount Pleasant,TX,,US,+1 903-577-5678,https://location.westernunion.com/us/tx/mount-pleasant/4eca2ff2ca689c213389810b41d1e2c2,Mo-Su 07:00-22:00,Western Union,Q861042
a86f162cf43e03476b1d79c03371af69,western_union,WALMART #000131,,Mount Pleasant,TX,,US,+1 903-572-0018,https://location.westernunion.com/us/tx/mount-pleasant/a86f162cf43e03476b1d79c03371af69,Mo-Su 07:00-21:00,Western Union,Q861042
d449d893760733a6204eaf890e5f7b16,western_union,E-Z MART #4374,,Mount Pleasant,TX,,US,+1 903-572-4773,https://location.westernunion.com/us/tx/mount-pleasant/d449d893760733a6204eaf890e5f7b16,Mo-Su 08:00-20:00,Western Union,Q861042
https://locations.whataburger.com/tx/mt-pleasant/2321-south-jefferson-ave.html,whataburger,Bus 271 - Mt. Pleasant,2321 South Jefferson Ave,Mt. Pleasant,TX,,US,,https://locations.whataburger.com/tx/mt-pleasant/2321-south-jefferson-ave.html,,Whataburger,Q376627
70346,wingstop,Wingstop Mt. Pleasant S. Jefferson Rd,2306 S. Jefferson Ave,Mt. Pleasant,TX,,US,+1 903-577-9464,,,Wingstop,Q8025339
423,world_finance_us,,"648 S Jefferson Ave, Mt. Pleasant, TX, 75455",Mt. Pleasant,TX,,US,+1 903-572-1823,https://www.loansbyworld.com/branches/branch-423,Mo-Fr 09:00-17:30; Sa 09:00-12:00,World Finance,Q3569971
