Ref,Spider,Name,Address,City,State,Zipcode,Country,Phone,Website,Hours,Brand,WikiData
https://stores.advanceautoparts.com/oh/westerville/24-e-schrock-rd,advance_auto_parts_us,Advance Auto Parts,,Westerville,OH,,US,+1 614-891-2475,https://stores.advanceautoparts.com/oh/westerville/24-e-schrock-rd,Mo-Sa 07:30-21:00; Su 09:00-20:00,Advance Auto Parts,Q4686051
https://stores.aldi.us/#4420940,aldi_sud_us,ALDI  5996 Westerville Rd,,Westerville,OH,,US,+1 844-461-7005,https://stores.aldi.us/oh/westerville/5996-westerville-rd,"Mo-Su 08:30-20:00,09:00-20:00",ALDI,Q41171672
https://locations.arbys.com/oh/westerville/6063-s-sunbury-rd.html,arbys_us,"Arby's Fast-Food Drive Through Near You in Westerville, OH",,Westerville,OH,,US,+1 614-891-3784,https://locations.arbys.com/oh/westerville/6063-s-sunbury-rd.html,Mo-Su 10:00-22:00,Arby's,Q630866
16285,asics_us,Columbus Running Company,50 N State St,Westerville,OH,,US,+1 614-523-2377,,Mo-Fr 10:00-20:00; Sa 10:00-18:00; Su 12:00-16:00,asics,Q327247
765,autozone_us,AutoZone Auto Parts Westerville,,Westerville,OH,,US,+1 614-891-1616,https://www.autozone.com/locations/oh/westerville/5490-westerville-rd.html,Mo-Fr 07:30-21:00; Sa-Su 08:00-21:00,AutoZone,Q4826087
https://www.avis.com/en/locations/us/oh/westerville/ch7,avis,Avis U S A Westerville,,Westerville,OH,,US,+1 614-846-7776,https://www.avis.com/en/locations/us/oh/westerville/ch7,Mo-Fr 07:00-17:30; Sa 08:00-12:00; Su 10:00-13:00,Avis,Q791136
https://www.banfield.com/locations/veterinarians/oh/westerville/aax,banfield_pet_hospital,Westerville Plaza,,Westerville,OH,,US,+1 614-899-0163,https://www.banfield.com/locations/veterinarians/oh/westerville/aax,Mo-Sa 08:00-18:00; Su 10:00-17:00,Banfield Pet Hospital,Q2882416
https://locators.bankofamerica.com/oh/westerville/financial-centers-westerville-16935.html,bankofamerica,Bank of America Financial Center & Walk-Up ATM | State and Schrock,,Westerville,OH,,US,+1 614-212-2815,https://locators.bankofamerica.com/oh/westerville/financial-centers-westerville-16935.html,Mo-Fr 09:00-16:00; Sa 09:00-13:00,Bank of America,Q487907
BBW02708,bathandbodyworks_us,HAMILTON QUARTER,,COLUMBUS,OH,,US,+1 380-229-2058,,Mo-Sa 10:00-21:00; Su 11:00-18:00,Bath & Body Works,Q810773
https://local.biglots.com/#13190457,biglots,Big Lots - Westerville,,Westerville,OH,,US,+1 614-899-0356,https://local.biglots.com/oh/westerville/60-e-schrock-rd,Mo-Sa 09:00-21:00; Su 10:00-19:00,Big Lots,Q4905973
239482,bluerhino,Circle K #4705265,,Westerville,OH,,US,+1 614-885-9970,,,Blue Rhino,Q65681213
33008,bluerhino,Kroger #920 - Columbus,,Westerville,OH,,US,+1 614-890-8660,,,Blue Rhino,Q65681213
188147,bluerhino,Westerville Petroleum LLC,,Westerville,OH,,US,+1 214-554-1136,,,Blue Rhino,Q65681213
43159,bluerhino,Kroger #965 - Columbus,,Westerville,OH,,US,+1 614-895-1500,,,Blue Rhino,Q65681213
143903,bluerhino,Kroger #965 - Columbus - Fuel Site,,Westerville,OH,,US,+1 614-895-1500,,,Blue Rhino,Q65681213
46615_50001,bmw_group,"Achbach Auto Industries, Independent Certified Collision Repair Center of Kelly BMW",,Westerville,OH,,US,+1 614-890-5099,,,BMW,Q26678
46899,bobevans_us,Westerville,,Westerville,OH,,US,+1 614-895-3353,https://www.bobevans.com/locations/westerville,Mo-Su 07:00-21:00,Bob Evans,Q4932386
56970789789004308100100000000000,bp,BP,,Westerville,OH,,US,+1 614-882-9989,,24/7,BP,Q152057
57454132982414308100100000000000,bp,BP,,Westerville,OH,,US,+1 614-899-6144,,24/7,BP,Q152057
69207068387964308100100000000000,bp,BP,,Westerville,OH,,US,+1 614-882-1106,,Mo-Su 05:00-23:00,BP,Q152057
78633125794624308100100000000000,bp,BP,,Westerville,OH,,US,+1 614-890-1002,,Mo-Su 05:00-23:00,BP,Q152057
122,cafe_zupas,New Albany,,Westerville,OH,,US,+1 614-933-4000,https://cafezupas.com/locationcopy/info/new-albany,Mo-Th 10:00-21:00; Fr-Sa 10:00-22:00,Café Zupas,Q123687995
2040931,chase_us,Westerville South - New branch - Newly renovated,,Westerville,OH,,US,+1 614-248-2650,https://locator.chase.com/oh/westerville/77-huber-village-blvd,Mo-Fr 09:00-17:00; Sa 09:00-14:00,Chase,Q524629
001.005.1610,chilis,Hamilton Quarters,,Columbus,OH,,US,+1 614-918-9991,https://www.chilis.com/locations/us/ohio/columbus/hamilton-quarters/,Mo-Th 11:00-22:00; Fr-Sa 11:00-23:00; Su 11:00-22:00,Chili's,Q1072948
oh_westerville_641-s-state-st,chipotle, ,,Westerville,OH,,US,+1 614-865-1863,https://locations.chipotle.com/oh/westerville/641-s-state-st,,Chipotle,Q465751
82855,citi,ATM Target,,Columbus,OH,,US,,,,Citibank,Q857063
60730,citi,ATM KEMBA FIN CU,,Westerville,OH,,US,,,,Citibank,Q857063
60727,citi,ATM KEMBA FIN CU,,Westerville,OH,,US,,,,Citibank,Q857063
60728,citi,ATM KEMBA FIN CU,,Westerville,OH,,US,,,,Citibank,Q857063
60729,citi,ATM KEMBA FIN CU,,Westerville,OH,,US,,,,Citibank,Q857063
59669,citi,ATM Hondros College,,Westerville,OH,,US,,,,Citibank,Q857063
85673,citi,ATM United Dairy Farmers,,Westerville,OH,,US,,,,Citibank,Q857063
68833,citi,ATM PNC AT UDF,,Westerville,OH,,US,,,,Citibank,Q857063
68611,citi,ATM PNC AT SHEETZ,,Westerville,OH,,US,,,,Citibank,Q857063
78728,citi,ATM Speedway,,Westerville,OH,,US,,,,Citibank,Q857063
79993,citi,ATM SPEEDWAY #5207,,Westerville,OH,,US,,,,Citibank,Q857063
64690,citi,ATM Marcs,,Westerville,OH,,US,,,,Citibank,Q857063
85766,citi,ATM UNITED MIDWEST SAVINGS BANK,,Westerville,OH,,US,,,,Citibank,Q857063
44930,citi,ATM CNB BANK,,Westerville,OH,,US,,,,Citibank,Q857063
59142,citi,ATM HEARTLAND BANK WESTERVILLE,,Westerville,OH,,US,,,,Citibank,Q857063
39444,citi,ATM Certified Oil,,Westerville,OH,,US,,,,Citibank,Q857063
52111,citi,ATM CVS,,Westerville,OH,,US,,,,Citibank,Q857063
80046,citi,ATM SPEEDWAY # 1028,,Westerville,OH,,US,,,,Citibank,Q857063
78061,citi,ATM Speedway,,Westerville,OH,,US,,,,Citibank,Q857063
60686,citi,ATM KEMBA -St. Anns 1st Floor Vend,,Westerville,OH,,US,,,,Citibank,Q857063
60757,citi,ATM KEMBA FINANCIAL CREDIT UNION,,Westerville,OH,,US,,,,Citibank,Q857063
47953,citi,ATM CVS,,Westerville,OH,,US,,,,Citibank,Q857063
60749,citi,ATM KEMBA FINANCIAL CREDIT UNION,,Westerville,OH,,US,,,,Citibank,Q857063
60689,citi,ATM KEMBA -Westerville Public Libr,,Westerville,OH,,US,,,,Citibank,Q857063
83558,citi,ATM THE MIDDLEFIELD BANKING COMPANY,,Westerville,OH,,US,,,,Citibank,Q857063
47425,citi,ATM CVS,,Westerville,OH,,US,,,,Citibank,Q857063
44133,citi,ATM Circle K,,Westerville,OH,,US,,,,Citibank,Q857063
68859,citi,ATM PNC AT UDF,,Westerville,OH,,US,,,,Citibank,Q857063
,credit_union_us,CME FCU,,Westerville,OH,,US,+1 614-224-8890,,Mo-Fr 08:30-05:30; Sa 09:00-01:00,,
3992,cvs_us,CVS Pharmacy,,Westerville,OH,,US,+1 614-891-9771,https://www.cvs.com/store-locator/westerville-oh-pharmacies/620-s-cleveland-ave-westerville-oh-43081/storeid=3992,24/7,CVS Pharmacy,Q2078880
6162,cvs_us,CVS Pharmacy,,Westerville,OH,,US,+1 614-891-8300,https://www.cvs.com/store-locator/westerville-oh-pharmacies/1202-county-line-road-westerville-oh-43081/storeid=6162,Mo-Th 09:00-21:00; Fr 09:00-22:00; Sa 08:00-22:00; Su 10:00-19:00,CVS Pharmacy,Q2078880
6155,cvs_us,CVS Pharmacy,,Westerville,OH,,US,+1 614-890-4660,https://www.cvs.com/store-locator/westerville-oh-pharmacies/145-s-state-st-westerville-oh-43081/storeid=6155,Mo-Th 09:00-21:00; Fr 09:00-22:00; Sa 08:00-22:00; Su 10:00-19:00,CVS Pharmacy,Q2078880
17770,cvs_us,CVS Pharmacy,,Columbus,OH,,US,+1 614-245-6033,https://www.cvs.com/store-locator/columbus-oh-pharmacies/6030-n-hamilton-rd-columbus-oh-43081/storeid=17770,"Mo-Fr 09:00-13:30,14:00-19:00; Sa 09:00-13:30,14:00-17:00; Su 11:00-13:30,14:00-17:00",CVS Pharmacy,Q2078880
3367,dollartree,DollarTree,,Westerville,OH,,US,+1 614-948-4925,,Mo-Sa 09:00-22:00; Su 10:00-22:00,Dollar Tree,Q5289230
2328,dominos_pizza_us,Domino's Pizza,,Westerville,OH,,US,+1 614-891-3030,https://pizza.dominos.com/ohio/westerville/5864-westerville-road,Mo-Th 10:30-24:00; Fr-Sa 10:30-01:00; Su 10:30-24:00,Domino's,Q839466
363327,dunkin_us,Dunkin',,Westerville,OH,,US,+1 614-212-4913,https://locations.dunkindonuts.com/en/oh/westerville/1252-county-line-road/363327,Mo-Sa 05:00-20:00; Su 06:00-20:00,Dunkin',Q847743
363328,dunkin_us,Dunkin',,Westerville,OH,,US,+1 614-212-4134,https://locations.dunkindonuts.com/en/oh/westerville/481-s-state-st/363328,Mo-Sa 05:00-20:00; Su 06:00-20:00,Dunkin',Q847743
https://www.edwardjones.com/us-en/financial-advisor/charles-sprunger,edwardjones,Charles Sprunger,,Westerville,OH,,US,+1 614-891-5587,https://www.edwardjones.com/us-en/financial-advisor/charles-sprunger,Mo-Fr 08:00-17:00,Edward Jones,Q5343830
520693,eg_america_us,Certified,,WESTERVILLE,OH,,US,+1 614-839-4002,https://www.certifiedoil.com/find-us/generic-store-page/?id=400324,,Certified Oil,Q100148356
521348,eg_america_us,Turkey Hill,,Westerville,OH,,US,,,,Turkey Hill,Q42376970
https://locations.53.com/#3034324,fifththirdbank,Fifth Third Bank Westerville North,,Westerville,OH,,US,+1 614-882-3554,https://locations.53.com/oh/westerville/7425-sr-3.html,Mo-Th 09:00-17:00; Fr 09:00-18:00; Sa 09:00-12:00,Fifth Third Bank,Q1411810
https://locations.53.com/#28421856,fifththirdbank,Fifth Third Bank Hamilton Quarter,,Westerville,OH,,US,+1 614-741-8449,https://locations.53.com/oh/westerville/5960-north-hamilton-road.html,Mo-Th 09:00-17:00; Fr 09:00-18:00; Sa 09:00-12:00,Fifth Third Bank,Q1411810
https://locations.53.com/#3034325,fifththirdbank,Fifth Third Bank Westerville South,,Westerville,OH,,US,+1 614-895-1454,https://locations.53.com/oh/westerville/132-west-schrock-road.html,Mo-Th 09:00-17:00; Fr 09:00-18:00; Sa 09:00-12:00,Fifth Third Bank,Q1411810
278626,firestone_auto_care,Firestone Complete Auto Care,,Westerville,OH,,US,+1 614-682-7674,https://local.firestonecompleteautocare.com/ohio/westerville/6136-s-sunbury-rd/,,Firestone,Q420837
18082,firestone_auto_care,Firestone Complete Auto Care,,Westerville,OH,,US,+1 614-259-6461,https://local.firestonecompleteautocare.com/ohio/westerville/777-s-state-st/,,Firestone,Q420837
https://www.fitness19.com/centers/westerville/,fitness19_us,Fitness 19,,Westerville,OH,,US,+1 614-899-1919,https://www.fitness19.com/centers/westerville/,,Fitness 19,Q121787953
https://locations.fivebelow.com/oh/westerville/5994-n-hamilton-rd,five_below,Five Below Hamilton Quarter,,Westerville,OH,,US,,https://locations.fivebelow.com/oh/westerville/5994-n-hamilton-rd,Mo-Sa 10:00-20:00; Su 11:00-18:00,Five Below,Q5455836
3970,fresenius_kidney_care_us,Fresenius Kidney Care Westerville,,Westerville,OH,,US,+1 800-881-5101,https://www.freseniuskidneycare.com/dialysis-centers/ohio/3970,Mo 06:00-22:00; Tu 06:00-17:00; We 06:00-22:00; Th 06:00-17:00; Fr 06:00-22:00; Sa 06:00-17:00,,
https://www.goodyearautoservice.com/en_US/location/Westerville-OH-43081-US-000906335,goodyear_us,"Goodyear Auto Service - Sunbury Plaza, Westerville, OH | Oil, Brakes & Repairs | #000906335",,Westerville,OH,,US,+1 614-794-3381,https://www.goodyearautoservice.com/en_US/location/Westerville-OH-43081-US-000906335,Mo-Sa 07:00-17:00,Goodyear,Q620875
https://salons.greatclips.com/us/oh/westerville/572-w-schrock-rd,greatclips,Great Clips,,Westerville,OH,,US,+1 614-898-3101,https://salons.greatclips.com/us/oh/westerville/572-w-schrock-rd,Mo-Fr 10:00-19:00; Sa 09:00-18:00; Su 10:00-17:00,Great Clips,Q5598967
https://salons.greatclips.com/us/oh/columbus/5968-north-hamilton-rd,greatclips,Great Clips,,Columbus,OH,,US,+1 614-607-2663,https://salons.greatclips.com/us/oh/columbus/5968-north-hamilton-rd,Mo-Fr 10:00-19:00; Sa 09:00-18:00; Su 10:00-17:00,Great Clips,Q5598967
151,huntingtonbank,South State Street,,Westerville,OH,,US,+1 614-480-0016,https://www.huntington.com/Community/branch-info?locationId=151,Mo-Fr 09:00-17:00; Sa 09:00-12:00; Su 00:00-00:00,Huntington Bank,Q798819
471,huntingtonbank,Sunbury Plaza ,,Westerville,OH,,US,+1 614-480-0049,https://www.huntington.com/Community/branch-info?locationId=471,Mo-Fr 09:00-17:00; Sa-Su 00:00-00:00,Huntington Bank,Q798819
https://www.blockadvisors.com/local-tax-offices/ohio/westerville/615-copeland-mill-rd-ste-2e/33633/,h_r_block,H&R Block,,Westerville,OH,,US,+1 614-891-2449,https://www.blockadvisors.com/local-tax-offices/ohio/westerville/615-copeland-mill-rd-ste-2e/33633/,,H&R Block,Q5627799
33635,h_r_block,H&R Block,,Westerville,OH,,US,+1 614-882-5749,https://www.hrblock.com/local-tax-offices/ohio/westerville/westerville-plaza/33635/,,H&R Block,Q5627799
https://locations.jimmyjohns.com/oh/westerville/sandwiches-1514.html,jimmy_johns,Jimmy John's,,Westerville,OH,,US,+1 614-818-1800,https://locations.jimmyjohns.com/oh/westerville/sandwiches-1514.html,,Jimmy John's,Q1689380
https://locations.kfc.com/#11248865,kfc,Chicken Nuggets Near Westerville,,Westerville,OH,,US,,https://locations.kfc.com/oh/westerville/525-s-state-street/chickennugget,Mo-Su 10:30-22:30,KFC,Q524757
300999,kindercare,South Cleveland Avenue KinderCare,,Westerville,OH,,US,,https://www.kindercare.com/our-centers/westerville/oh/300999,,KinderCare Learning Centers,Q6410551
301689,kindercare,County Line Road KinderCare,,Westerville,OH,,US,,https://www.kindercare.com/our-centers/westerville/oh/301689,,KinderCare Learning Centers,Q6410551
300083,kindercare,Huber Village Kindercare,,Westerville,OH,,US,,https://www.kindercare.com/our-centers/westerville/oh/300083,,KinderCare Learning Centers,Q6410551
000766,kindercare,Sunbury KinderCare,,Westerville,OH,,US,,https://www.kindercare.com/our-centers/westerville/oh/000766,,KinderCare Learning Centers,Q6410551
96,kohls_us,Kohl's,,Westerville,OH,,US,+1 614-794-3363,https://www.kohls.com/stores/oh/westerville-96.shtml,Mo-Th 09:00-21:00; Fr-Sa 09:00-22:00; Su 09:00-21:00,Kohl's,Q967265
157503,marathon_petroleum_us,WESTVILLE MARATHON,,Westerville,OH,,US,+1 614-882-1283,,,Marathon,Q458363
157116,marathon_petroleum_us,CERTIFIED 324,,WESTERVILLE,OH,,US,+1 614-839-4002,,,Marathon,Q458363
CMHAW,marriott,Aloft Columbus Westerville,,Westerville,OH,,US,+1 614-899-6560,https://www.marriott.com/CMHAW,,Aloft Hotels,Q4734166
CMHFB,marriott,Fairfield Inn & Suites Columbus New Albany,,Columbus,OH,,US,+1 614-855-9766,https://www.marriott.com/CMHFB,,Fairfield by Marriott,Q5430314
https://locations.oreillyauto.com/oh/columbus/check-engine-light-testing-2179.html,oreilly,Your Columbus O'Reilly Auto Parts Store,,Columbus,OH,,US,+1 614-899-5110,https://locations.oreillyauto.com/oh/columbus/check-engine-light-testing-2179.html,Mo-Sa 07:30-21:00; Su 08:00-20:00,O'Reilly Auto Parts,Q7071951
https://locations.oreillyauto.com/oh/columbus/wiper-installation-2179.html,oreilly,Your Columbus O'Reilly Auto Parts Store,,Columbus,OH,,US,+1 614-899-5110,https://locations.oreillyauto.com/oh/columbus/wiper-installation-2179.html,Mo-Sa 07:30-21:00; Su 08:00-20:00,O'Reilly Auto Parts,Q7071951
https://locations.oreillyauto.com/oh/columbus/battery-testing-2179.html,oreilly,Your Columbus O'Reilly Auto Parts Store,,Columbus,OH,,US,+1 614-899-5110,https://locations.oreillyauto.com/oh/columbus/battery-testing-2179.html,Mo-Sa 07:30-21:00; Su 08:00-20:00,O'Reilly Auto Parts,Q7071951
https://locations.oreillyauto.com/oh/columbus/autopartes-2179.html,oreilly,Tu tienda O'Reilly Auto Parts en Columbus,,Columbus,OH,,US,+1 614-899-5110,https://locations.oreillyauto.com/oh/columbus/autopartes-2179.html,Mo-Sa 07:30-21:00; Su 08:00-20:00,O'Reilly Auto Parts,Q7071951
https://locations.papajohns.com/#10692265,papa_johns,Papa John's,,Westerville,OH,,US,+1 614-547-0117,https://locations.papajohns.com/united-states/oh/43081/westerville/8304-sancus-blvd,Mo-Th 09:30-24:00; Fr-Sa 09:30-01:00; Su 09:30-24:00,Papa John's Pizza,Q2759586
https://locations.papajohns.com/#10692273,papa_johns,Papa John's,,Westerville,OH,,US,+1 614-895-6777,https://locations.papajohns.com/united-states/oh/43081/westerville/503-s-state-st,Mo-Th 09:30-24:00; Fr-Sa 09:30-01:00; Su 09:30-24:00,Papa John's Pizza,Q2759586
https://stores.petco.com/#27959639,petco,Petco Westerville,,Westerville,OH,,US,+1 614-891-7387,https://stores.petco.com/oh/westerville/pet-supplies-westerville-oh-2823.html,Mo-Sa 09:00-20:00; Su 10:00-19:00,Petco,Q7171798
oh_westerville_651-s-state-st,pizza_hut_us,651 S State St,,Westerville,OH,,US,+1 614-794-9602,https://locations.pizzahut.com/oh/westerville/651-s-state-st,,Pizza Hut,Q191615
home-depot-3825-13695,ppgpaints,HOME DEPOT 3825,,"Westerville, ",OH,,US,+1 614-794-3651,https://www.ppgpaints.com/store-locator/us/ohio/westerville-paint-stores/home-depot-3825-13695,,PPG Paints,Q83891559
https://www.promedicaskillednursing.org/locations/promedica-skilled-nursing-and-rehabilitation-westerville/,promedica_us,ProMedica Skilled Nursing and Rehabilitation (Westerville),,Westerville,OH,,US,+1 614-895-1038,https://www.promedicaskillednursing.org/locations/promedica-skilled-nursing-and-rehabilitation-westerville/,,ProMedica,Q7246673
https://www.villageatwesterville.com/,promedica_us,The Village A ProMedica Senior Living Community,,Westerville,OH,,US,+1 614-882-3782,https://www.villageatwesterville.com/,,ProMedica,Q7246673
https://www.publicstorage.com/self-storage-oh-westerville/1116.html,public_storage_us,Public Storage,,Westerville,OH,,US,+1 614-212-4208,https://www.publicstorage.com/self-storage-oh-westerville/1116.html,,Public Storage,Q1156045
90718,ritasitalianice,Rita’s of Westerville OH,,Westerville,OH,,US,+1 614-714-0980,https://www.ritasice.com/location/ritas-of-westerville-oh-2/,,Rita's Italian Ice,Q7336456
789,sheetz,Sheetz,,Westerville,OH,,US,+1 614-568-8617,https://orders.sheetz.com/findASheetz/store/789,24/7,Sheetz,Q7492551
207,skyline_chili,Skyline Chili,117 Westerville Plaza,Westerville,OH,,US,+1 614-890-8400,https://locations.skylinechili.com/skyline-chili-8df9cd0f2b99,Mo-Su 10:30-21:00,Skyline Chili,Q151224
https://smashburger.com/locations/#64506858,smashburger,Smashburger,,Westerville,OH,,US,+1 614-423-4693,https://smashburger.com/locations/us/oh/westerville/552-s-state-st,Mo-Su 10:30-21:30,Smashburger,Q17061332
32522,smilebrands,Merit Dental Westerville,1219 County Line Rd.,Westerville,OH,,US,+1 614-839-8000,https://meritdental.com/locations/ohio-dental-centers/westerville-oh/,,Smile Brands Inc.,Q108286823
406,sola_salon_studios,Westerville,,Westerville,OH,,US,+1 614-453-5275,https://www.solasalonstudios.com/locations/westerville,,Sola Salon Studios,Q64337426
https://restaurants.subway.com/#14903113,subway,Subway,,Westerville Franklin,OH,,US,+1 614-794-2782,https://restaurants.subway.com/united-states/oh/westerville/5992-westerville-rd,Mo-Fr 09:00-21:00; Sa 09:30-20:00; Su 11:00-19:30,Subway,Q244457
0850956400,sunoco_us,Sunoco,,WESTERVILLE,OH,,US,+1 614-794-2673,,,Sunoco,Q1423218
https://locations.tacobell.com/#6142774,taco_bell,Taco Bell,,Westerville,OH,,US,+1 614-895-0550,https://locations.tacobell.com/oh/westerville/6140-sunbury-rd.html,Mo-Th 09:00-02:00; Fr-Sa 09:00-03:00; Su 09:00-02:00,Taco Bell,Q752941
https://locations.tacobell.com/#6144763,taco_bell,Taco Bell,,Westerville,OH,,US,+1 614-882-0360,https://locations.tacobell.com/oh/westerville/26-e-schrock-rd.html,Mo-Su 09:00-02:00,Taco Bell,Q752941
919398,tim_hortons,Tim Hortons,,Westerville,OH,,US,+1 614-423-8145,,,Tim Hortons,Q175106
3AST,tmobile_us,Morse Rd & Stoneridge Dr,,Westerville,OH,,US,+1 614-358-2992,https://www.t-mobile.com/store-locator/oh/westerville/morse-rd-stoneridge-dr,,T-Mobile,Q3511885
397D,tmobile_us,S State St & Huber Vlg Blvd,,Westerville,OH,,US,+1 614-682-7661,https://www.t-mobile.com/store-locator/oh/westerville/s-state-st-huber-vlg-blvd,,T-Mobile,Q3511885
New Albany - NOW OPEN,torchys_tacos,Torchy's Tacos,6042 N Hamilton Rd,Columbus,OH,,US,+1 380-800-1440,https://torchystacos.com/location/new-albany-now-open/,Mo-Th 10:00-21:00; Fr 10:00-22:00; Sa 09:00-22:00; Su 09:00-21:00,Torchy's Tacos,Q106769573
2126,united_dairy_farmers_us,United Dairy Farmers,5320 Warner Rd.,Columbus,OH,,US,+1 614-939-9079,,,United Dairy Farmers,Q7887677
2113,united_dairy_farmers_us,United Dairy Farmers,7085 ST RT 3,Westerville,OH,,US,+1 614-794-3880,,,United Dairy Farmers,Q7887677
westerville,usavingsbank,Westerville,,Westerville,OH,,US,+1 614-882-2286,https://usavingsbank.com/contact/find-a-branch-atm/westerville/,Mo-Th 09:00-17:00; Fr 09:00-18:00; Sa 09:00-13:00,Union Savings Bank,Q69206498
1433366,usps,GLENGARY,,WESTERVILLE,OH,,US,+1 614-882-2163,,"Mo-Fr 09:30-13:00,14:00-17:00; Sa 09:00-13:00",United States Postal Service,Q668687
1383348,usps,STATE STREET,,WESTERVILLE,OH,,US,+1 614-882-2247,,Mo-Fr 08:30-17:00; Sa 09:00-15:00,United States Postal Service,Q668687
4308100071,usps_collection_boxes,USPS COLLECTION BOX - BLUE BOX,7345 STATE ROUTE 3,WESTERVILLE,OH,,US,,,,United States Postal Service,Q668687
4308100090,usps_collection_boxes,USPS COLLECTION BOX - BLUE BOX,100 POLARIS PKWY,WESTERVILLE,OH,,US,,,,United States Postal Service,Q668687
4308100031,usps_collection_boxes,USPS COLLECTION BOX - BLUE BOX,550 POLARIS PKWY,WESTERVILLE,OH,,US,,,,United States Postal Service,Q668687
4308100091,usps_collection_boxes,USPS COLLECTION BOX - BLUE BOX,480 OLDE WORTHINGTON RD,WESTERVILLE,OH,,US,,,,United States Postal Service,Q668687
4308100092,usps_collection_boxes,USPS COLLECTION BOX - BLUE BOX,480 OLDE WORTHINGTON RD,WESTERVILLE,OH,,US,,,,United States Postal Service,Q668687
4308100106,usps_collection_boxes,USPS COLLECTION BOX - PO LOBBY,617 MCCORKLE BLVD,WESTERVILLE,OH,,US,,,,United States Postal Service,Q668687
4308100076,usps_collection_boxes,USPS COLLECTION BOX - BLUE BOX,617 MCCORKLE BLVD,WESTERVILLE,OH,,US,,,,United States Postal Service,Q668687
4308100077,usps_collection_boxes,USPS COLLECTION BOX - BLUE BOX,617 MCCORKLE BLVD,WESTERVILLE,OH,,US,,,,United States Postal Service,Q668687
4308100079,usps_collection_boxes,USPS COLLECTION BOX - PO LOBBY,617 MCCORKLE BLVD,WESTERVILLE,OH,,US,,,,United States Postal Service,Q668687
4308100081,usps_collection_boxes,USPS COLLECTION BOX - PO LOBBY,617 MCCORKLE BLVD,WESTERVILLE,OH,,US,,,,United States Postal Service,Q668687
4308100082,usps_collection_boxes,USPS COLLECTION BOX - APC,617 MCCORKLE BLVD,WESTERVILLE,OH,,US,,,,United States Postal Service,Q668687
4308100060,usps_collection_boxes,USPS COLLECTION BOX - BLUE BOX,21 S STATE ST,WESTERVILLE,OH,,US,,,,United States Postal Service,Q668687
4308100033,usps_collection_boxes,USPS COLLECTION BOX - BLUE BOX,33 COLLEGEVIEW RD,WESTERVILLE,OH,,US,,,,United States Postal Service,Q668687
4308100089,usps_collection_boxes,USPS COLLECTION BOX - BLUE BOX,64 E WALNUT ST,WESTERVILLE,OH,,US,,,,United States Postal Service,Q668687
4308100038,usps_collection_boxes,USPS COLLECTION BOX - PO LOBBY,260 S STATE ST,WESTERVILLE,OH,,US,,,,United States Postal Service,Q668687
4308100065,usps_collection_boxes,USPS COLLECTION BOX - BLUE BOX,260 S STATE ST,WESTERVILLE,OH,,US,,,,United States Postal Service,Q668687
4308100066,usps_collection_boxes,USPS COLLECTION BOX - BLUE BOX,260 S STATE ST,WESTERVILLE,OH,,US,,,,United States Postal Service,Q668687
4308100083,usps_collection_boxes,USPS COLLECTION BOX - PO LOBBY,260 S STATE ST,WESTERVILLE,OH,,US,,,,United States Postal Service,Q668687
4308100084,usps_collection_boxes,USPS COLLECTION BOX - PO LOBBY,260 S STATE ST,WESTERVILLE,OH,,US,,,,United States Postal Service,Q668687
4308100104,usps_collection_boxes,USPS COLLECTION BOX - PO LOBBY,260 S STATE ST,WESTERVILLE,OH,,US,,,,United States Postal Service,Q668687
4308100072,usps_collection_boxes,USPS COLLECTION BOX - BLUE BOX,370 S CLEVELAND AVE,WESTERVILLE,OH,,US,,,,United States Postal Service,Q668687
4308100095,usps_collection_boxes,USPS COLLECTION BOX - BLUE BOX,444 CLEVELAND AVE,WESTERVILLE,OH,,US,,,,United States Postal Service,Q668687
4308100013,usps_collection_boxes,USPS COLLECTION BOX - BLUE BOX,275 S SUNBURY RD,WESTERVILLE,OH,,US,,,,United States Postal Service,Q668687
4308100016,usps_collection_boxes,USPS COLLECTION BOX - BLUE BOX,336 S OTTERBEIN AVE,WESTERVILLE,OH,,US,,,,United States Postal Service,Q668687
4308100014,usps_collection_boxes,USPS COLLECTION BOX - BLUE BOX,1165 COLONY DR,WESTERVILLE,OH,,US,,,,United States Postal Service,Q668687
4308100017,usps_collection_boxes,USPS COLLECTION BOX - BLUE BOX,50 E SCHROCK RD,WESTERVILLE,OH,,US,,,,United States Postal Service,Q668687
4308100019,usps_collection_boxes,USPS COLLECTION BOX - BLUE BOX,55 W SCHROCK RD,WESTERVILLE,OH,,US,,,,United States Postal Service,Q668687
4308100023,usps_collection_boxes,USPS COLLECTION BOX - BLUE BOX,936 EASTWIND DR,WESTERVILLE,OH,,US,,,,United States Postal Service,Q668687
4308100051,usps_collection_boxes,USPS COLLECTION BOX - BLUE BOX,700 BROOKSEDGE BLVD,WESTERVILLE,OH,,US,,,,United States Postal Service,Q668687
4308100052,usps_collection_boxes,USPS COLLECTION BOX - BLUE BOX,700 BROOKSEDGE BLVD,WESTERVILLE,OH,,US,,,,United States Postal Service,Q668687
4308100022,usps_collection_boxes,USPS COLLECTION BOX - BLUE BOX,5151 LITTLE TURTLE WAY W,WESTERVILLE,OH,,US,,,,United States Postal Service,Q668687
4308100047,usps_collection_boxes,USPS COLLECTION BOX - BLUE BOX,5151 LITTLE TURTLE WAY W,WESTERVILLE,OH,,US,,,,United States Postal Service,Q668687
4308100029,usps_collection_boxes,USPS COLLECTION BOX - BLUE BOX,495 COOPER RD,WESTERVILLE,OH,,US,,,,United States Postal Service,Q668687
4308100026,usps_collection_boxes,USPS COLLECTION BOX - BLUE BOX,5973 SUNBURY PLZ,WESTERVILLE,OH,,US,,,,United States Postal Service,Q668687
4308100069,usps_collection_boxes,USPS COLLECTION BOX - BLUE BOX,4151 EXECUTIVE PKWY,WESTERVILLE,OH,,US,,,,United States Postal Service,Q668687
4308100037,usps_collection_boxes,USPS COLLECTION BOX - BLUE BOX,5992 WESTERVILLE RD STE H,WESTERVILLE,OH,,US,,,,United States Postal Service,Q668687
4308100067,usps_collection_boxes,USPS COLLECTION BOX - BLUE BOX,5992 WESTERVILLE RD STE H,WESTERVILLE,OH,,US,,,,United States Postal Service,Q668687
4308100088,usps_collection_boxes,USPS COLLECTION BOX - PO LOBBY,5992 WESTERVILLE RD STE H,WESTERVILLE,OH,,US,,,,United States Postal Service,Q668687
4308100105,usps_collection_boxes,USPS COLLECTION BOX - PO LOBBY,5992 WESTERVILLE RD STE H,WESTERVILLE,OH,,US,,,,United States Postal Service,Q668687
westerville_oil-change-060013,valvoline_instant_oil_change,Valvoline,502 South State Street ,Westerville,OH,,US,+1 614-891-7771,https://store.vioc.com/oh/westerville/oil-change-060013.html,,Valvoline Instant Oil Change,Q7912852
https://vcahospitals.com/westerville-east,vca,VCA Westerville East Animal Hospital,,Westerville,OH,,US,+1 614-890-1625,https://vcahospitals.com/westerville-east,Mo-Fr 08:00-19:00; Sa 08:00-14:00; Su 17:00-18:00,VCA,Q7906620
A00000031886,verizon_us,Cellular Sales Westerville,,Westerville,OH,,US,+1 614-901-0577,https://www.verizon.com/stores/details/ohio/westerville/cellular-sales-westerville-1680422/,Mo-Sa 09:00-21:00; Su 11:00-18:00,Verizon,Q919641
A00000246528,verizon_us,Victra Westerville E Dublin Granville Rd,,Westerville,OH,,US,+1 614-495-1053,https://www.verizon.com/stores/details/ohio/granville/victra-granville-1674422/,Mo-Fr 11:00-19:00; Sa 10:00-19:00,Verizon,Q919641
,visa,,,WESTERVILLE,OH,,US,,,,,
,visa,,,COLUMBUS,OH,,US,,,,,
,visa,,,COLUMBUS,OH,,US,,,,,
,visa,,,COLUMBUS,OH,,US,,,,,
,visa,,,COLUMBUS,OH,,US,,,,,
,visa,,,WESTERVILLE,OH,,US,,,,,
,visa,,,WESTERVILLE,OH,,US,,,,,
,visa,,,WESTERVILLE,OH,,US,,,,,
,visa,,,WESTERVILLE,OH,,US,,,,,
,visa,,,WESTERVILLE,OH,,US,,,,,
,visa,,,WESTERVILLE,OH,,US,,,,,
,visa,,,WESTERVILLE,OH,,US,,,,,
,visa,,,WESTERVILLE,OH,,US,,,,,
,visa,,,WESTERVILLE,OH,,US,,,,,
,visa,,,WESTERVILLE,OH,,US,,,,,
,visa,,,WESTERVILLE,OH,,US,,,,,
,visa,,,WESTERVILLE,OH,,US,,,,,
,visa,,,COLUMBUS,OH,,US,,,,,
,visa,,,COLUMBUS GROVE,OH,,US,,,,,
,visa,,,WESTERVILLE,OH,,US,,,,,
,visa,,,WESTERVILLE,OH,,US,,,,,
,visa,,,WESTERVILLE,OH,,US,,,,,
,visa,,,WESTERVILLE,OH,,US,,,,,
,visa,,,WESTERVILLE,OH,,US,,,,,
,visa,,,WESTERVILLE,OH,,US,,,,,
,visa,,,WESTERVILL,OH,,US,,,,,
,visa,,,WESTERVILLE,OH,,US,,,,,
,visa,,,WESTERVILLE,OH,,US,,,,,
,visa,,,WESTERVILLE,OH,,US,,,,,
,visa,,,WESTERVILLE,OH,,US,,,,,
,visa,,,WESTERVILLE,OH,,US,,,,,
,visa,,,WESTERVILLE,OH,,US,,,,,
,visa,,,WESTERVILLE,OH,,US,,,,,
,visa,,,WESTERVILLE,OH,,US,,,,,
,visa,,,WESTERVILLE,OH,,US,,,,,
,visa,,,WESTERVILLE,OH,,US,,,,,
,visa,,,WESTERVILLE,OH,,US,,,,,
,visa,,,WESTERVILLE,OH,,US,,,,,
,visa,,,WESTERVILLE,OH,,US,,,,,
,visa,,,WESTERVILLE,OH,,US,,,,,
,visa,,,WESTERVILLE,OH,,US,,,,,
,visa,,,WESTERVILLE,OH,,US,,,,,
,visa,,,WESTERVILLE,OH,,US,,,,,
,visa,,,WESTERVILLE,OH,,US,,,,,
,visa,,,WESTERVILLE,OH,,US,,,,,
,visa,,,WESTERVILLE,OH,,US,,,,,
,visa,,,WESTERVILLE,OH,,US,,,,,
,visa,,,WESTERVILLE,OH,,US,,,,,
,visa,,,WESTERVILLE,OH,,US,,,,,
,visa,,,WESTERVILLE,OH,,US,,,,,
,visa,,,WESTERVILLE,OH,,US,,,,,
,visa,,,WESTERVILLE,OH,,US,,,,,
,visa,,,COLUMBUS,OH,,US,,,,,
,visa,,,WESTERVILLE,OH,,US,,,,,
,visa,,,WESTERVILLE,OH,,US,,,,,
,visa,,,WESTERVILLE,OH,,US,,,,,
,visa,,,WESTERVILLE,OH,,US,,,,,
,visa,,,WESTERVILLE,OH,,US,,,,,
,visa,,,WESTERVILLE,OH,,US,,,,,
,visa,,,WESTERVILLE,OH,,US,,,,,
,visa,,,WESTERVILLE,OH,,US,,,,,
,visa,,,WESTERVILLE,OH,,US,,,,,
,visa,,,COLUMBUS,OH,,US,,,,,
,visa,,,WESTERVILLE,OH,,US,,,,,
,visa,,,WESTERVILLE,OH,,US,,,,,
,visa,,,WESTERVILLE,OH,,US,,,,,
,visa,,,COLUMBUS,OH,,US,,,,,
,visa,,,WESTERVILLE,OH,,US,,,,,
390,waffle_house_us,Waffle House #390,,WESTERVILLE,OH,,US,+1 614-882-9791,https://locations.wafflehouse.com/westerville-oh-390,24/7,Waffle House,Q1701206
https://locations.wendys.com/#9256417,wendys,"Wendy's Westerville in Westerville, OH",,Westerville,OH,,US,+1 614-891-3255,https://locations.wendys.com/united-states/oh/westerville/589-s-state-street,"Mo-Fr 06:00-10:30,06:00-22:00; Sa-Su 06:00-11:00,06:00-22:00",Wendy's,Q550258
https://locations.wendys.com/#25355975,wendys,"Wendy's 5970 N Hamilton in Columbus, OH",,Columbus,OH,,US,+1 614-775-6495,https://locations.wendys.com/united-states/oh/columbus/5970-n-hamilton-rd,"Mo-Su 06:30-10:30,09:00-22:00",Wendy's,Q550258
01179c80d21fc9177c3562ed5afee25d,western_union,ADVANCE AMERICA #01466,,Westerville,OH,,US,+1 614-523-3649,https://location.westernunion.com/us/oh/westerville/01179c80d21fc9177c3562ed5afee25d,Mo-Th 10:00-18:00; Fr 09:00-18:00; Sa 09:00-13:00,Western Union,Q861042
626b775c74e6b8d549dcb9146b24b50a,western_union,WALMART #005857,,Westerville,OH,,US,+1 614-948-4402,https://location.westernunion.com/us/oh/westerville/626b775c74e6b8d549dcb9146b24b50a,Mo-Su 07:00-21:00,Western Union,Q861042
147363,wingstop,Wingstop Westerville S. State St,544 South State Street,Westerville,OH,,US,+1 614-665-7200,,,Wingstop,Q8025339
