Ref,Spider,Name,Address,City,State,Zipcode,Country,Phone,Website,Hours,Brand,WikiData
https://locations.99only.com/ca/elcentro/discount-store-395.html,99_cents_only_us,99 Cents Only Stores,,El Centro,CA,,US,+1 760-370-0399,https://locations.99only.com/ca/elcentro/discount-store-395.html,Mo-Su 07:00-23:00,99 Cents Only Stores,Q4646294
https://locations.99only.com/ca/elcentro/discount-store-267.html,99_cents_only_us,99 Cents Only Stores,,El Centro,CA,,US,+1 760-352-6199,https://locations.99only.com/ca/elcentro/discount-store-267.html,Mo 08:00-23:00; Tu 07:00-23:00; We 08:00-23:00; Th 07:00-23:00; Fr-Su 08:00-23:00,99 Cents Only Stores,Q4646294
https://stores.advanceautoparts.com/ca/el-centro/912-n-imperial-ave,advance_auto_parts_us,Advance Auto Parts,,El Centro,CA,,US,+1 760-592-2485,https://stores.advanceautoparts.com/ca/el-centro/912-n-imperial-ave,Mo-Sa 07:30-21:00; Su 09:00-20:00,Advance Auto Parts,Q4686051
https://local.pharmacy.vons.com/#5674014,albertsons,Vons Pharmacy,,El Centro,CA,,US,+1 760-353-2720,https://local.pharmacy.vons.com/ca/el-centro/750-n-imperial-ave.html,,Vons,Q7941609
https://local.vons.com/#5605216,albertsons,Vons,,El Centro,CA,,US,+1 760-353-4603,https://local.vons.com/ca/el-centro/750-n-imperial-ave.html,,Vons,Q7941609
https://stores.aldi.us/#4420493,aldi_sud_us,ALDI  2260 N Imperial Ave,,El Centro,CA,,US,+1 833-479-7081,https://stores.aldi.us/ca/el-centro/2260-n-imperial-ave,Mo-Su 09:00-21:00,ALDI,Q41171672
https://storelocations.ae.com/#1725878,american_eagle_outfitters,American Eagle Store Imperial Valley Mall,,El Centro,CA,,US,+1 760-337-9455,https://storelocations.ae.com/us/ca/el-centro/3451-s-dogwood-ave.html,Mo-Sa 10:00-20:00; Su 12:00-19:00,American Eagle Store,Q2842931
https://restaurants.applebees.com/en-us/ca/el-centro/2421-n.-cottonwood-98043,applebees,Connect with this Applebee's,,El Centro,CA,,US,+1 760-353-8311,https://restaurants.applebees.com/en-us/ca/el-centro/2421-n.-cottonwood-98043,Mo-Su 10:30-24:00,Applebees,Q621532
https://stores.ashleyfurniture.com/store/us/california/el-centro/9000052534/,ashley_furniture,"Ashley Store El Centro, CA",,El Centro,CA,,US,+1 760-460-4616,https://stores.ashleyfurniture.com/store/us/california/el-centro/9000052534/,,Ashley Furniture,Q4805437
62013,asics_us,Finish Line,3451 S Dogwood Rd #1482,El Centro,CA,,US,+1 760-352-4020,,,asics,Q327247
81868,att_us,SD EL CENTRO - S570,,El Centro,CA,,US,+1 760-352-1244,https://www.att.com/stores/california/el-centro/81868,Mo-Sa 10:00-20:00; Su 10:00-18:00,AT&T,Q298594
https://locations.auntieannes.com/#7209,auntie_annes,Auntie Anne's Imperial Valley Mall,,El Centro,CA,,US,+1 442-231-8654,https://locations.auntieannes.com/ca/el-centro/3451-s-dogwood-ave,Mo-Su 11:00-19:00,Auntie Anne's,Q4822010
3362,autozone_us,AutoZone Auto Parts El Centro,,El Centro,CA,,US,+1 760-482-0056,https://www.autozone.com/locations/ca/el-centro/2403-s-4th-st.html,Mo-Sa 07:00-21:00; Su 08:00-21:00,AutoZone,Q4826087
2803,autozone_us,AutoZone Auto Parts El Centro,,El Centro,CA,,US,+1 760-352-3186,https://www.autozone.com/locations/ca/el-centro/1263-adams-ave.html,Mo-Fr 06:00-22:00; Sa-Su 07:00-22:00,AutoZone,Q4826087
https://locators.bankofamerica.com/ca/elcentro/financial-centers-el-centro-8145.html,bankofamerica,Bank of America Financial Center & Drive-Thru ATM | El Centro,,El Centro,CA,,US,+1 760-339-1422,https://locators.bankofamerica.com/ca/elcentro/financial-centers-el-centro-8145.html,Mo-Fr 09:00-17:00,Bank of America,Q487907
https://locators.bankofamerica.com/ca/elcentro/atm-el-centro-110179.html,bankofamerica,Bank of America Drive-Thru ATM | Imperial And Cruickshank,,El Centro,CA,,US,+1 844-401-8500,https://locators.bankofamerica.com/ca/elcentro/atm-el-centro-110179.html,,Bank of America,Q487907
BBW01395,bathandbodyworks_us,IMPERIAL VALLEY MALL,,EL CENTRO,CA,,US,+1 760-370-9361,,Mo-Sa 10:00-20:00; Su 11:00-19:00,Bath & Body Works,Q810773
https://stores.bestbuy.com/ca/el-centro/2901-s-dogwood-rd-1113.html,bestbuy,Best Buy El Centro,,El Centro,CA,,US,+1 760-482-5980,https://stores.bestbuy.com/ca/el-centro/2901-s-dogwood-rd-1113.html,,Best Buy,Q533415
170,bevmo_us,El Centro,,El Centro,CA,,US,+1 760-592-0082,https://www.bevmo.com/stores/el-centro,Mo-Th 09:00-21:00; Fr-Sa 09:00-22:00; Su 09:00-20:00,BevMo!,Q4899308
94601,bluerhino,Food 4 Less #774,,El Centro,CA,,US,+1 760-482-0530,,,Blue Rhino,Q65681213
191948,bluerhino,El Sol Market - UNFI #71498,,El Centro,CA,,US,+1 760-455-4423,,,Blue Rhino,Q65681213
84574,bluerhino,Lowe's #2550,,El Centro,CA,,US,+1 760-337-6700,,,Blue Rhino,Q65681213
242681,bluerhino,Corleone Fuel LLC,,El Centro,CA,,US,+1 760-482-5477,,,Blue Rhino,Q65681213
237505,bluerhino,Circle K #2709506,,El Centro,CA,,US,+1 760-352-2387,,,Blue Rhino,Q65681213
226908,bluerhino,Axis MSO #6844,,El Centro,CA,,US,+1 442-270-0173,,,Blue Rhino,Q65681213
154016,bluerhino,Walgreens #06856,,El Centro,CA,,US,+1 760-335-3540,,,Blue Rhino,Q65681213
206634,bluerhino,Rite Aid #05680,,El Centro,CA,,US,+1 760-352-5731,,,Blue Rhino,Q65681213
200007,bluerhino,Kennedy's Karne,,El Centro,CA,,US,+1 760-427-6371,,,Blue Rhino,Q65681213
208553,bluerhino,El Centro Arco AM PM,,El Centro,CA,,US,+1 760-970-4041,,,Blue Rhino,Q65681213
74593,bluerhino,Nexcom #328-El Centro Jet Mart,,El Centro,CA,,US,+1 760-339-2344,,,Blue Rhino,Q65681213
210209,bluerhino,Axis-MSO #6845,,El Centro,CA,,US,+1 760-353-3612,,,Blue Rhino,Q65681213
191949,bluerhino,Los Compadres Market - UNFI #76650,,El Centro,CA,,US,+1 760-353-6607,,,Blue Rhino,Q65681213
191939,bluerhino,El Sol Market #7 - UNFI #71219,,El Centro,CA,,US,+1 760-336-0197,,,Blue Rhino,Q65681213
215324,bluerhino,El Centro Convenience,,El Centro,CA,,US,+1 442-231-8862,,,Blue Rhino,Q65681213
0325,bootbarn,Yuma,,"El Centro,",CA,,US,+1 760-675-1221,https://www.bootbarn.com/stores?StoreID=0325,Mo-Fr 10:00-20:00; Sa 10:00-19:00; Su 10:00-18:00,Boot Barn,Q109825187
563,burlington_us,Burlington,,El Centro,CA,,US,+1 760-482-0670,https://stores.burlington.com/ca/el-centro/563,Mo-Th 09:00-23:00; Fr-Sa 09:00-24:00; Su 09:00-23:00,Burlington,Q4999220
1351,carinos,El Centro,3203 S. Dogwood Avenue,El Centro,CA,,US,+1 760-337-9588,https://www.carinos.com/locations/el-centro/,Mo-We 11:30-21:30; Th 11:30-22:00; Fr-Sa 11:30-23:00; Su 11:30-21:30,Carino's Italian,Q5039637
C580,carpet_one_floor_and_home_us,Gordon's Carpet One Floor & Home,,El Centro,CA,,US,+1 760-352-3010,https://www.gordonscarpetoneelcentro.com/,,Carpet One Floor & Home,Q121335910
2042080,chase_us,Imperial Valley - New branch,,El Centro,CA,,US,+1 760-482-9320,https://locator.chase.com/ca/el-centro/2303-n-cottonwood-dr,Mo-Fr 09:00-17:00; Sa 09:00-14:00,Chase,Q524629
382588,chevron,Chevron Station #382588,1302 S 4TH STREET,EL CENTRO,CA,,US,+1 760-352-2447,,,Chevron,Q319642
001.005.1084,chilis,EL Centro,,El Centro,CA,,US,+1 760-352-2116,https://www.chilis.com/locations/us/california/el-centro/el-centro/,Mo-Th 11:00-22:00; Fr-Sa 11:00-23:00; Su 11:00-22:00,Chili's,Q1072948
ca_el-centro_1953-n-imperial-ave,chipotle, ,,El Centro,CA,,US,+1 442-283-2055,https://locations.chipotle.com/ca/el-centro/1953-n-imperial-ave,,Chipotle,Q465751
https://locations.chuckecheese.com/us/ca/elcentro/803-e.-danenberg-dr.,chuckecheese,Chuck E. Cheese,,El Centro,CA,,US,+1 760-352-4785,https://locations.chuckecheese.com/us/ca/elcentro/803-e.-danenberg-dr.,Mo-Th 11:00-21:00; Fr 11:00-22:00; Sa 10:00-22:00; Su 11:00-21:00,Chuck E. Cheese,Q2438391
480-n-imperial-avenue,churchs_chicken,N. Imperial Avenue,,El Centro,CA,,US,+1 760-353-3810,https://locations.churchs.com/ca/el-centro/480-n-imperial-avenue,,Church's Chicken,Q1089932
35286,citi,ATM Arco Ampm,,El Centro,CA,,US,,,,Citibank,Q857063
54003,citi,ATM Dogwood Sports Bar And Grill,,El Centro,CA,,US,,,,Citibank,Q857063
27976,citi,ATM 7ELEVEN-FCTI,,El Centro,CA,,US,,,,Citibank,Q857063
27338,citi,ATM 7ELEVEN-FCTI,,El Centro,CA,,US,,,,Citibank,Q857063
34957,citi,ATM Ampm,,El Centro,CA,,US,,,,Citibank,Q857063
25936,citi,ATM 7ELEVEN-FCTI,,El Centro,CA,,US,,,,Citibank,Q857063
48442,citi,ATM CVS,,El Centro,CA,,US,,,,Citibank,Q857063
30626,citi,ATM 7ELEVEN-FCTI,,El Centro,CA,,US,,,,Citibank,Q857063
45479,citi,ATM Community Valley Bank,,El Centro,CA,,US,,,,Citibank,Q857063
72839,citi,ATM Rite Aid,,El Centro,CA,,US,,,,Citibank,Q857063
32923,citi,ATM 7ELEVEN-FCTI,,El Centro,CA,,US,,,,Citibank,Q857063
86215,citi,ATM Walgreens,,El Centro,CA,,US,,,,Citibank,Q857063
41345,citi,ATM Circle K,,El Centro,CA,,US,,,,Citibank,Q857063
45958,citi,ATM Costco,,El Centro,CA,,US,,,,Citibank,Q857063
82035,citi,ATM Target,,El Centro,CA,,US,,,,Citibank,Q857063
31225,citi,ATM 7ELEVEN-FCTI,,El Centro,CA,,US,,,,Citibank,Q857063
elcentro/5913,claires,Shop Ear Piercings & Jewelry at Imperial Valley Commons,,EL CENTRO,CA,,US,+1 760-336-3877,https://stores.claires.com/us/ca/elcentro/5913.html,Mo-Sa 10:00-20:00; Su 12:00-18:00,Claire's,Q2974996
21856,coldstone_creamery,Cold Stone Creamery,,El Centro,CA,,US,+1 760-353-3633,https://www.coldstonecreamery.com/stores/21856,,Cold Stone Creamery,Q1094923
80221157,cricket_wireless,Cricket Wireless Authorized Retailer,,El Centro,CA,,US,+1 760-337-1901,https://www.cricketwireless.com/stores/ll/US/CA/El-Centro/254-S-Imperial-Ave,Mo-Sa 10:00-19:00; Su 11:00-18:00,Cricket Wireless,Q5184987
80193664,cricket_wireless,Cricket Wireless Authorized Retailer,,El Centro,CA,,US,+1 442-231-8114,https://www.cricketwireless.com/stores/ll/US/CA/El-Centro/643-S-4th-St,Mo-Sa 10:00-19:00; Su 12:00-18:00,Cricket Wireless,Q5184987
16937,cvs_us,CVS Pharmacy,,El Centro,CA,,US,+1 760-482-5407,https://www.cvs.com/store-locator/el-centro-ca-pharmacies/2295-n-imperial-ave-el-centro-ca-92243/storeid=16937,"Mo-Fr 09:00-13:30,14:00-20:00; Sa 09:00-13:30,14:00-18:00; Su 10:00-13:30,14:00-18:00",CVS Pharmacy,Q2078880
10931,cvs_us,CVS Pharmacy y más,,El Centro,CA,,US,+1 760-353-5130,https://www.cvs.com/store-locator/el-centro-ca-pharmacies/1745-s-imperial-ave-el-centro-ca-92243/storeid=10931,Mo-Su 08:00-23:00,CVS Pharmacy,Q2078880
661aff5a-2676-442f-b60b-e1d419c5b320,dairy_queen_us,3063 N Imperial Ave,,El Centro,CA,,US,,https://www.dairyqueen.com/locations/ca/el-centro/3063-n-imperial-ave/16145,,DQ Grill & Chill,Q1141226
199,daniels_jewelers_us,Imperial Valley,,El Centro,CA,,US,+1 760-223-7190,,Mo-Sa 10:00-20:00; Su 12:00-19:00,Daniel's Jewelers,Q120763875
202356,dennys,Denny's,,EL CENTRO,CA,,US,+1 760-337-9023,https://locations.dennys.com/CA/EL-CENTRO/202356,24/7,Denny's,Q1189695
202354,dennys,Denny's,,El Centro,CA,,US,+1 760-352-2576,https://locations.dennys.com/CA/EL-CENTRO/202354,24/7,Denny's,Q1189695
0962,dillards,"Dillard's Imperial Valley Mall in El Centro, California",,El Centro,CA,,US,+1 760-370-0190,https://www.dillards.com/stores/california/imperial-valley-mall-el-centro/0962,Mo-Sa 11:00-20:00; Su 12:00-18:00,Dillard's,Q844805
7912,dominos_pizza_us,Domino's Pizza,,El Centro,CA,,US,+1 760-353-8100,https://pizza.dominos.com/california/el-centro/420-imperial-ave,Mo-Th 10:30-24:00; Fr-Sa 10:30-01:00; Su 10:30-24:00,Domino's,Q839466
100044,electrify_america,BOA El Centro CA0-119,,El Centro,CA,,US,,,,Electrify America,Q59773555
3656,elpolloloco,El Pollo Loco,,El Centro,CA,,US,+1 760-482-5557,,,El Pollo Loco,Q2353849
E150BQ,enterprise,El Centro,,El Centro,CA,,US,+1 760-353-3600,,,Enterprise Rent-A-Car,Q17085454
3451-s-dogwood-road,express,Imperial Valley,,El Centro,CA,,US,+1 760-336-2519,https://stores.expressfactoryoutlet.com/us/ca/el-centro/3451-s-dogwood-road,Mo-Sa 10:00-20:00; Su 12:00-19:00,Express Factory Outlet,Q1384784
el-centro-cruickshank-dr,farmerboys,El Centro - Cruickshank Dr.,,El Centro,CA,,US,+1 760-336-0227,https://www.farmerboys.com/locations/location-detail.php?loc=el-centro-cruickshank-dr,Mo-Sa 06:00-22:00; Su 07:00-22:00,Farmer Boys,Q5435711
https://locations.fivebelow.com/ca/el-centro/572-e-danenberg-dr,five_below,Five Below Plaza at Imperial Valley,,El Centro,CA,,US,,https://locations.fivebelow.com/ca/el-centro/572-e-danenberg-dr,Mo-Sa 10:00-20:00; Su 11:00-18:00,Five Below,Q5455836
https://locations.fivebelow.com/ca/el-centro/2220-n-imperial-ave,five_below,Five Below Imperial Valley Mall,,El Centro,CA,,US,,https://locations.fivebelow.com/ca/el-centro/2220-n-imperial-ave,Mo-Sa 10:00-20:00; Su 11:00-18:00,Five Below,Q5455836
https://stores.footlocker.com/ca/elcentro/3451-south-dogwood-avenue-6953.html,footlocker,"Foot Locker in El Centro: El Centro, California | Approved | Own It",,El Centro,CA,,US,+1 760-353-0581,https://stores.footlocker.com/ca/elcentro/3451-south-dogwood-avenue-6953.html,Mo-Sa 10:00-20:00; Su 11:00-19:00,Foot Locker,Q63335
Motorcraft1235USAEnglish,ford,El Centro Motors,,California,CA,,US,+1 760-352-8030,,,Ford,Q44294
https://www.ford.com/dealerships/dealer-details/ca/el-centro/el-centro-motors/,ford_dealers_us,El Centro Motors,,El Centro,CA,,US,+1 442-283-9871,https://www.ford.com/dealerships/dealer-details/ca/el-centro/el-centro-motors/,Mo-Fr 09:00-20:00; Sa 09:00-19:00; Su 10:00-18:00,Ford Motor Company,Q44294
https://locations.forever21.com/#35647130,forever21_us,Imperial Valley Mall,,El Centro,CA,,US,+1 760-592-2200,https://locations.forever21.com/us/stores/ca/elcentro/3451-s-dogwood-ave,Mo-Sa 11:00-20:00; Su 12:00-19:00,Forever 21,Q1060537
1917,fresenius_kidney_care_us,Fresenius Kidney Care El Centro,,El Centro,CA,,US,+1 800-881-5101,https://www.freseniuskidneycare.com/dialysis-centers/california/1917,Mo 06:00-19:00; Tu 06:00-18:00; We 06:00-19:00; Th 06:00-18:00; Fr 06:00-19:00; Sa 06:00-18:00,,
3784,fresenius_kidney_care_us,Fresenius Kidney Care Of Imperial County,,El Centro,CA,,US,+1 800-881-5101,https://www.freseniuskidneycare.com/dialysis-centers/california/3784,Mo-Sa 06:00-21:00,,
6790,fresenius_kidney_care_us,Fresenius Kidney Care Balboa - Imperial Valley Home Therapie,,El Centro,CA,,US,+1 800-881-5101,https://www.freseniuskidneycare.com/dialysis-centers/california/6790,Mo-Fr 08:00-16:30,,
3611,gamestop_us,El Centro Town Center,,El Centro,CA,,US,+1 760-352-9243,https://www.gamestop.com/search/?store=3611,Mo-Th 11:00-20:00; Fr-Sa 11:00-21:00; Su 12:00-20:00,GameStop,Q202210
https://stores.gnc.com/#24059359,gnc,GNC Imperial Valley Mall,,,CA,,US,+1 760-337-2068,https://stores.gnc.com/all-stores-california/el-centro/3451-south-dogwood-road,Mo-Sa 10:00-20:00; Su 11:00-19:00,GNC,Q4808595
5270,gulf_pr_us,EL CENTRO GULF,,El Centro,CA,,US,+1 760-352-2600,https://www.gulfoil.com/el-centro-gulf,,Gulf Oil,Q5617505
https://www.habitburger.com/locations/el-centro-dt/,habit_burger,The Habit Burger Grill,,El Centro,CA,,US,+1 760-997-7805,https://www.habitburger.com/locations/el-centro-dt/,Mo-Th 10:30-21:00; Fr-Su 10:30-21:30,The Habit Burger Grill,Q18158741
https://www.harborfreight.com/storelocator/1750-n-imperial-avenue-el-centro-92243?number=444,harborfreight,"Harbor Freight Tools El Centro, CA",,El Centro,CA,,US,+1 760-336-0532,https://www.harborfreight.com/storelocator/1750-n-imperial-avenue-el-centro-92243?number=444,Mo-Sa 08:00-20:00; Su 09:00-18:00,Harbor Freight Tools,Q5654601
iplhtht-home2-suites-el-centro,hilton,Home2 Suites by Hilton El Centro,,,CA,,US,+1 442-271-4600,https://www.hilton.com/ar/hotels/iplhtht-home2-suites-el-centro/,,Home2 Suites by Hilton,Q5887912
iplechx-hampton-el-centro,hilton,Hampton Inn El Centro,,,CA,,US,+1 760-336-2000,https://www.hilton.com/ar/hotels/iplechx-hampton-el-centro/,,Hampton by Hilton,Q5646230
6532,h_r_block,H&R Block,,El Centro,CA,,US,+1 760-353-9829,https://www.hrblock.com/local-tax-offices/california/el-centro/1455-w-euclid-ave/6532/,,H&R Block,Q5627799
4196,h_r_block,H&R Block,,El Centro,CA,,US,+1 760-352-8585,https://www.hrblock.com/local-tax-offices/california/el-centro/3051-n-imperial-ave/4196/,,H&R Block,Q5627799
ca_el-centro_breakfast-2362-s-4th-st-833,ihop,IHOP Breakfast Restaurants Near You at 2362 S 4th St,,El Centro,CA,,US,+1 760-352-1100,https://restaurants.ihop.com/en-us/ca/el-centro/breakfast-2362-s-4th-st-833,,IHOP,Q1185675
211,innout,El Centro,,El Centro,CA,,US,,http://locations.in-n-out.com/211,,In-N-Out Burger,Q1205312
https://locations.jackinthebox.com/us/ca/el-centro/2499-cottonwood-dr,jackinthebox,Jack in the Box,,El Centro,CA,,US,+1 760-337-8959,https://locations.jackinthebox.com/us/ca/el-centro/2499-cottonwood-dr,Mo-Su 04:00-04:00,Jack in the Box,Q1538507
https://locations.jackinthebox.com/us/ca/el-centro/2100-s-4th-st,jackinthebox,Jack in the Box,,El Centro,CA,,US,+1 760-353-2790,https://locations.jackinthebox.com/us/ca/el-centro/2100-s-4th-st,Mo-Su 04:00-04:00,Jack in the Box,Q1538507
https://locations.jackinthebox.com/us/ca/el-centro/666-n-imperial-ave,jackinthebox,Jack in the Box,,El Centro,CA,,US,+1 760-353-4462,https://locations.jackinthebox.com/us/ca/el-centro/666-n-imperial-ave,Mo-Su 04:00-04:00,Jack in the Box,Q1538507
https://locations.jackinthebox.com/us/ca/el-centro/699-e-danenberg-rd,jackinthebox,Jack in the Box,,El Centro,CA,,US,+1 760-370-9486,https://locations.jackinthebox.com/us/ca/el-centro/699-e-danenberg-rd,Mo-Su 04:00-04:00,Jack in the Box,Q1538507
https://office.jacksonhewitt.com/#27578547,jackson_hewitt,Jackson Hewitt,,El Centro,CA,,US,+1 760-460-4615,https://office.jacksonhewitt.com/tax-preparation-services-locations/en/ca/el-centro/2150-n-waterman-ave/51555,Mo-Sa 11:00-19:00; Su 12:00-16:00,Jackson Hewitt,Q6117132
https://healthy.kaiserpermanente.org/southern-california/facilities/volunteers-of-america-southwest-california-inc-enhanced-care-management-ecm-173208,kaiser_permanente_us,Volunteers of America Southwest California Inc - Enhanced Care Management (ECM),,El Centro,CA,,US,+1 760-332-1420,https://healthy.kaiserpermanente.org/southern-california/facilities/volunteers-of-america-southwest-california-inc-enhanced-care-management-ecm-173208,,Kaiser Permanente,Q1721601
https://healthy.kaiserpermanente.org/southern-california/facilities/volunteers-of-america-southwest-california-inc-enhanced-care-management-ecm-172521,kaiser_permanente_us,Volunteers of America Southwest California Inc - Enhanced Care Management (ECM),,El Centro,CA,,US,+1 760-332-1420,https://healthy.kaiserpermanente.org/southern-california/facilities/volunteers-of-america-southwest-california-inc-enhanced-care-management-ecm-172521,,Kaiser Permanente,Q1721601
https://healthy.kaiserpermanente.org/southern-california/facilities/serene-health-ipa-enhanced-care-management-ecm-172425,kaiser_permanente_us,Serene Health IPA - Enhanced Care Management (ECM),,El Centro,CA,,US,+1 844-737-3638,https://healthy.kaiserpermanente.org/southern-california/facilities/serene-health-ipa-enhanced-care-management-ecm-172425,,Kaiser Permanente,Q1721601
https://locations.kfc.com/#11247000,kfc,Chicken Nuggets Near El Centro,,El Centro,CA,,US,,https://locations.kfc.com/ca/el-centro/1775-south-imperial/chickennugget,Mo-Su 10:00-23:00,KFC,Q524757
1434,kohls_us,Kohl's,,El Centro,CA,,US,+1 760-337-1214,https://www.kohls.com/stores/ca/elcentro-1434.shtml,Mo-Th 09:00-20:00; Fr-Sa 09:00-21:00; Su 09:00-20:00,Kohl's,Q967265
21664,little_free_library,Jennifer Thomason #21664 El Centro CA,,El Centro,CA,,US,,,,Little Free Library,Q6650101
21668,little_free_library,Jennifer Thomason #21668 el centro CA,,el centro,CA,,US,,,,Little Free Library,Q6650101
130363,little_free_library,Lenrey Library #130363 El Centro CA,,El Centro,CA,,US,,,,Little Free Library,Q6650101
21661,little_free_library,jennifer thomason #21661 el centro CA,,el centro,CA,,US,,,,Little Free Library,Q6650101
285781,marathon_petroleum_us,ARCO #42494 AMPM,,El Centro,CA,,US,+1 442-231-8862,,,Arco,Q304769
285670,marathon_petroleum_us,ARCO #42315 AMPM,,El Centro,CA,,US,+1 818-554-4043,,,Arco,Q304769
IPLFI,marriott,Fairfield Inn & Suites El Centro,,El Centro,CA,,US,+1 760-353-2600,https://www.marriott.com/IPLFI,,Fairfield by Marriott,Q5430314
IPLTS,marriott,TownePlace Suites El Centro,,El Centro,CA,,US,+1 760-370-3800,https://www.marriott.com/IPLTS,,Townplace Suites by Marriott,Q7830092
18563,mattress_firm_us,Mattress Firm Plaza at Imperial Valley,,El Centro,CA,,US,+1 760-491-4124,https://www.mattressfirm.com/en-us/stores/ca/el-centro/771001,,Mattress Firm,Q6791878
8756,michaels,"EL CENTRO, CA",,El Centro,CA,,US,+1 760-352-0256,https://locations.michaels.com/ca/el-centro/8756,Mo-Sa 09:00-21:00; Su 10:00-19:00,Michaels,Q6835667
70699690,moneygram,CVS - #10931,,EL CENTRO,CA,,US,+1 760-353-5130,,Mo-Su 08:00-22:00,MoneyGram,Q1944412
https://locations.oreillyauto.com/ca/elcentro/check-engine-light-testing-4340.html,oreilly,Your El Centro O'Reilly Auto Parts Store,,El Centro,CA,,US,+1 760-336-3833,https://locations.oreillyauto.com/ca/elcentro/check-engine-light-testing-4340.html,Mo-Sa 07:00-22:00; Su 07:00-21:00,O'Reilly Auto Parts,Q7071951
https://locations.oreillyauto.com/ca/elcentro/wiper-installation-4340.html,oreilly,Your El Centro O'Reilly Auto Parts Store,,El Centro,CA,,US,+1 760-336-3833,https://locations.oreillyauto.com/ca/elcentro/wiper-installation-4340.html,Mo-Sa 07:00-22:00; Su 07:00-21:00,O'Reilly Auto Parts,Q7071951
https://locations.oreillyauto.com/ca/elcentro/battery-testing-4340.html,oreilly,Your El Centro O'Reilly Auto Parts Store,,El Centro,CA,,US,+1 760-336-3833,https://locations.oreillyauto.com/ca/elcentro/battery-testing-4340.html,Mo-Sa 07:00-22:00; Su 07:00-21:00,O'Reilly Auto Parts,Q7071951
https://locations.oreillyauto.com/ca/elcentro/autopartes-4340.html,oreilly,Tu tienda O'Reilly Auto Parts en El Centro,,El Centro,CA,,US,+1 760-336-3833,https://locations.oreillyauto.com/ca/elcentro/autopartes-4340.html,Mo-Sa 07:00-22:00; Su 07:00-21:00,O'Reilly Auto Parts,Q7071951
https://locations.oreillyauto.com/ca/elcentro/check-engine-light-testing-2687.html,oreilly,Your El Centro O'Reilly Auto Parts Store,,El Centro,CA,,US,+1 760-352-2400,https://locations.oreillyauto.com/ca/elcentro/check-engine-light-testing-2687.html,Mo-Sa 07:00-22:00; Su 07:00-21:00,O'Reilly Auto Parts,Q7071951
https://locations.oreillyauto.com/ca/elcentro/wiper-installation-2687.html,oreilly,Your El Centro O'Reilly Auto Parts Store,,El Centro,CA,,US,+1 760-352-2400,https://locations.oreillyauto.com/ca/elcentro/wiper-installation-2687.html,Mo-Sa 07:00-22:00; Su 07:00-21:00,O'Reilly Auto Parts,Q7071951
https://locations.oreillyauto.com/ca/elcentro/battery-testing-2687.html,oreilly,Your El Centro O'Reilly Auto Parts Store,,El Centro,CA,,US,+1 760-352-2400,https://locations.oreillyauto.com/ca/elcentro/battery-testing-2687.html,Mo-Sa 07:00-22:00; Su 07:00-21:00,O'Reilly Auto Parts,Q7071951
https://locations.oreillyauto.com/ca/elcentro/autopartes-2687.html,oreilly,Tu tienda O'Reilly Auto Parts en El Centro,,El Centro,CA,,US,+1 760-352-2400,https://locations.oreillyauto.com/ca/elcentro/autopartes-2687.html,Mo-Sa 07:00-22:00; Su 07:00-21:00,O'Reilly Auto Parts,Q7071951
112608,pandaexpress,4th & Wake,,El Centro,CA,,US,+1 760-336-0988,https://www.pandaexpress.com/locations/ca/el-centro/2380-s-4th-street,Mo-Th 09:30-22:30; Fr-Sa 09:30-23:00; Su 09:30-22:00,Panda Express,Q1358690
https://locations.papajohns.com/#10692774,papa_johns,Papa John's,,El Centro,CA,,US,+1 760-353-1786,https://locations.papajohns.com/united-states/ca/92243/el-centro/1051-imperial,Mo-Th 10:30-23:00; Fr-Sa 10:30-24:00; Su 10:30-23:00,Papa John's Pizza,Q2759586
652136,penske,Home Depot #1059,,EL CENTRO,CA,,US,+1 760-679-5011,https://www.pensketruckrental.com/locations/us/california/el_centro/652136/,,Penske,Q81234570
636710,penske,Penske El Centro,,EL CENTRO,CA,,US,+1 760-346-5600,https://www.pensketruckrental.com/locations/us/california/el_centro/636710/,,Penske,Q81234570
0000880561,phillips_66_conoco_76,CF UNITED APRO LLC 2704848,,EL CENTRO,CA,,US,+1 760-482-5477,,,U76,Q1658320
ca_el-centro_635-n-imperial-ave,pizza_hut_us,635 N. Imperial Ave.,,El Centro,CA,,US,+1 760-353-0861,https://locations.pizzahut.com/ca/el-centro/635-n-imperial-ave,,Pizza Hut,Q191615
https://www.plannedparenthood.org/health-center/california/el-centro/92243/imperial-valley-homan-center-4182-90110,planned_parenthood,Planned Parenthood,,El Centro,CA,,US,,https://www.plannedparenthood.org/health-center/california/el-centro/92243/imperial-valley-homan-center-4182-90110,,Planned Parenthood,Q2553262
imperial-valley-paints-27161,ppgpaints,IMPERIAL VALLEY PAINTS,,"El Centro, ",CA,,US,+1 760-352-6843,https://www.ppgpaints.com/store-locator/us/california/el-centro-paint-stores/imperial-valley-paints-27161,,PPG Paints,Q83891559
home-depot-1059-14148,ppgpaints,HOME DEPOT 1059,,"El Centro, ",CA,,US,+1 760-353-0362,https://www.ppgpaints.com/store-locator/us/california/el-centro-paint-stores/home-depot-1059-14148,,PPG Paints,Q83891559
2675,rentacenter,Rent-A-Center,,El Centro,CA,,US,+1 760-337-6451,https://locations.rentacenter.com/california/el-centro/820-n-imperial-ave/,Mo-Fr 10:00-19:00; Sa 09:00-18:00,Rent-A-Center,Q7313497
05680,rite_aid_us,Rite Aid #05680 El Centro,,El Centro,CA,,US,+1 760-352-5731,https://locations2.riteaid.com.yext-cdn.com/ca/el-centro/1501-west-main-street.html,Mo-Fr 07:00-23:00; Sa-Su 08:00-23:00,Rite Aid,Q3433273
993478,rocket_us,Rocket,,El Centro,CA,,US,+1 760-482-5477,,,Rocket,Q121513516
1806,ross_dress_for_less_us,North El Centro,,El Centro,CA,,US,+1 760-339-4897,,Mo-Th 08:00-23:00; Fr-Sa 08:00-24:00; Su 08:30-23:00,Ross Dress for Less,Q3442791
1120,ross_dress_for_less_us,El Centro,,El Centro,CA,,US,+1 760-353-1899,,Mo-Th 08:00-23:00; Fr-Sa 08:00-24:00; Su 09:00-23:00,Ross Dress for Less,Q3442791
2483,round_table_pizza,Round Table Pizza - El Centro,,El Centro ,CA,,US,+1 760-970-4801,https://ordering.roundtablepizza.com/site/rt-elcentro,,Round Table Pizza,Q7371139
38661,seven_eleven_ca_us,7-Eleven,,El Centro,CA,,US,+1 442-258-1210,https://www.7-eleven.com/locations/ca/el-centro/555-imperial-ave-38661,,7-Eleven,Q259340
39518,seven_eleven_ca_us,Bcp Store,,El Centro,CA,,US,+1 760-337-6975,https://www.7-eleven.com/locations/ca/el-centro/2420-s-4th-st-39518,,7-Eleven,Q259340
442,sizzler_us,Sizzler,,El Centro,CA,,US,+1 760-353-3780,https://sizzler.com/locations/sizzler-el-centro/,Mo-Th 11:00-21:00; Fr-Sa 11:00-21:30; Su 11:00-21:00,Sizzler,Q1848822
560-e-danenberg-drive,staples,"Staples El Centro, CA",,El Centro,CA,,US,,https://stores.staples.com/ca/el-centro/560-e-danenberg-drive,Mo-Fr 09:00-20:00; Sa 10:00-19:00; Su 11:00-18:00,Staples,Q785943
https://restaurants.subway.com/#14898809,subway,Subway The Plaza At Imperial Valley,,El Centro Imperial,CA,,US,+1 760-336-0735,https://restaurants.subway.com/united-states/ca/el-centro/500-dannenberg,Mo-Su 09:00-22:00,Subway,Q244457
https://restaurants.subway.com/#14900275,subway,Subway El Centro Town Center II,,El Centro Imperial,CA,,US,+1 760-353-5315,https://restaurants.subway.com/united-states/ca/el-centro/3001-n-imperial-ave,Mo-Su 08:00-23:00,Subway,Q244457
https://restaurants.subway.com/#14895440,subway,Subway Naval Air Facility El Centro,,El Centro Imperial,CA,,US,+1 760-336-0209,https://restaurants.subway.com/united-states/ca/el-centro/navy-exchange,Mo-Fr 09:00-18:00; Sa-Su 10:00-17:00,Subway,Q244457
https://restaurants.subway.com/#14899236,subway,Subway Valley Plaza,,El Centro Imperial,CA,,US,+1 760-370-5505,https://restaurants.subway.com/united-states/ca/el-centro/1617-w-main-street,Mo-Fr 08:00-22:00; Sa-Su 09:00-22:00,Subway,Q244457
https://restaurants.subway.com/#14896594,subway,Subway 7eleven C Store,,El Centro Imperial,CA,,US,+1 760-370-5538,https://restaurants.subway.com/united-states/ca/el-centro/2420-s-4th-st,Mo-Su 09:00-22:00,Subway,Q244457
https://stores.sunglasshut.com/us/ca/el-centro/3451-s-dogwood-ave,sunglass_hut_1,Sunglass Hut,,El Centro,CA,,US,+1 760-352-6195,https://stores.sunglasshut.com/us/ca/el-centro/3451-s-dogwood-ave,Mo-Sa 10:00-20:00; Su 11:00-19:00,Sunglass Hut,Q136311
https://stores.sunglasshut.com/us/ca/el-centro/3551-s-dogwood-ave,sunglass_hut_1,Sunglass Hut at Macy's,,El Centro,CA,,US,+1 760-337-5456,https://stores.sunglasshut.com/us/ca/el-centro/3551-s-dogwood-ave,Mo-Sa 10:00-21:00; Su 11:00-20:00,Sunglass Hut,Q136311
https://locations.tacobell.com/#6144038,taco_bell,Taco Bell,,El Centro,CA,,US,+1 760-482-5781,https://locations.tacobell.com/ca/el-centro/350-wake-ave-.html,Mo-Su 07:00-23:00,Taco Bell,Q752941
https://locations.tacobell.com/#6145459,taco_bell,Taco Bell,,El Centro,CA,,US,+1 760-482-5697,https://locations.tacobell.com/ca/el-centro/1990-n--imperial-ave-.html,Mo-Su 08:00-24:00,Taco Bell,Q752941
101054,tjx,El Centro,568 E Danenberg Rd,El Centro,CA,,US,+1 760-312-9950,,Mo-Sa 09:30-21:30; Su 10:00-20:00,Marshalls,Q15903261
281131,tjx,El Centro,520 East Danenberg Drive,El Centro,CA,,US,+1 760-312-9820,,Mo-Sa 09:30-21:30; Su 10:00-20:00,HomeGoods,Q5887941
1C40,tmobile_us,Costco El Centro CA,,El Centro,CA,,US,+1 442-309-7907,https://www.t-mobile.com/store-locator/ca/el-centro/costco-el-centro-ca,,T-Mobile,Q3511885
4347,tmobile_us,El Centro Imperial Ave,,El Centro,CA,,US,+1 760-675-3033,https://www.t-mobile.com/store-locator/ca/el-centro/el-centro-imperial-ave,,T-Mobile,Q3511885
1SQE,tmobile_us,Imperial Valley Mall,,El Centro,CA,,US,+1 760-352-9625,https://www.t-mobile.com/store-locator/ca/el-centro/imperial-valley-mall,,T-Mobile,Q3511885
016798,uhaul,Funiture Depot,522 N Imperial Ave,El Centro,CA,,US,+1 760-235-4859,,Mo-Sa 00:00-20:00; Su 00:00-18:00,U-Haul,Q7862902
002320,uhaul,Valley Premier Storage LLC,1402 W Pico Av,El Centro,CA,,US,+1 760-460-4292,,Mo-Fr 00:00-17:00,U-Haul,Q7862902
936084,uhaul,U-Haul Moving & Storage of El Centro,1745 S 4th St,El Centro,CA,,US,+1 760-353-9800,,Mo-Th 00:00-19:00; Fr 00:00-20:00; Sa 00:00-19:00; Su 00:00-17:00,U-Haul,Q7862902
029061,uhaul,Rubio Tire Co,588 S 4th St,El Centro,CA,,US,+1 760-592-0178,,Mo-Fr 00:00-17:00; Sa 00:00-15:00,U-Haul,Q7862902
7057,upsstore,El Centro,1802 N Imperial Ave Ste D,El Centro,CA,,US,+1 760-693-5145,https://locations.theupsstore.com/ca/el-centro/1802-n-imperial-ave,,UPS Store,Q7771029
1362171,usps,EL CENTRO,,EL CENTRO,CA,,US,+1 760-352-6887,,Mo-Fr 08:00-16:30; Sa 09:00-12:00,United States Postal Service,Q668687
9224300010,usps_collection_boxes,USPS COLLECTION BOX - BLUE BOX,1950 S IMPERIAL AVE,EL CENTRO,CA,,US,,,,United States Postal Service,Q668687
9224300027,usps_collection_boxes,USPS COLLECTION BOX - BLUE BOX,1598 W MAIN ST,EL CENTRO,CA,,US,,,,United States Postal Service,Q668687
9224300028,usps_collection_boxes,USPS COLLECTION BOX - BLUE BOX,1598 W MAIN ST,EL CENTRO,CA,,US,,,,United States Postal Service,Q668687
9224300029,usps_collection_boxes,USPS COLLECTION BOX - BLUE BOX,1598 W MAIN ST,EL CENTRO,CA,,US,,,,United States Postal Service,Q668687
9224300047,usps_collection_boxes,USPS COLLECTION BOX - PO LOBBY,1598 W MAIN ST,EL CENTRO,CA,,US,,,,United States Postal Service,Q668687
9224300003,usps_collection_boxes,USPS COLLECTION BOX - BLUE BOX,1249 W MAIN ST,EL CENTRO,CA,,US,,,,United States Postal Service,Q668687
9224300004,usps_collection_boxes,USPS COLLECTION BOX - BLUE BOX,939 W MAIN ST,EL CENTRO,CA,,US,,,,United States Postal Service,Q668687
9224300022,usps_collection_boxes,USPS COLLECTION BOX - BLUE BOX,380 N 8TH ST,EL CENTRO,CA,,US,,,,United States Postal Service,Q668687
9224300011,usps_collection_boxes,USPS COLLECTION BOX - BLUE BOX,1415 ROSS AVE,EL CENTRO,CA,,US,,,,United States Postal Service,Q668687
USA349,vans,Vans Store - Imperial Valley Mall,,El Centro,CA,,US,+1 760-352-3749,https://www.vans.com/en-us/stores/ca/el-centro/usa349,Mo-Sa 10:00-20:00; Su 12:00-19:00,Vans,Q1135366
,visa,,,EL CENTRO,CA,,US,,,,,
,visa,,,EL CENTRO,CA,,US,,,,,
,visa,,,EL CENTRO,CA,,US,,,,,
,visa,,,EL CENTRO,CA,,US,,,,,
,visa,,,EL CENTRO,CA,,US,,,,,
,visa,,,EL CENTRO,CA,,US,,,,,
,visa,,,EL CENTRO,CA,,US,,,,,
,visa,,,EL CENTRO,CA,,US,,,,,
,visa,,,EL CENTRO,CA,,US,,,,,
,visa,,,EL CENTRO,CA,,US,,,,,
,visa,,,EL CENTRO,CA,,US,,,,,
,visa,,,EL CENTRO,CA,,US,,,,,
,visa,,,EL CENTRO,CA,,US,,,,,
,visa,,,EL CENTRO,CA,,US,,,,,
,visa,,,EL CENTRO,CA,,US,,,,,
,visa,,,EL CENTRO,CA,,US,,,,,
,visa,,,EL CENTRO,CA,,US,,,,,
,visa,,,EL CENTRO,CA,,US,,,,,
,visa,,,EL CENTRO,CA,,US,,,,,
,visa,,,EL CENTRO,CA,,US,,,,,
,visa,,,EL CENTRO,CA,,US,,,,,
,visa,,,EL CENTRO,CA,,US,,,,,
,visa,,,EL CENTRO,CA,,US,,,,,
,visa,,,EL CENTRO,CA,,US,,,,,
,visa,,,EL CENTRO,CA,,US,,,,,
,visa,,,EL CENTRO,CA,,US,,,,,
,visa,,,EL CENTRO,CA,,US,,,,,
,visa,,,EL CENTRO,CA,,US,,,,,
,visa,,,EL CENTRO,CA,,US,,,,,
,visa,,,EL CENTRO,CA,,US,,,,,
,visa,,,EL CENTRO,CA,,US,,,,,
,visa,,,EL CENTRO,CA,,US,,,,,
,visa,,,EL CENTRO,CA,,US,,,,,
,visa,,,EL CENTRO,CA,,US,,,,,
,visa,,,EL CENTRO,CA,,US,,,,,
,visa,,,EL CENTRO,CA,,US,,,,,
,visa,,,EL CENTRO,CA,,US,,,,,
,visa,,,EL CENTRO,CA,,US,,,,,
,visa,,,EL CENTRO,CA,,US,,,,,
,visa,,,EL CENTRO,CA,,US,,,,,
,visa,,,EL CENTRO,CA,,US,,,,,
,visa,,,EL CENTRO,CA,,US,,,,,
,visa,,,EL CENTRO,CA,,US,,,,,
,visa,,,EL CENTRO,CA,,US,,,,,
,visa,,,EL CENTRO,CA,,US,,,,,
,visa,,,EL CENTRO,CA,,US,,,,,
,visa,,,EL CENTRO,CA,,US,,,,,
,visa,,,EL CENTRO,CA,,US,,,,,
,visa,,,EL CENTRO,CA,,US,,,,,
,visa,,,EL CENTRO,CA,,US,,,,,
,visa,,,EL CENTRO,CA,,US,,,,,
,visa,,,EL CENTRO,CA,,US,,,,,
,visa,,,EL CENTRO,CA,,US,,,,,
,visa,,,EL CENTRO,CA,,US,,,,,
,visa,,,EL CENTRO,CA,,US,,,,,
,visa,,,EL CENTRO,CA,,US,,,,,
,visa,,,EL CENTRO,CA,,US,,,,,
,visa,,,EL CENTRO,CA,,US,,,,,
,visa,,,EL CENTRO,CA,,US,,,,,
,visa,,,EL CENTRO,CA,,US,,,,,
,visa,,,EL CENTRO,CA,,US,,,,,
,visa,,,EL CENTRO,CA,,US,,,,,
,visa,,,EL CENTRO,CA,,US,,,,,
,visa,,,EL CENTRO,CA,,US,,,,,
,visa,,,EL CENTRO,CA,,US,,,,,
,visa,,,EL CENTRO,CA,,US,,,,,
,visa,,,EL CENTRO,CA,,US,,,,,
,visa,,,EL CENTRO,CA,,US,,,,,
,visa,,,EL CENTRO,CA,,US,,,,,
,visa,,,EL CENTRO,CA,,US,,,,,
,visa,,,EL CENTRO,CA,,US,,,,,
,visa,,,EL CENTRO,CA,,US,,,,,
,visa,,,EL CENTRO,CA,,US,,,,,
,visa,,,EL CENTRO,CA,,US,,,,,
,visa,,,EL CENTRO,CA,,US,,,,,
,visa,,,EL CENTRO,CA,,US,,,,,
,visa,,,EL CENTRO,CA,,US,,,,,
,visa,,,EL CENTRO,CA,,US,,,,,
,visa,,,EL CENTRO,CA,,US,,,,,
https://locations.vitaminshoppe.com/ca/elcentro/vitamins-supplements-el-centro-ca-651.html,vitamin_shoppe,The Vitamin Shoppe® El Centro ,500 E. Danenberg Drive Suite 7,El Centro,CA,,US,+1 760-353-1282,https://locations.vitaminshoppe.com/ca/elcentro/vitamins-supplements-el-centro-ca-651.html,Su 09:30-19:00; Mo 09:30-21:00; Tu 09:30-21:00; We 09:30-21:00; Th 09:30-21:00; Fr 09:30-21:00; Sa 09:30-21:00,The Vitamin Shoppe,Q7772938
https://www.walgreens.com/locator/walgreens-100+n+imperial+ave-el+centro-ca-92243/id=6856,walgreens,Walgreens,,El Centro,CA,,US,+1 760-335-4904,https://www.walgreens.com/locator/walgreens-100+n+imperial+ave-el+centro-ca-92243/id=6856,Mo-Su 07:00-22:00,Walgreens,Q1591889
750__N__IMPERIAL__AVE_EL__CENTRO_CA_92243,wellsfargo,Wells Fargo,750 N IMPERIAL AVE,EL CENTRO,CA,,US,+1 760-312-5770,https://www.wellsfargo.com/locator/bank/750__N__IMPERIAL__AVE_EL__CENTRO_CA_92243/,Mo-Fr 09:00-17:00,Wells Fargo,Q744149
3503__S__DOGWOOD__RD_EL__CENTRO_CA_92243,wellsfargo,,3503 S DOGWOOD RD,EL CENTRO,CA,,US,+1 800-869-3557,https://www.wellsfargo.com/locator/bank/3503__S__DOGWOOD__RD_EL__CENTRO_CA_92243/,,Wells Fargo,Q744149
2050__N__IMPERIAL__AVE_EL__CENTRO_CA_92243,wellsfargo,,2050 N IMPERIAL AVE,EL CENTRO,CA,,US,+1 800-869-3557,https://www.wellsfargo.com/locator/bank/2050__N__IMPERIAL__AVE_EL__CENTRO_CA_92243/,,Wells Fargo,Q744149
1200__W__MAIN__ST_EL__CENTRO_CA_92243,wellsfargo,Wells Fargo,1200 W MAIN ST,EL CENTRO,CA,,US,+1 760-353-2080,https://www.wellsfargo.com/locator/bank/1200__W__MAIN__ST_EL__CENTRO_CA_92243/,Mo-Fr 09:00-17:00,Wells Fargo,Q744149
https://locations.wendys.com/#15098198,wendys,"Wendy's 2290 N Imperial Ave in El Centro, CA",,El Centro,CA,,US,+1 760-332-3500,https://locations.wendys.com/united-states/ca/el-centro/2290-n-imperial-ave,"Mo-Su 06:30-10:30,07:00-21:00",Wendy's,Q550258
07f60add994d1cad3bdfde6e53ee98cc,western_union,7-ELEVEN #38661,,El Centro,CA,,US,+1 442-258-1210,https://location.westernunion.com/us/ca/el-centro/07f60add994d1cad3bdfde6e53ee98cc,,Western Union,Q861042
928f9eee1a0987c935bae1109ced9224,western_union,WALMART #001555,,El Centro,CA,,US,+1 760-337-1600,https://location.westernunion.com/us/ca/el-centro/928f9eee1a0987c935bae1109ced9224,Mo-Sa 08:00-20:00; Su 10:00-18:00,Western Union,Q861042
eb0bf2e986760ed9cb2bba22ef34018a,western_union,7-ELEVEN #24811,,El Centro,CA,,US,+1 760-353-7490,https://location.westernunion.com/us/ca/el-centro/eb0bf2e986760ed9cb2bba22ef34018a,,Western Union,Q861042
383f65e67bc2cfb93f482253cfaff292,western_union,ADVANCE AMERICA #04655,,El Centro,CA,,US,+1 760-370-0878,https://location.westernunion.com/us/ca/el-centro/383f65e67bc2cfb93f482253cfaff292,Mo-Fr 10:00-18:00; Sa 10:00-14:00,Western Union,Q861042
