Ref,Spider,Name,Address,City,State,Zipcode,Country,Phone,Website,Hours,Brand,WikiData
https://locations.99only.com/ca/victorville/discount-store-137.html,99_cents_only_us,99 Cents Only Stores,,Victorville,CA,,US,+1 760-243-9616,https://locations.99only.com/ca/victorville/discount-store-137.html,Mo-Su 07:00-23:00,99 Cents Only Stores,Q4646294
747,aaa,Victorville Branch,,Victorville,CA,,US,+1 760-245-6666,,,American Automobile Association,Q463436
1011,anytime_fitness,Anytime Fitness,,Victorville,CA,,US,+1 760-947-8900,https://www.anytimefitness.com/gyms/1011/victorville-ca-92392/,,Anytime Fitness,Q4778364
https://restaurants.applebees.com/en-us/ca/victorville/12044-amargosa-road-79057,applebees,Connect with this Applebee's,,Victorville,CA,,US,+1 760-947-6294,https://restaurants.applebees.com/en-us/ca/victorville/12044-amargosa-road-79057,Mo-Th 11:00-24:00; Fr-Sa 11:00-01:00; Su 11:00-24:00,Applebees,Q621532
https://locations.arbys.com/ca/victorville/15122-bear-valley-rd.html,arbys_us,"Arby's Fast-Food Drive Through Near You in Victorville, CA",,Victorville,CA,,US,+1 760-952-2606,https://locations.arbys.com/ca/victorville/15122-bear-valley-rd.html,Mo-Su 10:00-22:00,Arby's,Q630866
https://stores.ashleyfurniture.com/store/us/california/victorville/7710000062/,ashley_furniture,"Ashley Store Victorville, CA",,Victorville,CA,,US,+1 760-261-5386,https://stores.ashleyfurniture.com/store/us/california/victorville/7710000062/,,Ashley Furniture,Q4805437
12253,asics_us,DICK'S Sporting Goods  - Victorville ,14500 Bear Valley Rd,Victorville,CA,,US,+1 760-245-4151,,Mo-Sa 09:00-21:00; Su 10:00-19:00,asics,Q327247
123212,att_us,VICTORVILLE - VILLAGE CENTER,,Victorville,CA,,US,+1 760-843-0048,https://www.att.com/stores/california/victorville/123212,Mo-Fr 10:00-21:00; Sa 10:00-20:00; Su 11:00-19:00,AT&T,Q298594
2838,autozone_us,AutoZone Auto Parts Victorville,,Victorville,CA,,US,+1 760-955-7566,https://www.autozone.com/locations/ca/victorville/14675-palmdale-rd.html,Mo-Sa 07:00-22:00; Su 07:30-22:00,AutoZone,Q4826087
https://locators.bankofamerica.com/ca/victorville/financial-centers-victorville-9572.html,bankofamerica,Bank of America Financial Center & Drive-Thru ATM | South Victorville,,Victorville,CA,,US,+1 760-843-6737,https://locators.bankofamerica.com/ca/victorville/financial-centers-victorville-9572.html,Mo-Fr 09:00-17:00; Sa 09:00-16:00,Bank of America,Q487907
https://locations.baskinrobbins.com/ca/victorville/12602-amargosa-rd.-339028-br,baskin_robbins_us,Baskin-Robbins™,,Victorville,CA,,US,+1 760-245-3131,https://locations.baskinrobbins.com/ca/victorville/12602-amargosa-rd.-339028-br,Mo-Su 11:00-21:00,Baskin-Robbins,Q584601
BBW01117,bathandbodyworks_us,VICTOR VALLEY MALL,,VICTORVILLE,CA,,US,+1 760-955-1575,,Mo-Sa 10:00-20:00; Su 11:00-18:00,Bath & Body Works,Q810773
https://stores.bestbuy.com/ca/victorville/12133-mall-blvd-108.html,bestbuy,Best Buy Victorville,,Victorville,CA,,US,+1 760-261-5741,https://stores.bestbuy.com/ca/victorville/12133-mall-blvd-108.html,,Best Buy,Q533415
205668,bluerhino,Highway 395 Arco AM/PM,,Victorville,CA,,US,+1 760-951-3063,,,Blue Rhino,Q65681213
205669,bluerhino,Alvarado Arco AM PM,,Victorville,CA,,US,+1 760-951-3081,,,Blue Rhino,Q65681213
237500,bluerhino,Circle K #2706017,,Victorville,CA,,US,+1 760-962-1818,,,Blue Rhino,Q65681213
186745,bluerhino,Khaled Oil dba Arco #42132,,Victorville,CA,,US,+1 760-951-2981,,,Blue Rhino,Q65681213
197941,bluerhino,United Pacific #669,,Victorville,CA,,US,+1 760-266-4024,,,Blue Rhino,Q65681213
214759,bluerhino,7-Eleven Stores #43147,,Victorville,CA,,US,+1 760-244-9973,,,Blue Rhino,Q65681213
111061,bluerhino,Victorville Arco AM/PM,,Victorville,CA,,US,+1 760-241-7967,,,Blue Rhino,Q65681213
169250,bluerhino,United Pacific  #5737,,Victorville,CA,,US,+1 760-951-4744,,,Blue Rhino,Q65681213
159316,bluerhino,G & M #27,,Victorville,CA,,US,+1 442-243-6650,,,Blue Rhino,Q65681213
47415,bluerhino,Lowe's #1001,,Victorville,CA,,US,+1 760-949-9565,,,Blue Rhino,Q65681213
65317,bluerhino,Food 4 Less #305,,Victorville,CA,,US,+1 760-951-1140,,,Blue Rhino,Q65681213
0014,bootbarn,Fontana,,"Victorville,",CA,,US,+1 760-241-3361,https://www.bootbarn.com/stores?StoreID=0014,Mo-Fr 10:00-20:00; Sa 10:00-19:00; Su 10:00-18:00,Boot Barn,Q109825187
36074,cadillac,VICTORVILLE CADILLAC,,Victorville,CA,,US,+1 760-955-8200,https://www.vvcadillac.com,Mo-Sa 08:00-21:00; Su 10:00-19:00,Cadillac,Q27436
1349,carinos,Victorville,11920 Amargosa Rd.,Victorville,CA,,US,+1 760-949-8700,https://www.carinos.com/locations/victorville/,Mo-We 12:00-21:00; Th 12:00-21:30; Fr-Sa 12:00-22:00; Su 12:00-21:00,Carino's Italian,Q5039637
29274,chevrolet,VICTORVILLE CHEVROLET,,Victorville,CA,,US,+1 760-955-8200,https://www.vvchevy.com,Mo-Sa 08:00-20:00; Su 10:00-19:00,Chevrolet,Q29570
377370,chevron,Chevron Station #377370,13343 HWY 395,VICTORVILLE,CA,,US,+1 760-995-3959,,,Chevron,Q319642
208449,chevron,Chevron Station #208449,14250 BEAR VALLEY ROAD,VICTORVILLE,CA,,US,+1 800-403-6142,,,Chevron,Q319642
001.005.0896,chilis,Victorville,,Victorville,CA,,US,+1 760-244-1786,https://www.chilis.com/locations/us/california/victorville/victorville/,Mo-Th 11:00-22:00; Fr-Sa 11:00-23:00; Su 11:00-22:00,Chili's,Q1072948
ca_victorville_12304-palmdale-rd,chipotle, ,,Victorville,CA,,US,+1 442-219-0230,https://locations.chipotle.com/ca/victorville/12304-palmdale-rd,,Chipotle,Q465751
https://locations.chuckecheese.com/us/ca/victorville/12790-amargosa-rd.,chuckecheese,Chuck E. Cheese,,Victorville,CA,,US,+1 760-843-9630,https://locations.chuckecheese.com/us/ca/victorville/12790-amargosa-rd.,Mo-Th 11:00-21:00; Fr 11:00-22:00; Sa 10:00-22:00; Su 11:00-21:00,Chuck E. Cheese,Q2438391
14507-palmdale-road,churchs_chicken,Palmdale Road,,Victorville,CA,,US,+1 760-245-1141,https://locations.churchs.com/ca/victorville/14507-palmdale-road,,Church's Chicken,Q1089932
ca-victorville/cinemark-victorville-16-and-xd,cinemark,Cinemark Victorville 16 and XD,,Victorville,CA,,US,+1 760-243-2037,https://www.cinemark.com/theatres/ca-victorville/cinemark-victorville-16-and-xd,,Cinemark,Q707530
54242,citi,ATM EAST WEST BANK,,Victorville,CA,,US,,,,Citibank,Q857063
54241,citi,ATM EAST WEST BANK,,Victorville,CA,,US,,,,Citibank,Q857063
57096,citi,ATM Food 4 Less,,Victorville,CA,,US,,,,Citibank,Q857063
45863,citi,ATM Costco,,Victorville,CA,,US,,,,Citibank,Q857063
47946,citi,ATM CVS,,Victorville,CA,,US,,,,Citibank,Q857063
40805,citi,ATM Circle K,,Victorville,CA,,US,,,,Citibank,Q857063
76774,citi,ATM Speedway,,Victorville,CA,,US,,,,Citibank,Q857063
34728,citi,ATM Ampm,,Victorville,CA,,US,,,,Citibank,Q857063
87474,citi,ATM Walgreens,,Victorville,CA,,US,,,,Citibank,Q857063
34714,citi,ATM Ampm,,Victorville,CA,,US,,,,Citibank,Q857063
34700,citi,ATM Ampm,,Victorville,CA,,US,,,,Citibank,Q857063
39619,citi,ATM Chevron,,Victorville,CA,,US,,,,Citibank,Q857063
57102,citi,ATM Food 4 Less,,Victorville,CA,,US,,,,Citibank,Q857063
victorville/5573,claires,Shop Ear Piercings & Jewelry at The Mall Of Victor Valley,,VICTORVILLE,CA,,US,+1 760-241-2227,https://stores.claires.com/us/ca/victorville/5573.html,Mo-Sa 10:00-20:00; Su 11:00-18:00,Claire's,Q2974996
,credit_union_us,Global FCU,,Victorville,CA,,US,+1 800-525-9094,,Mo-Fr 11:00-06:00; Sa 10:00-06:00,,
80221281,cricket_wireless,Cricket Wireless Authorized Retailer,,Victorville,CA,,US,+1 760-780-0429,https://www.cricketwireless.com/stores/ll/US/CA/Victorville/14592-Palmdale-Rd,Mo-Sa 10:00-19:00; Su 10:00-18:00,Cricket Wireless,Q5184987
80221312,cricket_wireless,Cricket Wireless Authorized Retailer,,Victorville,CA,,US,+1 760-212-6291,https://www.cricketwireless.com/stores/ll/US/CA/Victorville/14788-Bear-Valley-Rd,Mo-Fr 11:00-19:00; Sa 11:00-18:00,Cricket Wireless,Q5184987
4148,cvs_us,CVS Pharmacy,,Victorville,CA,,US,+1 760-243-1771,https://www.cvs.com/store-locator/victorville-ca-pharmacies/14426-palmdale-rd-victorville-ca-92392/storeid=4148,Mo-Su 08:00-21:00,CVS Pharmacy,Q2078880
227,daniels_jewelers_us,Mall of Victor Valley,,Victorville,CA,,US,+1 760-241-0606,,Mo-Sa 10:00-20:00; Su 11:00-18:00,Daniel's Jewelers,Q120763875
246851,dennys,Denny's,,Victorville,CA,,US,+1 760-245-2133,https://locations.dennys.com/CA/VICTORVILLE/246851,24/7,Denny's,Q1189695
1111,dickssportinggoods,"DICK'S Sporting Goods Store in Victorville, CA | 1111",,Victorville,CA,,US,+1 760-245-4151,https://stores.dickssportinggoods.com/ca/victorville/1111/,Mo-Sa 09:00-21:00; Su 10:00-19:00,Dick's Sporting Goods,Q5272601
8368,dominos_pizza_us,Domino's Pizza,,victorville,CA,,US,+1 760-381-8709,https://pizza.dominos.com/california/victorville/12274-palmdale-rd,Mo-Th 10:00-24:00; Fr-Sa 10:00-01:00; Su 10:00-24:00,Domino's,Q839466
3888,elpolloloco,El Pollo Loco,,Victorville,CA,,US,+1 760-241-5500,,,El Pollo Loco,Q2353849
3468,elpolloloco,El Pollo Loco,,Victorville,CA,,US,+1 760-949-9163,,,El Pollo Loco,Q2353849
E13266,enterprise,Victorville Civic Dr.,,Victorville,CA,,US,+1 760-241-1187,,,Enterprise Rent-A-Car,Q17085454
victorville-bear-valley-rd,farmerboys,Victorville - Bear Valley Rd.,,Victorville,CA,,US,+1 760-952-1919,https://www.farmerboys.com/locations/location-detail.php?loc=victorville-bear-valley-rd,Mo-Th 06:00-22:00; Fr-Sa 06:00-23:00; Su 07:00-22:00,Farmer Boys,Q5435711
https://www.fitness19.com/centers/victorville/,fitness19_us,Fitness 19,,Victorville,CA,,US,+1 760-244-2219,https://www.fitness19.com/centers/victorville/,,Fitness 19,Q121787953
https://stores.footlocker.com/ca/victorville/14400-bear-valley-road-7835.html,footlocker,"Foot Locker in Victorville: Victorville, California | Approved | Own It",,Victorville,CA,,US,+1 760-241-2192,https://stores.footlocker.com/ca/victorville/14400-bear-valley-road-7835.html,Mo-Sa 10:00-20:00; Su 11:00-18:00,Foot Locker,Q63335
Motorcraft1639USAEnglish,ford,Sunland Ford,,California,CA,,US,+1 760-241-7751,,,Ford,Q44294
https://www.ford.com/dealerships/dealer-details/ca/victorville/sunland-ford/,ford_dealers_us,Sunland Ford,,Victorville,CA,,US,+1 442-327-1291,https://www.ford.com/dealerships/dealer-details/ca/victorville/sunland-ford/,Mo-Fr 08:00-20:00; Sa 09:00-20:00; Su 10:00-19:00,Ford Motor Company,Q44294
1183,gamestop_us,Victor Valley Mall,,Victorville,CA,,US,+1 760-241-5568,https://www.gamestop.com/search/?store=1183,Mo-Sa 10:00-20:00; Su 11:00-18:00,GameStop,Q202210
0917,gamestop_us,Village Center,,Victorville,CA,,US,+1 760-843-0690,https://www.gamestop.com/search/?store=0917,Mo-Th 11:00-20:00; Fr-Sa 10:00-21:00; Su 11:00-20:00,GameStop,Q202210
https://stores.gnc.com/#24058323,gnc,GNC Mall Victor Valley,,,CA,,US,+1 760-241-6005,https://stores.gnc.com/all-stores-california/victorville/14-400-bear-valley-rd,Mo-Sa 10:00-20:00; Su 11:00-18:00,GNC,Q4808595
https://salons.greatclips.com/us/ca/victorville/12274-palmdale-rd,greatclips,Great Clips,,Victorville,CA,,US,+1 760-955-7800,https://salons.greatclips.com/us/ca/victorville/12274-palmdale-rd,Mo-Fr 09:00-21:00; Sa 08:00-18:00; Su 09:00-18:00,Great Clips,Q5598967
https://www.habitburger.com/locations/victorville-dt/,habit_burger,The Habit Burger Grill,,Victorville,CA,,US,+1 760-947-2551,https://www.habitburger.com/locations/victorville-dt/,Mo-Su 10:30-19:00,The Habit Burger Grill,Q18158741
4169,h_r_block,H&R Block,,Victorville,CA,,US,+1 760-245-1088,https://www.hrblock.com/local-tax-offices/california/victorville/13622-bear-valley-rd/4169/,,H&R Block,Q5627799
https://locations.jackinthebox.com/us/ca/victorville/12440-amargosa-rd,jackinthebox,Jack in the Box,,Victorville,CA,,US,+1 760-241-0740,https://locations.jackinthebox.com/us/ca/victorville/12440-amargosa-rd,Mo-Su 04:00-04:00,Jack in the Box,Q1538507
https://locations.jackinthebox.com/us/ca/victorville/12134-hesperia-rd,jackinthebox,Jack in the Box,,Victorville,CA,,US,+1 760-265-0191,https://locations.jackinthebox.com/us/ca/victorville/12134-hesperia-rd,Mo-Su 04:45-04:00,Jack in the Box,Q1538507
https://locations.jackinthebox.com/us/ca/victorville/14618-7th-st,jackinthebox,Jack in the Box,,Victorville,CA,,US,+1 760-515-0775,https://locations.jackinthebox.com/us/ca/victorville/14618-7th-st,Mo-Su 04:00-04:00,Jack in the Box,Q1538507
https://office.jacksonhewitt.com/#27576361,jackson_hewitt,Jackson Hewitt,,Victorville,CA,,US,+1 844-235-0087,https://office.jacksonhewitt.com/tax-preparation-services-locations/en/ca/victorville/12234-palmdale-road/54392,Mo-Sa 11:00-19:00; Su 12:00-17:00,Jackson Hewitt,Q6117132
https://office.jacksonhewitt.com/#27577021,jackson_hewitt,Jackson Hewitt,,Victorville,CA,,US,+1 844-235-0087,https://office.jacksonhewitt.com/tax-preparation-services-locations/en/ca/victorville/11896-amargosa-road/51588,Mo-Sa 11:00-19:00; Su 12:00-17:00,Jackson Hewitt,Q6117132
https://stores.jdsports.com/ca/victorville/the-mall-of-victor-valley.html,jdsports_us,JD Sports,,Victorville,CA,,US,+1 760-684-4250,https://stores.jdsports.com/ca/victorville/the-mall-of-victor-valley.html,Mo-Sa 10:00-20:00; Su 11:00-18:00,JD Sports,Q6108019
https://locations.jimmyjohns.com/ca/victorville/sandwiches-3540.html,jimmy_johns,Jimmy John's,,Victorville,CA,,US,+1 760-955-6000,https://locations.jimmyjohns.com/ca/victorville/sandwiches-3540.html,,Jimmy John's,Q1689380
https://healthy.kaiserpermanente.org/southern-california/facilities/victorville-medical-office-2-304781,kaiser_permanente_us,Victorville Medical Office 2,,Victorville,CA,,US,+1 833-574-2273,https://healthy.kaiserpermanente.org/southern-california/facilities/victorville-medical-office-2-304781,,Kaiser Permanente,Q1721601
https://healthy.kaiserpermanente.org/southern-california/facilities/victorville-medical-office-1-100125,kaiser_permanente_us,Victorville Medical Office 1,,Victorville,CA,,US,+1 833-574-2273,https://healthy.kaiserpermanente.org/southern-california/facilities/victorville-medical-office-1-100125,,Kaiser Permanente,Q1721601
https://healthy.kaiserpermanente.org/southern-california/facilities/spring-valley-post-acute-326987,kaiser_permanente_us,Spring Valley Post-Acute,,Victorville,CA,,US,+1 760-245-6477,https://healthy.kaiserpermanente.org/southern-california/facilities/spring-valley-post-acute-326987,,Kaiser Permanente,Q1721601
https://healthy.kaiserpermanente.org/southern-california/facilities/desert-cities-dialysis-amethyst-429273,kaiser_permanente_us,Desert Cities Dialysis - Amethyst,,Victorville,CA,,US,+1 760-998-2060,https://healthy.kaiserpermanente.org/southern-california/facilities/desert-cities-dialysis-amethyst-429273,,Kaiser Permanente,Q1721601
https://healthy.kaiserpermanente.org/southern-california/facilities/a-greater-hope-enhanced-care-management-ecm-173416,kaiser_permanente_us,A Greater Hope - Enhanced Care Management (ECM),,Victorville,CA,,US,+1 760-243-3999,https://healthy.kaiserpermanente.org/southern-california/facilities/a-greater-hope-enhanced-care-management-ecm-173416,,Kaiser Permanente,Q1721601
301854,kindercare,KinderCare of Victorville,,Victorville,CA,,US,,https://www.kindercare.com/our-centers/victorville/ca/301854,,KinderCare Learning Centers,Q6410551
636,kohls_us,Kohl's,,Victorville,CA,,US,+1 760-949-8717,https://www.kohls.com/stores/ca/victorville-636.shtml,Mo-Sa 09:00-22:00; Su 09:00-21:00,Kohl's,Q967265
46369,little_free_library,Bill Pyle #46369 Victorville CA,,Victorville,CA,,US,,,,Little Free Library,Q6650101
160365,little_free_library,The Blue Sun #160365 Victorville CA,,Victorville,CA,,US,,,,Little Free Library,Q6650101
141073,little_free_library,K & A Library #141073 Victorville CA,,Victorville,CA,,US,,,,Little Free Library,Q6650101
167191,little_free_library,JustOneMoreChapterLFL #167191 Victorville CA,,Victorville,CA,,US,,,,Little Free Library,Q6650101
87283,little_free_library,Silverado High School's Little Library #87283 Victorville CA,,Victorville,CA,,US,,,,Little Free Library,Q6650101
285974,marathon_petroleum_us,ARCO #42132,,Victorville,CA,,US,+1 760-951-2981,,,Arco,Q304769
286027,marathon_petroleum_us,ARCO #42648 AMPM,,Victorville,CA,,US,+1 760-241-7967,,,Arco,Q304769
286585,marathon_petroleum_us,ARCO #42415 AMPM,,Victorville,CA,,US,+1 760-951-4903,,,Arco,Q304769
286106,marathon_petroleum_us,ARCO #42575 AMPM,,Victorville,CA,,US,+1 760-951-3081,,,Arco,Q304769
285874,marathon_petroleum_us,ARCO #42629 AMPM,,Victorville,CA,,US,+1 760-951-3063,,,Arco,Q304769
286159,marathon_petroleum_us,ARCO #42421 AMPM,,Victorville,CA,,US,+1 760-241-9405,,,Arco,Q304769
16707,mattress_firm_us,Mattress Firm Victorville Gallery and Clearance Center,,Victorville,CA,,US,+1 760-245-2014,https://www.mattressfirm.com/en-us/stores/ca/victorville/503049/,,Mattress Firm Clearance,Q6791878
5077,michaels,"VICTORVILLE, CA",,Victorville,CA,,US,+1 760-983-7152,https://locations.michaels.com/ca/victorville/5077,Mo-Sa 09:00-21:00; Su 10:00-19:00,Michaels,Q6835667
https://locations.oreillyauto.com/ca/victorville/check-engine-light-testing-5569.html,oreilly,Your Victorville O'Reilly Auto Parts Store,,Victorville,CA,,US,+1 442-229-4001,https://locations.oreillyauto.com/ca/victorville/check-engine-light-testing-5569.html,Mo-Sa 07:00-22:00; Su 08:00-22:00,O'Reilly Auto Parts,Q7071951
https://locations.oreillyauto.com/ca/victorville/wiper-installation-5569.html,oreilly,Your Victorville O'Reilly Auto Parts Store,,Victorville,CA,,US,+1 442-229-4001,https://locations.oreillyauto.com/ca/victorville/wiper-installation-5569.html,Mo-Sa 07:00-22:00; Su 08:00-22:00,O'Reilly Auto Parts,Q7071951
https://locations.oreillyauto.com/ca/victorville/battery-testing-5569.html,oreilly,Your Victorville O'Reilly Auto Parts Store,,Victorville,CA,,US,+1 442-229-4001,https://locations.oreillyauto.com/ca/victorville/battery-testing-5569.html,Mo-Sa 07:00-22:00; Su 08:00-22:00,O'Reilly Auto Parts,Q7071951
https://locations.oreillyauto.com/ca/victorville/autopartes-5569.html,oreilly,Tu tienda O'Reilly Auto Parts en Victorville,,Victorville,CA,,US,+1 442-229-4001,https://locations.oreillyauto.com/ca/victorville/autopartes-5569.html,Mo-Sa 07:00-22:00; Su 08:00-22:00,O'Reilly Auto Parts,Q7071951
https://locations.outback.com/#15502535,outbacksteakhouse,Outback Steakhouse,,Victorville,CA,,US,+1 760-962-1003,https://locations.outback.com/california/victorville/12400-b-amargosa-rd,Mo-Th 11:00-22:00; Fr-Sa 11:00-23:00; Su 11:00-22:00,Outback Steakhouse,Q1064893
1519,party_city,Village Center,,Victorville,CA,,US,+1 760-684-4434,https://stores.partycity.com/us/ca/victorville/party-store-pc1519.html,,Party City,Q7140896
0000880547,phillips_66_conoco_76,CF UNITED APRO LLC 2704737,,VICTORVILLE,CA,,US,+1 760-951-4744,,,U76,Q1658320
ca_victorville_14582-palmdale-rd,pizza_hut_us,14582 Palmdale Rd,,Victorville,CA,,US,+1 760-241-4111,https://locations.pizzahut.com/ca/victorville/14582-palmdale-rd,,Pizza Hut,Q191615
ca_victorville_14470-bear-valley-rd,pizza_hut_us,14470 Bear Valley Rd,,Victorville,CA,,US,,https://locations.pizzahut.com/ca/victorville/14470-bear-valley-rd,,Pizza Hut,Q191615
https://www.plannedparenthood.org/health-center/california/victorville/92392/victorville-health-center-4082-90160,planned_parenthood,Planned Parenthood,,Victorville,CA,,US,,https://www.plannedparenthood.org/health-center/california/victorville/92392/victorville-health-center-4082-90160,,Planned Parenthood,Q2553262
home-depot-0665-14130,ppgpaints,HOME DEPOT 0665,,"Victorville, ",CA,,US,+1 760-955-2999,https://www.ppgpaints.com/store-locator/us/california/victorville-paint-stores/home-depot-0665-14130,,PPG Paints,Q83891559
https://www.providence.org/locations/socal/victorville-imaging-center,providence_us,St Mary High Desert Victorville -  Imaging Center,,Victorville,CA,,US,+1 760-261-5000,https://www.providence.org/locations/socal/victorville-imaging-center,Mo-Fr 08:00-18:30,Providence,Q7252430
873,rentacenter,Rent-A-Center,,Victorville,CA,,US,+1 760-241-2222,https://locations.rentacenter.com/california/victorville/15329-palmdale-rd/,Mo-Sa 10:00-18:00,Rent-A-Center,Q7313497
993591,rocket_us,Rocket,,Victorville,CA,,US,+1 760-951-4744,,,Rocket,Q121513516
993447,rocket_us,Rocket,,Victorville,CA,,US,+1 760-266-4024,,,Rocket,Q121513516
location-9389,sbarro,Victor Valley,14400 Bear Valley Rd.  #753,Victorville,CA,,US,,https://sbarro.com/locations/california/victorville/victor-valley/,,Sbarro,Q2589409
43147,seven_eleven_ca_us,7-Eleven,,Victorville,CA,,US,+1 760-244-9973,,,7-Eleven,Q259340
https://www.sprouts.com/store/ca/victorville/amargosa-rd/,sprouts_farmer_market,Sprouts Farmers Market 469-Victorville,,Victorville,CA,,US,+1 442-327-1306,https://www.sprouts.com/store/ca/victorville/amargosa-rd/,Mo-Su 07:00-22:00,Sprouts Farmer Market,Q7581369
11930-amargosa-road-suite-1,staples,"Staples Victorville, CA",,Victorville,CA,,US,,https://stores.staples.com/ca/victorville/11930-amargosa-road-suite-1,Mo-Fr 08:00-20:00; Sa 09:00-18:00; Su 10:00-18:00,Staples,Q785943
118,stater_bros_us,Stater Bros. Markets Victorville,"13760 Bear Valley Road, Victorville, CA 92392, USA",Victorville,CA,,US,+1 760-241-8924,https://www.staterbros.com/stores/118,Mo-Su 06:00-23:00,Stater Bros.,Q7604016
https://restaurants.subway.com/#14901649,subway,Subway The Mall of Victor Valley,,Victorville San Bernardino,CA,,US,+1 760-955-1001,https://restaurants.subway.com/united-states/ca/victorville/14400-bear-valley-road,Mo-Sa 10:00-20:00; Su 11:00-18:00,Subway,Q244457
https://restaurants.subway.com/#14902222,subway,Subway Victorville Ca,,Victorville San Bernardino,CA,,US,+1 760-241-7799,https://restaurants.subway.com/united-states/ca/victorville/15319-c-palmdale-rd,Mo-Sa 07:00-21:00; Su 09:00-21:00,Subway,Q244457
https://restaurants.subway.com/#14896113,subway,Subway Dunia Plaza,,Victorville San Bernardino,CA,,US,+1 760-244-4936,https://restaurants.subway.com/united-states/ca/victorville/14329-bear-valley-rd,Mo-Th 08:00-21:00; Fr-Sa 08:00-22:00; Su 08:00-21:00,Subway,Q244457
https://restaurants.subway.com/#14905246,subway,Subway Wal-Mart #4392,,Victorville San Bernardino,CA,,US,+1 760-885-8219,https://restaurants.subway.com/united-states/ca/victorville/12234-palmdale-road,Mo-Fr 08:00-21:00; Sa-Su 09:00-21:00,Subway,Q244457
https://restaurants.subway.com/#14910676,subway,Subway TRMI Star Mart,,Victorville San Bernardino,CA,,US,+1 760-947-1337,https://restaurants.subway.com/united-states/ca/victorville/12130-bear-valley-rd,Mo-Th 07:00-21:00; Fr 07:00-22:00; Sa 08:00-21:00; Su 09:00-21:00,Subway,Q244457
https://stores.sunglasshut.com/us/ca/victorville/14580-bear-valley-rd,sunglass_hut_1,Sunglass Hut at Macy's,,Victorville,CA,,US,+1 760-245-6292,https://stores.sunglasshut.com/us/ca/victorville/14580-bear-valley-rd,Mo-Sa 10:00-20:00; Su 10:00-19:00,Sunglass Hut,Q136311
8348,supercuts,Dunia Plaza,14329 Bear Valley Rd Ste 3,Victorville,CA,,US,+1 760-949-5524,https://www.supercuts.com/checkin/8348,Mo-Sa 09:00-18:00; Su 10:00-17:00,Supercuts,Q7643239
35343,sweetfrog_us,sweetFrog Store 35343,,Victorville,CA,,US,+1 760-552-4140,https://www.sweetfrog.com/stores/frozen-yogurt-victorville/35343,Mo-Th 12:00-21:00; Fr-Sa 12:00-22:00; Su 12:00-21:00,sweetFrog,Q16952110
https://locations.tacobell.com/#6145789,taco_bell,Taco Bell,,Victorville,CA,,US,+1 760-951-0177,https://locations.tacobell.com/ca/victorville/17250-bear-valley-rd.html,Mo-Th 07:00-24:00; Fr-Sa 07:00-01:00; Su 07:00-24:00,Taco Bell,Q752941
https://locations.tacobell.com/#6146105,taco_bell,Taco Bell,,Victorville,CA,,US,+1 760-241-8599,https://locations.tacobell.com/ca/victorville/15357-palmdale-rd.html,Mo-Su 07:00-01:00,Taco Bell,Q752941
https://locations.tacobell.com/#6146312,taco_bell,Taco Bell,,Victorville,CA,,US,+1 760-951-0262,https://locations.tacobell.com/ca/victorville/14181-u-s--highway-395.html,Mo-Tu 07:00-01:00; We 12:00-01:00; Th-Su 07:00-01:00,Taco Bell,Q752941
0103,tillys,Mall of Victor Valley,,Victorville,CA,,US,+1 760-955-7626,,Mo-Sa 10:00-09:00; Su 11:00-06:00,Tillys,Q7802889
1SQP,tmobile_us,Bear Valley Rd & Dunia Rd,,Victorville,CA,,US,+1 760-952-2233,https://www.t-mobile.com/store-locator/ca/victorville/bear-valley-rd-dunia-rd,,T-Mobile,Q3511885
160G,tmobile_us,The Mall of Victor Valley,,Victorville,CA,,US,+1 760-205-0006,https://www.t-mobile.com/store-locator/ca/victorville/the-mall-of-victor-valley,,T-Mobile,Q3511885
033039,uhaul,Raquel Ray & Co,14560 Palmdale Rd Ste 7,Victorville,CA,,US,+1 760-948-3819,,Mo 00:00-19:00; We-Sa 00:00-19:00,U-Haul,Q7862902
019492,uhaul,Paisano Tires Inc,14035 Palmdale Rd,Victorville,CA,,US,+1 760-684-4710,,Tu-Sa 00:00-16:00,U-Haul,Q7862902
049088,uhaul,Anacapa Self Storage,15139 Anacapa Rd,Victorville,CA,,US,+1 760-269-4394,,Mo-Sa 30:00-17:00,U-Haul,Q7862902
716036,uhaul,U-Haul Moving & Storage at Palmdale Rd,14598 Palmdale Rd,Victorville,CA,,US,+1 760-243-5100,,Mo-Th 00:00-19:00; Fr 00:00-20:00; Sa 00:00-19:00; Su 00:00-17:00,U-Haul,Q7862902
001754,uhaul,Rightspace Storage Victorville,11622 Amargosa Rd,Victorville,CA,,US,+1 760-981-0862,,Mo-Fr 30:00-17:00; Sa 30:00-16:00,U-Haul,Q7862902
040228,uhaul,Storage Zone,14365 Palmdale Rd,Victorville,CA,,US,+1 760-955-3427,,Mo-Sa 00:00-17:00; Su 00:00-17:00,U-Haul,Q7862902
5055,upsstore,Victorville,12127 Mall Blvd Ste A,Victorville,CA,,US,+1 760-955-4877,https://locations.theupsstore.com/ca/victorville/12127-mall-blvd,,UPS Store,Q7771029
9239200052,usps_collection_boxes,USPS COLLECTION BOX - BLUE BOX,13680 BEAR VALLEY RD,VICTORVILLE,CA,,US,,,,United States Postal Service,Q668687
9239200038,usps_collection_boxes,USPS COLLECTION BOX - BLUE BOX,14455 CIVIC CENTER DR,VICTORVILLE,CA,,US,,,,United States Postal Service,Q668687
9239200029,usps_collection_boxes,USPS COLLECTION BOX - BLUE BOX,14040 PARK AVE,VICTORVILLE,CA,,US,,,,United States Postal Service,Q668687
9239200039,usps_collection_boxes,USPS COLLECTION BOX - BLUE BOX,14400 BEAR VALLEY RD,VICTORVILLE,CA,,US,,,,United States Postal Service,Q668687
USA71,vans,Vans Store - VICTORVILLE MALL,,Victorville,CA,,US,+1 760-241-0664,https://www.vans.com/en-us/stores/ca/victorville/usa71,Mo-Sa 11:00-20:00; Su 11:00-19:00,Vans,Q1135366
https://vcahospitals.com/mesa-ca,vca,VCA Mesa Animal Hospital,,Victorville,CA,,US,+1 760-245-0109,https://vcahospitals.com/mesa-ca,Mo-Fr 07:00-18:00,VCA,Q7906620
A00000244616,verizon_us,Victra Victorville Dunia Rd,,Victorville,CA,,US,+1 760-947-3332,https://www.verizon.com/stores/details/california/victorville/victra-victorville-dunia-rd-1631022/,Mo-Fr 10:00-21:00; Sa 10:00-20:00; Su 11:00-19:00,Verizon,Q919641
,visa,,,VICTORVILLE,CA,,US,,,,,
,visa,,,VICTORVILLE,CA,,US,,,,,
,visa,,,VICTORVILLE,CA,,US,,,,,
,visa,,,VICTORVILLE,CA,,US,,,,,
,visa,,,VICTORVILLE,CA,,US,,,,,
,visa,,,VICTORVILLE,CA,,US,,,,,
,visa,,,VICTORVILLE,CA,,US,,,,,
,visa,,,VICTORVILLE,CA,,US,,,,,
,visa,,,VICTORVILLE,CA,,US,,,,,
,visa,,,SAN BERNARDINO,CA,,US,,,,,
,visa,,,SAN BERNARDINO,CA,,US,,,,,
,visa,,,VICTORVILLE,CA,,US,,,,,
,visa,,,VICTORVILLE,CA,,US,,,,,
,visa,,,VICTORVILLE,CA,,US,,,,,
,visa,,,VICTORVILLE,CA,,US,,,,,
,visa,,,VICTORVILLE,CA,,US,,,,,
,visa,,,VICTORVILLE,CA,,US,,,,,
,visa,,,VICTORVILLE,CA,,US,,,,,
,visa,,,VICTORVILLE,CA,,US,,,,,
,visa,,,VICTORVILLE,CA,,US,,,,,
,visa,,,VICTORVILLE,CA,,US,,,,,
,visa,,,VICTORVILLE,CA,,US,,,,,
,visa,,,VICTORVILLE,CA,,US,,,,,
,visa,,,VICTORVILLE,CA,,US,,,,,
,visa,,,VICTORVILLE,CA,,US,,,,,
,visa,,,VICTORVILLE,CA,,US,,,,,
,visa,,,VICTORVILLE,CA,,US,,,,,
,visa,,,VICTORVILLE,CA,,US,,,,,
,visa,,,VICTORVILLE,CA,,US,,,,,
,visa,,,VICTORVILLE,CA,,US,,,,,
,visa,,,VICTORVILLE,CA,,US,,,,,
,visa,,,VICTORVILLE,CA,,US,,,,,
,visa,,,VICTORVILLE,CA,,US,,,,,
,visa,,,VICTORVILLE,CA,,US,,,,,
,visa,,,VICTORVILLE,CA,,US,,,,,
,visa,,,VICTORVILLE,CA,,US,,,,,
,visa,,,VICTORVILLE,CA,,US,,,,,
,visa,,,VICTORVILLE,CA,,US,,,,,
,visa,,,VICTORVILLE,CA,,US,,,,,
,visa,,,VICTORVILLE,CA,,US,,,,,
,visa,,,VICTORVILLE,CA,,US,,,,,
,visa,,,"VICTORVILLE,",CA,,US,,,,,
,visa,,,VICTORVILLE,CA,,US,,,,,
,visa,,,VICTORVILLE,CA,,US,,,,,
,visa,,,VICTORVILLE,CA,,US,,,,,
,visa,,,VICTORVILLE,CA,,US,,,,,
,visa,,,VICTORVILLE,CA,,US,,,,,
,visa,,,VICTORVILLE,CA,,US,,,,,
,visa,,,HESPERIA,CA,,US,,,,,
,visa,,,VICTORVILLE,CA,,US,,,,,
,visa,,,VICTORVILLE,CA,,US,,,,,
,visa,,,VICTORVILLE,CA,,US,,,,,
,visa,,,VICTORVILLE,CA,,US,,,,,
,visa,,,VICTORVILLE,CA,,US,,,,,
,visa,,,VICTORVILLE,CA,,US,,,,,
,visa,,,VICTORVILLE,CA,,US,,,,,
,visa,,,VICTORVILLE,CA,,US,,,,,
,visa,,,VICTORVILLE,CA,,US,,,,,
,visa,,,HESPERIA,CA,,US,,,,,
,visa,,,VICTORVILLE,CA,,US,,,,,
,visa,,,VICTORVILLE,CA,,US,,,,,
,visa,,,VICTORVILLE,CA,,US,,,,,
,visa,,,VICTORVILLE,CA,,US,,,,,
,visa,,,VICTORVILLE,CA,,US,,,,,
,visa,,,VICTORVILLE,CA,,US,,,,,
,visa,,,VICTORVILLE,CA,,US,,,,,
,visa,,,VICTORVILLE,CA,,US,,,,,
,visa,,,VICTORVILLE,CA,,US,,,,,
,visa,,,VICTORVILLE,CA,,US,,,,,
,visa,,,VICTORVILLE,CA,,US,,,,,
,visa,,,VICTORVILLE,CA,,US,,,,,
,visa,,,VICTORVILLE,CA,,US,,,,,
,visa,,,VICTORVILLE,CA,,US,,,,,
,visa,,,OAK HILLS,CA,,US,,,,,
https://locations.vitaminshoppe.com/ca/victorville/vitamins-supplements-victorville-ca-482.html,vitamin_shoppe,The Vitamin Shoppe® Victorville ,14130 Bear Valley Rd Suite 200,Victorville,CA,,US,+1 760-951-7048,https://locations.vitaminshoppe.com/ca/victorville/vitamins-supplements-victorville-ca-482.html,Su 10:00-19:00; Mo 09:30-20:30; Tu 09:30-20:30; We 09:30-20:30; Th 09:30-20:30; Fr 09:30-20:30; Sa 09:30-20:00,The Vitamin Shoppe,Q7772938
https://www.walgreens.com/locator/walgreens-12184+palmdale+rd-victorville-ca-92392/id=12862,walgreens,Walgreens,,Victorville,CA,,US,+1 760-561-7009,https://www.walgreens.com/locator/walgreens-12184+palmdale+rd-victorville-ca-92392/id=12862,Mo-Su 08:00-22:00,Walgreens,Q1591889
https://www.walgreens.com/locator/walgreens-13655+bear+valley+rd-victorville-ca-92392/id=9254,walgreens,Walgreens,,Victorville,CA,,US,+1 760-949-8930,https://www.walgreens.com/locator/walgreens-13655+bear+valley+rd-victorville-ca-92392/id=9254,Mo-Su 07:00-22:00,Walgreens,Q1591889
13760__BEAR__VALLEY__RD_VICTORVILLE_CA_92392,wellsfargo,,13760 BEAR VALLEY RD,VICTORVILLE,CA,,US,+1 800-869-3557,https://www.wellsfargo.com/locator/bank/13760__BEAR__VALLEY__RD_VICTORVILLE_CA_92392/,,Wells Fargo,Q744149
https://locations.wendys.com/#9256218,wendys,"Wendy's 14303 Bear Valley Road in Victorville, CA",,Victorville,CA,,US,+1 760-956-7973,https://locations.wendys.com/united-states/ca/victorville/14303-bear-valley-road,"Mo-Su 06:30-10:30,06:30-22:00",Wendy's,Q550258
https://locations.wendys.com/#9256217,wendys,"Wendy's 14181 Us Hwy 395 in Victorville, CA",,Victorville,CA,,US,+1 760-243-3578,https://locations.wendys.com/united-states/ca/victorville/14181-us-hwy-395,"Mo-Su 06:30-10:30,06:30-22:00",Wendy's,Q550258
edd762abfbb5cb8e1802d2435abfb375,western_union,WALMART #004392,,Victorville,CA,,US,+1 760-493-3047,https://location.westernunion.com/us/ca/victorville/edd762abfbb5cb8e1802d2435abfb375,Mo-Su 07:00-21:00,Western Union,Q861042
095e88a88d9f253a6fd215a1265cf53f,western_union,7-ELEVEN/SUNOCO #43147,,Victorville,CA,,US,+1 760-244-9973,https://location.westernunion.com/us/ca/victorville/095e88a88d9f253a6fd215a1265cf53f,,Western Union,Q861042
1004fd9b7f675d5485d92a42731a0475,western_union,WALMART #001588,,Victorville,CA,,US,+1 760-951-5005,https://location.westernunion.com/us/ca/victorville/1004fd9b7f675d5485d92a42731a0475,Mo-Sa 08:00-20:00; Su 10:00-18:00,Western Union,Q861042
303,windsor_us,The Mall of Victor Valley,,Victorville,CA,,US,+1 888-495-4957,https://www.windsorstore.com/pages/ca-victorville-the-mall-of-victor-valley,,Windsor,Q72981668
32822,wingstop,Wingstop Victorville Hwy 395,"14181 US Hwy 395, Ste 201",Victorville,CA,,US,+1 760-998-3880,,,Wingstop,Q8025339
