Ref,Spider,Name,Address,City,State,Zipcode,Country,Phone,Website,Hours,Brand,WikiData
https://stores.advanceautoparts.com/co/lafayette/680-n-us-highway-287,advance_auto_parts_us,Advance Auto Parts,,Lafayette,CO,,US,+1 303-665-8005,https://stores.advanceautoparts.com/co/lafayette/680-n-us-highway-287,Mo-Sa 07:30-21:00; Su 09:00-20:00,Advance Auto Parts,Q4686051
1387,anytime_fitness,Anytime Fitness,,Lafayette,CO,,US,+1 720-890-7437,https://www.anytimefitness.com/gyms/1387/lafayette-co-80026/,,Anytime Fitness,Q4778364
https://locations.arbys.com/co/lafayette/650-n.-highway-287.html,arbys_us,"Arby's Fast-Food Drive Through Near You in Lafayette, CO",,Lafayette,CO,,US,+1 303-665-1348,https://locations.arbys.com/co/lafayette/650-n.-highway-287.html,Mo-Sa 09:30-23:00; Su 09:30-22:00,Arby's,Q630866
13691,asics_us,JAX Lafayette Outdoor Gear,900 South Highway 287,Lafayette,CO,,US,+1 720-266-6160,,Mo-Sa 09:00-19:00; Su 09:00-18:00,asics,Q327247
828,autozone_us,AutoZone Auto Parts Lafayette,,Lafayette,CO,,US,+1 303-665-9000,https://www.autozone.com/locations/co/lafayette/1310-s-public-rd.html,Mo-Fr 07:30-21:00; Sa-Su 08:00-19:00,AutoZone,Q4826087
https://locators.bankofamerica.com/co/lafayette/financial-centers-lafayette-17023.html,bankofamerica,Bank of America Financial Center & Walk-Up ATM | Lafayette Promenade,,Lafayette,CO,,US,+1 720-428-5821,https://locators.bankofamerica.com/co/lafayette/financial-centers-lafayette-17023.html,Mo-Fr 09:00-16:00; Sa 09:00-13:00,Bank of America,Q487907
777,batteriesplus,Stop by our Lafayette store Today,,Lafayette,CO,,US,+1 303-665-0830,https://www.batteriesplus.com/store-locator/co/lafayette/batteries-plus-777,Mo-Fr 08:00-19:00; Sa 09:00-18:00; Su 10:00-17:00,Batteries Plus Bulbs,Q17005157
213737,bluerhino,Lowe's #3444,,Erie,CO,,US,+1 303-524-8159,,,Blue Rhino,Q65681213
192831,bluerhino,Murphy's #8813,,Lafayette,CO,,US,+1 720-890-4808,,,Blue Rhino,Q65681213
156292,bluerhino,Walgreens #6111,,Lafayette,CO,,US,+1 720-890-7041,,,Blue Rhino,Q65681213
82410,bluerhino,King Soopers #135,,Lafayette,CO,,US,+1 303-604-3060,,,Blue Rhino,Q65681213
143750,bluerhino,King Soopers #135 - Fuel Site,,Lafayette,CO,,US,+1 303-604-3060,,,Blue Rhino,Q65681213
169300,bluerhino,United Pacific  #6538,,Lafayette,CO,,US,+1 303-926-1128,,,Blue Rhino,Q65681213
217094,bluerhino,Lafayette Corner Market,,Lafayette,CO,,US,+1 720-666-4498,,,Blue Rhino,Q65681213
208203,bluerhino,Gas Stop (1810 E Bridge Inc),,Lafayette,CO,,US,+1 303-665-8181,,,Blue Rhino,Q65681213
169338,bluerhino,Jax Mercantile-Lafayette,,Lafayette,CO,,US,+1 720-266-6160,,,Blue Rhino,Q65681213
92385,bluerhino,Lafayette Mini Stop,,Lafayette,CO,,US,+1 720-524-6645,,,Blue Rhino,Q65681213
236674,bluerhino,Circle K #2709858,,Lafayette,CO,,US,+1 303-665-3222,,,Blue Rhino,Q65681213
192680,bluerhino,Murphy's #8723,,Lafayette,CO,,US,+1 303-665-9449,,,Blue Rhino,Q65681213
832,buffalo_wild_wings_us,"Buffalo Wild Wings GO - Lafayette, CO",,Lafayette,CO,,US,+1 720-738-7313,https://www.buffalowildwings.com/locations/us/co/lafayette/520-west-south-boulder-road/sports-bar-1661,Mo-Th 11:00-23:00; Fr-Sa 11:00-24:00; Su 11:00-23:00,Buffalo Wild Wings,Q509255
2048540,chase_us,DRIVE UP ISLAND - 107763,,LAFAYETTE,CO,,US,+1 800-935-9935,https://locator.chase.com/co/lafayette/400-w-south-boulder-rd,,Chase,Q524629
2038996,chase_us,Lafayette - New branch,,Lafayette,CO,,US,+1 303-245-6550,https://locator.chase.com/co/lafayette/200-n-public-rd,Mo-Fr 09:00-17:00; Sa 09:00-14:00,Chase,Q524629
2039030,chase_us,Arapahoe and 95th - New branch,,Lafayette,CO,,US,+1 303-666-1008,https://locator.chase.com/co/lafayette/1426-n-95th-st,Mo-Fr 09:00-17:00,Chase,Q524629
001.005.1263,chilis,Diamond Circle,,Lafayette,CO,,US,+1 303-604-6197,https://www.chilis.com/locations/us/colorado/lafayette/diamond-circle/,Mo-Th 11:00-22:00; Fr 11:00-23:00; Sa 11:00-22:30; Su 11:00-22:00,Chili's,Q1072948
co_lafayette_548-w-south-boulder-rd,chipotle, ,,Lafayette,CO,,US,+1 303-302-1878,https://locations.chipotle.com/co/lafayette/548-w-south-boulder-rd,,Chipotle,Q465751
25857,citi,ATM 7ELEVEN-FCTI,,Lafayette,CO,,US,,,,Citibank,Q857063
55860,citi,ATM FIRST INTERSTATE BANK,,Lafayette,CO,,US,,,,Citibank,Q857063
90021,citi,ATM Walgreens,,Lafayette,CO,,US,,,,Citibank,Q857063
25391,citi,ATM 7ELEVEN-FCTI,,Lafayette,CO,,US,,,,Citibank,Q857063
41616,citi,ATM Circle K,,Lafayette,CO,,US,,,,Citibank,Q857063
,credit_union_us,Blue FCU,,Lafayette,CO,,US,+1 303-441-7855,,Mo-Tu 09:00-05:30; We 10:00-05:30; Th-Fr 09:00-05:30,,
,credit_union_us,Elevations CU,,Lafayette,CO,,US,+1 303-443-4672,,Mo-Fr 08:30-05:30; Sa 09:00-12:00,,
70180443,cricket_wireless,Cricket Wireless Authorized Retailer,,Lafayette,CO,,US,+1 720-890-8828,https://www.cricketwireless.com/stores/ll/US/CO/Lafayette/550-W-South-Boulder-Rd,Mo-Sa 10:00-19:00,Cricket Wireless,Q5184987
6286,dominos_pizza_us,Domino's Pizza,,Louisville,CO,,US,+1 303-665-0300,https://pizza.dominos.com/colorado/louisville/956-cherry-street,Mo-Th 10:00-24:00; Fr-Sa 10:00-01:00; Su 10:00-24:00,Domino's,Q839466
https://www.edwardjones.com/us-en/financial-advisor/lisa-anderson,edwardjones,Lisa M Anderson,,Lafayette,CO,,US,+1 303-926-1191,https://www.edwardjones.com/us-en/financial-advisor/lisa-anderson,Mo-Th 09:00-17:00; Fr 09:00-16:00,Edward Jones,Q5343830
548-w-south-boulder-rd,einsteinbros,US 287 & Boulder Rd Einstein Bros. Bagels,,Lafayette,CO,,US,+1 720-509-8648,https://locations.einsteinbros.com/us/co/lafayette/548-w-south-boulder-rd,Mo-Su 06:00-14:00,Einstein Bros. Bagels,Q5349788
210139,electrify_america,"Walmart 1045 (Lafayette, CO)",,Lafayette,CO,,US,,,,Electrify America,Q59773555
https://restaurants.fiveguys.com/#51258291,five_guys_us,Five Guys Erie,,Erie,CO,,US,+1 303-993-3717,https://restaurants.fiveguys.com/2934-arapahoe-rd,"Mo-Su 11:00-21:30,11:00-22:00",Five Guys,Q1131810
cedd83db-458a-e111-8dde-005056934050,goodwill,Lafayette Store,,Lafayette,CO,,US,+1 720-287-5855,https://www.goodwill.org/locator/location/?store=Y2VkZDgzZGItNDU4YS1lMTExLThkZGUtMDA1MDU2OTM0MDUw&lat=MzkuNTIyNDc=&lng=LTEwNC43NjU1NA==,,Goodwill,Q5583655
https://salons.greatclips.com/us/co/erie/2934-arapahoe-rd,greatclips,Great Clips,,Erie,CO,,US,+1 720-890-0608,https://salons.greatclips.com/us/co/erie/2934-arapahoe-rd,Mo-Fr 09:00-19:00; Sa 08:00-17:00; Su 09:00-17:00,Great Clips,Q5598967
denlfhx-hampton-suites-lafayette-medical-center-co,hilton,"Hampton Inn & Suites Lafayette Medical Center, CO",,,CO,,US,+1 720-890-2000,https://www.hilton.com/ar/hotels/denlfhx-hampton-suites-lafayette-medical-center-co/,,Hampton by Hilton,Q5646230
29478,huntingtonbank,Lafayette Hwy 287,,Lafayette,CO,,US,+1 303-869-4400,https://www.huntington.com/Community/branch-info?locationId=29478,Mo-Fr 09:00-17:00; Sa 09:00-12:00; Su 00:00-00:00,Huntington Bank,Q798819
6967,h_r_block,H&R Block,,Lafayette,CO,,US,+1 303-666-4358,https://www.hrblock.com/local-tax-offices/colorado/lafayette/waneka-marketplace/6967/,,H&R Block,Q5627799
https://office.jacksonhewitt.com/#27578998,jackson_hewitt,Jackson Hewitt,,Lafayette,CO,,US,+1 303-357-8225,https://office.jacksonhewitt.com/tax-preparation-services-locations/en/co/lafayette/745-us-highway-287/51045,Mo-Sa 11:00-19:00; Su 12:00-16:00,Jackson Hewitt,Q6117132
https://healthy.kaiserpermanente.org/colorado/facilities/tru-community-care-305105,kaiser_permanente_us,TRU Community Care,,Lafayette,CO,,US,+1 303-449-7740,https://healthy.kaiserpermanente.org/colorado/facilities/tru-community-care-305105,,Kaiser Permanente,Q1721601
https://healthy.kaiserpermanente.org/colorado/facilities/scl-health-pharmacy-services-good-samaritan-pharmacy-339151,kaiser_permanente_us,SCL Health Pharmacy Services - Good Samaritan Pharmacy,,Lafayette,CO,,US,+1 303-689-6121,https://healthy.kaiserpermanente.org/colorado/facilities/scl-health-pharmacy-services-good-samaritan-pharmacy-339151,,Kaiser Permanente,Q1721601
https://healthy.kaiserpermanente.org/colorado/facilities/rock-creek-medical-offices-100516,kaiser_permanente_us,Rock Creek Medical Offices,,Lafayette,CO,,US,+1 303-338-4545,https://healthy.kaiserpermanente.org/colorado/facilities/rock-creek-medical-offices-100516,,Kaiser Permanente,Q1721601
https://healthy.kaiserpermanente.org/colorado/facilities/mental-health-partners-425097,kaiser_permanente_us,Mental Health Partners,,Lafayette,CO,,US,+1 303-443-8500,https://healthy.kaiserpermanente.org/colorado/facilities/mental-health-partners-425097,,Kaiser Permanente,Q1721601
https://healthy.kaiserpermanente.org/colorado/facilities/intermountain-health-good-samaritan-hospital-303887,kaiser_permanente_us,Intermountain Health Good Samaritan Hospital,,Lafayette,CO,,US,+1 303-689-4000,https://healthy.kaiserpermanente.org/colorado/facilities/intermountain-health-good-samaritan-hospital-303887,,Kaiser Permanente,Q1721601
https://healthy.kaiserpermanente.org/colorado/facilities/hanger-prosthetics-orthotics-west-inc-316389,kaiser_permanente_us,Hanger Prosthetics & Orthotics West Inc.,,Lafayette,CO,,US,+1 303-604-0160,https://healthy.kaiserpermanente.org/colorado/facilities/hanger-prosthetics-orthotics-west-inc-316389,,Kaiser Permanente,Q1721601
https://healthy.kaiserpermanente.org/colorado/facilities/american-renal-management-kidney-center-of-lafayette-305389,kaiser_permanente_us,American Renal Management - Kidney Center of Lafayette,,Lafayette,CO,,US,+1 720-890-4661,https://healthy.kaiserpermanente.org/colorado/facilities/american-renal-management-kidney-center-of-lafayette-305389,,Kaiser Permanente,Q1721601
1563,kohls_us,Kohl's,,Lafayette,CO,,US,+1 720-890-7439,https://www.kohls.com/stores/co/lafayette-1563.shtml,Mo-Th 09:00-20:00; Fr-Sa 09:00-21:00; Su 09:00-20:00,Kohl's,Q967265
82420,little_free_library,Brownsville's First #82420 Lafayette CO,,Lafayette,CO,,US,,,,Little Free Library,Q6650101
81062,little_free_library,Indian Peaks Neighborhood  Library #81062 Lafayette CO,,Lafayette,CO,,US,,,,Little Free Library,Q6650101
33237,little_free_library,The Book Tree House #33237 Lafayette CO,,Lafayette,CO,,US,,,,Little Free Library,Q6650101
92068,little_free_library,Indian Peaks Lexington Street LFL #92068 Lafayette CO,,Lafayette,CO,,US,,,,Little Free Library,Q6650101
33908,little_free_library,Lisa Chinnery #33908 Lafayette CO,,Lafayette,CO,,US,,,,Little Free Library,Q6650101
82907,little_free_library,Indian Peaks Trail LFL #82907 Lafayette CO,,Lafayette,CO,,US,,,,Little Free Library,Q6650101
37783,little_free_library,The Kelsall’s #37783 Lafayette CO,,Lafayette,CO,,US,,,,Little Free Library,Q6650101
153317,little_free_library,Riverway Manor #153317 Lafayette CO,,Lafayette,CO,,US,,,,Little Free Library,Q6650101
154103,little_free_library,House Marbles' Library #154103 Lafayette CO,,Lafayette,CO,,US,,,,Little Free Library,Q6650101
140812,little_free_library,Sister Carmen Garden Free Library #140812 Lafayette CO,,Lafayette,CO,,US,,,,Little Free Library,Q6650101
153385,little_free_library,Kokomo Metzger #153385 #153385 Lafayette CO,,Lafayette,CO,,US,,,,Little Free Library,Q6650101
127283,little_free_library,Whitetail Park Library #127283 Lafayette CO,,Lafayette,CO,,US,,,,Little Free Library,Q6650101
76558,little_free_library,Homer Circle Library #76558 Lafayette CO,,Lafayette,CO,,US,,,,Little Free Library,Q6650101
54101,little_free_library,James Spink #54101 Lafayette CO,,Lafayette,CO,,US,,,,Little Free Library,Q6650101
18448,little_free_library,Vicky Uhland #18448 Lafayette CO,,Lafayette,CO,,US,,,,Little Free Library,Q6650101
159347,little_free_library,#159347 lafayette CO,,lafayette,CO,,US,,,,Little Free Library,Q6650101
19151,little_free_library,Elizabeth Knight #19151 Lafayette CO,,Lafayette,CO,,US,,,,Little Free Library,Q6650101
103282,little_free_library,PORTABLE MAGIC #103282 Lafayette CO,,Lafayette,CO,,US,,,,Little Free Library,Q6650101
26312,little_free_library,May Lowry #26312 Lafayette CO,,Lafayette,CO,,US,,,,Little Free Library,Q6650101
146458,little_free_library,Ryan Ziffer #146458 #146458 Lafayette CO,,Lafayette,CO,,US,,,,Little Free Library,Q6650101
14397,little_free_library,Betsy Stroomer #14397 Lafayette CO,,Lafayette,CO,,US,,,,Little Free Library,Q6650101
131225,little_free_library,Wily Fox Library #131225 Lafayette CO,,Lafayette,CO,,US,,,,Little Free Library,Q6650101
11732,little_free_library,Andy McCullough #11732 Lafayette CO,,Lafayette,CO,,US,,,,Little Free Library,Q6650101
98612,little_free_library,Not Quite Old Town Lafayette Library #98612 Lafayette CO,,Lafayette,CO,,US,,,,Little Free Library,Q6650101
231041,modern_market_us,Stand BLUE CANYON Lafayette,,Lafayette,CO,,US,+1 720-393-0345,,Mo-Th 10:00-13:00,Modern Market,Q123370165
https://locations.modpizza.com/#23558067,modpizza,MOD Pizza Hwy 287 & Diamond Circle,,Lafayette,CO,,US,+1 720-502-3486,https://locations.modpizza.com/usa/co/lafayette/1137-diamond-circle,Mo-Th 10:30-21:00; Fr-Sa 10:30-22:00; Su 10:30-21:00,MOD Pizza,Q19903469
8813,murphy_usa_us,,,Lafayette,CO,,US,+1 720-890-4808,,Mo-Sa 05:30-23:00; Su 05:30-22:30,Murphy USA,Q19604459
8723,murphy_usa_us,,,Lafayette,CO,,US,+1 303-665-9449,,Mo-Sa 04:30-23:30; Su 06:00-23:00,Murphy USA,Q19604459
https://www.naturalgrocers.com/store/lafayette,natural_grocers_us,Lafayette,,Lafayette,CO,,US,,https://www.naturalgrocers.com/store/lafayette,Mo-Sa 07:57-21:06; Su 08:57-19:36,Natural Grocers,Q17146520
https://locations.noodles.com/co/lafayette/534-w--south-boulder-rd.html,noodles_and_company_us,Noodles & Company Highway 287 & South Boulder Rd.,,Lafayette,CO,,US,+1 303-665-0441,https://locations.noodles.com/co/lafayette/534-w--south-boulder-rd.html,Mo-We 10:30-21:00; Th-Sa 10:30-22:00; Su 10:30-21:00,Noodles and Company,Q7049673
2338,orangetheory_fitness,"Louisville Lafayette, CO",,Lafayette,CO,,US,+1 720-613-8818,,,Orangetheory Fitness,Q25005163
https://locations.oreillyauto.com/co/lafayette/check-engine-light-testing-2820.html,oreilly,Your Lafayette O'Reilly Auto Parts Store,,Lafayette,CO,,US,+1 303-664-1705,https://locations.oreillyauto.com/co/lafayette/check-engine-light-testing-2820.html,Mo-Sa 07:30-21:00; Su 09:00-20:00,O'Reilly Auto Parts,Q7071951
https://locations.oreillyauto.com/co/lafayette/wiper-installation-2820.html,oreilly,Your Lafayette O'Reilly Auto Parts Store,,Lafayette,CO,,US,+1 303-664-1705,https://locations.oreillyauto.com/co/lafayette/wiper-installation-2820.html,Mo-Sa 07:30-21:00; Su 09:00-20:00,O'Reilly Auto Parts,Q7071951
https://locations.oreillyauto.com/co/lafayette/battery-testing-2820.html,oreilly,Your Lafayette O'Reilly Auto Parts Store,,Lafayette,CO,,US,+1 303-664-1705,https://locations.oreillyauto.com/co/lafayette/battery-testing-2820.html,Mo-Sa 07:30-21:00; Su 09:00-20:00,O'Reilly Auto Parts,Q7071951
https://locations.oreillyauto.com/co/lafayette/autopartes-2820.html,oreilly,Tu tienda O'Reilly Auto Parts en Lafayette,,Lafayette,CO,,US,+1 303-664-1705,https://locations.oreillyauto.com/co/lafayette/autopartes-2820.html,Mo-Sa 07:30-21:00; Su 09:00-20:00,O'Reilly Auto Parts,Q7071951
0000881980,phillips_66_conoco_76,SEI 32673,,LAFAYETTE,CO,,US,+1 303-665-4250,,,Conoco,Q109341187
247,primrose_schools,Primrose School of Lafayette,,Lafayette,CO,,US,+1 303-665-4769,https://www.primroseschools.com/schools/lafayette/,,Primrose Schools,Q7243677
39738,seven_eleven_ca_us,Bcp Str    1285 W Baseline Rd,,Lafayette,CO,,US,+1 303-926-0639,https://www.7-eleven.com/locations/co/lafayette/1285-w-baseline-rd-39738,,7-Eleven,Q259340
911,sola_salon_studios,Lafayette,,Lafayette,CO,,US,+1 720-786-5642,https://www.solasalonstudios.com/locations/lafayette,,Sola Salon Studios,Q64337426
https://www.sprouts.com/store/co/lafayette/lafayette/,sprouts_farmer_market,Sprouts Farmers Market 319-Lafayette,,Lafayette,CO,,US,+1 303-664-1902,https://www.sprouts.com/store/co/lafayette/lafayette/,Mo-Su 07:00-22:00,Sprouts Farmer Market,Q7581369
https://restaurants.subway.com/#14912230,subway,Subway Coal Creek Village S/C,,Lafayette Boulder,CO,,US,+1 303-665-8860,https://restaurants.subway.com/united-states/co/lafayette/400-w-south-boulder-rd,Mo-Su 08:00-21:00,Subway,Q244457
https://restaurants.subway.com/#14910575,subway,Subway Exampla Good Samaritan Med Ctr,,Lafayette Boulder,CO,,US,+1 303-666-0700,https://restaurants.subway.com/united-states/co/lafayette/200-exempla-cir,Mo-Fr 08:00-20:00; Sa 08:00-19:00; Su 10:00-19:00,Subway,Q244457
https://locations.tacobell.com/#6143457,taco_bell,Taco Bell,,Lafayette,CO,,US,+1 303-665-6179,https://locations.tacobell.com/co/lafayette/450-w-south-boulder-rd.html,Mo-Th 08:00-01:00; Fr 08:00-02:00; Sa 09:00-02:00; Su 09:00-22:30,Taco Bell,Q752941
https://locations.tacobell.com/#45447874,taco_bell,Taco Bell,,Lafayette,CO,,US,+1 720-773-9620,https://locations.tacobell.com/co/lafayette/2960-arapahoe-rd.html,Mo 08:00-21:30; Tu-Th 08:00-24:00; Fr 08:00-01:00; Sa 09:00-21:00; Su 09:00-22:30,Taco Bell,Q752941
4064,tmobile_us,S Boulder Rd & Hwy 287,,Lafayette,CO,,US,+1 303-835-0870,https://www.t-mobile.com/store-locator/co/lafayette/s-boulder-rd-hwy-287,,T-Mobile,Q3511885
00669,twenty_four_hour_fitness_us,Lafayette,,Lafayette,CO,,US,+1 303-302-8086,https://www.24hourfitness.com/Website/Club/00669,,24 Hour Fitness Super Sport,Q4631849
004486,uhaul,East Baseline Rentals And Supplies LLC,12121 E Baseline Rd,Lafayette,CO,,US,+1 303-558-7947,,Mo-Fr 00:00-17:00; Sa 00:00-24:00,U-Haul,Q7862902
055755,uhaul,Pump & Go Lafayette,290 N US Hwy 287,Lafayette,CO,,US,+1 303-415-0030,,Mo-Sa 00:00-22:00; Su 30:00-22:00,U-Haul,Q7862902
035413,uhaul,Corner Store,585 W South Boulder Rd,Lafayette,CO,,US,+1 720-897-9727,,Mo-Sa 00:00-18:00; Su 00:00-17:00,U-Haul,Q7862902
008592,uhaul,Elite Storage,1260 E S Boulder Rd,Lafayette,CO,,US,+1 303-665-1321,,Mo-Fr 00:00-16:00,U-Haul,Q7862902
1369484,usps,LAFAYETTE CARRIER ANNEX,,LAFAYETTE,CO,,US,+1 303-664-1241,,,United States Postal Service,Q668687
1369494,usps,LAFAYETTE,,LAFAYETTE,CO,,US,+1 303-926-1044,,Mo-Fr 09:00-17:00; Sa 10:00-13:00,United States Postal Service,Q668687
8002600023,usps_collection_boxes,USPS COLLECTION BOX - BLUE BOX,1365 FOREST PARK CIR,LAFAYETTE,CO,,US,,,,United States Postal Service,Q668687
8002600002,usps_collection_boxes,USPS COLLECTION BOX - BLUE BOX,1200 DIAMOND CIR,LAFAYETTE,CO,,US,,,,United States Postal Service,Q668687
8002600020,usps_collection_boxes,USPS COLLECTION BOX - BLUE BOX,480 N US HIGHWAY 287,LAFAYETTE,CO,,US,,,,United States Postal Service,Q668687
8002600021,usps_collection_boxes,USPS COLLECTION BOX - BLUE BOX,603 S PUBLIC RD,LAFAYETTE,CO,,US,,,,United States Postal Service,Q668687
8002600022,usps_collection_boxes,USPS COLLECTION BOX - PO LOBBY,603 S PUBLIC RD,LAFAYETTE,CO,,US,,,,United States Postal Service,Q668687
8002600008,usps_collection_boxes,USPS COLLECTION BOX - BLUE BOX,1300 CENTAUR VILLAGE DR,LAFAYETTE,CO,,US,,,,United States Postal Service,Q668687
8002600024,usps_collection_boxes,USPS COLLECTION BOX - BLUE BOX,280 EXEMPLA CIR,LAFAYETTE,CO,,US,,,,United States Postal Service,Q668687
,visa,,,LAFAYETTE,CO,,US,,,,,
,visa,,,LAFAYETTE,CO,,US,,,,,
,visa,,,LAFAYETTE,CO,,US,,,,,
,visa,,,LAFAYETTE,CO,,US,,,,,
,visa,,,LAFAYETTE,CO,,US,,,,,
,visa,,,LAFAYETTE,CO,,US,,,,,
,visa,,,LAFAYETTE,CO,,US,,,,,
,visa,,,LAFAYETTE,CO,,US,,,,,
,visa,,,LAFAYETTE,CO,,US,,,,,
,visa,,,LAFAYETTE,CO,,US,,,,,
,visa,,,LAFAYETTE,CO,,US,,,,,
,visa,,,LAFAYETTE,CO,,US,,,,,
,visa,,,LAFAYETTE,CO,,US,,,,,
,visa,,,LAFAYETTE,CO,,US,,,,,
,visa,,,LAFAYETTE,CO,,US,,,,,
,visa,,,LAFAYETTE,CO,,US,,,,,
,visa,,,LAFAYETTE,CO,,US,,,,,
,visa,,,LAFAYETTE,CO,,US,,,,,
,visa,,,LAFAYETTE,CO,,US,,,,,
,visa,,,LAFAYETTE,CO,,US,,,,,
,visa,,,LAFAYETTE,CO,,US,,,,,
,visa,,,LAFAYETTE,CO,,US,,,,,
,visa,,,LAFAYETTE,CO,,US,,,,,
,visa,,,LAFAYETTE,CO,,US,,,,,
,visa,,,LAFAYETTE,CO,,US,,,,,
,visa,,,LAFAYETTE,CO,,US,,,,,
,visa,,,LAFAYETTE,CO,,US,,,,,
,visa,,,LAFAYETTE,CO,,US,,,,,
,visa,,,LAFAYETTE,CO,,US,,,,,
,visa,,,LAFAYETTE,CO,,US,,,,,
,visa,,,LAFAYETTE,CO,,US,,,,,
,visa,,,LAFAYETTE,CO,,US,,,,,
,visa,,,LAFAYETTE,CO,,US,,,,,
,visa,,,LAFAYETTE,CO,,US,,,,,
,visa,,,LAFAYETTE,CO,,US,,,,,
,visa,,,LAFAYETTE,CO,,US,,,,,
,visa,,,LAFAYETTE,CO,,US,,,,,
,visa,,,LAFAYETTE,CO,,US,,,,,
,visa,,,LAFAYETTE,CO,,US,,,,,
,visa,,,LAFAYETTE,CO,,US,,,,,
,visa,,,LOUISVILLE,CO,,US,,,,,
https://www.walgreens.com/locator/walgreens-309+n+us+highway+287-lafayette-co-80026/id=6111,walgreens,Walgreens,,Lafayette,CO,,US,+1 720-890-7041,https://www.walgreens.com/locator/walgreens-309+n+us+highway+287-lafayette-co-80026/id=6111,Mo-Fr 07:00-23:00; Sa-Su 07:00-22:00,Walgreens,Q1591889
200__EXEMPLA__CIR_LAFAYETTE_CO_80026,wellsfargo,,200 EXEMPLA CIR,LAFAYETTE,CO,,US,+1 800-869-3557,https://www.wellsfargo.com/locator/bank/200__EXEMPLA__CIR_LAFAYETTE_CO_80026/,,Wells Fargo,Q744149
https://locations.wendys.com/#9253415,wendys,"Wendy's Lafayette 309 in Lafayette, CO",,Lafayette,CO,,US,+1 303-666-0311,https://locations.wendys.com/united-states/co/lafayette/455-w-south-boulder-rd,"Mo-Su 06:30-10:30,07:00-21:00",Wendy's,Q550258
64f9d57e091aed4c7934cec0550dbccb,western_union,WALMART #001045,,Lafayette,CO,,US,+1 303-666-0340,https://location.westernunion.com/us/co/lafayette/64f9d57e091aed4c7934cec0550dbccb,Mo-Su 07:00-21:00,Western Union,Q861042
cd4c39532afdf5239567490d712069a2,western_union,MATTHEWS GIFTS & COLLECTIBLES,,Lafayette,CO,,US,+1 303-665-4868,https://location.westernunion.com/us/co/lafayette/cd4c39532afdf5239567490d712069a2,Mo-Sa 08:00-19:00; Su 08:00-18:00,Western Union,Q861042
6504fdff46e700c7463c9cabec086e92,western_union,MATTHEWS GIFTS & COLLECTIBLES,,Lafayette,CO,,US,+1 303-665-4868,https://location.westernunion.com/us/co/lafayette/6504fdff46e700c7463c9cabec086e92,Mo-Sa 08:00-19:00; Su 08:00-18:00,Western Union,Q861042
2adaf9b97122021a00f656839d8bfd18,western_union,7-ELEVEN #39738,,Lafayette,CO,,US,+1 303-926-0639,https://location.westernunion.com/us/co/lafayette/2adaf9b97122021a00f656839d8bfd18,,Western Union,Q861042
loveland-ymca,ymca,Loveland YMCA,860 E. 29th St.,Loveland,CO,,US,+1 303-443-4474,https://www.ymca.org/locations/loveland-ymca,,YMCA,Q157169
ymca-northern-colorado,ymca,YMCA of Northern Colorado,Administrative Offices,Lafayette,CO,,US,+1 303-443-4474,https://www.ymca.org/locations/ymca-northern-colorado,Mo-Fr 05:00-22:00; Sa 06:45-20:00; Su 08:00-20:00,YMCA,Q157169
