Ref,Spider,Name,Address,City,State,Zipcode,Country,Phone,Website,Hours,Brand,WikiData
40,aaa,Manchester CT,,Manchester,CT,,US,+1 860-648-7300,,,American Automobile Association,Q463436
https://stores.advanceautoparts.com/ct/manchester/110c-slater-st,advance_auto_parts_us,Advance Auto Parts,,Manchester,CT,,US,+1 860-512-3955,https://stores.advanceautoparts.com/ct/manchester/110c-slater-st,Mo-Sa 07:30-21:00; Su 09:00-20:00,Advance Auto Parts,Q4686051
3356,anytime_fitness,Anytime Fitness,,Manchester,CT,,US,+1 860-432-1300,https://www.anytimefitness.com/gyms/3356/manchester-ct-06042/,,Anytime Fitness,Q4778364
https://stores.ashleyfurniture.com/store/us/connecticut/manchester/9000721747/,ashley_furniture,"Ashley Store Manchester, CT",,Manchester,CT,,US,+1 860-644-2400,https://stores.ashleyfurniture.com/store/us/connecticut/manchester/9000721747/,,Ashley Furniture,Q4805437
12138,asics_us,DICK'S Sporting Goods  - Manchester,179 Pavillion Dr,Manchester,CT,,US,+1 860-648-4044,,Mo-Sa 09:00-21:00; Su 10:00-19:00,asics,Q327247
62104,asics_us,Finish Line,194 Buckland Hills Drive,Manchester,CT,,US,+1 860-644-1612,,,asics,Q327247
62105,asics_us,Bob's Stores Footwear & Apparel,220 Hale Rd,Manchester,CT,,US,+1 860-648-1111,,,asics,Q327247
78698,att_us,DEMING & HALE MANCHESTER STORE,,Manchester,CT,,US,+1 860-648-0397,https://www.att.com/stores/connecticut/manchester/78698,Mo-Sa 10:00-20:00; Su 11:00-18:00,AT&T,Q298594
84999,att_us,BUCKLAND HILLS MALL STORE,,Manchester,CT,,US,+1 860-644-1307,https://www.att.com/stores/connecticut/manchester/84999,Mo-Th 10:00-20:00; Fr-Sa 10:00-21:00; Su 11:00-18:00,AT&T,Q298594
https://www.banfield.com/locations/veterinarians/ct/manchester/mch,banfield_pet_hospital,Manchester,,Manchester,CT,,US,+1 860-644-0016,https://www.banfield.com/locations/veterinarians/ct/manchester/mch,Mo-Fr 08:00-18:00; Sa 07:00-18:00; Su 07:00-17:00,Banfield Pet Hospital,Q2882416
https://locators.bankofamerica.com/ct/manchester/atm-manchester-109157.html,bankofamerica,Bank of America Drive-Thru ATM | Plaza At Buckland Hills,,Manchester,CT,,US,+1 844-401-8500,https://locators.bankofamerica.com/ct/manchester/atm-manchester-109157.html,,Bank of America,Q487907
BBW00496,bathandbodyworks_us,THE SHOPPES AT BUCKLAND HILLS,,MANCHESTER,CT,,US,+1 860-648-0679,,Mo-Th 10:00-20:00; Fr-Sa 10:00-21:00; Su 11:00-18:00,Bath & Body Works,Q810773
841,batteriesplus,Shop our Manchester store Today,,Manchester,CT,,US,+1 860-432-1401,https://www.batteriesplus.com/store-locator/ct/manchester/batteries-plus-841,Mo-Fr 08:00-19:00; Sa 09:00-19:00; Su 10:00-17:00,Batteries Plus Bulbs,Q17005157
https://stores.bestbuy.com/ct/manchester/120-slater-st-484.html,bestbuy,Best Buy Manchester,,Manchester,CT,,US,+1 860-648-5870,https://stores.bestbuy.com/ct/manchester/120-slater-st-484.html,,Best Buy,Q533415
https://local.biglots.com/#13190587,biglots,Big Lots - Manchester,,Manchester,CT,,US,+1 860-648-9206,https://local.biglots.com/ct/manchester/1470-pleasant-valley-road,Mo-Sa 09:00-21:00; Su 10:00-19:00,Big Lots,Q4905973
0184,bjswholesale,Manchester,,Manchester,CT,,US,+1 860-512-2004,https://www.bjs.com/mapDetail;city=0184,Mo-Sa 08:00-21:00,BJ's Wholesale,Q4835754
166631,bluerhino,Big Y #45 - Manchester,,Manchester,CT,,US,+1 860-645-7140,,,Blue Rhino,Q65681213
190207,bluerhino,Big Y #118 - Manchester Express,,Manchester,CT,,US,+1 860-512-2589,,,Blue Rhino,Q65681213
0410,bootbarn,Natick,,"Manchester,",CT,,US,+1 860-730-0555,https://www.bootbarn.com/stores?StoreID=0410,Mo-Sa 09:00-21:00; Su 10:00-19:00,Boot Barn,Q109825187
3603,buffalo_wild_wings_us,"Manchester, CT",,Manchester,CT,,US,+1 860-649-9464,https://www.buffalowildwings.com/locations/us/ct/manchester/112-buckland-street/sports-bar-1013,Mo-Su 11:00-23:00,Buffalo Wild Wings,Q509255
ct_manchester_48-hale-rd,chipotle, ,,Manchester,CT,,US,+1 860-644-0223,https://locations.chipotle.com/ct/manchester/48-hale-rd,,Chipotle,Q465751
94434,citi,ATM Webster Bank,,Manchester,CT,,US,,,,Citibank,Q857063
ct_manchester_179b-hale-road,costplus_worldmarket,World Market Manchester,,Manchester,CT,,US,+1 860-327-0566,https://stores.worldmarket.com/ct/manchester/179b-hale-road.html,Mo-Sa 11:00-19:00; Su 11:00-18:00,Cost Plus World Market,Q5174750
16597,cvs_us,CVS Pharmacy,,Manchester,CT,,US,+1 860-327-0083,https://www.cvs.com/store-locator/manchester-ct-pharmacies/125-buckland-hills-dr-manchester-ct-06042/storeid=16597,"Mo-Fr 10:00-13:30,14:00-19:00; Sa-Su 11:00-13:30,14:00-17:00",CVS Pharmacy,Q2078880
1519,dickssportinggoods,"DICK'S Sporting Goods Store in Manchester, CT | 1519",,Manchester,CT,,US,+1 860-327-0190,https://stores.dickssportinggoods.com/ct/manchester/1519/,Mo-Sa 09:00-21:00; Su 10:00-19:00,Dick's Sporting Goods,Q5272601
30324,dollar_general,Dollar General,,Manchester,CT,,US,+1 860-327-6142,https://www.dollargeneral.com/store-directory/ct/manchester/30324,Mo-Su 08:00-22:00,Dollar General,Q145168
4010,dominos_pizza_us,Domino's Pizza,,Manchester,CT,,US,+1 860-645-6000,https://pizza.dominos.com/connecticut/manchester/23-main-st,Mo-Th 10:30-01:00; Fr-Sa 10:30-02:00; Su 10:30-24:00,Domino's,Q839466
340255,dunkin_us,Dunkin',,Manchester,CT,,US,+1 860-648-1443,https://locations.dunkindonuts.com/en/ct/manchester/210-demming-st/340255,Mo-Su 04:00-21:00,Dunkin',Q847743
341461,dunkin_us,Dunkin',,Manchester,CT,,US,+1 860-648-9290,https://locations.dunkindonuts.com/en/ct/manchester/420-buckland-hills-dr/341461,Mo-Su 07:00-21:00,Dunkin',Q847743
337619,dunkin_us,Dunkin',,Manchester,CT,,US,+1 860-648-2974,https://locations.dunkindonuts.com/en/ct/manchester/1527-pleasant-vally-rd/337619,Mo-Su 03:30-22:00,Dunkin',Q847743
100614,electrify_america,"Walmart 1891 - Manchester, CT",,Manchester,CT,,US,,,,Electrify America,Q59773555
E14805,enterprise,Manchester,,Manchester,CT,,US,+1 860-647-7755,,,Enterprise Rent-A-Car,Q17085454
194-buckland-hills-dr,express,Buckland Hills,,Manchester,CT,,US,+1 860-644-9973,https://stores.expressfactoryoutlet.com/us/ct/manchester/194-buckland-hills-dr,Mo-Th 10:00-20:00; Fr-Sa 10:00-21:00; Su 11:00-18:00,Express Factory Outlet,Q1384784
200326542,exxonmobil,AMG 318 ADAM,,MANCHESTER,CT,,US,,https://www.exxon.com/en/find-station/exxon-manchester-ct-amg318adam-200326542,Mo-Su 06:00-00:00,Exxon,Q109675651
https://stores.finishline.com/ct/manchester/the-shoppes-at-buckland-hills.html,finishline,Finish Line,,Manchester,CT,,US,+1 860-644-1612,https://stores.finishline.com/ct/manchester/the-shoppes-at-buckland-hills.html,Mo-Sa 11:00-19:00; Su 12:00-18:00,Finish Line,Q5450341
11967,firestone_auto_care,Firestone Complete Auto Care,,Manchester,CT,,US,+1 860-288-8922,https://local.firestonecompleteautocare.com/connecticut/manchester/1195-tolland-turnpike/,,Firestone,Q420837
https://restaurants.fiveguys.com/#15553236,five_guys_us,Five Guys The Buckland Hills,,Manchester,CT,,US,+1 860-969-0966,https://restaurants.fiveguys.com/1442-pleasant-valley-road,"Mo-Su 11:00-21:30,11:00-22:00",Five Guys,Q1131810
https://stores.footlocker.com/ct/manchester/194-buckland-hills-drive-8315.html,footlocker,"Foot Locker in Manchester: Manchester, Connecticut | Approved | Own It",,Manchester,CT,,US,+1 860-644-5377,https://stores.footlocker.com/ct/manchester/194-buckland-hills-drive-8315.html,Mo-Th 10:00-20:00; Fr-Sa 10:00-21:00; Su 11:00-18:00,Foot Locker,Q63335
https://locations.forever21.com/#35647114,forever21_us,The Shoppes at Buckland Hills,,Manchester,CT,,US,+1 860-512-3961,https://locations.forever21.com/us/stores/ct/manchester/194-buckland-hills-dr,Mo-Th 11:00-19:00; Fr-Sa 11:00-20:00; Su 11:00-18:00,Forever 21,Q1060537
0612,gamestop_us,Buckland Hills Plaza,,Manchester,CT,,US,+1 860-644-3546,https://www.gamestop.com/search/?store=0612,Mo-Th 12:00-20:00; Fr-Sa 10:00-21:00; Su 12:00-20:00,GameStop,Q202210
0b4fe869-458a-e111-8dde-005056934050,goodwill,Manchester Store,,Manchester,CT,,US,+1 860-643-2709,https://www.goodwill.org/locator/location/?store=MGI0ZmU4NjktNDU4YS1lMTExLThkZGUtMDA1MDU2OTM0MDUw&lat=NDEuODEwNjQ=&lng=LTcyLjUxNjE2,,Goodwill,Q5583655
US0068,hm,Buckland Hills Mall,,Manchester,CT,,US,+1 855-466-7467,,Mo-Th 10:00-20:00; Fr-Sa 10:00-21:00; Su 11:00-18:00,H&M,Q188326
ct_manchester_breakfast-191-deming-st-3477,ihop,IHOP Breakfast Restaurants Near You at 191 Deming St,,Manchester,CT,,US,+1 860-644-1713,https://restaurants.ihop.com/en-us/ct/manchester/breakfast-191-deming-st-3477,,IHOP,Q1185675
https://office.jacksonhewitt.com/#27577005,jackson_hewitt,Jackson Hewitt,,Manchester,CT,,US,+1 860-288-5004,https://office.jacksonhewitt.com/tax-preparation-services-locations/en/ct/manchester/420-buckland-hills-dr/51891,Mo-Sa 11:00-19:00; Su 12:00-16:00,Jackson Hewitt,Q6117132
https://office.jacksonhewitt.com/#27580414,jackson_hewitt,Jackson Hewitt,,Manchester,CT,,US,+1 860-356-4497,https://office.jacksonhewitt.com/tax-preparation-services-locations/en/ct/manchester/1040-tolland-turnpike/14181,Mo-Sa 10:00-19:00; Su 12:00-16:00,Jackson Hewitt,Q6117132
1924,joann_us,JOANN Fabric and Crafts,,Manchester,CT,,US,+1 860-648-1845,https://stores.joann.com/ct/manchester/1924/,Mo-Sa 09:00-21:00; Su 10:00-18:00,JOANN,Q6203968
503,kohls_us,Kohl's,,Manchester,CT,,US,+1 860-643-4225,https://www.kohls.com/stores/ct/manchester-503.shtml,Mo-Sa 09:00-22:00; Su 09:00-21:00,Kohl's,Q967265
BDLHM,marriott,Courtyard Hartford Manchester,,Manchester,CT,,US,+1 860-533-8484,https://www.marriott.com/BDLHM,,Courtyard by Marriott,Q1053170
BDLTH,marriott,Fairfield Inn & Suites Hartford Manchester,,Manchester,CT,,US,+1 860-648-9796,https://www.marriott.com/BDLTH,,Fairfield by Marriott,Q5430314
BDLMN,marriott,Residence Inn Hartford Manchester,,Manchester,CT,,US,+1 860-432-4242,https://www.marriott.com/BDLMN,,Residence Inn by Marriott,Q7315394
18467,mattress_firm_us,Mattress Firm Buckland Hills Mall,,Manchester,CT,,US,+1 860-644-2719,https://www.mattressfirm.com/en-us/stores/ct/manchester/160019/,,Mattress Firm,Q6791878
29-buckland-street,my_eye_dr,,,Manchester,CT,,US,+1 860-646-6655,https://locations.myeyedr.com/ct/manchester/29-buckland-street,,MyEyeDr.,Q117864710
NNA5682,nissan_europe,MANCHESTER CITY NISSAN,,MANCHESTER,CT,,US,+1 860-643-4165,https://www.manchestercitynissan.com,Mo-Sa 09:00-18:00,Nissan,Q20165
https://locations.noodles.com/ct/manchester/1442-pleasant-valley-road.html,noodles_and_company_us,Noodles & Company Manchester,,Manchester,CT,,US,+1 860-432-9889,https://locations.noodles.com/ct/manchester/1442-pleasant-valley-road.html,Mo-Tu 10:30-21:00; We-Sa 10:30-22:00; Su 10:30-21:00,Noodles and Company,Q7049673
3136,orangetheory_fitness,Manchester,,Manchester,CT,,US,+1 860-438-6390,,,Orangetheory Fitness,Q25005163
usacc64caa,pandora,About Pandora Jewelry Authorized Retailer - Michaels Jewelers / Manchester,,Manchester,CT,,US,+1 860-648-9598,https://stores.pandora.net/ct/manchester/pandora-jewelry-usacc64caa.html,,Pandora,Q2241604
ct_manchester_99-redstone-rd,pizza_hut_us,99 Redstone Rd.,,Manchester,CT,,US,,https://locations.pizzahut.com/ct/manchester/99-redstone-rd,,Pizza Hut,Q191615
ct_manchester_1524-pleasant-valley-rd,pizza_hut_us,1524 Pleasant Valley Rd.,,Manchester,CT,,US,,https://locations.pizzahut.com/ct/manchester/1524-pleasant-valley-rd,,Pizza Hut,Q191615
https://www.publicstorage.com/self-storage-ct-manchester/1644.html,public_storage_us,Public Storage,,Manchester,CT,,US,+1 860-281-2791,https://www.publicstorage.com/self-storage-ct-manchester/1644.html,,Public Storage,Q1156045
https://www.publicstorage.com/self-storage-ct-manchester/878.html,public_storage_us,Public Storage,,Manchester,CT,,US,+1 860-281-2844,https://www.publicstorage.com/self-storage-ct-manchester/878.html,,Public Storage,Q1156045
1147,savers,Manchester,,Manchester,CT,,US,+1 860-648-9436,https://stores.savers.com/ct/manchester/savers-thrift-store-1147.html,Mo-Sa 10:00-21:00; Su 10:00-19:00,Savers,Q7428188
https://restaurants.subway.com/#14911443,subway,Subway Blue Duck Shopping Center,,Manchester Hartford,CT,,US,+1 860-649-4976,https://restaurants.subway.com/united-states/ct/manchester/327-green-road,Mo-Fr 08:00-21:30; Sa 08:00-21:00; Su 09:00-20:00,Subway,Q244457
https://stores.sunglasshut.com/us/ct/manchester/183-pavilions-dr,sunglass_hut_1,Sunglass Hut at Macy's,,Manchester,CT,,US,+1 860-648-1440,https://stores.sunglasshut.com/us/ct/manchester/183-pavilions-dr,Mo-Th 10:00-20:00; Fr-Sa 10:00-21:00; Su 11:00-19:00,Sunglass Hut,Q136311
83395,supercuts,Gateway Plaza,179 Deming St Unit 5,Manchester,CT,,US,+1 860-648-9126,https://www.supercuts.com/checkin/83395,Mo 09:00-19:00; Tu 09:00-20:00; We-Fr 09:00-19:00; Sa 09:00-18:00; Su 09:00-17:00,Supercuts,Q7643239
35240,sweetfrog_us,sweetFrog Store 35240,,Manchester,CT,,US,+1 860-648-0616,https://www.sweetfrog.com/stores/frozen-yogurt-manchester/35240,Mo-Su 12:00-21:00,sweetFrog,Q16952110
https://locations.tacobell.com/#17283364,taco_bell,Taco Bell,,Manchester,CT,,US,+1 860-648-2126,https://locations.tacobell.com/ct/manchester/194-buckland-hills-drive.html,,Taco Bell,Q752941
https://locations.tacobell.com/#6146130,taco_bell,Taco Bell,,Manchester,CT,,US,+1 860-648-2930,https://locations.tacobell.com/ct/manchester/1524-pleasant-valley-rd-.html,Mo-Su 07:00-02:00,Taco Bell,Q752941
https://locations.tccrocks.com/ct/manchester/179-deming-st.html,tcc_us,TCC Manchester,,Manchester,CT,,US,+1 860-872-7244,https://locations.tccrocks.com/ct/manchester/179-deming-st.html,Mo-Sa 09:00-19:00; Su 11:00-18:00,Verizon,Q919641
10622,tjx,Manchester,1470 Pleasant Valley Rd,Manchester,CT,,US,+1 860-644-3805,,Mo-Sa 09:30-21:30; Su 10:00-20:00,Marshalls,Q15903261
4894,tmobile_us,Buckland Hills Mall,,Manchester,CT,,US,+1 860-648-0202,https://www.t-mobile.com/store-locator/ct/manchester/buckland-hills-mall,,T-Mobile,Q3511885
9166,tmobile_us,Hale Rd & Deming St,,Manchester,CT,,US,+1 860-648-2683,https://www.t-mobile.com/store-locator/ct/manchester/hale-rd-deming-st,,T-Mobile,Q3511885
1502,total_wine_and_more_us,Manchester,,Manchester,CT,,US,+1 860-644-0184,https://www.totalwine.com/store-info/1502,Mo-Sa 08:00-22:00; Su 10:00-18:00,Total Wine & More,Q7828084
563,trader_joes_us,Trader Joe's Manchester (563),,Manchester,CT,,US,+1 860-644-3182,https://locations.traderjoes.com/ct/manchester/563/,Mo-Su 08:00-21:00,Trader Joe's,Q688825
https://www.asurion.com/repairs/tech/locations/manchesterct,ubreakifix,uBreakiFix by Asurion - Manchester CT,,Manchester,CT,,US,+1 860-512-2065,https://www.asurion.com/repairs/tech/locations/manchesterct,Mo 10:00-19:00; We-Sa 10:00-19:00,Asurion Tech Repair & Solutions,Q4811938
924051,uhaul,U-Haul Moving & Storage of Manchester,440 Oakland St,Manchester,CT,,US,+1 860-645-8110,,Mo-Th 00:00-19:00; Fr 00:00-20:00; Sa 00:00-19:00; Su 00:00-17:00,U-Haul,Q7862902
0921,upsstore,Burr Corner's Plaza,1131 Tolland Tpke Ste O,Manchester,CT,,US,+1 860-643-6264,https://locations.theupsstore.com/ct/manchester/1131-tolland-tpke,,UPS Store,Q7771029
1356224,usps,BUCKLAND,,MANCHESTER,CT,,US,+1 860-643-2735,,"Mo-Fr 09:00-13:00,14:00-17:00; Sa 09:00-13:00",United States Postal Service,Q668687
1371619,usps,MANCHESTER,,MANCHESTER,CT,,US,+1 860-643-2735,,Mo-Fr 08:00-18:00; Sa 08:30-13:00,United States Postal Service,Q668687
0604200008,usps_collection_boxes,USPS COLLECTION BOX - PO LOBBY,111 SHELDON RD,MANCHESTER,CT,,US,,,,United States Postal Service,Q668687
A00000235717,verizon_us,TCC Manchester Deming St,,Manchester,CT,,US,+1 860-648-0229,https://www.verizon.com/stores/details/connecticut/manchester/tcc-manchester-deming-st-1803022/,Mo-Sa 09:00-19:00; Su 11:00-18:00,Verizon,Q919641
,visa,,,MANCHESTER,CT,,US,,,,,
,visa,,,MANCHESTER,CT,,US,,,,,
,visa,,,MANCHESTER,CT,,US,,,,,
,visa,,,MANCHESTER,CT,,US,,,,,
https://locations.vitaminshoppe.com/ct/manchester/vitamins-supplements-manchester-ct-105.html,vitamin_shoppe,The Vitamin Shoppe® Manchester ,105 Buckland Hills Dr ,Manchester,CT,,US,+1 860-644-2834,https://locations.vitaminshoppe.com/ct/manchester/vitamins-supplements-manchester-ct-105.html,Su 09:30-19:00; Mo 09:30-21:00; Tu 09:30-21:00; We 09:30-21:00; Th 09:30-21:00; Fr 09:30-21:00; Sa 09:00-20:30,The Vitamin Shoppe,Q7772938
https://www.walgreens.com/locator/walgreens-149+deming+st-manchester-ct-06042/id=6654,walgreens,Walgreens,,Manchester,CT,,US,+1 860-644-1210,https://www.walgreens.com/locator/walgreens-149+deming+st-manchester-ct-06042/id=6654,Mo-Su 07:00-23:00,Walgreens,Q1591889
https://locations.wendys.com/#9253830,wendys,"Wendy's Buckland Street in Manchester, CT",,Manchester,CT,,US,+1 860-647-1345,https://locations.wendys.com/united-states/ct/manchester/105-buckland-street,"Mo-Su 06:30-10:30,07:00-22:00",Wendy's,Q550258
a0ca8b88d26078be8ce0cb17c6ca4dde,western_union,WALMART #001891,,Manchester,CT,,US,+1 860-644-5100,https://location.westernunion.com/us/ct/manchester/a0ca8b88d26078be8ce0cb17c6ca4dde,Mo-Su 07:00-21:00,Western Union,Q861042
106,windsor_us,The Shoppes At Buckland Hills,,Manchester,CT,,US,+1 860-967-3608,https://www.windsorstore.com/pages/ct-manchester-the-shoppes-at-buckland-hills,,Windsor,Q72981668
