Ref,Spider,Name,Address,City,State,Zipcode,Country,Phone,Website,Hours,Brand,WikiData
https://locations.99only.com/ca/hesperia/discount-store-362.html,99_cents_only_us,99 Cents Only Stores,,Hesperia,CA,,US,+1 760-948-4306,https://locations.99only.com/ca/hesperia/discount-store-362.html,Mo-Su 07:00-23:00,99 Cents Only Stores,Q4646294
https://locations.99only.com/ca/hesperia/discount-store-281.html,99_cents_only_us,99 Cents Only Stores,,Hesperia,CA,,US,+1 760-244-4409,https://locations.99only.com/ca/hesperia/discount-store-281.html,Mo 08:00-21:00; Tu 07:00-21:00; We 08:00-21:00; Th 07:00-21:00; Fr-Su 08:00-21:00,99 Cents Only Stores,Q4646294
https://stores.advanceautoparts.com/ca/hesperia/15659-main-st,advance_auto_parts_us,Advance Auto Parts,,Hesperia,CA,,US,+1 760-998-0232,https://stores.advanceautoparts.com/ca/hesperia/15659-main-st,Mo-Sa 07:30-21:00; Su 09:00-20:00,Advance Auto Parts,Q4686051
https://stores.aldi.us/#15538467,aldi_sud_us,ALDI  18667 Bear Valley Rd,,Hesperia,CA,,US,+1 833-479-7097,https://stores.aldi.us/ca/hesperia/18667-bear-valley-rd,Mo-Su 09:00-21:00,ALDI,Q41171672
https://stores.aldi.us/#8248880,aldi_sud_us,ALDI  13360 Main St,,Hesperia,CA,,US,+1 833-479-7093,https://stores.aldi.us/ca/hesperia/13360-main-st,Mo-Su 09:00-21:00,ALDI,Q41171672
https://locations.arbys.com/ca/hesperia/13140-e.-main-street.html,arbys_us,"Arby's Fast-Food Drive Through Near You in Hesperia, CA",,Hesperia,CA,,US,+1 760-244-5000,https://locations.arbys.com/ca/hesperia/13140-e.-main-street.html,Mo-Su 10:00-22:00,Arby's,Q630866
https://locations.auntieannes.com/#7211,auntie_annes,Auntie Anne's Hesperia Walmart Subway,,Hesperia,CA,,US,+1 760-948-4508,https://locations.auntieannes.com/ca/hesperia/13401-main-street,Mo-Su 10:00-21:00,Auntie Anne's,Q4822010
5615,autozone_us,AutoZone Auto Parts Hesperia,,Hesperia,CA,,US,+1 760-948-1140,https://www.autozone.com/locations/ca/hesperia/17115-main-st.html,Mo-Sa 07:00-22:00; Su 07:30-22:00,AutoZone,Q4826087
6084,autozone_us,AutoZone Auto Parts Hesperia,,Hesperia,CA,,US,+1 760-998-0003,https://www.autozone.com/locations/ca/hesperia/18671-bear-valley-rd.html,Mo-Fr 07:30-22:00; Sa 07:30-21:00; Su 08:00-21:00,AutoZone,Q4826087
2836,autozone_us,AutoZone Auto Parts Hesperia,,Hesperia,CA,,US,+1 760-947-7598,https://www.autozone.com/locations/ca/hesperia/15273-bear-valley-rd.html,Mo-Sa 07:30-22:00; Su 08:00-21:00,AutoZone,Q4826087
4077,autozone_us,AutoZone Auto Parts Hesperia,,Hesperia,CA,,US,+1 760-949-1357,https://www.autozone.com/locations/ca/hesperia/14466-main-st-bldg-a.html,Mo-Sa 07:00-22:00; Su 07:30-21:00,AutoZone,Q4826087
https://locators.bankofamerica.com/ca/hesperia/financial-centers-hesperia-8416.html,bankofamerica,Bank of America Financial Center & Drive-Thru ATM | Hesperia,,Hesperia,CA,,US,+1 760-244-3263,https://locators.bankofamerica.com/ca/hesperia/financial-centers-hesperia-8416.html,Mo-Fr 09:00-17:00; Sa 09:00-16:00,Bank of America,Q487907
https://locations.baskinrobbins.com/ca/hesperia/16922-main-st-352794-br,baskin_robbins_us,Baskin-Robbins™,,Hesperia,CA,,US,+1 760-949-0342,https://locations.baskinrobbins.com/ca/hesperia/16922-main-st-352794-br,Mo-Su 11:00-21:00,Baskin-Robbins,Q584601
https://local.biglots.com/#31266846,biglots,Big Lots - Hesperia,,Hesperia,CA,,US,+1 760-983-7229,https://local.biglots.com/ca/hesperia/16824-main-st,Mo-Sa 09:00-21:00; Su 10:00-19:00,Big Lots,Q4905973
211495,bluerhino,7-Eleven Stores #43099,,Hesperia,CA,,US,+1 760-956-3499,,,Blue Rhino,Q65681213
214757,bluerhino,7-Eleven Stores #43084,,Hesperia,CA,,US,+1 760-947-6411,,,Blue Rhino,Q65681213
187330,bluerhino,The Depot #5,,Hesperia,CA,,US,+1 760-948-8180,,,Blue Rhino,Q65681213
169161,bluerhino,United Pacific  #5190,,Hesperia,CA,,US,+1 760-956-8221,,,Blue Rhino,Q65681213
181737,bluerhino,Smart & Final #354,,Hesperia,CA,,US,+1 760-947-9217,,,Blue Rhino,Q65681213
227023,bluerhino,Hesperia Gas (Doolys Enterprise LLCC),,Hesperia,CA,,US,+1 760-939-2938,,,Blue Rhino,Q65681213
147981,bluerhino,Arco AM/PM #83482,,Hesperia,CA,,US,+1 442-800-5313,,,Blue Rhino,Q65681213
187516,bluerhino,M&M Liquor,,Hesperia,CA,,US,+1 760-998-2400,,,Blue Rhino,Q65681213
153784,bluerhino,Walgreens #09780,,Hesperia,CA,,US,+1 760-947-2283,,,Blue Rhino,Q65681213
152743,bluerhino,Walgreens #5556,,Hesperia,CA,,US,+1 760-948-7901,,,Blue Rhino,Q65681213
206524,bluerhino,Rite Aid #05697,,Hesperia,CA,,US,+1 760-948-1472,,,Blue Rhino,Q65681213
169618,bluerhino,G & M #26,,Hesperia,CA,,US,+1 760-995-6254,,,Blue Rhino,Q65681213
183925,bluerhino,TMSO #3330,,Hesperia,CA,,US,+1 760-949-2600,,,Blue Rhino,Q65681213
186300,bluerhino,Renegade Fuel dba Arco AM PM 82306,,Hesperia,CA,,US,+1 760-244-2661,,,Blue Rhino,Q65681213
153785,bluerhino,Walgreens #02223,,Hesperia,CA,,US,+1 760-948-0481,,,Blue Rhino,Q65681213
123414,bluerhino,Hesperia Gas & Mart,,Hesperia,CA,,US,+1 760-948-6204,,,Blue Rhino,Q65681213
237496,bluerhino,Circle K #2705057,,Hesperia,CA,,US,+1 760-948-4080,,,Blue Rhino,Q65681213
178794,bluerhino,Mark's Liquor,,Hesperia,CA,,US,+1 760-948-1884,,,Blue Rhino,Q65681213
0442,carpet_one_floor_and_home_us,Carpet Corral Carpet One Floor & Home,,Hesperia,CA,,US,+1 760-244-3197,https://www.carpetcorralcarpetonehesperia.com/,,Carpet One Floor & Home,Q121335910
2042106,chase_us,Hesperia - New branch - Newly renovated,,Hesperia,CA,,US,+1 760-948-1212,https://locator.chase.com/ca/hesperia/17317-main-st,Mo-Fr 09:00-17:00; Sa 09:00-14:00,Chase,Q524629
2042059,chase_us,High Desert Gateway - New branch,,Hesperia,CA,,US,+1 760-243-3009,https://locator.chase.com/ca/hesperia/12731-main-st,Mo-Fr 09:00-17:00; Sa 09:00-14:00,Chase,Q524629
307827,chevron,Chevron Station #307827,13188 MAIN STREET,HESPERIA,CA,,US,+1 760-948-6800,,,Chevron,Q319642
207431,chevron,Chevron Station #207431,15933 MAIN STREET,HESPERIA,CA,,US,+1 800-403-6142,,,Chevron,Q319642
ca_hesperia_9770-mariposa-rd,chipotle, ,,Hesperia,CA,,US,+1 760-948-8027,https://locations.chipotle.com/ca/hesperia/9770-mariposa-rd,,Chipotle,Q465751
48344,citi,ATM CVS,,Hesperia,CA,,US,,,,Citibank,Q857063
88150,citi,ATM Walgreens,,Hesperia,CA,,US,,,,Citibank,Q857063
77218,citi,ATM Speedway,,Victorville,CA,,US,,,,Citibank,Q857063
25356,citi,ATM 7ELEVEN-FCTI,,Hesperia,CA,,US,,,,Citibank,Q857063
76873,citi,ATM Speedway,,Hesperia,CA,,US,,,,Citibank,Q857063
81546,citi,ATM Target,,Hesperia,CA,,US,,,,Citibank,Q857063
25879,citi,ATM 7ELEVEN-FCTI,,Hesperia,CA,,US,,,,Citibank,Q857063
87858,citi,ATM Walgreens,,Hesperia,CA,,US,,,,Citibank,Q857063
34699,citi,ATM Ampm,,Oak Hills,CA,,US,,,,Citibank,Q857063
72861,citi,ATM Rite Aid,,Hesperia,CA,,US,,,,Citibank,Q857063
54249,citi,ATM EAST WEST BANK,,Hesperia,CA,,US,,,,Citibank,Q857063
54248,citi,ATM EAST WEST BANK,,Hesperia,CA,,US,,,,Citibank,Q857063
38851,citi,ATM Cardenas Market,,Hesperia,CA,,US,,,,Citibank,Q857063
80876,citi,ATM SUN LIQUOR & MARKET,,Hesperia,CA,,US,,,,Citibank,Q857063
26460,citi,ATM 7ELEVEN-FCTI,,Hesperia,CA,,US,,,,Citibank,Q857063
88207,citi,ATM Walgreens,,Hesperia,CA,,US,,,,Citibank,Q857063
72940,citi,ATM Rite Aid,,Hesperia,CA,,US,,,,Citibank,Q857063
44097,citi,ATM Circle K,,Hesperia,CA,,US,,,,Citibank,Q857063
26207,citi,ATM 7ELEVEN-FCTI,,Hesperia,CA,,US,,,,Citibank,Q857063
,credit_union_us,Global FCU,,Hesperia,CA,,US,+1 800-525-9094,,Mo-Sa 10:00-06:00,,
10089174,cricket_wireless,Cricket Wireless Authorized Retailer,,Hesperia,CA,,US,+1 760-244-5320,https://www.cricketwireless.com/stores/ll/US/CA/Hesperia/16352-Main-St,Mo-Fr 10:00-20:00; Sa 11:00-20:00; Su 11:00-18:00,Cricket Wireless,Q5184987
17519,cvs_us,CVS Pharmacy,,Hesperia,CA,,US,+1 760-949-3064,https://www.cvs.com/store-locator/hesperia-ca-pharmacies/12795-main-st-hesperia-ca-92345/storeid=17519,"Mo-Fr 10:00-13:30,14:00-19:00; Sa 10:00-13:30,14:00-18:00; Su 11:00-13:30,14:00-17:00",CVS Pharmacy,Q2078880
9644,cvs_us,CVS Pharmacy,,Hesperia,CA,,US,+1 760-947-7043,https://www.cvs.com/store-locator/hesperia-ca-pharmacies/16975-bear-valley-rd-hesperia-ca-92345/storeid=9644,Mo-Su 08:00-22:00,CVS Pharmacy,Q2078880
9c150ee9-61b4-4072-b237-136835168631,dairy_queen_us,15481 Bear Valley Rd,,Hesperia,CA,,US,+1 760-998-2011,https://www.dairyqueen.com/locations/ca/hesperia/15481-bear-valley-rd/16270,,DQ Grill & Chill,Q1141226
304,daniels_jewelers_us,Hesperia,,Hesperia,CA,,US,+1 760-981-0165,,Mo-Sa 11:00-19:00; Su 12:00-18:00,Daniel's Jewelers,Q120763875
247095,dennys,Denny's,,Hesperia,CA,,US,+1 760-947-7180,https://locations.dennys.com/CA/HESPERIA/247095,24/7,Denny's,Q1189695
22591,dollar_general,Dollar General,,Hesperia,CA,,US,+1 442-267-6330,https://www.dollargeneral.com/store-directory/ca/hesperia/22591,Mo-Su 08:00-22:00,Dollar General,Q145168
8233,dominos_pizza_us,Domino's Pizza,,Hesperia,CA,,US,+1 760-244-3730,https://pizza.dominos.com/california/hesperia/16967-main-st-ste-105,Mo-Th 10:00-24:00; Fr-Sa 10:00-01:00; Su 10:00-24:00,Domino's,Q839466
https://www.edwardjones.com/us-en/financial-advisor/angel-espino,edwardjones,Angel Espino,,Hesperia,CA,,US,+1 760-983-2446,https://www.edwardjones.com/us-en/financial-advisor/angel-espino,Mo-Fr 08:00-17:00,Edward Jones,Q5343830
100042,electrify_america,"Walmart 4340 - Hesperia, CA",,Hesperia,CA,,US,,,,Electrify America,Q59773555
3553,elpolloloco,El Pollo Loco,,Hesperia,CA,,US,+1 760-244-6769,,,El Pollo Loco,Q2353849
E132H2,enterprise,Hesperia,,Hesperia,CA,,US,+1 760-244-5089,,,Enterprise Rent-A-Car,Q17085454
1000000456,extra_space_storage,Hesperia Self Storage at 14400 Yucca St,,Hesperia,CA,,US,+1 760-523-0503,https://www.extraspace.com/storage/facilities/us/california/hesperia/1000000456/,Mo-Fr 09:30-18:00; Sa 09:00-17:30,Extra Space Storage,Q5422162
1000000427,extra_space_storage,Hesperia Self Storage at 16730 Walnut St,,Hesperia,CA,,US,+1 760-523-0557,https://www.extraspace.com/storage/facilities/us/california/hesperia/1000000427/,Mo-Fr 09:30-18:00; Sa 09:00-17:30,Extra Space Storage,Q5422162
1000000426,extra_space_storage,Hesperia Self Storage at 13522 Main St,,Hesperia,CA,,US,+1 760-523-0497,https://www.extraspace.com/storage/facilities/us/california/hesperia/1000000426/,Mo-Fr 09:30-18:00; Sa 09:00-17:30,Extra Space Storage,Q5422162
900430,extra_space_storage,Hesperia Self Storage at 17108 Main St,,Hesperia,CA,,US,+1 760-949-7676,https://www.extraspace.com/storage/facilities/us/california/hesperia/900430/,Mo-Fr 09:30-18:00; Sa 09:00-17:30,Extra Space Storage,Q5422162
900406,extra_space_storage,Hesperia Self Storage at 9353 Mariposa Rd,,Hesperia,CA,,US,+1 760-244-4002,https://www.extraspace.com/storage/facilities/us/california/hesperia/900406/,Mo-Fr 09:30-18:00; Sa 09:00-17:30,Extra Space Storage,Q5422162
200321988,exxonmobil,SHOP N GO MAIN STREET,,HESPERIA,CA,,US,+1 760-956-6600,https://www.exxon.com/en/find-station/mobil-hesperia-ca-shopngomainstreet-200321988,Mo-Su 05:00-23:00,Mobil,Q109676002
200321987,exxonmobil,SHOP N GO I AVENUE,,HESPERIA,CA,,US,+1 760-956-8814,https://www.exxon.com/en/find-station/mobil-hesperia-ca-shopngoiavenue-200321987,Mo-Su 05:00-22:00,Mobil,Q109676002
200321116,exxonmobil,HESPERIA DEPOT 5,,HESPERIA,CA,,US,+1 760-948-8180,https://www.exxon.com/en/find-station/mobil-hesperia-ca-hesperiadepot5-200321116,24/7,Mobil,Q109676002
28541,firestone_auto_care,Firestone Complete Auto Care,,Hesperia,CA,,US,+1 760-983-7621,https://local.firestonecompleteautocare.com/california/hesperia/17320-main-st/,,Firestone,Q420837
https://www.goldencorral.com/locations/location-detail/2613/golden-corral-main-street/,golden_corral,"Golden Corral 2613, Hesperia, CA",,Hesperia,CA,,US,+1 760-956-9393,https://www.goldencorral.com/locations/location-detail/2613/golden-corral-main-street/,,Golden Corral,Q4039560
https://salons.greatclips.com/us/ca/hesperia/13325-main-st,greatclips,Great Clips,,Hesperia,CA,,US,+1 760-998-2800,https://salons.greatclips.com/us/ca/hesperia/13325-main-st,Mo-Fr 09:00-20:00; Sa-Su 08:00-18:00,Great Clips,Q5598967
https://www.habitburger.com/locations/hesperia/,habit_burger,The Habit Burger Grill,,Hesperia,CA,,US,+1 760-995-4159,https://www.habitburger.com/locations/hesperia/,Mo-Su 10:30-21:00,The Habit Burger Grill,Q18158741
https://www.harborfreight.com/storelocator/11940-hesperia-rd-hesperia-92345?number=6,harborfreight,"Harbor Freight Tools Hesperia, CA",,Hesperia,CA,,US,+1 760-949-0558,https://www.harborfreight.com/storelocator/11940-hesperia-rd-hesperia-92345?number=6,Mo-Sa 08:00-20:00; Su 09:00-18:00,Harbor Freight Tools,Q5654601
4194,h_r_block,H&R Block,,Hesperia,CA,,US,+1 760-244-5811,https://www.hrblock.com/local-tax-offices/california/hesperia/15555-main-st/4194/,,H&R Block,Q5627799
ca_hesperia_breakfast-13233-main-st-3130,ihop,IHOP Breakfast Restaurants Near You at 13233 Main St,,Hesperia,CA,,US,+1 760-956-9555,https://restaurants.ihop.com/en-us/ca/hesperia/breakfast-13233-main-st-3130,,IHOP,Q1185675
72,innout,Hesperia (Bear Valley Rd.),,Hesperia,CA,,US,,http://locations.in-n-out.com/72,,In-N-Out Burger,Q1205312
29,innout,Hesperia (Main St.),,Hesperia,CA,,US,,http://locations.in-n-out.com/29,,In-N-Out Burger,Q1205312
https://locations.jackinthebox.com/us/ca/hesperia/17378-main-st,jackinthebox,Jack in the Box,,Hesperia,CA,,US,+1 760-900-5595,https://locations.jackinthebox.com/us/ca/hesperia/17378-main-st,Mo-Su 04:00-04:00,Jack in the Box,Q1538507
https://locations.jackinthebox.com/us/ca/hesperia/13137-main-st,jackinthebox,Jack in the Box,,Hesperia,CA,,US,+1 760-244-6704,https://locations.jackinthebox.com/us/ca/hesperia/13137-main-st,Mo-Su 04:00-04:00,Jack in the Box,Q1538507
https://office.jacksonhewitt.com/#27580085,jackson_hewitt,Jackson Hewitt,,Hesperia,CA,,US,+1 844-235-0087,https://office.jacksonhewitt.com/tax-preparation-services-locations/en/ca/hesperia/15461-main-street/19797,Mo-Sa 10:00-19:00; Su 12:00-17:00,Jackson Hewitt,Q6117132
https://healthy.kaiserpermanente.org/southern-california/facilities/hesperia-mental-health-offices-338553,kaiser_permanente_us,Hesperia Mental Health Offices,,Hesperia,CA,,US,+1 866-205-3595,https://healthy.kaiserpermanente.org/southern-california/facilities/hesperia-mental-health-offices-338553,,Kaiser Permanente,Q1721601
https://healthy.kaiserpermanente.org/southern-california/facilities/hesperia-medical-offices-340411,kaiser_permanente_us,Hesperia Medical Offices,,Hesperia,CA,,US,+1 833-574-2273,https://healthy.kaiserpermanente.org/southern-california/facilities/hesperia-medical-offices-340411,,Kaiser Permanente,Q1721601
https://healthy.kaiserpermanente.org/southern-california/facilities/hesperia-dialysis-center-429413,kaiser_permanente_us,Hesperia Dialysis Center,,Hesperia,CA,,US,+1 760-947-7405,https://healthy.kaiserpermanente.org/southern-california/facilities/hesperia-dialysis-center-429413,,Kaiser Permanente,Q1721601
https://locations.kfc.com/#11246573,kfc,Chicken Nuggets Near Hesperia,,Hesperia,CA,,US,,https://locations.kfc.com/ca/hesperia/16800-main-street/chickennugget,Mo-Th 10:00-21:00; Fr-Sa 10:00-21:30; Su 10:00-21:00,KFC,Q524757
101041,little_free_library,Casa de Wekiva #101041 Campbell CA,,Campbell,CA,,US,,,,Little Free Library,Q6650101
146957,little_free_library,"""The Dog House"" Sam Torah #146957 #146957 Hesperia CA",,Hesperia,CA,,US,,,,Little Free Library,Q6650101
160372,little_free_library,Medina’s Little Free Library #160372 Hesperia CA,,Hesperia,CA,,US,,,,Little Free Library,Q6650101
32276,little_free_library,Purple Paradise #32276 Hesperia CA,,Hesperia,CA,,US,,,,Little Free Library,Q6650101
129646,little_free_library,Little Free Library #129646 Hesperia CA,,Hesperia,CA,,US,,,,Little Free Library,Q6650101
126249,little_free_library,Glendale Avenue Little Library #126249 Hesperia CA,,Hesperia,CA,,US,,,,Little Free Library,Q6650101
100776,little_free_library,Pamela Buchanan #100776 Hesperia CA,,Hesperia,CA,,US,,,,Little Free Library,Q6650101
286267,marathon_petroleum_us,ARCO #42537 AMPM,,Hesperia,CA,,US,+1 760-949-4177,,,Arco,Q304769
286105,marathon_petroleum_us,ARCO #42318 AMPM,,Hesperia,CA,,US,+1 760-244-2661,,,Arco,Q304769
286641,marathon_petroleum_us,ARCO #42883 AMPM,,Hesperia,CA,,US,+1 442-800-5313,,,Arco,Q304769
285894,marathon_petroleum_us,ARCO #42710 AMPM,,Hesperia,CA,,US,+1 760-947-5520,,,Arco,Q304769
ONTHS,marriott,Courtyard Victorville Hesperia,,Hesperia,CA,,US,+1 760-956-3876,https://www.marriott.com/ONTHS,,Courtyard by Marriott,Q1053170
ONTSH,marriott,SpringHill Suites Victorville Hesperia,,Hesperia,CA,,US,+1 760-948-8982,https://www.marriott.com/ONTSH,,SpringHill Suites,Q7580351
16916,mattress_firm_us,Mattress Firm Hesperia,,Hesperia,CA,,US,+1 760-244-1600,https://www.mattressfirm.com/en-us/stores/ca/hesperia/503055/,,Mattress Firm,Q6791878
69458541,moneygram,CARDENAS MARKETS - #19 - HESPERIA,,HESPERIA,CA,,US,+1 760-947-9615,,Mo-Su 08:00-20:00,MoneyGram,Q1944412
https://locations.oreillyauto.com/ca/hesperia/check-engine-light-testing-5816.html,oreilly,Your Hesperia O'Reilly Auto Parts Store,,Hesperia,CA,,US,+1 442-267-6148,https://locations.oreillyauto.com/ca/hesperia/check-engine-light-testing-5816.html,Mo-Su 07:00-22:00,O'Reilly Auto Parts,Q7071951
https://locations.oreillyauto.com/ca/hesperia/wiper-installation-5816.html,oreilly,Your Hesperia O'Reilly Auto Parts Store,,Hesperia,CA,,US,+1 442-267-6148,https://locations.oreillyauto.com/ca/hesperia/wiper-installation-5816.html,Mo-Su 07:00-22:00,O'Reilly Auto Parts,Q7071951
https://locations.oreillyauto.com/ca/hesperia/battery-testing-5816.html,oreilly,Your Hesperia O'Reilly Auto Parts Store,,Hesperia,CA,,US,+1 442-267-6148,https://locations.oreillyauto.com/ca/hesperia/battery-testing-5816.html,Mo-Su 07:00-22:00,O'Reilly Auto Parts,Q7071951
https://locations.oreillyauto.com/ca/hesperia/autopartes-5816.html,oreilly,Tu tienda O'Reilly Auto Parts en Hesperia,,Hesperia,CA,,US,+1 442-267-6148,https://locations.oreillyauto.com/ca/hesperia/autopartes-5816.html,Mo-Su 07:00-22:00,O'Reilly Auto Parts,Q7071951
https://locations.oreillyauto.com/ca/hesperia/check-engine-light-testing-2688.html,oreilly,Your Hesperia O'Reilly Auto Parts Store,,Hesperia,CA,,US,+1 760-949-5110,https://locations.oreillyauto.com/ca/hesperia/check-engine-light-testing-2688.html,Mo-Sa 07:00-22:00; Su 07:30-22:00,O'Reilly Auto Parts,Q7071951
https://locations.oreillyauto.com/ca/hesperia/wiper-installation-2688.html,oreilly,Your Hesperia O'Reilly Auto Parts Store,,Hesperia,CA,,US,+1 760-949-5110,https://locations.oreillyauto.com/ca/hesperia/wiper-installation-2688.html,Mo-Sa 07:00-22:00; Su 07:30-22:00,O'Reilly Auto Parts,Q7071951
https://locations.oreillyauto.com/ca/hesperia/battery-testing-2688.html,oreilly,Your Hesperia O'Reilly Auto Parts Store,,Hesperia,CA,,US,+1 760-949-5110,https://locations.oreillyauto.com/ca/hesperia/battery-testing-2688.html,Mo-Sa 07:00-22:00; Su 07:30-22:00,O'Reilly Auto Parts,Q7071951
https://locations.oreillyauto.com/ca/hesperia/autopartes-2688.html,oreilly,Tu tienda O'Reilly Auto Parts en Hesperia,,Hesperia,CA,,US,+1 760-949-5110,https://locations.oreillyauto.com/ca/hesperia/autopartes-2688.html,Mo-Sa 07:00-22:00; Su 07:30-22:00,O'Reilly Auto Parts,Q7071951
111288,pandaexpress,Bear Valley & Cottonwood,,Hesperia,CA,,US,+1 760-244-8646,https://www.pandaexpress.com/locations/ca/hesperia/14799-bear-valley-road,Mo-Th 09:30-22:00; Fr-Sa 09:30-22:30; Su 09:30-22:00,Panda Express,Q1358690
112607,pandaexpress,Main & Escondido,,Hesperia,CA,,US,+1 760-948-8801,https://www.pandaexpress.com/locations/ca/hesperia/13307-main-st,Mo-Th 09:30-22:30; Fr-Sa 09:30-23:00; Su 09:30-22:30,Panda Express,Q1358690
https://locations.papajohns.com/#10692785,papa_johns,Papa John's,,Hesperia,CA,,US,+1 760-951-2020,https://locations.papajohns.com/united-states/ca/92345/hesperia/17003-bear-valley,Mo-Th 10:00-23:00; Fr-Sa 10:00-24:00; Su 10:00-23:00,Papa John's Pizza,Q2759586
020142,penske,Wheeler Truck Rental,,HESPERIA,CA,,US,+1 760-245-7736,https://www.pensketruckrental.com/locations/us/california/hesperia/020142/,,Penske,Q81234570
https://stores.petco.com/#27960304,petco,Petco Hesperia,,Hesperia,CA,,US,+1 760-662-2081,https://stores.petco.com/ca/hesperia/pet-supplies-hesperia-ca-2138.html,Mo-Sa 09:00-21:00; Su 10:00-19:00,Petco,Q7171798
0000880506,phillips_66_conoco_76,CF UNITED APRO LLC 2704190,,HESPERIA,CA,,US,+1 760-956-8221,,,U76,Q1658320
0000859763,phillips_66_conoco_76,HESPERIA 76,,HESPERIA,CA,,US,+1 760-948-6204,,,U76,Q1658320
0000822479,phillips_66_conoco_76,SKY MARKETING 76,,HESPERIA,CA,,US,+1 760-947-8438,,,U76,Q1658320
ca_hesperia_16455-main-st,pizza_hut_us,16455 Main St,,Hesperia,CA,,US,+1 760-947-2777,https://locations.pizzahut.com/ca/hesperia/16455-main-st,,Pizza Hut,Q191615
ca_hesperia_12795-main-street,pizza_hut_us,12795 Main Street,,Hesperia,CA,,US,,https://locations.pizzahut.com/ca/hesperia/12795-main-street,,Pizza Hut,Q191615
restaurant_82606,popeyes_us_fr,Popeyes,"13100 Main St Hesperia, California 92345 - USA",Hesperia,CA,,US,+1 760-949-0406,https://www.popeyes.com/store-locator/store/restaurant_82606,Mo-Su 09:00-23:00,Popeyes,Q1330910
restaurant_83711,popeyes_us_fr,Popeyes,"14777 Bear Valley Rd Hesperia, California 92345 - USA",Hesperia,CA,,US,+1 760-998-2107,https://www.popeyes.com/store-locator/store/restaurant_83711,Mo-Su 10:00-22:00,Popeyes,Q1330910
https://www.providence.org/locations/socal/hesperia-primary-care,providence_us,St Mary High Desert Hesperia - Primary Care,,Hesperia,CA,,US,+1 760-241-6666,https://www.providence.org/locations/socal/hesperia-primary-care,Mo-Fr 08:00-17:00,Providence,Q7252430
https://www.providence.org/locations/socal/st-mary-medical-center/community-health-center-hesperia,providence_us,Hesperia Health Center,,Hesperia,CA,,US,+1 760-956-7714,https://www.providence.org/locations/socal/st-mary-medical-center/community-health-center-hesperia,,Providence,Q7252430
https://www.providence.org/locations/socal/hesperia-physical-therapy,providence_us,St Mary High Desert Hesperia - Physical Therapy,,Hesperia,CA,,US,+1 760-956-4126,https://www.providence.org/locations/socal/hesperia-physical-therapy,Mo-Fr 08:00-17:00,Providence,Q7252430
https://www.providence.org/locations/socal/hesperia-pediatrics,providence_us,St Mary High Desert Hesperia - Pediatrics,,Hesperia,CA,,US,+1 760-241-6666,https://www.providence.org/locations/socal/hesperia-pediatrics,Mo-Fr 08:00-17:00,Providence,Q7252430
https://www.providence.org/locations/socal/st-mary-high-desert-home-health,providence_us,St Mary High Desert Home Health,,Hesperia,CA,,US,+1 760-956-4119,https://www.providence.org/locations/socal/st-mary-high-desert-home-health,Mo-Fr 08:30-17:00,Providence,Q7252430
3080,rentacenter,Rent-A-Center,,Hesperia,CA,,US,+1 760-949-0651,https://locations.rentacenter.com/california/hesperia/15555-main-street/,Mo-Sa 10:00-18:00,Rent-A-Center,Q7313497
06276,rite_aid_us,Rite Aid #06276 Hesperia,,Hesperia,CA,,US,+1 760-948-4430,https://locations2.riteaid.com.yext-cdn.com/ca/hesperia/17441-main-street.html,Mo-Su 08:00-22:00,Rite Aid,Q3433273
05697,rite_aid_us,Rite Aid #05697 Hesperia,,Hesperia,CA,,US,+1 760-948-1472,https://locations2.riteaid.com.yext-cdn.com/ca/hesperia/15510-main-street.html,Mo-Su 08:00-22:00,Rite Aid,Q3433273
993491,rocket_us,Rocket,,Hesperia,CA,,US,+1 760-956-8221,,,Rocket,Q121513516
12799-main-st,rue21,High Desert Gateway,,Hesperia,CA,,US,,https://stores.rue21.com/ca/hesperia/12799-main-st.html,Mo-Sa 11:00-20:00; Su 12:00-18:00,rue21,Q7377762
43099,seven_eleven_ca_us,7-Eleven,,Hesperia,CA,,US,+1 800-255-0711,https://www.7-eleven.com/locations/ca/hesperia/12750-main-st-43099,,7-Eleven,Q259340
43084,seven_eleven_ca_us,7-Eleven,,Hesperia,CA,,US,+1 760-947-6411,,,7-Eleven,Q259340
39978,seven_eleven_ca_us,Bcp Str    15760 Ranchero Rd,,Hesperia,CA,,US,+1 760-244-2008,https://www.7-eleven.com/locations/ca/hesperia/15760-ranchero-rd-39978,,7-Eleven,Q259340
https://stations.sinclairoil.com/ca/hesperia/16307-main-st,sinclair_us,Sinclair Gas Station,,Hesperia,CA,,US,+1 760-244-8181,https://stations.sinclairoil.com/ca/hesperia/16307-main-st,Mo-Su 05:00-09:30,Sinclair,Q1290900
856,sizzler_us,Sizzler,,Hesperia,CA,,US,+1 760-244-4912,https://sizzler.com/locations/sizzler-hesperia/,Mo-Su 11:00-21:00,Sizzler,Q1848822
10084412029639495253,sleep_number_us,Sleep Number,,Hesperia,CA,,US,,https://www.sleepnumber.com/stores/ca/hesperia/12717-main-street,Mo-Su 11:00-19:00,Sleep Number,Q7447640
32112,smilebrands,Bright Now! Dental Hesperia,17003 Bear Valley Road,Hesperia,CA,,US,+1 760-244-1900,https://www.brightnow.com/dentist-near-me/hesperia-dentist/10320/,,Smile Brands Inc.,Q108286823
122,stater_bros_us,Stater Bros. Markets Main/Maple,"14466 Main St, Hesperia, CA 92345, USA",Hesperia,CA,,US,+1 760-244-2299,https://www.staterbros.com/stores/122,Mo-Su 06:00-23:00,Stater Bros.,Q7604016
190,stater_bros_us,Stater Bros. Markets Hesperia,"16904 Main St, Hesperia, CA 92344, USA",Hesperia,CA,,US,+1 760-244-1503,https://www.staterbros.com/stores/190,Mo-Su 06:00-23:00,Stater Bros.,Q7604016
97,stater_bros_us,Stater Bros. Markets Eighth & Main,"15757 Main St, Hesperia, CA 92345, USA",Hesperia,CA,,US,+1 760-244-1630,https://www.staterbros.com/stores/97,Mo-Su 06:00-23:00,Stater Bros.,Q7604016
https://restaurants.subway.com/#14894485,subway,Subway Wal-Mart #4340,,Hesperia San Bernardino,CA,,US,+1 760-948-4508,https://restaurants.subway.com/united-states/ca/hesperia/13401-main-street,Mo-Su 07:00-21:00,Subway,Q244457
https://restaurants.subway.com/#14912948,subway,Subway Stater Bros. S/C,,Hesperia San Bernardino,CA,,US,+1 760-956-3163,https://restaurants.subway.com/united-states/ca/hesperia/14380-main-street,Mo-Su 07:00-20:00,Subway,Q244457
https://restaurants.subway.com/#14894460,subway,Subway Midtown Square S/C,,Hesperia San Bernardino,CA,,US,+1 760-949-5545,https://restaurants.subway.com/united-states/ca/hesperia/16922-main-street,Mo-Fr 06:00-24:00; Sa-Su 07:00-24:00,Subway,Q244457
https://restaurants.subway.com/#59423511,subway,Subway Shop & Go Mobil Gas Station,,Hesperia,CA,,US,+1 760-488-1152,https://restaurants.subway.com/united-states/ca/hesperia/11254-i-ave,Mo-Sa 06:30-20:00; Su 09:00-19:00,Subway,Q244457
https://restaurants.subway.com/#14914138,subway,Subway High Desert Gateway,,Hesperia San Bernardino,CA,,US,+1 760-956-8900,https://restaurants.subway.com/united-states/ca/hesperia/12721-main-st,Mo-Su 07:00-21:00,Subway,Q244457
8780,supercuts,Hesperia Town Center,15733 Main St,Hesperia,CA,,US,+1 760-947-4247,https://www.supercuts.com/checkin/8780,Mo-Fr 10:00-18:00; Sa 09:00-18:00; Su 10:00-17:00,Supercuts,Q7643239
https://locations.tacobell.com/#6145805,taco_bell,Taco Bell,,Hesperia,CA,,US,+1 760-948-3399,https://locations.tacobell.com/ca/hesperia/17170-main-street.html,Mo-Su 07:00-24:00,Taco Bell,Q752941
https://locations.tacobell.com/#6146348,taco_bell,Taco Bell,,Hesperia,CA,,US,+1 760-956-4728,https://locations.tacobell.com/ca/hesperia/14071-main-street.html,Mo-Su 07:00-24:00,Taco Bell,Q752941
101093,tjx,Hesperia,12787 Main St,Hesperia,CA,,US,+1 760-949-1737,,Mo-Sa 09:30-21:30; Su 10:00-20:00,Marshalls,Q15903261
875C,tmobile_us,Main & Escondido,,Hesperia,CA,,US,+1 760-947-8961,https://www.t-mobile.com/store-locator/ca/hesperia/main-escondido,,T-Mobile,Q3511885
8624,tmobile_us,Bear Valley Rd & Hesperia,,Hesperia,CA,,US,+1 760-947-5740,https://www.t-mobile.com/store-locator/ca/hesperia/bear-valley-rd-hesperia,,T-Mobile,Q3511885
https://www.ubreakifix.com/locations/hesperia,ubreakifix,uBreakiFix Hesperia,,Hesperia,CA,,US,+1 760-956-7400,https://www.ubreakifix.com/locations/hesperia,Mo-Sa 10:00-19:00,uBreakiFix,Q53685733
040517,uhaul,Averys RV LLC,17465 Alder St,Hesperia,CA,,US,+1 760-981-0243,,Mo-Fr 00:00-17:00; Sa 00:00-24:00,U-Haul,Q7862902
037267,uhaul,Zautosound,15807 Bear Valley Rd,Hesperia,CA,,US,+1 760-983-4410,,Mo-Sa 00:00-18:00,U-Haul,Q7862902
006088,uhaul,Daniels Auto,17096 Sequoia St Ste 114,Hesperia,CA,,US,+1 760-983-2891,,Mo-Sa 00:00-15:00,U-Haul,Q7862902
048784,uhaul,Total Package,8197 I Av Ste B,Hesperia,CA,,US,+1 760-983-2023,,Mo-Fr 00:00-16:00; Sa 00:00-14:00,U-Haul,Q7862902
015056,uhaul,Shell 7 Eleven,15760 Ranchero Rd,Hesperia,CA,,US,+1 760-981-0047,,Mo-Fr 30:00-16:00; Sa 30:00-14:00,U-Haul,Q7862902
040119,uhaul,High Desert Auto & RV,17229 Lemon St Unit E1,Hesperia,CA,,US,+1 760-983-2313,,Tu-Sa 00:00-16:00,U-Haul,Q7862902
053730,uhaul,Mom Smog,16701 Walnut St Unit A,Hesperia,CA,,US,+1 760-949-3168,,Mo-Fr 00:00-17:00; Sa 00:00-16:00; Su 00:00-14:00,U-Haul,Q7862902
048596,uhaul,Bear Valley RV & Self Storage,18435 Bear Valley Rd,Hesperia,CA,,US,+1 760-241-0465,,Mo-Fr 30:00-17:00; Sa 30:00-16:00; Su 30:00-14:00,U-Haul,Q7862902
047208,uhaul,Mariposa Tire & Auto Center,12011 Mariposa Rd Ste A,Hesperia,CA,,US,+1 760-951-4668,,Mo-Fr 30:00-16:00; Sa 30:00-15:00,U-Haul,Q7862902
035342,uhaul,76 Gas Station,12720 Main St,Hesperia,CA,,US,+1 760-245-7036,,Mo-Fr 00:00-19:00; Sa 00:00-16:00,U-Haul,Q7862902
049450,uhaul,Rightspace Storage Hesperia,9620 I Av,Hesperia,CA,,US,+1 760-948-8872,,Mo-Fr 00:00-17:00; Sa 00:00-16:00,U-Haul,Q7862902
054332,uhaul,Charlies Auto Repair,16717 Spruce St,Hesperia,CA,,US,+1 760-949-7465,,Mo-Fr 00:00-18:00; Sa 00:00-16:00; Su 00:00-14:00,U-Haul,Q7862902
047468,uhaul,Boothill LLC,14377 Main St,Hesperia,CA,,US,+1 760-947-3033,,Tu-Sa 00:00-16:00; Su 00:00-23:00,U-Haul,Q7862902
050602,uhaul,Desert Automotive,16281 Yucca St,Hesperia,CA,,US,+1 760-948-5440,,Mo-Fr 30:00-16:00,U-Haul,Q7862902
6396,upsstore,Hesperia,16808 Main St Ste D,Hesperia,CA,,US,+1 760-995-4546,https://locations.theupsstore.com/ca/hesperia/16808-main-st,,UPS Store,Q7771029
1366828,usps,HESPERIA,,HESPERIA,CA,,US,+1 760-244-3897,,Mo-Fr 09:00-17:00; Sa 09:00-13:00,United States Postal Service,Q668687
9234500015,usps_collection_boxes,USPS COLLECTION BOX - BLUE BOX,14519 MAIN ST,HESPERIA,CA,,US,,,,United States Postal Service,Q668687
9234500027,usps_collection_boxes,USPS COLLECTION BOX - BLUE BOX,15776 MAIN ST,HESPERIA,CA,,US,,,,United States Postal Service,Q668687
9234500028,usps_collection_boxes,USPS COLLECTION BOX - BLUE BOX,15755 MAIN ST,HESPERIA,CA,,US,,,,United States Postal Service,Q668687
9234500023,usps_collection_boxes,USPS COLLECTION BOX - BLUE BOX,17240 OLIVE ST,HESPERIA,CA,,US,,,,United States Postal Service,Q668687
9234500005,usps_collection_boxes,USPS COLLECTION BOX - BLUE BOX,17240 OLIVE ST,HESPERIA,CA,,US,,,,United States Postal Service,Q668687
9234500021,usps_collection_boxes,USPS COLLECTION BOX - BLUE BOX,17240 OLIVE ST,HESPERIA,CA,,US,,,,United States Postal Service,Q668687
9234500032,usps_collection_boxes,USPS COLLECTION BOX - APC,17240 OLIVE ST,HESPERIA,CA,,US,,,,United States Postal Service,Q668687
9234500040,usps_collection_boxes,USPS COLLECTION BOX - PO LOBBY,17240 OLIVE ST,HESPERIA,CA,,US,,,,United States Postal Service,Q668687
hesperia-45,vallarta,Hesperia #45,17390 Main Street,Hesperia,CA,,US,+1 442-600-3020,https://vallartasupermarkets.com/store-locations/hesperia-45/,Mo-Su 07:00-22:00,Vallarta Supermarkets,Q7911833
hesperia_oil-change-gn0164,valvoline_instant_oil_change,Valvoline,16817 Main Street ,Hesperia,CA,,US,+1 760-981-1430,https://store.vioc.com/ca/hesperia/oil-change-gn0164.html,,Valvoline Instant Oil Change,Q7912852
hesperia_oil-change-gn0123,valvoline_instant_oil_change,Valvoline,14949 Bear Valley Rd. #A ,Hesperia,CA,,US,+1 760-244-1234,https://store.vioc.com/ca/hesperia/oil-change-gn0123.html,,Valvoline Instant Oil Change,Q7912852
R00000163490,verizon_us,Hesperia,,Hesperia,CA,,US,+1 760-662-5451,https://www.verizon.com/stores/details/california/hesperia/hesperia-329445/,Mo-Sa 10:00-19:00; Su 11:00-18:00,Verizon,Q919641
,visa,,,HESPERIA,CA,,US,,,,,
,visa,,,HESPERIA,CA,,US,,,,,
,visa,,,HESPERIA,CA,,US,,,,,
,visa,,,HESPERIA,CA,,US,,,,,
,visa,,,HESPERIA,CA,,US,,,,,
,visa,,,HESPERIA,CA,,US,,,,,
,visa,,,HESPERIA,CA,,US,,,,,
,visa,,,HESPERIA,CA,,US,,,,,
,visa,,,HESPERIA,CA,,US,,,,,
,visa,,,HESPERIA,CA,,US,,,,,
,visa,,,HESPERIA,CA,,US,,,,,
,visa,,,HESPERIA,CA,,US,,,,,
,visa,,,VICTORVILLE,CA,,US,,,,,
,visa,,,HESPERIA,CA,,US,,,,,
,visa,,,HESPERIA,CA,,US,,,,,
,visa,,,HESPERIA,CA,,US,,,,,
,visa,,,VICTORVILLE,CA,,US,,,,,
,visa,,,HESPERIA,CA,,US,,,,,
,visa,,,HESPERIA,CA,,US,,,,,
,visa,,,HESPERIA,CA,,US,,,,,
,visa,,,HESPERIA,CA,,US,,,,,
,visa,,,HESPERIA,CA,,US,,,,,
,visa,,,HESPERIA,CA,,US,,,,,
,visa,,,HESPERIA,CA,,US,,,,,
,visa,,,HESPERIA,CA,,US,,,,,
,visa,,,HESPERIA,CA,,US,,,,,
,visa,,,HESPERIA,CA,,US,,,,,
,visa,,,HESPERIA,CA,,US,,,,,
,visa,,,HESPERIA,CA,,US,,,,,
,visa,,,HESPERIA,CA,,US,,,,,
,visa,,,HESPERIA,CA,,US,,,,,
,visa,,,HESPERIA,CA,,US,,,,,
,visa,,,HESPERIA,CA,,US,,,,,
,visa,,,HESPERIA,CA,,US,,,,,
,visa,,,HESPERIA,CA,,US,,,,,
,visa,,,HESPERIA,CA,,US,,,,,
,visa,,,HESPERIA,CA,,US,,,,,
,visa,,,HESPERIA,CA,,US,,,,,
,visa,,,HESPERIA,CA,,US,,,,,
,visa,,,HESPERIA,CA,,US,,,,,
,visa,,,HESPERIA,CA,,US,,,,,
,visa,,,HESPERIA,CA,,US,,,,,
,visa,,,HESPERIA,CA,,US,,,,,
,visa,,,HESPERIA,CA,,US,,,,,
,visa,,,HESPERIA,CA,,US,,,,,
,visa,,,HESPERIA,CA,,US,,,,,
,visa,,,HESPERIA,CA,,US,,,,,
,visa,,,HESPERIA,CA,,US,,,,,
,visa,,,HESPERIA,CA,,US,,,,,
,visa,,,HESPERIA,CA,,US,,,,,
,visa,,,HESPERIA,CA,,US,,,,,
,visa,,,HESPERIA,CA,,US,,,,,
,visa,,,HESPERIA,CA,,US,,,,,
,visa,,,HESPERIA,CA,,US,,,,,
,visa,,,HESPERIA,CA,,US,,,,,
,visa,,,HESPERIA,CA,,US,,,,,
,visa,,,HESPERIA,CA,,US,,,,,
,visa,,,HESPERIA,CA,,US,,,,,
,visa,,,HESPERIA,CA,,US,,,,,
,visa,,,HESPERIA,CA,,US,,,,,
,visa,,,HESPERIA,CA,,US,,,,,
,visa,,,HESPERIA,CA,,US,,,,,
,visa,,,HESPERIA,CA,,US,,,,,
,visa,,,HESPERIA,CA,,US,,,,,
,visa,,,HESPERIA,CA,,US,,,,,
,visa,,,HESPERIA,CA,,US,,,,,
,visa,,,HESPERIA,CA,,US,,,,,
,visa,,,HESPERIA,CA,,US,,,,,
,visa,,,HESPERIA,CA,,US,,,,,
,visa,,,HESPERIA,CA,,US,,,,,
,visa,,,HESPERIA,CA,,US,,,,,
,visa,,,HESPERIA,CA,,US,,,,,
,visa,,,HESPERIA,CA,,US,,,,,
,visa,,,HESPERIA,CA,,US,,,,,
,visa,,,HESPERIA,CA,,US,,,,,
,visa,,,HESPERIA,CA,,US,,,,,
,visa,,,HESPERIA,CA,,US,,,,,
,visa,,,HESPERIA,CA,,US,,,,,
,visa,,,HESPERIA,CA,,US,,,,,
,visa,,,HESPERIA,CA,,US,,,,,
,visa,,,VICTORVILLE,CA,,US,,,,,
,visa,,,HESPERIA,CA,,US,,,,,
,visa,,,HESPERIA,CA,,US,,,,,
,visa,,,HESPERIA,CA,,US,,,,,
,visa,,,HESPERIA,CA,,US,,,,,
,visa,,,VICTORVILLE,CA,,US,,,,,
,visa,,,VICTORVILLE,CA,,US,,,,,
,visa,,,HESPERIA,CA,,US,,,,,
,visa,,,HESPERIA,CA,,US,,,,,
,visa,,,HESPERIA,CA,,US,,,,,
,visa,,,HESPERIA,CA,,US,,,,,
,visa,,,HESPERIA,CA,,US,,,,,
,visa,,,HESPERIA,CA,,US,,,,,
,visa,,,HESPERIA,CA,,US,,,,,
,visa,,,HESPERIA,CA,,US,,,,,
,visa,,,HESPERIA,CA,,US,,,,,
,visa,,,SAN BERNARDINO,CA,,US,,,,,
,visa,,,HESPERIA,CA,,US,,,,,
,visa,,,HESPERIA,CA,,US,,,,,
,visa,,,SAN BERNARDINO,CA,,US,,,,,
,visa,,,HESPERIA,CA,,US,,,,,
,visa,,,HESPERIA,CA,,US,,,,,
,visa,,,HESPERIA,CA,,US,,,,,
,visa,,,HESPERIA,CA,,US,,,,,
,visa,,,HESPERIA,CA,,US,,,,,
,visa,,,HESPERIA,CA,,US,,,,,
,visa,,,HESPERIA,CA,,US,,,,,
,visa,,,HESPERIA,CA,,US,,,,,
,visa,,,HESPERIA,CA,,US,,,,,
,visa,,,HESPERIA,CA,,US,,,,,
,visa,,,HESPERIA,CA,,US,,,,,
,visa,,,HESPERIA,CA,,US,,,,,
,visa,,,HESPERIA,CA,,US,,,,,
,visa,,,HESPERIA,CA,,US,,,,,
,visa,,,HESPERIA,CA,,US,,,,,
,visa,,,HESPERIA,CA,,US,,,,,
https://www.walgreens.com/locator/walgreens-17383+main+st-hesperia-ca-92345/id=2223,walgreens,Walgreens,,Hesperia,CA,,US,+1 760-948-0481,https://www.walgreens.com/locator/walgreens-17383+main+st-hesperia-ca-92345/id=2223,Mo-Su 07:00-22:00,Walgreens,Q1591889
https://www.walgreens.com/locator/walgreens-15480+main+st-hesperia-ca-92345/id=9780,walgreens,Walgreens,,Hesperia,CA,,US,+1 760-947-2283,https://www.walgreens.com/locator/walgreens-15480+main+st-hesperia-ca-92345/id=9780,Mo-Su 07:00-22:00,Walgreens,Q1591889
https://www.walgreens.com/locator/walgreens-17051+bear+valley+rd-hesperia-ca-92345/id=5556,walgreens,Walgreens,,Hesperia,CA,,US,+1 760-948-7901,https://www.walgreens.com/locator/walgreens-17051+bear+valley+rd-hesperia-ca-92345/id=5556,24/7,Walgreens,Q1591889
17442__MAIN__ST_HESPERIA_CA_92345,wellsfargo,Wells Fargo,17442 MAIN ST,HESPERIA,CA,,US,+1 760-244-1776,https://www.wellsfargo.com/locator/bank/17442__MAIN__ST_HESPERIA_CA_92345/,Mo-Fr 09:00-17:00,Wells Fargo,Q744149
17392__MAIN__ST_HESPERIA_CA_92345,wellsfargo,,17392 MAIN ST,HESPERIA,CA,,US,+1 800-869-3557,https://www.wellsfargo.com/locator/bank/17392__MAIN__ST_HESPERIA_CA_92345/,,Wells Fargo,Q744149
13401__MAIN__ST_HESPERIA_CA_92345,wellsfargo,,13401 MAIN ST,HESPERIA,CA,,US,+1 800-869-3557,https://www.wellsfargo.com/locator/bank/13401__MAIN__ST_HESPERIA_CA_92345/,,Wells Fargo,Q744149
12795__MAIN__ST_HESPERIA_CA_92345,wellsfargo,,12795 MAIN ST,HESPERIA,CA,,US,+1 800-869-3557,https://www.wellsfargo.com/locator/bank/12795__MAIN__ST_HESPERIA_CA_92345/,,Wells Fargo,Q744149
https://locations.wendys.com/#21020740,wendys,"Wendy's Bear Valley in Hesperia, CA",,Hesperia,CA,,US,+1 760-948-1738,https://locations.wendys.com/united-states/ca/hesperia/18689-bear-valley-rd,"Mo-Su 06:30-10:30,06:30-22:00",Wendy's,Q550258
https://locations.wendys.com/#9252890,wendys,"Wendy's 17375 Main Street in Hesperia, CA",,Hesperia,CA,,US,+1 760-948-1628,https://locations.wendys.com/united-states/ca/hesperia/17375-main-street,"Mo-Su 06:30-10:30,06:30-22:00",Wendy's,Q550258
https://locations.wendys.com/#9252889,wendys,"Wendy's Main St in Hesperia, CA",,Hesperia,CA,,US,+1 760-244-2455,https://locations.wendys.com/united-states/ca/hesperia/13342-main-street,"Mo-Su 06:30-10:30,06:30-22:00",Wendy's,Q550258
4ef42d3df3000cb3e82caefd122121aa,western_union,ALLEASY TAX AND INSURANCE SERV,,Hesperia,CA,,US,+1 760-261-4230,https://location.westernunion.com/us/ca/hesperia/4ef42d3df3000cb3e82caefd122121aa,Mo-Sa 10:00-19:00; Su 10:00-16:00,Western Union,Q861042
a93ac211aa59e8fcb006abae7fbfafc1,western_union,7-ELEVEN/SUNOCO #43084,,Hesperia,CA,,US,+1 760-947-6411,https://location.westernunion.com/us/ca/hesperia/a93ac211aa59e8fcb006abae7fbfafc1,,Western Union,Q861042
234dfa97c7291693141596f201821e9d,western_union,CERVANTES IMMIGRATION SERVICES,,Hesperia,CA,,US,+1 951-756-5603,https://location.westernunion.com/us/ca/hesperia/234dfa97c7291693141596f201821e9d,Mo-Fr 09:00-18:00; Sa 09:00-13:00,Western Union,Q861042
ac4ec25f5af65cf76e367306168529a5,western_union,ADVANCE AMERICA #01089,,Hesperia,CA,,US,+1 760-949-3731,https://location.westernunion.com/us/ca/hesperia/ac4ec25f5af65cf76e367306168529a5,Mo-Fr 10:00-18:00; Sa 10:00-14:00,Western Union,Q861042
32467d596785b09b305ffac0e0d992f2,western_union,7-ELEVEN #25517,,Hesperia,CA,,US,+1 760-948-0355,https://location.westernunion.com/us/ca/hesperia/32467d596785b09b305ffac0e0d992f2,,Western Union,Q861042
23f38475069a64d806721b376c513f0d,western_union,WALMART #004340,,Hesperia,CA,,US,+1 760-948-4851,https://location.westernunion.com/us/ca/hesperia/23f38475069a64d806721b376c513f0d,Mo-Sa 08:00-20:00; Su 10:00-18:00,Western Union,Q861042
92ca018c329ba30f3136cd74b91f0dff,western_union,7-ELEVEN #39978,,Hesperia,CA,,US,+1 760-244-8004,https://location.westernunion.com/us/ca/hesperia/92ca018c329ba30f3136cd74b91f0dff,,Western Union,Q861042
9183,wingstop,Wingstop Hesperia Main St,13259 Main St,Hesperia,CA,,US,+1 760-949-5500,,,Wingstop,Q8025339
