Ref,Spider,Name,Address,City,State,Zipcode,Country,Phone,Website,Hours,Brand,WikiData
5868,aaa,Manchester Branch,,Manchester,NH,,US,+1 603-669-0101,,,American Automobile Association,Q463436
https://stores.advanceautoparts.com/nh/manchester/107-pine-st,advance_auto_parts_us,Advance Auto Parts,,Manchester,NH,,US,+1 603-645-5995,https://stores.advanceautoparts.com/nh/manchester/107-pine-st,Mo-Sa 07:30-21:00; Su 09:00-20:00,Advance Auto Parts,Q4686051
https://stores.advanceautoparts.com/nh/manchester/865-s-willow-st,advance_auto_parts_us,Advance Auto Parts,,Manchester,NH,,US,+1 603-935-6637,https://stores.advanceautoparts.com/nh/manchester/865-s-willow-st,Mo-Sa 07:30-21:00; Su 09:00-20:00,Advance Auto Parts,Q4686051
1018711,alamo,Manchester-Boston Regional Airport,,Manchester,NH,,US,+1 844-891-0540,,,ALAMO,Q1429287
https://stores.aldi.us/#4421076,aldi_sud_us,ALDI  1111 South Willow Street,,Manchester,NH,,US,+1 833-473-7091,https://stores.aldi.us/nh/manchester/1111-south-willow-street,Mo-Su 09:00-20:00,ALDI,Q41171672
https://storelocations.ae.com/#1727557,american_eagle_outfitters,American Eagle & Aerie Store Mall of New Hampshire,,Manchester,NH,,US,+1 603-627-9320,https://storelocations.ae.com/us/nh/manchester/1500-s-willow-street.html,Mo-Th 10:00-20:00; Fr-Sa 10:00-21:00; Su 11:00-18:00,American Eagle & Aerie Store,Q2842931
R631,apple,Apple The Mall of New Hampshire,,Manchester,NH,,US,+1 603-391-0180,https://www.apple.com/retail/themallofnewhampshire,Mo-Th 10:00-20:00; Fr-Sa 10:00-21:00; Su 11:00-18:00,Apple,Q421253
https://locations.arbys.com/nh/manchester/1500-south-willow-st..html,arbys_us,"Arby's Fast-Food Near You in Manchester, NH",,Manchester,NH,,US,+1 603-625-2792,https://locations.arbys.com/nh/manchester/1500-south-willow-st..html,Mo-Sa 10:00-19:00; Su 12:00-18:00,Arby's,Q630866
https://stores.ashleyfurniture.com/store/us/new-hampshire/manchester/7710000270/,ashley_furniture,"Ashley Store Manchester, NH",,Manchester,NH,,US,+1 603-645-4400,https://stores.ashleyfurniture.com/store/us/new-hampshire/manchester/7710000270/,,Ashley Furniture,Q4805437
19325,asics_us,Olympia Sports,1500 S Willow St # N135,Manchester,NH,,US,+1 603-626-8464,,Mo-Sa 10:00-19:00; Su 11:00-18:00,asics,Q327247
23292,asics_us,Finish Line,1500 South Willow Street,Manchester,NH,,US,+1 603-641-5589,,,asics,Q327247
119,att_us,MALL OF NEW HAMPSHIRE STORE,,Manchester,NH,,US,+1 603-647-7161,https://www.att.com/stores/new-hampshire/manchester/119,Mo-Th 10:00-20:00; Fr-Sa 10:00-21:00; Su 11:00-18:00,AT&T,Q298594
https://locations.auntieannes.com/#6085,auntie_annes,Auntie Anne's The Mall Of New Hampshire,,Manchester,NH,,US,+1 603-641-6550,https://locations.auntieannes.com/nh/manchester/1500-s-willow-st,Mo-Th 10:00-20:00; Fr-Sa 10:00-21:00; Su 11:00-18:00,Auntie Anne's,Q4822010
5127,autozone_us,AutoZone Auto Parts Manchester,,Manchester,NH,,US,+1 603-668-7200,https://www.autozone.com/locations/nh/manchester/921-s-willow-st.html,Mo-Sa 07:30-21:00; Su 08:30-20:00,AutoZone,Q4826087
https://www.avis.com/en/locations/us/nh/manchester/mht,avis,Avis U S A Manchester Airport,,Manchester,NH,,US,+1 603-624-4000,https://www.avis.com/en/locations/us/nh/manchester/mht,Mo-Th 08:00-00:00; Fr-Sa 08:00-23:00; Su 08:00-00:00,Avis,Q791136
https://www.banfield.com/locations/veterinarians/nh/manchester/mce,banfield_pet_hospital,"Manchester, NH",,Manchester,NH,,US,+1 603-668-0065,https://www.banfield.com/locations/veterinarians/nh/manchester/mce,Mo 07:00-18:00; Tu 07:30-18:00; We 07:00-18:00; Th 07:30-18:00; Fr 07:00-18:00; Sa 08:00-18:00; Su 00:00-24:00,Banfield Pet Hospital,Q2882416
https://locators.bankofamerica.com/nh/manchester/financial-centers-manchester-15991.html,bankofamerica,Bank of America Financial Center & Drive-Thru ATM | Manchester,,Manchester,NH,,US,+1 603-628-6874,https://locators.bankofamerica.com/nh/manchester/financial-centers-manchester-15991.html,Mo-Fr 09:00-17:00; Sa 09:00-14:00,Bank of America,Q487907
BBW00047,bathandbodyworks_us,THE MALL OF NEW HAMPSHIRE,,MANCHESTER,NH,,US,+1 603-624-1164,,Mo-Th 10:00-20:00; Fr-Sa 10:00-21:00; Su 11:00-18:00,Bath & Body Works,Q810773
401,batteriesplus,Visit Manchester's battery and lighting experts,,Manchester,NH,,US,+1 603-621-0100,https://www.batteriesplus.com/store-locator/nh/manchester/batteries-plus-401,Mo-Fr 08:00-18:00; Sa 09:00-18:00; Su 10:00-17:00,Batteries Plus Bulbs,Q17005157
https://stores.bestbuy.com/nh/manchester/1500-s-willow-st-536.html,bestbuy,Best Buy Manchester,,Manchester,NH,,US,+1 603-622-0804,https://stores.bestbuy.com/nh/manchester/1500-s-willow-st-536.html,,Best Buy,Q533415
0220,bjswholesale,Manchester,,Manchester,NH,,US,+1 603-413-7356,https://www.bjs.com/mapDetail;city=0220,Mo-Sa 08:00-21:00,BJ's Wholesale,Q4835754
108090,bluerhino,Fast Track Convenience Store,,Manchester,NH,,US,+1 603-935-7240,,,Blue Rhino,Q65681213
74382,bluerhino,Beechmont Market,,Manchester,NH,,US,+1 603-669-3016,,,Blue Rhino,Q65681213
187540,bluerhino,"Global #2735 - Manchester, NH",,Manchester,NH,,US,+1 603-696-4612,,,Blue Rhino,Q65681213
51544,bluerhino,Walmart #2399 - Supercenter,,Manchester,NH,,US,+1 603-621-9666,,,Blue Rhino,Q65681213
93314,bluerhino,Hannaford #8164,,Manchester,NH,,US,+1 603-626-4567,,,Blue Rhino,Q65681213
187541,bluerhino,"Global #2757 - Manchester, NH",,Manchester,NH,,US,+1 603-622-7122,,,Blue Rhino,Q65681213
137371,bluerhino,Willow Street Shell #1119,,Manchester,NH,,US,+1 603-622-3358,,,Blue Rhino,Q65681213
167728,bluerhino,Convenience Plus,,Manchester,NH,,US,+1 603-935-7913,,,Blue Rhino,Q65681213
204896,bluerhino,Nouria Energy - Manchester #1169,,Manchester,NH,,US,+1 603-622-7171,,,Blue Rhino,Q65681213
16815_02,bmw_group,Tulley BMW Manchester,,Manchester,NH,,US,+1 603-644-2691,https://www.tulleybmwmanchester.com/,,BMW,Q26678
3746,buffalo_wild_wings_us,"Manchester, NH",,Manchester,NH,,US,+1 603-836-3138,https://www.buffalowildwings.com/locations/us/nh/manchester/1500-s--willow-street/sports-bar-1144,Mo-Su 11:00-23:00,Buffalo Wild Wings,Q509255
23841,burgerking,Burger King,,Manchester,NH,,US,+1 603-609-0488,https://www.bk.com/store-locator/store/restaurant_76632,Mo-Su 04:30-18:00,Burger King,Q177054
954,burlington_us,Burlington,,Manchester,NH,,US,+1 603-622-0365,https://stores.burlington.com/nh/manchester/954,Mo-Su 09:00-22:00,Burlington,Q4999220
nh_manchester_926-s-willow-st,chipotle, ,,Manchester,NH,,US,+1 603-624-2084,https://locations.chipotle.com/nh/manchester/926-s-willow-st,,Chipotle,Q465751
https://locations.chuckecheese.com/us/nh/manchester/1525-s.-willow-st,chuckecheese,Chuck E. Cheese,,Manchester,NH,,US,+1 603-622-4488,https://locations.chuckecheese.com/us/nh/manchester/1525-s.-willow-st,Mo-Th 11:00-21:00; Fr 11:00-22:00; Sa 10:00-22:00; Su 11:00-21:00,Chuck E. Cheese,Q2438391
27972,citi,ATM 7ELEVEN-FCTI,,Manchester,NH,,US,,,,Citibank,Q857063
52820,citi,ATM CVS,,Manchester,NH,,US,,,,Citibank,Q857063
92122,citi,ATM Walgreens,,Manchester,NH,,US,,,,Citibank,Q857063
030399,citizens_us,Citizens South Willow,,Manchester,NH,,US,+1 603-622-2472,,Mo-Fr 09:00-16:00; Sa 09:00-12:00,Citizens,Q5122694
ATM-540,citizens_us,,,Manchester,NH,,US,+1 603-622-5304,,24/7,Citizens,Q5122694
manchester/1106,claires,Shop Ear Piercings & Jewelry at The Mall Of New Hampshire,,MANCHESTER,NH,,US,+1 603-622-2662,https://stores.claires.com/us/nh/manchester/1106.html,Mo-Tu 10:00-18:00; We-Th 10:00-20:00; Fr 10:00-21:00; Sa 10:00-20:30; Su 11:00-18:00,Claire's,Q2974996
eec9a661-4add-4c7d-bbd3-73322707bece,concentra_us,Manchester,,Manchester,NH,,US,,https://www.concentra.com/urgent-care-centers/new-hampshire/manchester/manchester-urgent-care/,,Concentra,Q5158304
,credit_union_us,Digital FCU,,Manchester,NH,,US,+1 603-622-5075,,Mo-We 09:00-05:00; Th-Fr 09:00-07:00; Sa 09:00-03:00,,
,credit_union_us,Members First CU,,Manchester,NH,,US,+1 603-622-8781,,Mo-Fr 09:00-05:00; Sa 09:00-12:00,,
,credit_union_us,Service FCU,,Manchester,NH,,US,+1 603-669-6546,,Mo-We 09:00-05:00; Th-Fr 09:00-06:00; Sa 09:00-03:00,,
70189726,cricket_wireless,Cricket Wireless Authorized Retailer,,Manchester,NH,,US,+1 603-836-5801,https://www.cricketwireless.com/stores/ll/US/NH/Manchester/297-S-Willow-St,Mo-Fr 10:00-19:00; Sa 10:00-16:00; Su 12:00-17:00,Cricket Wireless,Q5184987
200,cvs_us,CVS Pharmacy,,Manchester,NH,,US,+1 603-668-4637,https://www.cvs.com/store-locator/manchester-nh-pharmacies/788-s-willow-st-manchester-nh-03103/storeid=200,Mo-Su 08:00-22:00,CVS Pharmacy,Q2078880
/nh/manchester/8-perimeter-road,dangelos_us,D’Angelo Grilled Sandwiches | New Hampshire/Manchester Locations,,Manchester,NH,,US,+1 603-641-0322,https://locations.dangelos.com/nh/manchester/8-perimeter-road.html,Mo-Fr 10:30-20:00; Sa 10:30-19:30; Su 11:00-19:30,D'Angelo Grilled Sandwiches,Q5203069
1388,dickssportinggoods,"DICK'S Sporting Goods Store in Manchester, NH | 1388",,Manchester,NH,,US,+1 603-222-8444,https://stores.dickssportinggoods.com/nh/manchester/1388/,Mo-Sa 09:00-21:00; Su 10:00-19:00,Dick's Sporting Goods,Q5272601
3200,dominos_pizza_us,Domino's Pizza,,Manchester,NH,,US,+1 603-647-4300,https://pizza.dominos.com/new-hampshire/manchester/60-beech-street,Mo-Th 10:30-01:00; Fr-Sa 10:30-02:00; Su 10:30-01:00,Domino's,Q839466
Manchester,dsw,DSW,,Manchester,NH,,US,+1 603-854-7012,https://stores.dsw.com/usa/nh/manchester/dsw-designer-shoe-warehouse-1051-s--willow-st-.html,Mo-Sa 10:00-20:00; Su 10:00-19:00,Designer Shoe Warehouse,Q5206207
341400,dunkin_us,Dunkin',,Manchester,NH,,US,+1 603-695-6746,https://locations.dunkindonuts.com/en/nh/manchester/2297-brown-ave/341400,Mo-Su 04:00-22:00,Dunkin',Q847743
339262,dunkin_us,Dunkin',,Manchester,NH,,US,+1 603-641-3975,https://locations.dunkindonuts.com/en/nh/manchester/78-sheffield-st/339262,Mo-Fr 05:00-20:00; Sa 06:00-19:00; Su 07:00-19:00,Dunkin',Q847743
302021,dunkin_us,Dunkin',,Manchester,NH,,US,+1 603-641-9991,https://locations.dunkindonuts.com/en/nh/manchester/1265-s-willow-st/302021,Mo-Su 05:00-19:00,Dunkin',Q847743
341732,dunkin_us,Dunkin',,Manchester,NH,,US,+1 603-647-1623,https://locations.dunkindonuts.com/en/nh/manchester/1-elliot-way/341732,Mo 05:00-20:00; Tu-Su 05:00-24:00,Dunkin',Q847743
339846,dunkin_us,Dunkin',,Manchester,NH,,US,+1 603-622-5895,https://locations.dunkindonuts.com/en/nh/manchester/1500-s-willow-st/339846,Mo-Th 09:00-19:00; Fr-Sa 09:00-20:00; Su 10:00-18:00,Dunkin',Q847743
345808,dunkin_us,Dunkin',,Manchester,NH,,US,+1 603-623-1607,https://locations.dunkindonuts.com/en/nh/manchester/manchester-airport/345808,Mo-Fr 05:00-19:00; Sa-Su 05:00-18:00,Dunkin',Q847743
350539,dunkin_us,Dunkin',,Manchester,NH,,US,+1 603-627-4500,https://locations.dunkindonuts.com/en/nh/manchester/500-valley-st/350539,Mo-Fr 04:00-22:00; Sa-Su 05:00-22:00,Dunkin',Q847743
350631,dunkin_us,Dunkin',,Manchester,NH,,US,+1 603-626-4708,https://locations.dunkindonuts.com/en/nh/manchester/20-roundstone-dr/350631,Mo-Sa 04:00-20:00; Su 05:00-20:00,Dunkin',Q847743
302949,dunkin_us,Dunkin',,Manchester,NH,,US,+1 603-232-6134,https://locations.dunkindonuts.com/en/nh/manchester/1022-s-willow-st/302949,24/7,Dunkin',Q847743
336577,dunkin_us,Dunkin',,Manchester,NH,,US,+1 603-622-5715,https://locations.dunkindonuts.com/en/nh/manchester/1932-south-willow-street/336577,Mo-Su 04:00-21:00,Dunkin',Q847743
110043,electrify_america,"Simon Mall of New Hampshire (Manchester, NH)",,Manchester,NH,,US,,,,Electrify America,Q59773555
E110P1,enterprise,Manchester Gold St.,,Manchester,NH,,US,+1 603-296-0302,,,Enterprise Rent-A-Car,Q17085454
MHTT61,enterprise,Manchester-Boston Regional Airport,,Manchester,NH,,US,+1 603-606-5114,,,Enterprise Rent-A-Car,Q17085454
E110NT,enterprise,Manchester Truck Rental,,Manchester,NH,,US,+1 603-296-0141,,,Enterprise Rent-A-Car,Q17085454
1500-s-willow-street,express,Mall of New Hampshire,,Manchester,NH,,US,+1 603-666-4106,https://stores.express.com/us/nh/manchester/1500-s-willow-street,Mo-Th 10:00-20:00; Fr-Sa 10:00-21:00; Su 11:00-18:00,Express,Q1384784
200327959,exxonmobil,Mobil,,MANCHESTER,NH,,US,,https://www.exxon.com/en/find-station/mobil-manchester-nh-mobil-200327959,Mo-Su 05:00-23:00,Mobil,Q109676002
200304541,exxonmobil,HANOVER STREET MOBIL,,MANCHESTER,NH,,US,+1 603-623-9350,https://www.exxon.com/en/find-station/mobil-manchester-nh-hanoverstreetmobil-200304541,Mo-Sa 05:00-23:00; Su 06:00-22:00,Mobil,Q109676002
32564,family_dollar_us,FAMILY DOLLAR #12564,,Manchester,NH,,US,+1 978-237-0821,https://www.familydollar.com/locations/nh/manchester/32564/,Mo-Sa 09:00-22:00; Su 09:00-21:00,Family Dollar,Q5433101
https://stores.finishline.com/nh/manchester/mall-of-new-hampshire.html,finishline,Finish Line,,Manchester,NH,,US,+1 603-641-5589,https://stores.finishline.com/nh/manchester/mall-of-new-hampshire.html,Mo-Th 11:00-19:00; Fr-Sa 10:00-20:00; Su 12:00-18:00,Finish Line,Q5450341
https://locations.fivebelow.com/nh/manchester/777-south-willow-street,five_below,Five Below South Willow Shopping Center,,Manchester,NH,,US,,https://locations.fivebelow.com/nh/manchester/777-south-willow-street,Mo-Sa 10:00-20:00; Su 11:00-18:00,Five Below,Q5455836
https://restaurants.fiveguys.com/#15553130,five_guys_us,Five Guys Manchester,,Manchester,NH,,US,+1 603-836-0491,https://restaurants.fiveguys.com/1111-south-willow-street,"Mo-Su 11:00-21:30,11:00-22:00",Five Guys,Q1131810
https://stores.footlocker.com/nh/manchester/1500-s-willow-street-7955.html,footlocker,"Foot Locker in Mall Of New Hampshire: Manchester, New Hampshire | Approved | Own It",,Manchester,NH,,US,+1 603-668-3113,https://stores.footlocker.com/nh/manchester/1500-s-willow-street-7955.html,Mo-Th 10:00-20:00; Fr-Sa 10:00-21:00; Su 11:00-18:00,Foot Locker,Q63335
Motorcraft4319USAEnglish,ford,"AutoFair Ford, LP",,New Hampshire,NH,,US,+1 603-625-2540,,,Ford,Q44294
https://www.ford.com/dealerships/dealer-details/nh/manchester/autofair-ford/,ford_dealers_us,AutoFair Ford,,Manchester,NH,,US,+1 603-263-5250,https://www.ford.com/dealerships/dealer-details/nh/manchester/autofair-ford/,Mo-Th 09:00-20:00; Fr 09:00-19:00; Sa 09:00-18:00; Su 11:00-17:00,Ford Motor Company,Q44294
https://locations.forever21.com/#35647132,forever21_us,Mall of New Hampshire,,Manchester,NH,,US,+1 603-391-0466,https://locations.forever21.com/us/stores/nh/manchester/1500-s-willow-st,Mo-Th 11:00-20:00; Fr-Sa 10:00-21:00; Su 12:00-18:00,Forever 21,Q1060537
1142,gamestop_us,Mall of New Hampshire,,Manchester,NH,,US,+1 603-641-1117,https://www.gamestop.com/search/?store=1142,Mo-Th 10:00-20:00; Fr-Sa 10:00-21:00; Su 11:00-18:00,GameStop,Q202210
0774,gamestop_us,March Ave Manchester,,Manchester,NH,,US,+1 603-647-7707,https://www.gamestop.com/search/?store=0774,Mo-Th 12:00-19:00; Fr-Sa 10:00-20:00; Su 12:00-19:00,GameStop,Q202210
https://stores.gnc.com/#24057659,gnc,GNC Mall Of New Hampshire,,,NH,,US,+1 603-624-2556,https://stores.gnc.com/all-stores-new-hampshire/manchester/1500-s-willow-st,Mo-Th 10:00-20:00; Fr-Sa 10:00-21:00; Su 11:00-18:00,GNC,Q4808595
https://www.goldencorral.com/locations/location-detail/2717/golden-corral-s-willow-street/,golden_corral,"Golden Corral 2717, Manchester, NH",,Manchester,NH,,US,+1 603-232-4896,https://www.goldencorral.com/locations/location-detail/2717/golden-corral-s-willow-street/,,Golden Corral,Q4039560
4566aaab-458a-e111-8dde-005056934050,goodwill,Manchester Retail Store,,Manchester,NH,,US,+1 603-518-5246,https://www.goodwill.org/locator/location/?store=NDU2NmFhYWItNDU4YS1lMTExLThkZGUtMDA1MDU2OTM0MDUw&lat=NDIuOTU5MDc=&lng=LTcxLjQ0MTAx,,Goodwill,Q5583655
https://salons.greatclips.com/us/nh/manchester/110-march-ave,greatclips,Great Clips,,Manchester,NH,,US,+1 603-627-0055,https://salons.greatclips.com/us/nh/manchester/110-march-ave,Mo-Fr 09:00-19:00; Sa 09:00-18:00; Su 09:00-17:00,Great Clips,Q5598967
https://stores.hannaford.com/#8905330,hannaford,Hannaford - Manchester 201 John E Devine Dr - Manchester,,Hillsborough County,NH,,US,+1 603-626-4567,https://stores.hannaford.com/nh/manchester/8164,Mo-Su 07:00-22:00,Hannaford,Q5648760
https://www.harborfreight.com/storelocator/1525-s-willow-st-unit-14-manchester-03103?number=753,harborfreight,"Harbor Freight Tools Manchester, NH",,Manchester,NH,,US,+1 603-622-0103,https://www.harborfreight.com/storelocator/1525-s-willow-st-unit-14-manchester-03103?number=753,Mo-Sa 08:00-20:00; Su 09:00-18:00,Harbor Freight Tools,Q5654601
27915,h_r_block,H&R Block,,Manchester,NH,,US,+1 603-669-7550,https://www.hrblock.com/local-tax-offices/new-hampshire/manchester/377-s-willow-st/27915/,,H&R Block,Q5627799
mht-garage-parking,indigo,MHT - Garage Parking,,Manchester,NH,,US,+1 603-641-5444,,,Indigo,Q3559970
mht-short-term-lot-a,indigo,MHT - Short Term Lot A,,Manchester,NH,,US,+1 603-641-5444,,,Indigo,Q3559970
mht-long-term-lot-c,indigo,MHT - Long Term Lot C,,Manchester,NH,,US,+1 617-704-7389,,,Indigo,Q3559970
https://office.jacksonhewitt.com/#27578234,jackson_hewitt,Jackson Hewitt,,Manchester,NH,,US,+1 603-637-4953,https://office.jacksonhewitt.com/tax-preparation-services-locations/en/nh/manchester/725-gold-street/52399,Mo-Sa 11:00-19:00; Su 12:00-16:00,Jackson Hewitt,Q6117132
53101,lovisa,Lovisa,,Manchester,NH,,US,+1 603-318-3595,,,Lovisa,Q106298409
MHTCY,marriott,Courtyard Manchester-Boston Regional Airport,,Manchester,NH,,US,+1 603-641-4900,https://www.marriott.com/MHTCY,,Courtyard by Marriott,Q1053170
MHTFM,marriott,Fairfield Inn Manchester-Boston Regional Airport,,Manchester,NH,,US,+1 603-625-2020,https://www.marriott.com/MHTFM,,Fairfield by Marriott,Q5430314
MHTSH,marriott,SpringHill Suites Manchester-Boston Regional Airport,,Manchester,NH,,US,+1 603-668-9400,https://www.marriott.com/MHTSH,,SpringHill Suites,Q7580351
MHTTS,marriott,TownePlace Suites Manchester-Boston Regional Airport,,Manchester,NH,,US,+1 603-641-2288,https://www.marriott.com/MHTTS,,Townplace Suites by Marriott,Q7830092
https://locations.massageenvy.com/#1773884,massage_envy,Massage Envy Manchester-NH,,Manchester,NH,,US,+1 603-622-2400,https://locations.massageenvy.com/new-hampshire/manchester/375-south-willow-street.html,Mo-Fr 08:00-22:00; Sa 08:00-18:00; Su 10:00-18:00,Massage Envy,Q10327170
17415,mattress_firm_us,Mattress Firm South Willow Street,,Manchester,NH,,US,+1 603-666-6450,https://www.mattressfirm.com/en-us/stores/nh/manchester/120178/,,Mattress Firm,Q6791878
17212,mattress_firm_us,Mattress Firm Manchester,,Manchester,NH,,US,+1 603-222-9800,https://www.mattressfirm.com/en-us/stores/nh/manchester/120006/,,Mattress Firm,Q6791878
https://locations.maurices.com/#11687976,maurices,maurices Mall Of New Hampshire Sp W119a,,Manchester,NH,,US,+1 603-622-3514,https://locations.maurices.com/us/nh/manchester/1500-s-willow-street,Mo-Th 10:00-20:00; Fr-Sa 10:00-21:00; Su 11:00-18:00,maurices,Q6793571
74025736,moneygram,R&E GROCERY - MANCHESTER - R&E GROCERY,,MANCHESTER,NH,,US,+1 603-232-5790,,Mo-Sa 08:00-21:00; Su 11:00-19:00,MoneyGram,Q1944412
https://locations.mtb.com/#18120755,mt_bank_us,M&T Bank,,,NH,,US,+1 603-626-7111,https://locations.mtb.com/nh/manchester/bank-branches-and-atms-manchester-nh-8115.html,Mo-Th 09:00-16:00; Fr 09:00-17:00; Sa 09:00-12:00,M&T Bank,Q3272257
381-south-willow-street,my_eye_dr,,,Manchester,NH,,US,+1 603-629-0090,https://locations.myeyedr.com/nh/manchester/381-south-willow-street,,MyEyeDr.,Q117864710
2075-s-willow-st,my_eye_dr,,,Manchester,NH,,US,+1 603-644-6100,https://locations.myeyedr.com/nh/manchester/2075-s-willow-st,,MyEyeDr.,Q117864710
1018710,national,Manchester-Boston Regional Airport,,Manchester,NH,,US,+1 833-636-0785,,,NATIONAL,Q1424142
NNA2940,nissan_europe,TEAM NISSAN,,MANCHESTER,NH,,US,+1 603-644-8326,https://www.teamnissannh.com,Mo-Th 09:00-20:00; Fr 09:00-19:00; Sa 09:00-18:00; Su 11:00-17:00,Nissan,Q20165
https://locations.oreillyauto.com/nh/manchester/check-engine-light-testing-5702.html,oreilly,Your Local O'Reilly Auto Parts Store,,Manchester,NH,,US,+1 603-836-2090,https://locations.oreillyauto.com/nh/manchester/check-engine-light-testing-5702.html,Mo-Fr 07:30-21:00; Sa 08:00-21:00; Su 09:00-20:00,O'Reilly Auto Parts,Q7071951
https://locations.oreillyauto.com/nh/manchester/battery-testing-5702.html,oreilly,Your Local O'Reilly Auto Parts Store,,Manchester,NH,,US,+1 603-836-2090,https://locations.oreillyauto.com/nh/manchester/battery-testing-5702.html,Mo-Fr 07:30-21:00; Sa 08:00-21:00; Su 09:00-20:00,O'Reilly Auto Parts,Q7071951
https://locations.oreillyauto.com/nh/manchester/autopartes-5702.html,oreilly,Tu tienda O'Reilly Auto Parts en Manchester,,Manchester,NH,,US,+1 603-836-2090,https://locations.oreillyauto.com/nh/manchester/autopartes-5702.html,Mo-Fr 07:30-21:00; Sa 08:00-21:00; Su 09:00-20:00,O'Reilly Auto Parts,Q7071951
https://locations.oreillyauto.com/nh/manchester/wiper-installation-5702.html,oreilly,Your Local O'Reilly Auto Parts Store,,Manchester,NH,,US,+1 603-836-2090,https://locations.oreillyauto.com/nh/manchester/wiper-installation-5702.html,Mo-Fr 07:30-21:00; Sa 08:00-21:00; Su 09:00-20:00,O'Reilly Auto Parts,Q7071951
usa4338353,pandora,About Pandora Jewelry at 3826 Pandora @ Mall of NH,,Manchester,NH,,US,+1 603-323-0700,https://stores.pandora.net/nh/manchester/pandora-jewelry-usa4338353.html,Mo-Th 10:00-20:00; Fr-Sa 10:00-21:00; Su 11:00-18:00,Pandora,Q2241604
https://locations.papajohns.com/#10692176,papa_johns,Papa John's,,Manchester,NH,,US,+1 603-629-0060,https://locations.papajohns.com/united-states/nh/03103/manchester/223-south-willow-street,Mo-Th 10:00-01:00; Fr-Sa 10:00-02:00; Su 10:00-01:00,Papa John's Pizza,Q2759586
https://stores.petco.com/#27959841,petco,Petco Manchester,,Manchester,NH,,US,+1 603-391-3216,https://stores.petco.com/nh/manchester/pet-supplies-manchester-nh-3796.html,Mo-Sa 09:00-20:00; Su 10:00-19:00,Petco,Q7171798
restaurant_239843,popeyes_us_fr,Popeyes,"716 S Willow St Manchester, New Hampshire 03103 - USA",Manchester,NH,,US,+1 603-782-8596,https://www.popeyes.com/store-locator/store/restaurant_239843,Mo-Su 10:30-20:00,Popeyes,Q1330910
home-depot-3482-12130,ppgpaints,HOME DEPOT 3482,,"Manchester, ",NH,,US,+1 603-627-1900,https://www.ppgpaints.com/store-locator/us/new-hampshire/manchester-paint-stores/home-depot-3482-12130,,PPG Paints,Q83891559
https://www.publicstorage.com/self-storage-nh-manchester/899.html,public_storage_us,Public Storage,,Manchester,NH,,US,+1 603-824-8070,https://www.publicstorage.com/self-storage-nh-manchester/899.html,,Public Storage,Q1156045
532,rentacenter,Rent-A-Center,,Manchester,NH,,US,+1 603-624-8696,https://locations.rentacenter.com/new-hampshire/manchester/490-valley-st/,Mo-Sa 10:00-18:00,Rent-A-Center,Q7313497
1182,savers,Manchester NH,,Manchester,NH,,US,+1 603-695-9915,https://stores.savers.com/nh/manchester/savers-thrift-store-1182.html,Mo-Sa 09:00-21:00; Su 09:00-19:00,Savers,Q7428188
337,simonmalls,The Mall of New Hampshire,,Manchester,NH,,US,+1 603-669-0433,https://www.simon.com/mall/the-mall-of-new-hampshire,Mo-Th 10:00-20:00; Fr-Sa 10:00-21:00; Su 11:00-18:00,Simon Malls,Q2287759
4112165243681217498,sleep_number_us,Sleep Number,,Manchester,NH,,US,,https://www.sleepnumber.com/stores/nh/manchester/1500-s-willow-street,Mo-Th 10:00-19:00; Fr-Sa 10:00-20:00; Su 11:00-18:00,Sleep Number,Q7447640
1525-s-willow-st,staples,"Staples Manchester, NH",,Manchester,NH,,US,,https://stores.staples.com/nh/manchester/1525-s-willow-st,Mo-Fr 09:00-20:00; Sa 09:00-18:00; Su 11:00-18:00,Staples,Q785943
https://restaurants.subway.com/#14905318,subway,Subway Wal-Mart #2399,,Manchester Hillsborough,NH,,US,+1 603-222-2269,https://restaurants.subway.com/united-states/nh/manchester/725-gold-street,Mo-Su 08:00-21:00,Subway,Q244457
https://restaurants.subway.com/#14916706,subway,Subway,,Manchester Hillsborough,NH,,US,+1 603-606-8443,https://restaurants.subway.com/united-states/nh/manchester/777-s-willow-street-plaza,Mo-Su 09:00-22:00,Subway,Q244457
https://restaurants.subway.com/#14909397,subway,Subway Citgo Gas/Go Go Mart C-Store,,Manchester Hillsborough,NH,,US,+1 603-623-6546,https://restaurants.subway.com/united-states/nh/manchester/510-harvey-road,Mo-Fr 07:00-21:00; Sa-Su 08:00-18:30,Subway,Q244457
https://restaurants.subway.com/#14914067,subway,Subway Manchester Shopping Center,,Manchester Hillsborough,NH,,US,+1 603-606-8356,https://restaurants.subway.com/united-states/nh/manchester/502-valley-street,Mo-Su 09:00-22:00,Subway,Q244457
https://stores.sunglasshut.com/us/nh/manchester/1500-s-willow-st-6196,sunglass_hut_1,Sunglass Hut at Macy's,,Manchester,NH,,US,+1 603-621-9176,https://stores.sunglasshut.com/us/nh/manchester/1500-s-willow-st-6196,Mo-Th 10:00-20:00; Fr-Sa 10:00-21:00; Su 11:00-19:00,Sunglass Hut,Q136311
0267963700,sunoco_us,Sunoco,,MANCHESTER,NH,,US,+1 603-625-6214,,Mo-Sa 06:00-22:00; Su 00:00-00:00,Sunoco,Q1423218
0267955300,sunoco_us,Sunoco,,MANCHESTER,NH,,US,+1 603-624-1199,,Mo-Sa 06:00-22:00; Su 00:00-00:00,Sunoco,Q1423218
0267948800,sunoco_us,Sunoco,,MANCHESTER,NH,,US,+1 603-669-9366,,Mo-Sa 07:00-22:00; Su 00:00-00:00,Sunoco,Q1423218
8319,supercuts,South Willow Plaza,1111 S Willow St Unit 5,Manchester,NH,,US,+1 603-668-7454,https://www.supercuts.com/checkin/8319,Mo-Fr 09:00-19:00; Sa 09:00-18:00; Su 09:00-17:00,Supercuts,Q7643239
https://locations.tacobell.com/#6147236,taco_bell,Taco Bell,,Manchester,NH,,US,+1 603-641-8226,https://locations.tacobell.com/nh/manchester/1045-s-willow-street.html,Mo-Su 07:00-03:00,Taco Bell,Q752941
0082,the_paper_store_us,The Paper Store,,Manchester,NH,,US,+1 603-668-5665,https://locations.thepaperstore.com/manchester-62-march-ave-03103,Mo-Sa 10:00-20:00; Su 10:00-18:00,The Paper Store,Q65068381
0255,tillys,Mall of New Hampshire,,Manchester,NH,,US,+1 603-935-6631,,Mo-Sa 11:00-07:00; Su 12:00-06:00,Tillys,Q7802889
08436,tjx,Manchester,116 March Ave,Manchester,NH,,US,+1 603-668-0373,,Mo-Sa 09:30-21:30; Su 10:00-20:00,TJ Maxx,Q10860683
261F,tmobile_us,Manchester - S Willow,,Manchester,NH,,US,+1 603-836-0018,https://www.t-mobile.com/store-locator/nh/manchester/manchester-s-willow,,T-Mobile,Q3511885
4ESX,tmobile_us,Mall Of New Hampshire,,Manchester,NH,,US,+1 603-232-0387,https://www.t-mobile.com/store-locator/nh/manchester/mall-of-new-hampshire,,T-Mobile,Q3511885
100473,two_men_and_truck,Manchester,85 Faltin Dr,Manchester,NH,,US,+1 603-600-0033,https://twomenandatruck.com/movers/nh/manchester,,Two Men and a Truck,Q7859087
1434550,usps,MANCHESTER,,MANCHESTER,NH,,US,+1 603-626-6887,,Mo-Fr 07:30-19:00; Sa 07:30-14:00,United States Postal Service,Q668687
1371624,usps,MANCHESTER SOUTH,,MANCHESTER,NH,,US,+1 603-626-0372,,,United States Postal Service,Q668687
0310300048,usps_collection_boxes,USPS COLLECTION BOX - BLUE BOX,130 TARRYTOWN RD,MANCHESTER,NH,,US,,,,United States Postal Service,Q668687
0310300050,usps_collection_boxes,USPS COLLECTION BOX - BLUE BOX,4 ELLIOT WAY,MANCHESTER,NH,,US,,,,United States Postal Service,Q668687
0310300018,usps_collection_boxes,USPS COLLECTION BOX - BLUE BOX,1 ELLIOT WAY,MANCHESTER,NH,,US,,,,United States Postal Service,Q668687
0310300032,usps_collection_boxes,USPS COLLECTION BOX - BLUE BOX,375 MASSABESIC ST,MANCHESTER,NH,,US,,,,United States Postal Service,Q668687
0310300077,usps_collection_boxes,USPS COLLECTION BOX - BLUE BOX,171 MASSABESIC ST,MANCHESTER,NH,,US,,,,United States Postal Service,Q668687
0310300029,usps_collection_boxes,USPS COLLECTION BOX - BLUE BOX,173 LOIS ST,MANCHESTER,NH,,US,,,,United States Postal Service,Q668687
0310300007,usps_collection_boxes,USPS COLLECTION BOX - BLUE BOX,706 SOMERVILLE ST,MANCHESTER,NH,,US,,,,United States Postal Service,Q668687
0310300076,usps_collection_boxes,USPS COLLECTION BOX - BLUE BOX,340 WILSON ST,MANCHESTER,NH,,US,,,,United States Postal Service,Q668687
0310300080,usps_collection_boxes,USPS COLLECTION BOX - BLUE BOX,415 CILLEY RD,MANCHESTER,NH,,US,,,,United States Postal Service,Q668687
0310300062,usps_collection_boxes,USPS COLLECTION BOX - BLUE BOX,1111 S WILLOW ST,MANCHESTER,NH,,US,,,,United States Postal Service,Q668687
0310300031,usps_collection_boxes,USPS COLLECTION BOX - BLUE BOX,399 SILVER ST,MANCHESTER,NH,,US,,,,United States Postal Service,Q668687
0310300047,usps_collection_boxes,USPS COLLECTION BOX - BLUE BOX,77 PEARL ST,MANCHESTER,NH,,US,,,,United States Postal Service,Q668687
0310300038,usps_collection_boxes,USPS COLLECTION BOX - BLUE BOX,777 S WILLOW ST,MANCHESTER,NH,,US,,,,United States Postal Service,Q668687
0310300028,usps_collection_boxes,USPS COLLECTION BOX - BLUE BOX,201 JOHN E DEVINE DR,MANCHESTER,NH,,US,,,,United States Postal Service,Q668687
0310300082,usps_collection_boxes,USPS COLLECTION BOX - BLUE BOX,300 CHESTNUT ST,MANCHESTER,NH,,US,,,,United States Postal Service,Q668687
0310300026,usps_collection_boxes,USPS COLLECTION BOX - BLUE BOX,200 UNION ST,MANCHESTER,NH,,US,,,,United States Postal Service,Q668687
0310300034,usps_collection_boxes,USPS COLLECTION BOX - BLUE BOX,7 PERIMETER RD,MANCHESTER,NH,,US,,,,United States Postal Service,Q668687
0310300086,usps_collection_boxes,USPS COLLECTION BOX - PO LOBBY,955 GOFFS FALLS RD UNIT 9998,MANCHESTER,NH,,US,,,,United States Postal Service,Q668687
0310300021,usps_collection_boxes,USPS COLLECTION BOX - EXPRESS,955 GOFFS FALLS RD,MANCHESTER,NH,,US,,,,United States Postal Service,Q668687
0310300022,usps_collection_boxes,USPS COLLECTION BOX - BLUE BOX,955 GOFFS FALLS RD,MANCHESTER,NH,,US,,,,United States Postal Service,Q668687
0310300023,usps_collection_boxes,USPS COLLECTION BOX - BLUE BOX,955 GOFFS FALLS RD,MANCHESTER,NH,,US,,,,United States Postal Service,Q668687
0310300063,usps_collection_boxes,USPS COLLECTION BOX - PO LOBBY,955 GOFFS FALLS RD,MANCHESTER,NH,,US,,,,United States Postal Service,Q668687
0310300066,usps_collection_boxes,USPS COLLECTION BOX - BLUE BOX,955 GOFFS FALLS RD,MANCHESTER,NH,,US,,,,United States Postal Service,Q668687
0310300071,usps_collection_boxes,USPS COLLECTION BOX - BLUE BOX,955 GOFFS FALLS RD,MANCHESTER,NH,,US,,,,United States Postal Service,Q668687
0310300075,usps_collection_boxes,USPS COLLECTION BOX - APC,955 GOFFS FALLS RD,MANCHESTER,NH,,US,,,,United States Postal Service,Q668687
0310300020,usps_collection_boxes,USPS COLLECTION BOX - BLUE BOX,955 GOFFS FALLS RD,MANCHESTER,NH,,US,,,,United States Postal Service,Q668687
0310300033,usps_collection_boxes,USPS COLLECTION BOX - BLUE BOX,609 S BEECH ST,MANCHESTER,NH,,US,,,,United States Postal Service,Q668687
0310300068,usps_collection_boxes,USPS COLLECTION BOX - BLUE BOX,1 SUNDIAL AVE,MANCHESTER,NH,,US,,,,United States Postal Service,Q668687
0310300064,usps_collection_boxes,USPS COLLECTION BOX - BLUE BOX,77 SUNDIAL AVE,MANCHESTER,NH,,US,,,,United States Postal Service,Q668687
0310300070,usps_collection_boxes,USPS COLLECTION BOX - BLUE BOX,1 AIRPORT RD,MANCHESTER,NH,,US,,,,United States Postal Service,Q668687
0310300009,usps_collection_boxes,USPS COLLECTION BOX - BLUE BOX,2456 BROWN AVE,MANCHESTER,NH,,US,,,,United States Postal Service,Q668687
0310300010,usps_collection_boxes,USPS COLLECTION BOX - BLUE BOX,2626 BROWN AVE,MANCHESTER,NH,,US,,,,United States Postal Service,Q668687
manchester_oil-change-ab1129,valvoline_instant_oil_change,Valvoline,1800 South Willow St. ,Manchester,NH,,US,+1 603-626-5127,https://store.vioc.com/nh/manchester/oil-change-ab1129.html,,Valvoline Instant Oil Change,Q7912852
USA548,vans,Vans Store - The Mall of New Hampshire,,Manchester,NH,,US,+1 603-621-0013,https://www.vans.com/en-us/stores/nh/manchester/usa548,Mo-Th 11:00-19:00; Fr-Sa 10:00-20:00; Su 12:00-18:00,Vans,Q1135366
R00000197108,verizon_us,Manchester NH,,Manchester,NH,,US,+1 603-647-6916,https://www.verizon.com/stores/details/new-hampshire/manchester/manchester-nh-338227/,Mo-Fr 10:00-19:00; Sa 09:00-18:00; Su 10:00-17:00,Verizon,Q919641
,visa,,,MANCHESTER,NH,,US,,,,,
,visa,,,MANCHESTER,NH,,US,,,,,
,visa,,,MANCHESTER,NH,,US,,,,,
,visa,,,MANCHESTER,NH,,US,,,,,
,visa,,,MANCHESTER,NH,,US,,,,,
,visa,,,MANCHESTER,NH,,US,,,,,
,visa,,,MANCHESTER,NH,,US,,,,,
,visa,,,MANCHESTER,NH,,US,,,,,
,visa,,,MANCHESTER,NH,,US,,,,,
,visa,,,MANCHESTER,NH,,US,,,,,
,visa,,,MANCHESTER,NH,,US,,,,,
,visa,,,MANCHESTER,NH,,US,,,,,
,visa,,,MANCHESTER,NH,,US,,,,,
,visa,,,MANCHESTER,NH,,US,,,,,
,visa,,,MANCHESTER,NH,,US,,,,,
,visa,,,MANCHESTER,NH,,US,,,,,
,visa,,,MANCHESTER,NH,,US,,,,,
https://locations.vitaminshoppe.com/nh/manchester/vitamins-supplements-manchester-nh-456.html,vitamin_shoppe,The Vitamin Shoppe® Manchester ,1753 South Willow St ,Manchester,NH,,US,+1 603-625-1425,https://locations.vitaminshoppe.com/nh/manchester/vitamins-supplements-manchester-nh-456.html,Su 10:00-19:00; Mo 09:00-21:00; Tu 09:00-21:00; We 09:00-21:00; Th 09:00-21:00; Fr 09:00-21:00; Sa 09:00-20:00,The Vitamin Shoppe,Q7772938
https://www.walgreens.com/locator/walgreens-606+valley+st-manchester-nh-03103/id=4689,walgreens,Walgreens,,Manchester,NH,,US,+1 603-668-7924,https://www.walgreens.com/locator/walgreens-606+valley+st-manchester-nh-03103/id=4689,Mo-Su 08:00-22:00,Walgreens,Q1591889
https://locations.wendys.com/#9253834,wendys,"Wendy's Southwillow in Manchester, NH",,Manchester,NH,,US,+1 603-626-7075,https://locations.wendys.com/united-states/nh/manchester/675-south-willow-st,"Mo-Tu 11:00-22:00; We-Su 06:30-10:30,09:00-22:00",Wendy's,Q550258
c24a8a630aea6730319325e0cd6e2cbe,western_union,BANI MULTI SERVICE,,Manchester,NH,,US,+1 603-232-3197,https://location.westernunion.com/us/nh/manchester/c24a8a630aea6730319325e0cd6e2cbe,Mo-Su 10:00-19:00,Western Union,Q861042
fa29760cc44d7877d7038c91298516c0,western_union,BANI MULTI SERVICE,,Manchester,NH,,US,+1 603-232-3197,https://location.westernunion.com/us/nh/manchester/fa29760cc44d7877d7038c91298516c0,Mo-Su 10:00-19:00,Western Union,Q861042
787445a1cf946643c6b5679591a6e6d6,western_union,DOLLAR DELUXE ONE,,Manchester,NH,,US,+1 603-645-1155,https://location.westernunion.com/us/nh/manchester/787445a1cf946643c6b5679591a6e6d6,Mo-Su 07:00-24:00,Western Union,Q861042
eafb65c8d807a2a9620db258e9f9924d,western_union,EL PARCERO MULTI SERVICES LLC,,Manchester,NH,,US,+1 603-820-9922,https://location.westernunion.com/us/nh/manchester/eafb65c8d807a2a9620db258e9f9924d,Mo-Su 09:00-23:00,Western Union,Q861042
5b204a99117dea3573905472bd322047,western_union,EL PARCERO MULTI SERVICES LLC,,Manchester,NH,,US,+1 603-820-9922,https://location.westernunion.com/us/nh/manchester/5b204a99117dea3573905472bd322047,Mo-Su 09:00-20:00,Western Union,Q861042
139,windsor_us,The Mall Of New Hampshire,,Manchester,NH,,US,+1 603-782-4838,https://www.windsorstore.com/pages/nh-manchester-the-mall-of-new-hampshire,,Windsor,Q72981668
3937,xfinity,Xfinity,,Manchester,NH,,US,,https://www.xfinity.com/local/nh/manchester/1500-s-willow-street.html,Mo-Sa 09:00-20:00; Su 11:00-18:00,Xfinity,Q5151002
