Ref,Spider,Name,Address,City,State,Zipcode,Country,Phone,Website,Hours,Brand,WikiData
https://stores.advanceautoparts.com/wi/mount-pleasant/5534-washington-ave,advance_auto_parts_us,Advance Auto Parts,,Mount Pleasant,WI,,US,+1 262-884-6564,https://stores.advanceautoparts.com/wi/mount-pleasant/5534-washington-ave,Mo-Sa 07:30-21:00; Su 09:00-20:00,Advance Auto Parts,Q4686051
https://stores.aldi.us/#4420590,aldi_sud_us,ALDI  6925 Durand Avenue,,Racine,WI,,US,+1 877-464-7017,https://stores.aldi.us/wi/racine/6925-durand-avenue,Mo-Su 09:00-20:00,ALDI,Q41171672
1127 Prairie Drive,allied_universal,Allied Universal,,Racine,WI,,US,+1 262-884-4876,https://www.aus.com/milwaukee-security-systems-services,,Allied Universal,Q4732537
38910,asics_us,Rogan's Shoes - Racine,5415 Washington Ave,Mt Pleasant,WI,,US,+1 262-632-8281,,Mo-Fr 10:00-20:00; Sa 10:00-18:00; Su 11:00-17:00,asics,Q327247
59931,asics_us,Dunham's Sports,5600 Durand Ave,Racine,WI,,US,+1 262-554-0075,,,asics,Q327247
12089,asics_us,DICK'S Sporting Goods - Mt Pleasant,2710-B S Green Bay Rd,Mt Pleasant,WI,,US,+1 262-554-8117,,Mo-Sa 09:00-21:00; Su 10:00-19:00,asics,Q327247
62349,asics_us,Finish Line,5614 Durand Ave,Racine,WI,,US,+1 262-554-6114,,,asics,Q327247
https://locations.atipt.com/racine-wi,ati_physical_therapy,ATI Physical Therapy Racine 230,,Racine,WI,,US,+1 262-637-2470,https://locations.atipt.com/racine-wi,,ATI Physical Therapy,Q50039703
80483,att_us,RACINE,,Mt. Pleasant,WI,,US,+1 262-634-7152,https://www.att.com/stores/wisconsin/mt.-pleasant/80483,Mo-Fr 10:00-20:00; Sa 10:00-19:00; Su 10:00-18:00,AT&T,Q298594
https://locations.auntieannes.com/#6011,auntie_annes,Auntie Anne's Regency Mall,,Racine,WI,,US,+1 262-598-0440,https://locations.auntieannes.com/wi/racine/5538-durand-ave,Mo-Fr 10:00-21:00; Sa 10:00-20:00; Su 11:00-18:00,Auntie Anne's,Q4822010
https://www.avis.com/en/locations/us/wi/racine/rw2,avis,Avis U S A Racine,,Racine,WI,,US,+1 262-884-4403,https://www.avis.com/en/locations/us/wi/racine/rw2,Mo-Fr 08:00-17:00; Sa 08:00-13:00; Su 09:00-12:00,Avis,Q791136
https://locations.baskinrobbins.com/wi/racine/6026-washington-ave-341519-br,baskin_robbins_us,Baskin-Robbins™,,Racine,WI,,US,+1 262-884-0404,https://locations.baskinrobbins.com/wi/racine/6026-washington-ave-341519-br,Mo-Su 04:00-22:00,Baskin-Robbins,Q584601
BBW02759,bathandbodyworks_us,VILLAGE CENTER,,RACINE,WI,,US,+1 262-417-1756,,Mo-Sa 10:00-19:00; Su 10:00-18:00,Bath & Body Works,Q810773
https://stores.bestbuy.com/wi/racine/2710-s-green-bay-rd-29.html,bestbuy,Best Buy Racine,,Racine,WI,,US,+1 262-551-0074,https://stores.bestbuy.com/wi/racine/2710-s-green-bay-rd-29.html,,Best Buy,Q533415
https://local.biglots.com/#13190047,biglots,Big Lots - Mount Pleasant,,Mount Pleasant,WI,,US,+1 262-634-3705,https://local.biglots.com/wi/mount-pleasant/5415-washington-ave,Mo-Sa 09:00-21:00; Su 09:00-19:00,Big Lots,Q4905973
168229,bluerhino,Piggly Wiggly #037,,Racine,WI,,US,+1 262-886-0373,,,Blue Rhino,Q65681213
155826,bluerhino,Walgreens #9606,,Racine,WI,,US,+1 262-886-9643,,,Blue Rhino,Q65681213
169677,bluerhino,Pick N' Save #6856,,Racine,WI,,US,+1 262-884-8749,,,Blue Rhino,Q65681213
212090,bluerhino,Festival Foods- Mt Pleasant #18-2710,,Mt. Pleasant,WI,,US,+1 844-878-6949,,,Blue Rhino,Q65681213
154897,bluerhino,Walgreens #2927,,RACINE,WI,,US,+1 262-635-0181,,,Blue Rhino,Q65681213
73562,bluerhino,Speedway #4451,,Racine,WI,,US,+1 262-554-5004,,,Blue Rhino,Q65681213
169684,bluerhino,Pick N' Save #6891,,Mount Pleasant,WI,,US,+1 262-554-9630,,,Blue Rhino,Q65681213
155724,bluerhino,Walgreens #5417,,Racine,WI,,US,+1 262-554-6116,,,Blue Rhino,Q65681213
https://child-care-preschool.brighthorizons.com/WI/MtPleasant/atthey,brighthorizons,Bright Horizons at the Y,,Mount Pleasant,WI,,US,+1 262-898-4580,https://child-care-preschool.brighthorizons.com/wi/mtpleasant/atthey,Mo-Fr 06:30-17:30,Bright Horizons,Q4967421
25527,burgerking,Burger King,,Mount Pleasant,WI,,US,+1 262-770-4468,https://www.bk.com/store-locator/store/restaurant_81049,24/7,Burger King,Q177054
583,burlington_us,Burlington,,Racine,WI,,US,+1 262-598-9041,https://stores.burlington.com/wi/racine/583,Mo-Th 09:00-23:00; Fr-Sa 09:00-24:00; Su 09:00-22:00,Burlington,Q4999220
12377,cadillac,FRANK BOUCHER CADILLAC,,Racine,WI,,US,+1 262-264-6355,https://www.racinecadillac.com,Mo-Fr 09:00-20:00; Sa 09:00-17:00,Cadillac,Q27436
2038813,chase_us,Mount Pleasant - New branch - Newly renovated,,Racine,WI,,US,+1 262-631-5750,https://locator.chase.com/wi/racine/5815-21st-st,Mo-Fr 09:00-17:00; Sa 09:00-14:00,Chase,Q524629
47036,chevrolet,FRANK BOUCHER CHEVROLET,,Racine,WI,,US,+1 262-263-5037,https://www.frankboucherchevrolet.com,Mo-Fr 09:00-19:00; Sa 09:00-17:00,Chevrolet,Q29570
wi_mount-pleasant_5720-washington-ave,chipotle, ,,Mount Pleasant,WI,,US,+1 262-632-0985,https://locations.chipotle.com/wi/mount-pleasant/5720-washington-ave,,Chipotle,Q465751
https://locations.chuckecheese.com/us/wi/racine/5612-durand-ave.,chuckecheese,Chuck E. Cheese,,Racine,WI,,US,+1 262-554-9595,https://locations.chuckecheese.com/us/wi/racine/5612-durand-ave.,Mo-Th 11:00-21:00; Fr 11:00-22:00; Sa 10:00-22:00; Su 11:00-21:00,Chuck E. Cheese,Q2438391
82748,citi,ATM Target,,Racine,WI,,US,,,,Citibank,Q857063
92165,citi,ATM Walgreens,,Racine,WI,,US,,,,Citibank,Q857063
77420,citi,ATM Speedway,,Racine,WI,,US,,,,Citibank,Q857063
66455,citi,ATM NORTH SHORE BANK,,Racine,WI,,US,,,,Citibank,Q857063
66454,citi,ATM NORTH SHORE BANK,,Racine,WI,,US,,,,Citibank,Q857063
91371,citi,ATM Walgreens,,Racine,WI,,US,,,,Citibank,Q857063
35566,citi,ATM ASSOCIATED BANK,,Racine,WI,,US,,,,Citibank,Q857063
35567,citi,ATM ASSOCIATED BANK,,Racine,WI,,US,,,,Citibank,Q857063
72051,citi,ATM Racine Nails,,Racine,WI,,US,,,,Citibank,Q857063
78800,citi,ATM Speedway,,Racine,WI,,US,,,,Citibank,Q857063
62985,citi,ATM Kwik Trip #580-2,,Mt Pleasant,WI,,US,,,,Citibank,Q857063
62984,citi,ATM Kwik Trip #580-1,,Mt Pleasant,WI,,US,,,,Citibank,Q857063
91413,citi,ATM Walgreens,,Racine,WI,,US,,,,Citibank,Q857063
62407,citi,ATM Kwik Trip #134-2,,Mt Pleasant,WI,,US,,,,Citibank,Q857063
62406,citi,ATM Kwik Trip #134-1,,Mt Pleasant,WI,,US,,,,Citibank,Q857063
45475,citi,ATM COMMUNITY STATE BANK,,Racine,WI,,US,,,,Citibank,Q857063
1e595a28-f662-4a82-9cfa-c4c6addf72b0,concentra_us,Racine,,Racine,WI,,US,,https://www.concentra.com/urgent-care-centers/wisconsin/milwaukee/racine-urgent-care/,,Concentra,Q5158304
8316,cousins_subs_us,Racine - Regency West Dr.,,Racine,WI,,US,+1 262-554-1700,https://www.cousinssubs.com/order/cousins-subs-racine-regency-mall,,Cousins Subs,Q5178843
106,culvers_us,"Culver's of Racine, WI - 21st St",,Racine,WI,,US,+1 262-633-4170,http://www.culvers.com/restaurants/racine-21st,Mo-Fr 10:00-22:00; Su 10:00-22:00,Culver's,Q1143589
248082,dennys,Denny's,,Racine,WI,,US,+1 262-637-9170,https://locations.dennys.com/WI/RACINE/248082,Mo-Fr 00:00-24:00; Sa 06:00-02:00; Su 06:00-24:00,Denny's,Q1189695
9441,dollartree,DollarTree,,Mount Pleasant,WI,,US,+1 262-221-8279,,Mo-Sa 09:00-22:00; Su 10:00-21:00,Dollar Tree,Q5289230
2006,dominos_pizza_us,Domino's Pizza,,Racine,WI,,US,+1 262-637-7000,https://pizza.dominos.com/wisconsin/racine/5100-washington-ave,Mo-Th 10:00-01:00; Fr-Sa 10:00-03:00; Su 10:00-01:00,Domino's,Q839466
Regency Point Shopping Center,dsw,DSW,,Racine,WI,,US,+1 262-456-3334,https://stores.dsw.com/usa/wi/racine/dsw-designer-shoe-warehouse-regency-point-shopping-center.html,Mo-Fr 11:00-19:00; Sa 10:00-20:00; Su 11:00-18:00,Designer Shoe Warehouse,Q5206207
236,dunhams_sports_us,RACINE WI,,RACINE,WI,,US,+1 262-554-0075,https://www.dunhamssports.com/store-details?storeID=236,Mo-Sa 09:00-21:00; Su 10:00-19:00,Dunham's Sports,Q5315238
341519,dunkin_us,Dunkin',,Racine,WI,,US,+1 262-884-0404,https://locations.dunkindonuts.com/en/wi/racine/6026-washington-ave/341519,Mo-Su 04:00-22:00,Dunkin',Q847743
355410,dunkin_us,Dunkin',,Mount Pleasant,WI,,US,+1 414-216-7164,https://locations.dunkindonuts.com/en/wi/mount-pleasant/1215-n-greenbay-rd/355410,Mo-Sa 05:00-21:00; Su 05:00-20:00,Dunkin',Q847743
https://www.edwardjones.com/us-en/financial-advisor/chris-bloxdorf,edwardjones,Chris Bloxdorf,,Racine,WI,,US,+1 262-635-1857,https://www.edwardjones.com/us-en/financial-advisor/chris-bloxdorf,Mo-Th 08:00-16:00; Fr 08:00-15:00,Edward Jones,Q5343830
E14402,enterprise,Racine,,Racine,WI,,US,+1 262-634-2033,,,Enterprise Rent-A-Car,Q17085454
E1447T,enterprise,Racine Truck Rental,,Racine,WI,,US,+1 262-886-8290,,,Enterprise Rent-A-Car,Q17085454
200330547,exxonmobil,STUDEBAKERS MOBIL,,RACINE,WI,,US,+1 262-925-9515,https://www.exxon.com/en/find-station/mobil-racine-wi-studebakersmobil-200330547,Mo-Th 05:00-10:00; Fr-Sa 05:00-11:00; Su 05:00-10:00,Mobil,Q109676002
https://local.fedex.com/#25202793,fedex,,,Racine,WI,,US,+1 800-463-3339,https://local.fedex.com/en-us/wi/racine/tr1md,,FedEx,Q459477
https://local.fedex.com/#25198623,fedex,,,Racine,WI,,US,+1 800-463-3339,https://local.fedex.com/en-us/wi/racine/ti171,,FedEx,Q459477
https://local.fedex.com/#25206732,fedex,,,Racine,WI,,US,+1 800-463-3339,https://local.fedex.com/en-us/wi/racine/tci6v,,FedEx,Q459477
https://local.fedex.com/#25458369,fedex,,,Racine,WI,,US,+1 800-463-3339,https://local.fedex.com/en-us/wi/racine/00h6l,,FedEx,Q459477
2710,festival_foods_us,Mount Pleasant,,Mt. Pleasant,WI,,US,"[262-764-3582](+12627643582)
Click N Go: [262-202-4034](+12622024034)",https://www.festfoods.com/stores/mount-pleasant,"Mo-Su 06:00-22:00,08:00-21:00",Festival Foods,Q5445707
655260,firestone_auto_care,Firestone Complete Auto Care,,Racine,WI,,US,+1 262-672-4968,https://local.firestonecompleteautocare.com/wisconsin/racine/4920-washington-ave/,,Firestone,Q420837
https://locations.fivebelow.com/wi/racine/5630-washington-avenue,five_below,Five Below Village Center,,Racine,WI,,US,,https://locations.fivebelow.com/wi/racine/5630-washington-avenue,Mo-Sa 10:00-20:00; Su 11:00-18:00,Five Below,Q5455836
Motorcraft4212USAEnglish,ford,Porcaro Ford,,Wisconsin,WI,,US,+1 262-886-5200,,,Ford,Q44294
https://www.ford.com/dealerships/dealer-details/wi/racine/porcaro-ford/,ford_dealers_us,Porcaro Ford,,Racine,WI,,US,+1 262-398-2001,https://www.ford.com/dealerships/dealer-details/wi/racine/porcaro-ford/,Mo-Th 09:00-19:00; Fr 09:00-18:00; Sa 09:00-17:00,Ford Motor Company,Q44294
8715,fresenius_kidney_care_us,Fresenius Kidney Care Racine,,Mount Pleasant,WI,,US,+1 800-881-5101,https://www.freseniuskidneycare.com/dialysis-centers/wisconsin/8715,Mo 05:30-16:00; Tu-Sa 05:30-16:30,,
https://stores.gnc.com/#24058989,gnc,GNC Regency Mall,,,WI,,US,+1 262-554-9826,https://stores.gnc.com/all-stores-wisconsin/racine/5538-durand-ave,Mo-Sa 10:00-19:00; Su 11:00-18:00,GNC,Q4808595
https://salons.greatclips.com/us/wi/racine/2506-south-green-bay-road,greatclips,Great Clips,,Racine,WI,,US,+1 262-664-7168,https://salons.greatclips.com/us/wi/racine/2506-south-green-bay-road,Mo-Fr 10:00-19:00; Sa 08:00-17:00; Su 10:00-15:00,Great Clips,Q5598967
https://www.harborfreight.com/storelocator/2380-south-green-bay-road-racine-53406?number=358,harborfreight,"Harbor Freight Tools Racine, WI",,Racine,WI,,US,+1 262-554-5106,https://www.harborfreight.com/storelocator/2380-south-green-bay-road-racine-53406?number=358,Mo-Sa 08:00-20:00; Su 09:00-18:00,Harbor Freight Tools,Q5654601
46635,h_r_block,H&R Block,,Racine,WI,,US,+1 262-554-5225,https://www.hrblock.com/local-tax-offices/wisconsin/racine/regency-point-shopping-center/46635/,,H&R Block,Q5627799
wi_racine_breakfast-5800-durand-ave-5337,ihop,IHOP Breakfast Restaurants Near You at 5800 Durand Ave,,Racine,WI,,US,+1 262-583-1016,https://restaurants.ihop.com/en-us/wi/racine/breakfast-5800-durand-ave-5337,,IHOP,Q1185675
https://stores.jdsports.com/wi/racine/regency-mall.html,jdsports_us,JD Sports,,Racine,WI,,US,+1 262-554-6114,https://stores.jdsports.com/wi/racine/regency-mall.html,Mo-Th 11:00-19:00; Fr-Sa 11:00-20:00; Su 11:00-18:00,JD Sports,Q6108019
https://locations.jimmyjohns.com/wi/mt-pleasant/sandwiches-1055.html,jimmy_johns,Jimmy John's,,Mt. Pleasant,WI,,US,+1 262-632-1800,https://locations.jimmyjohns.com/wi/mt-pleasant/sandwiches-1055.html,,Jimmy John's,Q1689380
2468,joann_us,JOANN Fabric and Crafts,,Racine,WI,,US,+1 262-554-0195,https://stores.joann.com/wi/racine/2468/,Mo-Sa 09:00-21:00; Su 10:00-18:00,JOANN,Q6203968
https://locations.kfc.com/#11248098,kfc,Chicken Nuggets Near Racine,,Racine,WI,,US,,https://locations.kfc.com/wi/racine/2090-s-green-bay-road/chickennugget,Mo-Su 11:00-21:00,KFC,Q524757
175,kohls_us,Kohl's,,Mount Pleasant,WI,,US,+1 262-632-2101,https://www.kohls.com/stores/wi/mountpleasant-175.shtml,Mo-Sa 09:00-22:00; Su 09:00-21:00,Kohl's,Q967265
MKEDE,marriott,Delta Hotels Racine,,Racine,WI,,US,+1 262-886-6100,https://www.marriott.com/MKEDE,,Delta Hotels,Q5254663
MKERA,marriott,Fairfield Inn Racine,,Racine,WI,,US,+1 262-886-5000,https://www.marriott.com/MKERA,,Fairfield by Marriott,Q5430314
18487,mattress_firm_us,Mattress Firm Racine,,Racine,WI,,US,+1 262-634-0131,https://www.mattressfirm.com/en-us/stores/wi/racine/059098/,,Mattress Firm,Q6791878
https://locations.noodles.com/wi/mount-pleasant/5720-washington-ave.html,noodles_and_company_us,Noodles & Company Mt. Pleasant,,Mount Pleasant,WI,,US,+1 262-633-2600,https://locations.noodles.com/wi/mount-pleasant/5720-washington-ave.html,Mo-We 10:30-21:00; Th-Sa 10:30-22:00; Su 10:30-21:00,Noodles and Company,Q7049673
112536,pandaexpress,Washington & Green Bay,,Racine,WI,,US,+1 262-632-3472,https://www.pandaexpress.com/locations/wi/racine/5417-washington-ave,Mo-Th 10:00-21:30; Fr-Sa 10:00-22:00; Su 10:00-21:30,Panda Express,Q1358690
5154,party_city,Regency Mall,,Racine,WI,,US,+1 262-456-3039,https://stores.partycity.com/us/wi/racine/party-store-pc5154.html,,Party City,Q7140896
72130,petland_us,Petland of Racine,"2310 S Green Bay Rd, Ste J",Racine,WI,,US,+1 262-598-1201,https://www.petlandracine.com/,,Petland,Q17111474
468,piggly_wiggly_us,Piggly Wiggly,,Racine,WI,,US,+1 262-619-3230,https://www.shopthepig.com/,,Piggly Wiggly,Q3388303
391,piggly_wiggly_us,Piggly Wiggly,,Racine,WI,,US,+1 262-886-0373,https://www.shopthepig.com/,,Piggly Wiggly,Q3388303
wi_racine_5000-washington-ave,pizza_hut_us,5000 Washington Ave,,Racine,WI,,US,+1 262-633-5471,https://locations.pizzahut.com/wi/racine/5000-washington-ave,,Pizza Hut,Q191615
restaurant_85336,popeyes_us_fr,Popeyes,"5550 Durand Avenue Racine, Wisconsin 53406 - USA",Racine,WI,,US,+1 262-672-6806,https://www.popeyes.com/store-locator/store/restaurant_85336,Mo-We 10:00-23:00; Th-Sa 10:00-00:00; Su 10:00-23:00,Popeyes,Q1330910
137061,potbelly_sandwich,Racine - Drive Thru,,Mount Pleasant,WI,,US,+1 262-833-0330,,Mo-Su 09:00-21:00,Potbelly Sandwich Shop,Q7234777
home-depot-4926-13589,ppgpaints,HOME DEPOT 4926,,"Racine, ",WI,,US,+1 262-633-0643,https://www.ppgpaints.com/store-locator/us/wisconsin/racine-paint-stores/home-depot-4926-13589,,PPG Paints,Q83891559
https://www.publicstorage.com/self-storage-wi-racine/5759.html,public_storage_us,Public Storage,,Racine,WI,,US,+1 224-292-6659,https://www.publicstorage.com/self-storage-wi-racine/5759.html,,Public Storage,Q1156045
https://locations.qdoba.com/us/wi/mount-pleasant/6035-w-durand-ave.html,qdoba,QDOBA Racine – Across from Regency Mall,,Mount Pleasant,WI,,US,+1 262-598-9277,https://locations.qdoba.com/us/wi/mount-pleasant/6035-w-durand-ave.html,Mo-Su 10:30-22:00,Qdoba,Q1363885
1894,ross_dress_for_less_us,Racine,,Racine,WI,,US,+1 262-554-0134,,Mo-Th 10:00-21:00; Fr-Sa 09:00-21:00; Su 10:00-21:00,Ross Dress for Less,Q3442791
1067,scooters_coffee_us,Washington Ave & Prairie Dr,,Mt. Pleasant,WI,,US,+1 262-583-0234,,Mo-Fr 05:30-20:00; Sa 06:00-20:00; Su 07:00-19:00,Scooter's Coffee,Q117280308
027,shopko,Shopko Optical Racine,,Mount Pleasant,WI,,US,+1 262-637-3733,https://www.shopko.com/eye-care/wi/mount-pleasant/store-027/,Mo-Fr 09:00-19:00; Sa 09:00-15:00,Shopko Optical,Q109228833
https://restaurants.subway.com/#14915049,subway,Subway,,Racine Racine,WI,,US,+1 262-886-9585,https://restaurants.subway.com/united-states/wi/racine/6050-washington-avenue,Mo-Fr 08:00-21:30; Sa 09:00-21:30; Su 10:00-21:00,Subway,Q244457
https://restaurants.subway.com/#14898956,subway,Subway,,Mount Pleasant Racine,WI,,US,+1 262-554-9935,https://restaurants.subway.com/united-states/wi/mount-pleasant/6035-durand-avenue,Mo-Fr 09:30-20:30; Sa-Su 10:00-20:00,Subway,Q244457
82442,supercuts,Racine,5360 Washington Ave,Racine,WI,,US,+1 262-634-7630,https://www.supercuts.com/checkin/82442,Mo-Th 09:00-19:00; Fr 09:00-18:00; Sa 09:00-17:00; Su 10:00-16:00,Supercuts,Q7643239
https://locations.tacobell.com/#6142982,taco_bell,Taco Bell,,Racine,WI,,US,+1 262-886-3231,https://locations.tacobell.com/wi/racine/5620-washington-ave.html,Mo-Su 11:00-19:00,Taco Bell,Q752941
https://locations.tacobell.com/#6144549,taco_bell,Taco Bell,,Racine,WI,,US,+1 262-554-6300,https://locations.tacobell.com/wi/racine/2825-s-green-bay-rd.html,Mo-Su 08:00-02:00,Taco Bell,Q752941
08143,tjx,Racine,2308 S. Greenbay Road,Racine,WI,,US,+1 262-598-0485,,Mo-Sa 09:30-21:30; Su 10:00-20:00,TJ Maxx,Q10860683
3SAE,tmobile_us,S Green Bay Rd & Regency West Dr,,Racine,WI,,US,+1 262-554-7139,https://www.t-mobile.com/store-locator/wi/racine/s-green-bay-rd-regency-west-dr,,T-Mobile,Q3511885
100216,two_men_and_truck,Racine,7886 Washington Avenue,Racine,WI,,US,+1 262-619-9200,https://twomenandatruck.com/movers/wi/racine,,Two Men and a Truck,Q7859087
1761,upsstore,Racine,2310 S Green Bay Rd Ste C,Racine,WI,,US,+1 262-554-7337,https://locations.theupsstore.com/wi/racine/2310-s-green-bay-rd,,UPS Store,Q7771029
1438405,usps,WEST RACINE,,RACINE,WI,,US,+1 262-632-1008,,Mo-Fr 09:00-18:00; Sa 09:00-16:00,United States Postal Service,Q668687
5340600030,usps_collection_boxes,USPS COLLECTION BOX - BLUE BOX,5600 SPRING ST,MOUNT PLEASANT,WI,,US,,,,United States Postal Service,Q668687
5340600006,usps_collection_boxes,USPS COLLECTION BOX - APC,1300 PERRY AVE,MOUNT PLEASANT,WI,,US,,,,United States Postal Service,Q668687
5340600020,usps_collection_boxes,USPS COLLECTION BOX - PO LOBBY,1300 PERRY AVE,MOUNT PLEASANT,WI,,US,,,,United States Postal Service,Q668687
5340600021,usps_collection_boxes,USPS COLLECTION BOX - BLUE BOX,1300 PERRY AVE,MOUNT PLEASANT,WI,,US,,,,United States Postal Service,Q668687
5340600022,usps_collection_boxes,USPS COLLECTION BOX - BLUE BOX,1300 PERRY AVE,MOUNT PLEASANT,WI,,US,,,,United States Postal Service,Q668687
5340600024,usps_collection_boxes,USPS COLLECTION BOX - PO LOBBY,1300 PERRY AVE,MOUNT PLEASANT,WI,,US,,,,United States Postal Service,Q668687
5340600023,usps_collection_boxes,USPS COLLECTION BOX - BLUE BOX,1300 PERRY AVE,MOUNT PLEASANT,WI,,US,,,,United States Postal Service,Q668687
5340600038,usps_collection_boxes,USPS COLLECTION BOX - PO LOBBY,1300 PERRY AVE,MOUNT PLEASANT,WI,,US,,,,United States Postal Service,Q668687
5340600010,usps_collection_boxes,USPS COLLECTION BOX - BLUE BOX,6218 WASHINGTON AVE,MOUNT PLEASANT,WI,,US,,,,United States Postal Service,Q668687
5340600028,usps_collection_boxes,USPS COLLECTION BOX - BLUE BOX,6949 MARINER DR,MOUNT PLEASANT,WI,,US,,,,United States Postal Service,Q668687
5340600026,usps_collection_boxes,USPS COLLECTION BOX - BLUE BOX,6021 DURAND AVE,MOUNT PLEASANT,WI,,US,,,,United States Postal Service,Q668687
racine_oil-change-gr0058,valvoline_instant_oil_change,Valvoline,5920 21st Street ,Racine,WI,,US,+1 262-553-1344,https://store.vioc.com/wi/racine/oil-change-gr0058.html,,Valvoline Instant Oil Change,Q7912852
R00000002673,verizon_us,Racine,,Mount Pleasant,WI,,US,+1 262-598-0585,https://www.verizon.com/stores/details/wisconsin/mount-pleasant/racine-285518/,Mo-Sa 10:00-19:00; Su 10:00-17:00,Verizon,Q919641
,visa,,,RACINE,WI,,US,,,,,
,visa,,,RACINE,WI,,US,,,,,
,visa,,,RACINE,WI,,US,,,,,
,visa,,,RACINE,WI,,US,,,,,
,visa,,,RACINE,WI,,US,,,,,
,visa,,,RACINE,WI,,US,,,,,
,visa,,,RACINE,WI,,US,,,,,
,visa,,,MOUNT PLEASANT,WI,,US,,,,,
,visa,,,RACINE,WI,,US,,,,,
,visa,,,RACINE,WI,,US,,,,,
,visa,,,RACINE,WI,,US,,,,,
,visa,,,RACINE,WI,,US,,,,,
,visa,,,RACINE,WI,,US,,,,,
,visa,,,RACINE,WI,,US,,,,,
,visa,,,PLEASANT,WI,,US,,,,,
,visa,,,RACINE,WI,,US,,,,,
,visa,,,RACINE,WI,,US,,,,,
,visa,,,RACINE,WI,,US,,,,,
,visa,,,RACINE,WI,,US,,,,,
,visa,,,RACINE,WI,,US,,,,,
,visa,,,RACINE,WI,,US,,,,,
,visa,,,MOUNT PLEASANT,WI,,US,,,,,
,visa,,,RACINE,WI,,US,,,,,
,visa,,,RACINE,WI,,US,,,,,
,visa,,,RACINE,WI,,US,,,,,
,visa,,,RACINE,WI,,US,,,,,
,visa,,,RACINE,WI,,US,,,,,
,visa,,,RACINE,WI,,US,,,,,
,visa,,,RACINE,WI,,US,,,,,
,visa,,,RACINE,WI,,US,,,,,
,visa,,,RACINE,WI,,US,,,,,
,visa,,,RACINE,WI,,US,,,,,
,visa,,,RACINE,WI,,US,,,,,
,visa,,,RACINE,WI,,US,,,,,
,visa,,,RACINE,WI,,US,,,,,
,visa,,,RACINE,WI,,US,,,,,
,visa,,,RACINE,WI,,US,,,,,
,visa,,,MT PLEASANT,WI,,US,,,,,
,visa,,,RACINE,WI,,US,,,,,
,visa,,,RACINE,WI,,US,,,,,
,visa,,,RACINE,WI,,US,,,,,
,visa,,,RACINE,WI,,US,,,,,
,visa,,,RACINE,WI,,US,,,,,
,visa,,,RACINE,WI,,US,,,,,
,visa,,,RACINE,WI,,US,,,,,
,visa,,,MOUNT PLEASANT,WI,,US,,,,,
,visa,,,RACINE,WI,,US,,,,,
,visa,,,RACINE,WI,,US,,,,,
,visa,,,RACINE,WI,,US,,,,,
,visa,,,RACINE,WI,,US,,,,,
https://www.walgreens.com/locator/walgreens-6125+durand+ave-mount+pleasant-wi-53406/id=5417,walgreens,Walgreens,,Mount Pleasant,WI,,US,+1 262-554-6116,https://www.walgreens.com/locator/walgreens-6125+durand+ave-mount+pleasant-wi-53406/id=5417,Mo-Su 07:00-22:00,Walgreens,Q1591889
https://www.walgreens.com/locator/walgreens-4810+washington+ave-racine-wi-53406/id=2927,walgreens,Walgreens,,Racine,WI,,US,+1 262-635-0181,https://www.walgreens.com/locator/walgreens-4810+washington+ave-racine-wi-53406/id=2927,24/7,Walgreens,Q1591889
https://www.walgreens.com/locator/walgreens-4901+spring+st-mount+pleasant-wi-53406/id=9606,walgreens,Walgreens,,Mount Pleasant,WI,,US,+1 262-886-9643,https://www.walgreens.com/locator/walgreens-4901+spring+st-mount+pleasant-wi-53406/id=9606,Mo-Fr 07:00-23:00; Sa-Su 07:00-22:00,Walgreens,Q1591889
6005__DURAND__AVE_RACINE_WI_53406,wellsfargo,Wells Fargo,6005 DURAND AVE,RACINE,WI,,US,+1 262-554-4558,https://www.wellsfargo.com/locator/bank/6005__DURAND__AVE_RACINE_WI_53406/,Mo-Fr 09:00-17:00,Wells Fargo,Q744149
https://locations.wendys.com/#9255130,wendys,"Wendy's Racine in Racine, WI",,Racine,WI,,US,+1 262-634-8373,https://locations.wendys.com/united-states/wi/racine/4910-washington-avenue,"Mo-Su 06:30-10:30,07:00-22:00",Wendy's,Q550258
26c114f2694bccf4c851ee272f53e268,western_union,WALMART #005695,,Mount Pleasant,WI,,US,+1 262-504-2048,https://location.westernunion.com/us/wi/mount-pleasant/26c114f2694bccf4c851ee272f53e268,Mo-Su 07:00-21:00,Western Union,Q861042
9180,wingstop,Wingstop Racine Washington Ave,5400 Washington Ave,Racine,WI,,US,+1 262-770-4280,,,Wingstop,Q8025339
racine-family-ymca,ymca,Racine Family YMCA,8501 Campus Dr,Mt Pleasant,WI,,US,+1 262-634-1994,https://www.ymca.org/locations/racine-family-ymca,,YMCA,Q157169
sealed-air-family-ymca,ymca,Sealed Air Family YMCA,8501 campus Dr,Mt. Pleasant,WI,,US,+1 262-634-1994,https://www.ymca.org/locations/sealed-air-family-ymca,Mo-Fr 05:00-21:00; Sa 06:00-16:00; Su 06:00-14:00,YMCA,Q157169
