Ref,Spider,Name,Address,City,State,Zipcode,Country,Phone,Website,Hours,Brand,WikiData
774,aaa,Daly City,,Daly City,CA,,US,+1 650-301-1400,,,American Automobile Association,Q463436
https://storelocations.ae.com/#29026000,american_eagle_outfitters,Aerie & OFFLINE Store Serramonte Center,,Daly City,CA,,US,+1 415-570-0648,https://storelocations.ae.com/us/ca/daly-city/3-serramonte-center.html,Mo-Sa 10:00-21:00; Su 11:00-19:00,Aerie & OFFLINE Store,Q2842931
12257,asics_us,DICK's Sporting Goods - Daly City ,64 Serramonte Center,Daly City,CA,,US,+1 415-325-4109,,Mo-Sa 09:00-21:00; Su 10:00-19:00,asics,Q327247
159954,asics_us,Macy's / Finish Line,1 Serramonte Center,Daly City,CA,,US,+1 650-994-3333,,,asics,Q327247
116535,att_us,DALY CITY - GELLERT MARKETPLACE,,Daly City,CA,,US,+1 650-757-7990,https://www.att.com/stores/california/daly-city/116535,Mo-Sa 10:00-20:00; Su 10:00-18:00,AT&T,Q298594
https://locations.auntieannes.com/#7085,auntie_annes,Auntie Anne's Serramonte Shopping Center,,Daly City,CA,,US,+1 650-757-8716,https://locations.auntieannes.com/ca/daly-city/32-serramonte-shopping-center-a,Mo-Th 11:00-20:00; Fr-Sa 11:00-21:00; Su 11:00-19:00,Auntie Anne's,Q4822010
https://locations.auntieannes.com/#5532197292562059587,auntie_annes,Auntie Anne's Serramonte Center,,Daly City,CA,,US,+1 650-757-8716,https://locations.auntieannes.com/ca/daly-city/3-serramonte-center,Mo-Su 10:00-19:00,Auntie Anne's,Q4822010
https://www.banfield.com/locations/veterinarians/ca/daly-city/dly,banfield_pet_hospital,Daly City,,Daly City,CA,,US,+1 650-758-4915,https://www.banfield.com/locations/veterinarians/ca/daly-city/dly,Mo-Sa 07:00-19:00; Su 08:00-18:00,Banfield Pet Hospital,Q2882416
https://locators.bankofamerica.com/ca/dalycity/financial-centers-daly-city-9270.html,bankofamerica,Bank of America Financial Center & Drive-Thru ATM | Serramonte Plaza,,Daly City,CA,,US,+1 650-758-3334,https://locators.bankofamerica.com/ca/dalycity/financial-centers-daly-city-9270.html,Mo-Fr 09:00-17:00; Sa 09:00-16:00,Bank of America,Q487907
https://locators.bankofamerica.com/ca/dalycity/financial-centers-daly-city-15749.html,bankofamerica,Bank of America Financial Center & Walk-Up ATM | Westlake,,Daly City,CA,,US,+1 650-994-4930,https://locators.bankofamerica.com/ca/dalycity/financial-centers-daly-city-15749.html,Mo-Fr 10:00-16:00,Bank of America,Q487907
https://locators.bankofamerica.com/ca/dalycity/atm-daly-city-105063.html,bankofamerica,Bank of America Walk-Up ATM | Serramonte Center - Mervyns Court,,Daly City,CA,,US,+1 844-401-8500,https://locators.bankofamerica.com/ca/dalycity/atm-daly-city-105063.html,,Bank of America,Q487907
https://locations.baskinrobbins.com/ca/daly-city/310-westlake-center-361048-br,baskin_robbins_us,Baskin-Robbins™,,Daly City,CA,,US,+1 650-992-5734,https://locations.baskinrobbins.com/ca/daly-city/310-westlake-center-361048-br,Mo-Th 11:00-21:00; Fr-Sa 11:00-22:00; Su 11:00-21:00,Baskin-Robbins,Q584601
1134607,bassett_furniture,Bassett Home Furnishings,,Daly City,CA,,US,+1 650-608-0220,https://stores.bassettfurniture.com/ca/daly-city/1134607,Mo-Su 11:00-18:00,Bassett Furniture,Q4868109
BBW00924,bathandbodyworks_us,SERRAMONTE CENTER,,DALY CITY,CA,,US,+1 650-757-6435,,Mo-Sa 10:00-21:00; Su 11:00-19:00,Bath & Body Works,Q810773
160903,bluerhino,Double AA #160903,,Daly City,CA,,US,+1 650-992-2500,,,Blue Rhino,Q65681213
190792,bluerhino,Speedway #4976,,Daly City,CA,,US,+1 650-301-5012,,,Blue Rhino,Q65681213
182,burlington_us,Burlington,,Daly City,CA,,US,+1 650-997-0733,https://stores.burlington.com/ca/daly-city/182,Mo-Sa 09:00-23:00; Su 09:00-22:00,Burlington,Q4999220
2041267,chase_us,Southgate - New branch,,Daly City,CA,,US,+1 650-301-1700,https://locator.chase.com/ca/daly-city/5-southgate-ave,Mo-Fr 09:00-17:00; Sa 09:00-14:00,Chase,Q524629
2041294,chase_us,Gellert Blvd - New branch,,Daly City,CA,,US,+1 650-994-2903,https://locator.chase.com/ca/daly-city/326-gellert-blvd,Mo-Fr 09:00-17:00; Sa 09:00-14:00,Chase,Q524629
2041293,chase_us,Junipero Serra - New branch,,Daly City,CA,,US,+1 650-991-9122,https://locator.chase.com/ca/daly-city/2800-junipero-serra-blvd,Mo-Fr 09:00-17:00; Sa 09:00-14:00,Chase,Q524629
ca_daly-city_213-westlake-ctr,chipotle, ,,Daly City,CA,,US,+1 650-757-4587,https://locations.chipotle.com/ca/daly-city/213-westlake-ctr,,Chipotle,Q465751
ca-daly-city/cinemark-century-daly-city-20-xd-and-imax,cinemark,Cinemark Century Daly City 20 XD and IMAX,,Daly City,CA,,US,+1 650-994-2488,https://www.cinemark.com/theatres/ca-daly-city/cinemark-century-daly-city-20-xd-and-imax,,Cinemark,Q707530
54259,citi,ATM EAST WEST BANK,,Daly City,CA,,US,,,,Citibank,Q857063
81315,citi,ATM Target,,Daly,CA,,US,,,,Citibank,Q857063
88956,citi,ATM Walgreens,,Daly City,CA,,US,,,,Citibank,Q857063
39839,citi,ATM Chevron,,Daly City,CA,,US,,,,Citibank,Q857063
28626,citi,ATM 7ELEVEN-FCTI,,Daly City,CA,,US,,,,Citibank,Q857063
47780,citi,ATM CVS,,Daly City,CA,,US,,,,Citibank,Q857063
81582,citi,ATM Target,,Daly City,CA,,US,,,,Citibank,Q857063
78477,citi,ATM Speedway,,Daly City,CA,,US,,,,Citibank,Q857063
500,citi,Serramonte,,Daly City,CA,,US,+1 800-627-3999,,,Citibank,Q857063
24662,citi,ATM 7ELEVEN-FCTI,,Daly City,CA,,US,,,,Citibank,Q857063
50652,citi,ATM CVS,,Daly City,CA,,US,,,,Citibank,Q857063
39760,citi,ATM Chevron,,Daly City,CA,,US,,,,Citibank,Q857063
dalycity/6154,claires,Shop Ear Piercings & Jewelry at Serramonte Center,,DALY CITY,CA,,US,+1 650-994-6504,https://stores.claires.com/us/ca/dalycity/6154.html,Mo-Sa 10:00-21:00; Su 11:00-19:00,Claire's,Q2974996
ca_daly-city_150-serramonte-center,costplus_worldmarket,World Market Serramonte Center,,Daly City,CA,,US,+1 415-840-0585,https://stores.worldmarket.com/ca/daly-city/150-serramonte-center.html,Mo-Sa 10:00-20:00; Su 11:00-18:00,Cost Plus World Market,Q5174750
14175118,cricket_wireless,Cricket Wireless Authorized Retailer,,Daly City,CA,,US,+1 415-769-5636,https://www.cricketwireless.com/stores/ll/US/CA/Daly-City/250-Skyline-Plz,Mo-Su 11:00-17:00,Cricket Wireless,Q5184987
80221127,cricket_wireless,Cricket Wireless Authorized Retailer,,Daly City,CA,,US,+1 415-728-7384,https://www.cricketwireless.com/stores/ll/US/CA/Daly-City/3-Serramonte-Ctr,Mo-Th 10:00-20:00; Fr-Sa 10:00-21:00; Su 12:00-19:00,Cricket Wireless,Q5184987
33,crunch_fitness,Crunch Fitness,,Daly City,CA,,US,+1 650-684-1234,https://www.crunch.com/locations/daly-city,,Crunch Fitness,Q5190093
10165,cvs_us,CVS Pharmacy,,Daly City,CA,,US,+1 650-992-2521,https://www.cvs.com/store-locator/daly-city-ca-pharmacies/135-pierce-st-daly-city-ca-94015/storeid=10165,Mo-Sa 07:00-23:00; Su 08:00-21:00,CVS Pharmacy,Q2078880
9752,cvs_us,CVS Pharmacy,,Daly City,CA,,US,+1 650-994-0752,https://www.cvs.com/store-locator/daly-city-ca-pharmacies/375-gellert-blvd-daly-city-ca-94015/storeid=9752,Mo-Sa 08:00-22:00; Su 08:00-20:00,CVS Pharmacy,Q2078880
16746,cvs_us,CVS Pharmacy,,Daly City,CA,,US,+1 650-755-4668,https://www.cvs.com/store-locator/daly-city-ca-pharmacies/133-serramonte-ctr-daly-city-ca-94015/storeid=16746,"Mo-Sa 10:00-13:30,14:00-18:00; Su 11:00-13:30,14:00-17:00",CVS Pharmacy,Q2078880
12553581,daiso_us,Serramonte,,Daly City,CA,,US,+1 650-992-7462,,Mo-Fr 10:00-19:45; Sa 10:00-20:30; Su 10:00-18:45,Daiso Japan,Q866991
1092,dickssportinggoods,"DICK'S Sporting Goods Store in Daly City, CA | 1092",,Daly City,CA,,US,+1 415-325-4109,https://stores.dickssportinggoods.com/ca/daly-city/1092/,Mo-Sa 09:00-21:00; Su 10:00-19:00,Dick's Sporting Goods,Q5272601
7935,dominos_pizza_us,Domino's Pizza,,Daly City,CA,,US,+1 650-994-9440,https://pizza.dominos.com/california/daly-city/2408-junipero-serra-blvd,Mo-Th 10:30-24:00; Fr-Sa 10:30-01:00; Su 10:30-24:00,Domino's,Q839466
0134,european_wax_center_us,European Wax Center,,Daly City,CA,,US,+1 650-991-9900,https://locations.waxcenter.com/ca/dalycity/daly-city-0134.html,Mo-Fr 08:30-21:00; Sa-Su 09:00-17:00,European Wax Center,Q5413426
200324031,exxonmobil,TRITON GAS,,DALY CITY,CA,,US,+1 650-755-2000,https://www.exxon.com/en/find-station/exxon-dalycity-ca-tritongas-200324031,24/7,Exxon,Q109675651
https://www.fitness19.com/centers/daly-city/,fitness19_us,Fitness 19,,Daly City,CA,,US,+1 650-757-1919,https://www.fitness19.com/centers/daly-city/,,Fitness 19,Q121787953
https://stores.footlocker.com/ca/dalycity/8-b-serramonte-center-7372.html,footlocker,"Foot Locker in Daly City: Daly City, California | Approved | Own It",,Daly City,CA,,US,+1 650-994-8161,https://stores.footlocker.com/ca/dalycity/8-b-serramonte-center-7372.html,Mo-Sa 10:00-21:00; Su 11:00-19:00,Foot Locker,Q63335
https://stores.gnc.com/#91202483,gnc,GNC SERRAMONTE CENTER,,,CA,,US,+1 209-227-3780,https://stores.gnc.com/all-stores-california/daly-city/45-d-serramonte-center,Mo-Sa 10:00-21:00; Su 11:00-19:00,GNC,Q4808595
https://stores.gnc.com/#24059089,gnc,GNC Westlake Shopping Center,,,CA,,US,+1 650-992-8557,https://stores.gnc.com/all-stores-california/daly-city/200-west-lake-center,Mo-Sa 10:00-19:00; Su 11:00-18:00,GNC,Q4808595
https://www.habitburger.com/locations/daly-city/,habit_burger,The Habit Burger Grill,,Daly City,CA,,US,+1 650-301-5034,https://www.habitburger.com/locations/daly-city/,Mo-Tu 10:00-22:30; We-Fr 10:00-23:00; Sa-Su 10:00-22:30,The Habit Burger Grill,Q18158741
US0223,hm,Serramonte Center,,Daly City,CA,,US,+1 855-466-7467,,Mo-Sa 11:00-20:00; Su 12:00-19:00,H&M,Q188326
3636,h_r_block,H&R Block,,Daly City,CA,,US,+1 650-992-8081,https://www.hrblock.com/local-tax-offices/california/daly-city/westlake-shopping-center/3636/,,H&R Block,Q5627799
ca_daly-city_breakfast-2398-junipero-serra-blvd-1709,ihop,IHOP Breakfast Restaurants Near You at 2398 Junipero Serra Blvd,,Daly City,CA,,US,+1 650-992-8887,https://restaurants.ihop.com/en-us/ca/daly-city/breakfast-2398-junipero-serra-blvd-1709,,IHOP,Q1185675
117,ikes,Daly City,,Daly City,CA,,US,+1 650-993-4755,https://locations.ikessandwich.com/ca/dalycity/117/,,Ike's Love & Sandwiches,Q112028897
159,innout,Daly City,,Daly City,CA,,US,,http://locations.in-n-out.com/159,,In-N-Out Burger,Q1205312
326,innout,Daly City,,Daly City,CA,,US,,http://locations.in-n-out.com/326,,In-N-Out Burger,Q1205312
https://office.jacksonhewitt.com/#27577916,jackson_hewitt,Jackson Hewitt,,Daly City,CA,,US,+1 650-997-4842,https://office.jacksonhewitt.com/tax-preparation-services-locations/en/ca/daly-city/318-westlake-center/16242,Mo-Fr 10:00-20:00; Sa 10:00-18:00; Su 11:00-17:00,Jackson Hewitt,Q6117132
https://locations.jamba.com/#745-Jamba,jambajuice,Jamba Westlake Shopping Center,,Daly City,CA,,US,+1 650-997-3076,https://locations.jamba.com/ca/daly-city/340-westlake-center,Mo-Fr 07:30-20:30; Sa 08:00-20:30; Su 08:00-20:00,Jamba Juice,Q3088784
https://locations.jamba.com/#699-Jamba,jambajuice,Jamba Serramonte Center,,Daly City,CA,,US,+1 650-992-2610,https://locations.jamba.com/ca/daly-city/127-j-serramonte-center,Mo-Fr 08:00-20:00; Sa 08:30-20:00; Su 08:30-19:30,Jamba Juice,Q3088784
https://stores.jdsports.com/ca/dalycity/serramonte.html,jdsports_us,JD Sports,,Daly City,CA,,US,+1 415-528-3711,https://stores.jdsports.com/ca/dalycity/serramonte.html,Mo-Sa 10:00-21:00; Su 11:00-19:00,JD Sports,Q6108019
2533,joann_us,JOANN Fabric and Crafts,,Daly City,CA,,US,+1 650-758-6510,https://stores.joann.com/ca/daly-city/2533/,Mo-Sa 09:00-21:00; Su 10:00-18:00,JOANN,Q6203968
https://healthy.kaiserpermanente.org/northern-california/facilities/st-francis-heights-convalescent-hospital-328819,kaiser_permanente_us,St. Francis Heights Convalescent Hospital,,Daly City,CA,,US,+1 650-755-9515,https://healthy.kaiserpermanente.org/northern-california/facilities/st-francis-heights-convalescent-hospital-328819,,Kaiser Permanente,Q1721601
https://healthy.kaiserpermanente.org/northern-california/facilities/davita-daly-city-dialysis-339961,kaiser_permanente_us,DaVita Daly City Dialysis,,Daly City,CA,,US,+1 866-544-6741,https://healthy.kaiserpermanente.org/northern-california/facilities/davita-daly-city-dialysis-339961,,Kaiser Permanente,Q1721601
https://healthy.kaiserpermanente.org/northern-california/facilities/daly-city-medical-offices-100374,kaiser_permanente_us,Daly City Medical Offices,,Daly City,CA,,US,+1 650-301-5860,https://healthy.kaiserpermanente.org/northern-california/facilities/daly-city-medical-offices-100374,,Kaiser Permanente,Q1721601
https://healthy.kaiserpermanente.org/northern-california/facilities/ahmc-seton-medical-center-434003,kaiser_permanente_us,AHMC Seton Medical Center,,Daly City,CA,,US,+1 650-992-4000,https://healthy.kaiserpermanente.org/northern-california/facilities/ahmc-seton-medical-center-434003,,Kaiser Permanente,Q1721601
https://locations.kfc.com/#11247236,kfc,Chicken Nuggets Near Daly City,,Daly City,CA,,US,,https://locations.kfc.com/ca/daly-city/287-westmoor-ave/chickennugget,Mo-Su 10:00-24:00,KFC,Q524757
https://local.lenscrafters.com/ca/daly-city/1-serramonte-dr.html,lenscrafters,LensCrafters,,Daly City,CA,,US,+1 650-992-2973,https://local.lenscrafters.com/ca/daly-city/1-serramonte-dr.html,Mo-Sa 10:00-21:00; Su 11:00-19:00,LensCrafters,Q6523209
119005,little_free_library,Skyline Blue Book Box #119005 Daly City CA,,Daly City,CA,,US,,,,Little Free Library,Q6650101
122663,little_free_library,Sophia’s Little Library #122663 Daly City CA,,Daly City,CA,,US,,,,Little Free Library,Q6650101
119440,little_free_library,Webster Elementary Little Library #119440 Daly City CA,,Daly City,CA,,US,,,,Little Free Library,Q6650101
140372,little_free_library,Little Free Children's Library #140372 Daly City CA,,Daly City,CA,,US,,,,Little Free Library,Q6650101
https://locations.massageenvy.com/#1773712,massage_envy,Massage Envy Daly City,,Daly City,CA,,US,+1 650-757-3689,https://locations.massageenvy.com/california/daly-city/239-lake-merced-blvd.html,Mo-Su 10:00-19:00,Massage Envy,Q10327170
17139,mattress_firm_us,Mattress Firm Serramonte,,Daly City,CA,,US,+1 650-755-2337,https://www.mattressfirm.com/en-us/stores/ca/daly-city/502008/,,Mattress Firm,Q6791878
16605,mattress_firm_us,Mattress Firm Westlake Center,,Daly City,CA,,US,+1 650-301-4935,https://www.mattressfirm.com/en-us/stores/ca/daly-city/502066/,,Mattress Firm,Q6791878
https://locations.modpizza.com/#23557943,modpizza,MOD Pizza Serramonte Center,,Daly City,CA,,US,+1 650-993-8796,https://locations.modpizza.com/usa/ca/daly-city/127-serramonte-center,Mo-We 10:30-22:00; Th-Sa 10:30-23:00; Su 10:30-22:00,MOD Pizza,Q19903469
10383174,nick_the_greek_us,Daly City,"507 West Lake Center, Daly City, Ca, 94015, US",Daly City,CA,,US,+1 415-347-7538,,Mo-Su 11:00-22:00,Nick The Greek,Q117222612
10383189,nick_the_greek_us,Gellert,"309 Gellert Blvd Ste. B, Daly City, Ca, 94015, US",Daly City,CA,,US,+1 415-347-7045,,Mo-Su 10:00-21:00,Nick The Greek,Q117222612
https://stores.nordstromrack.com/#9398431,nordstrom_rack,Nordstrom Rack  Serramonte Center Daly City,,Daly City,CA,,US,+1 650-755-1444,https://stores.nordstromrack.com/us/ca/daly-city/152-serramonte-center,Mo-Sa 10:00-21:00; Su 11:00-19:00,Nordstrom Rack,Q21463374
https://locations.oreillyauto.com/ca/dalycity/wiper-installation-3476.html,oreilly,Your Daly City O'Reilly Auto Parts Store,,Daly City,CA,,US,+1 650-994-2650,https://locations.oreillyauto.com/ca/dalycity/wiper-installation-3476.html,Mo-Sa 07:30-21:00; Su 08:00-20:00,O'Reilly Auto Parts,Q7071951
https://locations.oreillyauto.com/ca/dalycity/check-engine-light-testing-3476.html,oreilly,Your Daly City O'Reilly Auto Parts Store,,Daly City,CA,,US,+1 650-994-2650,https://locations.oreillyauto.com/ca/dalycity/check-engine-light-testing-3476.html,Mo-Sa 07:30-21:00; Su 08:00-20:00,O'Reilly Auto Parts,Q7071951
https://locations.oreillyauto.com/ca/dalycity/battery-testing-3476.html,oreilly,Your Daly City O'Reilly Auto Parts Store,,Daly City,CA,,US,+1 650-994-2650,https://locations.oreillyauto.com/ca/dalycity/battery-testing-3476.html,Mo-Sa 07:30-21:00; Su 08:00-20:00,O'Reilly Auto Parts,Q7071951
https://locations.oreillyauto.com/ca/dalycity/autopartes-3476.html,oreilly,Tu tienda O'Reilly Auto Parts en Daly City,,Daly City,CA,,US,+1 650-994-2650,https://locations.oreillyauto.com/ca/dalycity/autopartes-3476.html,Mo-Sa 07:30-21:00; Su 08:00-20:00,O'Reilly Auto Parts,Q7071951
https://locations.outback.com/#15502606,outbacksteakhouse,Outback Steakhouse,,Daly City,CA,,US,+1 650-756-3691,https://locations.outback.com/california/daly-city/371-gellert-blvd.,Mo-Th 11:00-22:00; Fr-Sa 11:00-23:00; Su 11:00-22:00,Outback Steakhouse,Q1064893
111296,pandaexpress,Serramonte Shopping Center,,Daly City,CA,,US,+1 650-991-8868,https://www.pandaexpress.com/locations/ca/daly-city/86-serramonte-center-#703,Mo-Sa 10:00-21:00; Su 11:00-19:00,Panda Express,Q1358690
112569,pandaexpress,Westlake Shopping Center,,Daly City,CA,,US,+1 650-758-1710,https://www.pandaexpress.com/locations/ca/daly-city/701-westlake-mall,Mo-Sa 09:30-23:00; Su 09:30-22:30,Panda Express,Q1358690
571,party_city,Serramonte Plaza,,Daly City,CA,,US,+1 628-239-4523,https://stores.partycity.com/us/ca/dalycity/party-store-pc571.html,,Party City,Q7140896
16525961,peets_coffee_us,Daly City - Serramonte,,Daly City,CA,,US,+1 650-757-1495,https://peets.app.link?&$fallback_url=https%3A%2F%2Forder.peets.com%2Flocation%2Fdaly-city-serramonte%2Fmenu&$type=order&~campaign=orderaheadonline&~channel=web&~feature=menu&~tags=daly-city-serramonte,Mo-Sa 05:00-20:00; Su 06:00-20:00,Peet's Coffee,Q1094101
0000892775,phillips_66_conoco_76,DALY CITY 76,,DALY CITY,CA,,US,+1 650-992-5550,,,U76,Q1658320
ca_daly-city_133-serramonte-center,pizza_hut_us,133 Serramonte Center,,Daly City,CA,,US,,https://locations.pizzahut.com/ca/daly-city/133-serramonte-center,,Pizza Hut,Q191615
home-depot-1092-7913,ppgpaints,HOME DEPOT 1092,,"Daly City, ",CA,,US,+1 650-755-0178,https://www.ppgpaints.com/store-locator/us/california/daly-city-paint-stores/home-depot-1092-7913,,PPG Paints,Q83891559
https://www.publicstorage.com/self-storage-ca-daly-city/1697.html,public_storage_us,Public Storage,,Daly City,CA,,US,+1 650-307-6901,https://www.publicstorage.com/self-storage-ca-daly-city/1697.html,,Public Storage,Q1156045
1660,regis,"Regis Salon – SERRAMONTE CENTER | Daly City, CA – 94015 | Salon #6535",,Daly City,CA,,US,+1 650-992-9970,https://www.regissalons.com/locations/ca/daly-city/regis-salon-serramonte-center-haircuts-6535.html,,Regis,Q7309325
1355,ross_dress_for_less_us,Westlake,,Daly City,CA,,US,+1 650-992-0304,,Mo-Th 10:00-23:00; Fr-Sa 09:00-23:00; Su 10:00-22:00,Ross Dress for Less,Q3442791
1940,ross_dress_for_less_us,"Serramonte, Daly City",,Daly City,CA,,US,+1 650-991-9933,,Mo-Su 09:00-23:00,Ross Dress for Less,Q3442791
https://local.safeway.com/#5604530,safeway,Safeway,,Daly City,CA,,US,+1 650-755-0576,https://local.safeway.com/safeway/ca/daly-city/601-westlake-ctr.html,Mo-Su 05:00-24:00,Safeway,Q1508234
17908,seven_eleven_ca_us,7-11 Str   11 Serravista Ave,,Daly City,CA,,US,+1 650-878-9212,https://www.7-eleven.com/locations/ca/daly-city/11-serra-vista-square-17908,,7-Eleven,Q259340
13246665121343677423,sleep_number_us,Sleep Number,,Daly City,CA,,US,,https://www.sleepnumber.com/stores/ca/daly-city/309-gellert-blvd,Mo 11:00-20:00; Tu-Th 11:00-19:00; Fr-Su 11:00-20:00,Sleep Number,Q7447640
742,sola_salon_studios,Daly City (Serramonte Center),,Daly City,CA,,US,+1 415-524-7302,https://www.solasalonstudios.com/locations/serramonte-center,,Sola Salon Studios,Q64337426
7034,speedee_us,"Daly City, CA",,Daly City,CA,,US,+1 650-755-8777,https://www.speedeeoil.com/daly-city-ca-7034/,Mo-Fr 08:30-17:00; Sa 08:00-17:00,SpeeDee Oil Change and Auto Service,Q120537032
https://www.sprouts.com/store/ca/daly-city/gellert-blvd/,sprouts_farmer_market,Sprouts Farmers Market 276-Daly City,,Daly City,CA,,US,+1 415-325-1091,https://www.sprouts.com/store/ca/daly-city/gellert-blvd/,Mo-Su 07:00-22:00,Sprouts Farmer Market,Q7581369
https://restaurants.subway.com/#14898174,subway,Subway Skyline Plaza Shopping Center,,Daly City San Mateo,CA,,US,+1 415-859-9197,https://restaurants.subway.com/united-states/ca/daly-city/37-skyline-plaza,Mo-Fr 07:00-21:00; Sa 08:00-21:00; Su 08:00-20:00,Subway,Q244457
https://restaurants.subway.com/#14903964,subway,Subway,,Daly City San Mateo,CA,,US,+1 650-451-7640,https://restaurants.subway.com/united-states/ca/daly-city/1000-king-drive,Mo-Su 08:00-21:00,Subway,Q244457
https://stores.sunglasshut.com/us/ca/daly-city/1-serramonte-dr,sunglass_hut_1,Sunglass Hut at Macy's,,Daly City,CA,,US,+1 650-301-4996,https://stores.sunglasshut.com/us/ca/daly-city/1-serramonte-dr,Mo-Sa 10:00-21:00; Su 11:00-19:00,Sunglass Hut,Q136311
83264,supercuts,Westlake Village,215 Westlake Ctr,Daly City,CA,,US,+1 650-992-3747,https://www.supercuts.com/checkin/83264,Mo-Fr 09:00-20:00; Sa 08:00-19:00; Su 09:00-19:00,Supercuts,Q7643239
https://www.sutterhealth.org/find-location/facility/daly-city-center-lab,sutter_health,Daly City Center Lab,,Daly City,CA,,US,+1 650-652-8333,https://www.sutterhealth.org/find-location/facility/daly-city-center-lab,"Mo-Fr 08:00-12:30,13:30-17:00",Sutter Health,Q7650154
https://www.sutterhealth.org/find-location/facility/daly-city-center-imaging,sutter_health,Daly City Center Imaging,,Daly City,CA,,US,+1 650-652-8266,https://www.sutterhealth.org/find-location/facility/daly-city-center-imaging,"Mo-Fr 08:00-12:30,13:30-17:00",Sutter Health,Q7650154
https://www.sutterhealth.org/find-location/facility/daly-city-center,sutter_health,Daly City Center,,Daly City,CA,,US,+1 650-652-8500,https://www.sutterhealth.org/find-location/facility/daly-city-center,Mo-Fr 08:00-17:00,Sutter Health,Q7650154
https://locations.tacobell.com/#6144533,taco_bell,Taco Bell,,Daly City,CA,,US,+1 650-755-4740,https://locations.tacobell.com/ca/daly-city/287-westmoor-ave.html,Mo-Su 10:30-22:00,Taco Bell,Q752941
081112,tjx,Daly City,151 Serramonte Ctr ,Daly City,CA,,US,+1 650-301-4912,,Mo-Sa 09:30-21:30; Su 10:00-20:00,TJ Maxx,Q10860683
9617,tmobile_us,John Daly Blvd & Lake Merced,,Daly City,CA,,US,+1 650-992-2952,https://www.t-mobile.com/store-locator/ca/daly-city/john-daly-blvd-lake-merced,,T-Mobile,Q3511885
2SAS,tmobile_us,Gellert Blvd & Serramonte Blvd,,Daly City,CA,,US,+1 650-301-1730,https://www.t-mobile.com/store-locator/ca/daly-city/gellert-blvd-serramonte-blvd,,T-Mobile,Q3511885
7361,tmobile_us,Serramonte Center,,Daly City,CA,,US,+1 650-997-3015,https://www.t-mobile.com/store-locator/ca/daly-city/serramonte-center,,T-Mobile,Q3511885
1125,total_wine_and_more_us,Daly City,,Daly City,CA,,US,+1 650-488-2088,https://www.totalwine.com/store-info/1125,Mo-Su 09:00-22:00,Total Wine & More,Q7828084
74,trader_joes_us,Trader Joe's Daly City (74),,Daly City,CA,,US,+1 650-755-3825,https://locations.traderjoes.com/ca/daly-city/74/,Mo-Su 08:00-21:00,Trader Joe's,Q688825
00507,twenty_four_hour_fitness_us,Daly City,,Daly City,CA,,US,+1 650-756-3303,https://www.24hourfitness.com/Website/Club/00507,,24 Hour Fitness Sport,Q4631849
005062,uhaul,Central Self Storage,307 87th St,Daly City,CA,,US,+1 650-757-1233,,Mo-Fr 30:00-17:00; Sa 30:00-15:00,U-Haul,Q7862902
1387307,usps,WESTLAKE,,DALY CITY,CA,,US,+1 650-756-3874,,Mo-Fr 09:00-17:00,United States Postal Service,Q668687
1360223,usps,DALY CITY,,DALY CITY,CA,,US,+1 650-756-2304,,Mo-Fr 09:30-17:00; Sa 09:00-12:30,United States Postal Service,Q668687
9401500031,usps_collection_boxes,USPS COLLECTION BOX - BLUE BOX,102 KING PLZ,DALY CITY,CA,,US,,,,United States Postal Service,Q668687
9401500002,usps_collection_boxes,USPS COLLECTION BOX - BLUE BOX,598 GELLERT BLVD,DALY CITY,CA,,US,,,,United States Postal Service,Q668687
9401500046,usps_collection_boxes,USPS COLLECTION BOX - BLUE BOX,911 GELLERT BLVD,DALY CITY,CA,,US,,,,United States Postal Service,Q668687
9401500089,usps_collection_boxes,USPS COLLECTION BOX - BLUE BOX,4500 CALLAN BLVD,DALY CITY,CA,,US,,,,United States Postal Service,Q668687
9401500054,usps_collection_boxes,USPS COLLECTION BOX - BLUE BOX,901 CAMPUS DR,DALY CITY,CA,,US,,,,United States Postal Service,Q668687
9401500019,usps_collection_boxes,USPS COLLECTION BOX - BLUE BOX,700 SAINT FRANCIS BLVD,DALY CITY,CA,,US,,,,United States Postal Service,Q668687
9401500091,usps_collection_boxes,USPS COLLECTION BOX - BLUE BOX,395 HICKEY BLVD,DALY CITY,CA,,US,,,,United States Postal Service,Q668687
9401500087,usps_collection_boxes,USPS COLLECTION BOX - BLUE BOX,198 GLENWOOD AVE,DALY CITY,CA,,US,,,,United States Postal Service,Q668687
9401500077,usps_collection_boxes,USPS COLLECTION BOX - BLUE BOX,201 SKYLINE DR,DALY CITY,CA,,US,,,,United States Postal Service,Q668687
9401500010,usps_collection_boxes,USPS COLLECTION BOX - BLUE BOX,725 SOUTHGATE AVE,DALY CITY,CA,,US,,,,United States Postal Service,Q668687
9401500017,usps_collection_boxes,USPS COLLECTION BOX - BLUE BOX,74 CLIFFSIDE DR,DALY CITY,CA,,US,,,,United States Postal Service,Q668687
9401500102,usps_collection_boxes,USPS COLLECTION BOX - BLUE BOX,1 WESTLAKE MALL,DALY CITY,CA,,US,,,,United States Postal Service,Q668687
9401500069,usps_collection_boxes,USPS COLLECTION BOX - BLUE BOX,199 SOUTHGATE AVE,DALY CITY,CA,,US,,,,United States Postal Service,Q668687
9401500080,usps_collection_boxes,USPS COLLECTION BOX - PO LOBBY,199 SOUTHGATE AVE,DALY CITY,CA,,US,,,,United States Postal Service,Q668687
9401500090,usps_collection_boxes,USPS COLLECTION BOX - BLUE BOX,199 SOUTHGATE AVE,DALY CITY,CA,,US,,,,United States Postal Service,Q668687
9401500108,usps_collection_boxes,USPS COLLECTION BOX - PO LOBBY,199 SOUTHGATE AVE,DALY CITY,CA,,US,,,,United States Postal Service,Q668687
9401500076,usps_collection_boxes,USPS COLLECTION BOX - BLUE BOX,505 SKYLINE DR,DALY CITY,CA,,US,,,,United States Postal Service,Q668687
9401500075,usps_collection_boxes,USPS COLLECTION BOX - BLUE BOX,45 SKYLINE PLZ,DALY CITY,CA,,US,,,,United States Postal Service,Q668687
9401500009,usps_collection_boxes,USPS COLLECTION BOX - BLUE BOX,1281 SOUTHGATE AVE,DALY CITY,CA,,US,,,,United States Postal Service,Q668687
9401500036,usps_collection_boxes,USPS COLLECTION BOX - BLUE BOX,767 87TH ST,DALY CITY,CA,,US,,,,United States Postal Service,Q668687
9401500018,usps_collection_boxes,USPS COLLECTION BOX - BLUE BOX,472 SAINT FRANCIS BLVD,DALY CITY,CA,,US,,,,United States Postal Service,Q668687
9401500040,usps_collection_boxes,USPS COLLECTION BOX - BLUE BOX,7 SAINT FRANCIS SQ,DALY CITY,CA,,US,,,,United States Postal Service,Q668687
9401500067,usps_collection_boxes,USPS COLLECTION BOX - BLUE BOX,296 ALTA LOMA AVE,DALY CITY,CA,,US,,,,United States Postal Service,Q668687
9401500022,usps_collection_boxes,USPS COLLECTION BOX - BLUE BOX,5 SOUTHGATE AVE,DALY CITY,CA,,US,,,,United States Postal Service,Q668687
9401500027,usps_collection_boxes,USPS COLLECTION BOX - BLUE BOX,1500 SOUTHGATE AVE,DALY CITY,CA,,US,,,,United States Postal Service,Q668687
9401500060,usps_collection_boxes,USPS COLLECTION BOX - BLUE BOX,1603 SWEETWOOD DR,DALY CITY,CA,,US,,,,United States Postal Service,Q668687
9401500013,usps_collection_boxes,USPS COLLECTION BOX - BLUE BOX,368 EASTMOOR AVE,DALY CITY,CA,,US,,,,United States Postal Service,Q668687
9401500037,usps_collection_boxes,USPS COLLECTION BOX - BLUE BOX,44 PARK PLAZA DR,DALY CITY,CA,,US,,,,United States Postal Service,Q668687
9401500044,usps_collection_boxes,USPS COLLECTION BOX - BLUE BOX,127H SERRAMONTE CENTER,DALY CITY,CA,,US,,,,United States Postal Service,Q668687
9401500048,usps_collection_boxes,USPS COLLECTION BOX - BLUE BOX,1900 SULLIVAN AVE,DALY CITY,CA,,US,,,,United States Postal Service,Q668687
9401500072,usps_collection_boxes,USPS COLLECTION BOX - BLUE BOX,901 CAMPUS DR,DALY CITY,CA,,US,,,,United States Postal Service,Q668687
9401500101,usps_collection_boxes,USPS COLLECTION BOX - BLUE BOX,1800 SULLIVAN AVE,DALY CITY,CA,,US,,,,United States Postal Service,Q668687
9401500024,usps_collection_boxes,USPS COLLECTION BOX - BLUE BOX,2 WESTLAWN AVE,DALY CITY,CA,,US,,,,United States Postal Service,Q668687
9401500068,usps_collection_boxes,USPS COLLECTION BOX - BLUE BOX,60 SERRAMONTE CNT,DALY CITY,CA,,US,,,,United States Postal Service,Q668687
9401500100,usps_collection_boxes,USPS COLLECTION BOX - BLUE BOX,1800 SULLIVAN AVE,DALY CITY,CA,,US,,,,United States Postal Service,Q668687
9401500025,usps_collection_boxes,USPS COLLECTION BOX - BLUE BOX,20 PONCETTA DR,DALY CITY,CA,,US,,,,United States Postal Service,Q668687
9401500071,usps_collection_boxes,USPS COLLECTION BOX - PO LOBBY,1100 SULLIVAN AVE,DALY CITY,CA,,US,,,,United States Postal Service,Q668687
9401500092,usps_collection_boxes,USPS COLLECTION BOX - APC,1100 SULLIVAN AVE,DALY CITY,CA,,US,,,,United States Postal Service,Q668687
9401500097,usps_collection_boxes,USPS COLLECTION BOX - BLUE BOX,1100 SULLIVAN AVE,DALY CITY,CA,,US,,,,United States Postal Service,Q668687
9401500098,usps_collection_boxes,USPS COLLECTION BOX - BLUE BOX,1100 SULLIVAN AVE,DALY CITY,CA,,US,,,,United States Postal Service,Q668687
9401500099,usps_collection_boxes,USPS COLLECTION BOX - BLUE BOX,1100 SULLIVAN AVE,DALY CITY,CA,,US,,,,United States Postal Service,Q668687
9401500107,usps_collection_boxes,USPS COLLECTION BOX - PO LOBBY,1100 SULLIVAN AVE,DALY CITY,CA,,US,,,,United States Postal Service,Q668687
9401500084,usps_collection_boxes,USPS COLLECTION BOX - BLUE BOX,347 GELLERT BLVD,DALY CITY,CA,,US,,,,United States Postal Service,Q668687
9401500085,usps_collection_boxes,USPS COLLECTION BOX - BLUE BOX,347 GELLERT BLVD,DALY CITY,CA,,US,,,,United States Postal Service,Q668687
9401500033,usps_collection_boxes,USPS COLLECTION BOX - BLUE BOX,313 PHILIP DR,DALY CITY,CA,,US,,,,United States Postal Service,Q668687
9401500020,usps_collection_boxes,USPS COLLECTION BOX - BLUE BOX,400 HICKEY BLVD,DALY CITY,CA,,US,,,,United States Postal Service,Q668687
0000031216,valero,DALY CITY VALERO,,DALY CITY,CA,,US,+1 408-707-1758,https://locations.valero.com/en-us/LocationDetails/Index/101-S-MAYFAIR-AVENUE/0000031216,24/7,Valero,Q1283291
USA567,vans,Vans,,Daly City,CA,,US,+1 650-991-0121,https://www.vans.com/en-us/stores/ca/daly-city/usa567,Mo-Sa 11:00-20:00; Su 12:00-19:00,Vans,Q1135366
R00000254352,verizon_us,Serramonte Center,,Daly City,CA,,US,+1 650-731-3002,https://www.verizon.com/stores/details/california/daly-city/serramonte-center-1223822/,Mo-Sa 10:00-19:00; Su 10:00-17:00,Verizon,Q919641
,visa,,,SAN FRANCISCO,CA,,US,,,,,
,visa,,,DALY CITY,CA,,US,,,,,
,visa,,,DALY CITY,CA,,US,,,,,
,visa,,,DALY CITY,CA,,US,,,,,
,visa,,,DALY CITY,CA,,US,,,,,
,visa,,,DALY CITY,CA,,US,,,,,
,visa,,,DALY CITY,CA,,US,,,,,
,visa,,,DALY CITY,CA,,US,,,,,
,visa,,,DALY CITY,CA,,US,,,,,
,visa,,,DALY CITY,CA,,US,,,,,
,visa,,,DALY CITY,CA,,US,,,,,
,visa,,,DALY CITY,CA,,US,,,,,
,visa,,,DALY CITY,CA,,US,,,,,
,visa,,,DALY CITY,CA,,US,,,,,
,visa,,,DALY CITY,CA,,US,,,,,
,visa,,,DALY CITY,CA,,US,,,,,
,visa,,,DALY CITY,CA,,US,,,,,
,visa,,,DALY CITY,CA,,US,,,,,
,visa,,,DALY CITY,CA,,US,,,,,
,visa,,,DALY CITY,CA,,US,,,,,
,visa,,,DAILY CITY,CA,,US,,,,,
,visa,,,DALY CITY,CA,,US,,,,,
,visa,,,DALY CITY,CA,,US,,,,,
,visa,,,DALY CITY,CA,,US,,,,,
,visa,,,DALY CITY,CA,,US,,,,,
,visa,,,DALY CITY,CA,,US,,,,,
,visa,,,DALY CITY,CA,,US,,,,,
,visa,,,DALY CITY,CA,,US,,,,,
,visa,,,DALY CITY,CA,,US,,,,,
,visa,,,DALY CITY,CA,,US,,,,,
,visa,,,DALY CITY,CA,,US,,,,,
,visa,,,DALY CITY,CA,,US,,,,,
,visa,,,DALY CITY,CA,,US,,,,,
,visa,,,DALY CITY,CA,,US,,,,,
,visa,,,DALY CITY,CA,,US,,,,,
,visa,,,DALY CITY,CA,,US,,,,,
,visa,,,DALY CITY,CA,,US,,,,,
,visa,,,DALY CITY,CA,,US,,,,,
,visa,,,DALY CITY,CA,,US,,,,,
,visa,,,DALY,CA,,US,,,,,
,visa,,,DALY CITY,CA,,US,,,,,
,visa,,,DALY CITY,CA,,US,,,,,
,visa,,,DALY CITY,CA,,US,,,,,
,visa,,,DALY CITY,CA,,US,,,,,
,visa,,,DALY CITY,CA,,US,,,,,
,visa,,,DALY CITY,CA,,US,,,,,
,visa,,,DALY CITY,CA,,US,,,,,
,visa,,,DALY CITY,CA,,US,,,,,
,visa,,,DALY CITY,CA,,US,,,,,
,visa,,,DALY CITY,CA,,US,,,,,
,visa,,,DALY CITY,CA,,US,,,,,
,visa,,,DALY CITY,CA,,US,,,,,
,visa,,,DALY CITY,CA,,US,,,,,
,visa,,,DALY CITY,CA,,US,,,,,
,visa,,,DALY CITY,CA,,US,,,,,
,visa,,,DALY CITY,CA,,US,,,,,
,visa,,,DALY CITY,CA,,US,,,,,
,visa,,,DALY CITY,CA,,US,,,,,
,visa,,,DALY CITY,CA,,US,,,,,
,visa,,,DALY CITY,CA,,US,,,,,
,visa,,,DALY CITY,CA,,US,,,,,
,visa,,,DALY CITY,CA,,US,,,,,
,visa,,,DALY CITY,CA,,US,,,,,
,visa,,,DALY CITY,CA,,US,,,,,
,visa,,,DALY CITY,CA,,US,,,,,
,visa,,,DALY CITY,CA,,US,,,,,
,visa,,,DALY CITY,CA,,US,,,,,
,visa,,,DALY CITY,CA,,US,,,,,
,visa,,,DALY CITY,CA,,US,,,,,
,visa,,,DALY CITY,CA,,US,,,,,
https://www.walgreens.com/locator/walgreens-216+westlake+ctr-daly+city-ca-94015/id=324,walgreens,Walgreens,,Daly City,CA,,US,+1 650-756-4535,https://www.walgreens.com/locator/walgreens-216+westlake+ctr-daly+city-ca-94015/id=324,24/7,Walgreens,Q1591889
601__WESTLAKE__CTR_DALY__CITY_CA_94015,wellsfargo,Wells Fargo,601 WESTLAKE CTR,DALY CITY,CA,,US,+1 650-994-6953,https://www.wellsfargo.com/locator/bank/601__WESTLAKE__CTR_DALY__CITY_CA_94015/,Mo-Fr 09:00-17:00,Wells Fargo,Q744149
3__SERRAMONTE__CTR_DALY__CITY_CA_94015,wellsfargo,,3 SERRAMONTE CTR,DALY CITY,CA,,US,+1 800-869-3557,https://www.wellsfargo.com/locator/bank/3__SERRAMONTE__CTR_DALY__CITY_CA_94015/,,Wells Fargo,Q744149
135__SERRAMONTE__CTR_DALY__CITY_CA_94015,wellsfargo,Wells Fargo,135 SERRAMONTE CTR,DALY CITY,CA,,US,+1 650-992-4111,https://www.wellsfargo.com/locator/bank/135__SERRAMONTE__CTR_DALY__CITY_CA_94015/,Mo-Fr 09:00-17:00,Wells Fargo,Q744149
ce098ba396e16d3abd8a39202a4012fb,western_union,7-ELEVEN #17908,,Daly City,CA,,US,+1 650-878-9212,https://location.westernunion.com/us/ca/daly-city/ce098ba396e16d3abd8a39202a4012fb,,Western Union,Q861042
8104a3838a66475c21222cc836394eab,western_union,BDO REMIT,,Daly City,CA,,US,+1 650-994-1625,https://location.westernunion.com/us/ca/daly-city/8104a3838a66475c21222cc836394eab,Mo-Su 10:00-19:00,Western Union,Q861042
240715,wheel_works_us,Wheel Works,,Daly City,CA,,US,+1 415-349-7968,https://www.wheelworks.net/california/daly-city/5-skyline-plaza/,Mo-Fr 07:00-19:00; Sa 07:00-18:00; Su 09:00-17:00,Wheel Works,Q121088283
9108,wingstop,Wingstop Daly City Lake Merced Blvd,227 Lake Merced Blvd,Daly City,CA,,US,+1 650-755-9464,,,Wingstop,Q8025339
