Ref,Spider,Name,Address,City,State,Zipcode,Country,Phone,Website,Hours,Brand,WikiData
https://stores.aldi.us/#4420715,aldi_sud_us,ALDI  201 South Davidson Ave,,Mount Vernon,IL,,US,+1 855-955-2534,https://stores.aldi.us/il/mount-vernon/201-south-davidson-ave,Mo-Su 09:00-20:00,ALDI,Q41171672
https://restaurants.applebees.com/en-us/il/mount-vernon/105-potomac-boulevard-81089,applebees,Connect with this Applebee's,,Mount Vernon,IL,,US,+1 618-244-7510,https://restaurants.applebees.com/en-us/il/mount-vernon/105-potomac-boulevard-81089,Mo-Th 11:00-24:00; Fr-Sa 11:00-01:00; Su 11:00-24:00,Applebees,Q621532
https://stores.ashleyfurniture.com/store/us/illinois/mt-vernon/9000739729/,ashley_furniture,"Ashley Outlet Mt Vernon, IL",,Mt Vernon,IL,,US,+1 618-316-7038,https://stores.ashleyfurniture.com/store/us/illinois/mt-vernon/9000739729/,,Ashley Furniture,Q4805437
85777,asics_us,Dunham's Sports,3917 Broadway St,Mt Vernon,IL,,US,+1 618-242-5872,,,asics,Q327247
15902,asics_us,Hibbett Sports,42nd Broadway Street,Mt Vernon,IL,,US,+1 618-244-4438,,,asics,Q327247
118753,att_us,MOUNT VERNON IL,,Mt. Vernon,IL,,US,+1 618-244-9001,https://www.att.com/stores/illinois/mt.-vernon/118753,Mo-Sa 10:00-19:00,AT&T,Q298594
641,autozone_us,AutoZone Auto Parts Mount Vernon,,Mount Vernon,IL,,US,+1 618-242-6192,https://www.autozone.com/locations/il/mount-vernon/3109-broadway.html,Mo-Sa 07:30-21:00; Su 08:30-20:00,AutoZone,Q4826087
BBW01113,bathandbodyworks_us,TIMES SQUARE MALL,,MOUNT VERNON,IL,,US,+1 618-242-6658,,Mo-Sa 10:00-20:00; Su 12:00-17:00,Bath & Body Works,Q810773
https://local.biglots.com/#13190276,biglots,Big Lots - Mount Vernon,,Mount Vernon,IL,,US,+1 618-244-9905,https://local.biglots.com/il/mount-vernon/3925-broadway-st,Mo-Sa 09:00-21:00; Su 10:00-19:00,Big Lots,Q4905973
1365,bluerhino,Lowe's #66,,Mt Vernon,IL,,US,+1 618-244-9400,,,Blue Rhino,Q65681213
209805,bluerhino,Rural King Supply #132,,Mt Vernon,IL,,US,+1 618-816-0618,,,Blue Rhino,Q65681213
240499,bluerhino,Circle K #4700145,,Mt Vernon,IL,,US,+1 618-242-4457,,,Blue Rhino,Q65681213
240502,bluerhino,Circle K #4701334,,Mt Vernon,IL,,US,+1 618-242-4661,,,Blue Rhino,Q65681213
80206,bluerhino,Kroger #711 - Louisville,,Mt Vernon,IL,,US,+1 618-244-6210,,,Blue Rhino,Q65681213
202972,bluerhino,CASEY'S GENERAL STORE #2167,,MOUNT VERNON,IL,,US,+1 618-244-1454,,,Blue Rhino,Q65681213
151506,bluerhino,Walgreens #2876,,Mt. Vernon,IL,,US,+1 618-242-1168,,,Blue Rhino,Q65681213
240500,bluerhino,Circle K #4701209,,Mt Vernon,IL,,US,+1 618-244-2092,,,Blue Rhino,Q65681213
218160,bluerhino,Dollar General #21856,,MOUNT VERNON,IL,,US,+1 618-732-1955,,,Blue Rhino,Q65681213
202967,bluerhino,CASEY'S GENERAL STORE #2154,,MOUNT VERNON,IL,,US,+1 618-244-0298,,,Blue Rhino,Q65681213
194761,bluerhino,Midway Liquor & Tobacco,,Mt Vernon,IL,,US,+1 618-670-9747,,,Blue Rhino,Q65681213
203101,bluerhino,CASEY'S GENERAL STORE #2942,,MOUNT VERNON,IL,,US,+1 618-244-7592,,,Blue Rhino,Q65681213
165226,bluerhino,Family Dollar #02317,,Mount Vernon,IL,,US,+1 618-244-3436,,,Blue Rhino,Q65681213
240501,bluerhino,Circle K #4701333,,Mt Vernon,IL,,US,+1 618-242-4674,,,Blue Rhino,Q65681213
212886,bluerhino,Love's #824,,Mt. Vernon,IL,,US,+1 618-731-7038,,,Blue Rhino,Q65681213
il/mt-vernon/3101-s-10th-st,bojangles,"Bojangles Mt Vernon, IL",,Mt Vernon,IL,,US,+1 618-731-7038,https://locations.bojangles.com/il/mt-vernon/3101-s-10th-st.html,,Bojangles',Q891163
3538,buffalo_wild_wings_us,"Mt. Vernon, IL",,MT VERNON,IL,,US,+1 618-246-2999,https://www.buffalowildwings.com/locations/us/il/mt-vernon/227-potomac-blvd/sports-bar-736,Mo-Th 10:30-23:00; Fr-Sa 10:30-00:30; Su 10:30-23:00,Buffalo Wild Wings,Q509255
9164,burgerking,Burger King,,Mt Vernon,IL,,US,+1 618-244-9467,https://www.bk.com/store-locator/store/restaurant_5164,Mo 06:00-22:00; Tu-Sa 05:30-21:00; Su 07:00-21:00,Burger King,Q177054
https://stores.catofashions.com/#26560505,cato_us,Cato,,,IL,,US,+1 618-246-9362,https://stores.catofashions.com/il/mount-vernon/423-south-42nd-street,Mo-Sa 10:00-19:00; Su 13:00-18:00,Cato,Q16956136
92120,chevrolet,"SCHMIDT CHEVROLET BUICK GMC, INC.",,Mount Vernon,IL,,US,+1 618-242-5100,https://www.schmidtchevrolet.com,Mo-Fr 08:00-18:00; Sa 08:00-15:00,Chevrolet,Q29570
001.005.1711,chilis,Mt Vernon,,Mt. Vernon,IL,,US,+1 618-244-4687,https://www.chilis.com/locations/us/illinois/mt-vernon/mt-vernon/,Mo-Th 11:00-22:00; Fr-Sa 11:00-23:00; Su 11:00-22:00,Chili's,Q1072948
59875,citi,ATM Hucks,,Mt Vernon,IL,,US,,,,Citibank,Q857063
61384,citi,ATM Kroger,,Mount Vernon,IL,,US,,,,Citibank,Q857063
41092,citi,ATM Circle K,,Mt Vernon,IL,,US,,,,Citibank,Q857063
57706,citi,"ATM GenFed Financial Credit Union,Inc.",,Mount Vernon,IL,,US,,,,Citibank,Q857063
57707,citi,"ATM GenFed Financial Credit Union,Inc.",,Mount Vernon,IL,,US,,,,Citibank,Q857063
57708,citi,"ATM GenFed Financial Credit Union,Inc.",,Mount Vernon,IL,,US,,,,Citibank,Q857063
59844,citi,ATM Hucks,,Mt Vernon,IL,,US,,,,Citibank,Q857063
67759,citi,ATM PEOPLES NATIONAL BANK,,Mt Vernon,IL,,US,,,,Citibank,Q857063
39988,citi,ATM Circle K,,Mount Vernon,IL,,US,,,,Citibank,Q857063
40144,citi,ATM Circle K,,Mt Vernon,IL,,US,,,,Citibank,Q857063
67755,citi,ATM PEOPLES NATIONAL BANK,,Mt Vernon,IL,,US,,,,Citibank,Q857063
67756,citi,ATM PEOPLES NATIONAL BANK,,Mt Vernon,IL,,US,,,,Citibank,Q857063
89899,citi,ATM Walgreens,,Mount Vernon,IL,,US,,,,Citibank,Q857063
59910,citi,ATM Hucks,,Mt Vernon,IL,,US,,,,Citibank,Q857063
41907,citi,ATM Circle K,,Mt Vernon,IL,,US,,,,Citibank,Q857063
49719,citi,ATM CVS,,Mount Vernon,IL,,US,,,,Citibank,Q857063
59881,citi,ATM Hucks,,Mt Vernon,IL,,US,,,,Citibank,Q857063
67760,citi,ATM PEOPLES NATIONAL BANK,,Mt Vernon,IL,,US,,,,Citibank,Q857063
59930,citi,ATM Hucks,,Mt Vernon,IL,,US,,,,Citibank,Q857063
mtvernon/6174,claires,Shop Ear Piercings & Jewelry at Times Square Mall,,MT VERNON,IL,,US,+1 618-242-5220,https://stores.claires.com/us/il/mtvernon/6174.html,Mo-Sa 10:00-20:00; Su 12:00-17:00,Claire's,Q2974996
,credit_union_us,GenFed Financial CU,,Mount Vernon,IL,,US,+1 618-244-1077,,Mo-Th 08:30-04:30; Fr 08:30-05:00; Sa 09:30-12:00,,
70232406,cricket_wireless,Cricket Wireless Authorized Retailer,,Mount Vernon,IL,,US,+1 618-315-6296,https://www.cricketwireless.com/stores/ll/US/IL/Mount-Vernon/3106-Broadway-St,Mo-Sa 10:00-19:00; Su 12:00-15:00,Cricket Wireless,Q5184987
678,culvers_us,"Culver's of Mount Vernon, IL - Veterans Memorial Dr",,Mount Vernon,IL,,US,+1 618-316-7351,http://www.culvers.com/restaurants/mt-vernon-il-veterans-memorial,Mo-Fr 10:00-22:00; Su 10:00-22:00,Culver's,Q1143589
6370,cvs_us,CVS Pharmacy,,Mount Vernon,IL,,US,+1 618-242-2074,https://www.cvs.com/store-locator/mount-vernon-il-pharmacies/2700-broadway-mount-vernon-il-62864/storeid=6370,Mo-Fr 08:00-20:00; Sa 09:00-19:00; Su 10:00-18:00,CVS Pharmacy,Q2078880
249544,dennys,Denny's,,Mt. Vernon,IL,,US,+1 618-244-1325,https://locations.dennys.com/IL/MT--VERNON/249544,24/7,Denny's,Q1189695
vha_657GK,department_veterans_affairs,Mount Vernon VA Clinic,,Mount Vernon,IL,,US,+1 618-246-2910,https://www.va.gov/marion-health-care/locations/mount-vernon-va-clinic/,,Department Veterans Affairs,Q592576
2960,dominos_pizza_us,Domino's Pizza,,Mt. Vernon,IL,,US,+1 618-244-3030,https://pizza.dominos.com/illinois/mt.-vernon/805-salem-rd,Mo-Th 10:30-24:00; Fr-Sa 10:30-01:00; Su 10:30-24:00,Domino's,Q839466
9685,dominos_pizza_us,Domino's Pizza,,Mt. Vernon,IL,,US,+1 618-816-3433,https://pizza.dominos.com/illinois/mt.-vernon/4115-broadway-st,Mo-Th 11:00-24:00; Fr-Sa 11:00-01:00; Su 11:00-24:00,Domino's,Q839466
174,dunhams_sports_us,MT. VERNON IL,,MOUNT VERNON,IL,,US,+1 618-242-5872,https://www.dunhamssports.com/store-details?storeID=174,Mo-Sa 09:00-21:00; Su 10:00-19:00,Dunham's Sports,Q5315238
363017,dunkin_us,Dunkin',,Mount Vernon,IL,,US,+1 618-315-6019,https://locations.dunkindonuts.com/en/il/mount-vernon/2800-broadway-st/363017,Mo-Su 05:00-20:00,Dunkin',Q847743
https://www.edwardjones.com/us-en/financial-advisor/doug-lampley,edwardjones,Doug Lampley,,Mt Vernon,IL,,US,+1 618-316-7028,https://www.edwardjones.com/us-en/financial-advisor/doug-lampley,Mo-Th 08:00-16:30; Fr 08:00-16:00,Edward Jones,Q5343830
100501,electrify_america,Walmart 224 Mount Vernon,,Mount Vernon,IL,,US,,,,Electrify America,Q59773555
E10131,enterprise,Mount Vernon,,Mount Vernon,IL,,US,+1 618-242-3700,,,Enterprise Rent-A-Car,Q17085454
22317,family_dollar_us,FAMILY DOLLAR #2317,,Mount Vernon,IL,,US,+1 618-417-7524,https://www.familydollar.com/locations/il/mount-vernon/22317/,Mo-Su 08:00-22:00,Family Dollar,Q5433101
https://local.fedex.com/#25197980,fedex,,,Mount Vernon,IL,,US,+1 800-463-3339,https://local.fedex.com/en-us/il/mount-vernon/xfv5i,,FedEx,Q459477
https://local.fedex.com/#25231520,fedex,,,Mount Vernon,IL,,US,+1 800-463-3339,https://local.fedex.com/en-us/il/mount-vernon/mwabc,,FedEx,Q459477
https://local.fedex.com/#25236568,fedex,,,Mount Vernon,IL,,US,+1 800-463-3339,https://local.fedex.com/en-us/il/mount-vernon/mwaaf,,FedEx,Q459477
https://local.fedex.com/#25235475,fedex,,,Mount Vernon,IL,,US,+1 800-463-3339,https://local.fedex.com/en-us/il/mount-vernon/mwaae,,FedEx,Q459477
https://locations.53.com/#3034379,fifththirdbank,Fifth Third Bank Mount Vernon Illinois,,Mount Vernon,IL,,US,+1 618-242-5200,https://locations.53.com/il/mount-vernon/2711-broadway.html,Mo-Th 09:00-17:00; Fr 09:00-18:00; Sa 09:00-12:00,Fifth Third Bank,Q1411810
Motorcraft2487USAEnglish,ford,"Ford Square of Mt. Vernon, Ltd.",,Illinois,IL,,US,+1 618-242-8600,,,Ford,Q44294
https://www.ford.com/dealerships/dealer-details/il/mount-vernon/ford-square-of-mt-vernon-ltd/,ford_dealers_us,"Ford Square of Mt. Vernon, Ltd.",,Mount Vernon,IL,,US,+1 618-731-4349,https://www.ford.com/dealerships/dealer-details/il/mount-vernon/ford-square-of-mt-vernon-ltd/,Mo-Fr 08:00-18:00; Sa 08:00-16:00,Ford Motor Company,Q44294
6280,gamestop_us,Davidson Rd Mt. Vernon,,MOUNT VERNON,IL,,US,+1 618-242-1658,https://www.gamestop.com/search/?store=6280,Mo-Th 12:00-19:00; Fr-Sa 11:00-20:00; Su 12:00-18:00,GameStop,Q202210
https://stores.gnc.com/#24059053,gnc,GNC Times Square Mall,,,IL,,US,+1 618-242-8754,https://stores.gnc.com/all-stores-illinois/mount-vernon/7274-s-42nd-st,Mo-Sa 10:00-20:00; Su 12:00-17:00,GNC,Q4808595
8da20146-458a-e111-8dde-005056934050,goodwill,Mt Vernon IL Store,,Mount Vernon,IL,,US,+1 618-242-9582,https://www.goodwill.org/locator/location/?store=OGRhMjAxNDYtNDU4YS1lMTExLThkZGUtMDA1MDU2OTM0MDUw&lat=MzguMzA1MjQ=&lng=LTg4Ljk0MjA4,,Goodwill,Q5583655
https://salons.greatclips.com/us/il/mount-vernon/400-s-42nd-st,greatclips,Great Clips,,Mount Vernon,IL,,US,+1 618-244-9991,https://salons.greatclips.com/us/il/mount-vernon/400-s-42nd-st,Mo-Fr 08:00-19:00; Sa 08:00-18:00; Su 11:00-16:00,Great Clips,Q5598967
https://www.harborfreight.com/storelocator/3418-broadway-st-mount-vernon-62864?number=3322,harborfreight,"Harbor Freight Tools Mt Vernon, IL",,Mount Vernon,IL,,US,+1 618-472-9293,https://www.harborfreight.com/storelocator/3418-broadway-st-mount-vernon-62864?number=3322,Mo-Sa 08:00-20:00; Su 09:00-18:00,Harbor Freight Tools,Q5654601
mvnpbdt-doubletree-mt-vernon,hilton,DoubleTree by Hilton Mt. Vernon,,,IL,,US,+1 618-244-7100,https://www.hilton.com/ar/hotels/mvnpbdt-doubletree-mt-vernon/,,DoubleTree by Hilton,Q2504643
mvnhhhx-hampton-mt-vernon,hilton,Hampton Inn Mt. Vernon,,,IL,,US,+1 618-244-2323,https://www.hilton.com/ar/hotels/mvnhhhx-hampton-mt-vernon/,,Hampton by Hilton,Q5646230
13639,h_r_block,H&R Block,,Mount Vernon,IL,,US,+1 618-244-3627,https://www.hrblock.com/local-tax-offices/illinois/mount-vernon/2413-broadway/13639/,,H&R Block,Q5627799
https://office.jacksonhewitt.com/#27577870,jackson_hewitt,Jackson Hewitt,,Mount Vernon,IL,,US,+1 618-246-0200,https://office.jacksonhewitt.com/tax-preparation-services-locations/en/il/mount-vernon/2409-broadway-st/13510,Mo-Fr 10:00-18:00; Sa 09:00-17:00,Jackson Hewitt,Q6117132
https://locations.jimmyjohns.com/il/mt-vernon/sandwiches-1190.html,jimmy_johns,Jimmy John's,,Mt. Vernon,IL,,US,+1 618-244-1444,https://locations.jimmyjohns.com/il/mt-vernon/sandwiches-1190.html,,Jimmy John's,Q1689380
https://locations.kfc.com/#11249577,kfc,Chicken Nuggets Near Mount Vernon,,Mount Vernon,IL,,US,,https://locations.kfc.com/il/mount-vernon/1-times-square-mall/chickennugget,Mo-Su 10:00-22:00,KFC,Q524757
1396,kohls_us,Kohl's,,Mount Vernon,IL,,US,+1 618-242-1905,https://www.kohls.com/stores/il/mountvernon-1396.shtml,Mo-Th 09:00-20:00; Fr-Sa 09:00-21:00; Su 09:00-20:00,Kohl's,Q967265
1139,loves,Site 824,,Mt Vernon,IL,,US,+1 618-731-7038,,,Love's,Q1872496
158700,marathon_petroleum_us,TA MT VERNON,,Mount Vernon,IL,,US,+1 618-244-4242,,,Marathon,Q458363
MVNFI,marriott,Fairfield Inn & Suites Mount Vernon Rend Lake,,Mount Vernon,IL,,US,+1 618-244-2300,https://www.marriott.com/MVNFI,,Fairfield by Marriott,Q5430314
https://locations.maurices.com/#11688576,maurices,maurices Times Square Mall,,Mount Vernon,IL,,US,+1 618-244-4215,https://locations.maurices.com/us/il/mount-vernon/3917-broadway-st,Mo-Sa 10:00-20:00; Su 12:00-17:00,maurices,Q6793571
3350,menards,MT. VERNON,"1300 S 45TH ST, MOUNT VERNON, IL 62864",MOUNT VERNON,IL,,US,,https://www.menards.com/main/storeDetails.html?store=3350,,Menards,Q1639897
https://locations.moes.com/#1127,moes,Moe's Southwest Grill,,Mount Vernon,IL,,US,+1 618-241-7000,https://locations.moes.com/il/mount-vernon/3909-broadway-st,Mo-Sa 10:00-20:00; Su 10:00-19:00,Moe's Southwest Grill,Q6889938
https://locations.oreillyauto.com/il/mtvernon/check-engine-light-testing-1462.html,oreilly,Your Mt Vernon O'Reilly Auto Parts Store,,Mt Vernon,IL,,US,+1 618-242-0842,https://locations.oreillyauto.com/il/mtvernon/check-engine-light-testing-1462.html,Mo-Sa 07:30-21:00; Su 08:30-21:00,O'Reilly Auto Parts,Q7071951
https://locations.oreillyauto.com/il/mtvernon/wiper-installation-1462.html,oreilly,Your Mt Vernon O'Reilly Auto Parts Store,,Mt Vernon,IL,,US,+1 618-242-0842,https://locations.oreillyauto.com/il/mtvernon/wiper-installation-1462.html,Mo-Sa 07:30-21:00; Su 08:30-21:00,O'Reilly Auto Parts,Q7071951
https://locations.oreillyauto.com/il/mtvernon/battery-testing-1462.html,oreilly,Your Mt Vernon O'Reilly Auto Parts Store,,Mt Vernon,IL,,US,+1 618-242-0842,https://locations.oreillyauto.com/il/mtvernon/battery-testing-1462.html,Mo-Sa 07:30-21:00; Su 08:30-21:00,O'Reilly Auto Parts,Q7071951
https://locations.oreillyauto.com/il/mtvernon/autopartes-1462.html,oreilly,Tu tienda O'Reilly Auto Parts en Mt Vernon,,Mt Vernon,IL,,US,+1 618-242-0842,https://locations.oreillyauto.com/il/mtvernon/autopartes-1462.html,Mo-Sa 07:30-21:00; Su 08:30-21:00,O'Reilly Auto Parts,Q7071951
112468,pandaexpress,Broadway & 42nd,,Mount Vernon,IL,,US,+1 618-242-2579,https://www.pandaexpress.com/locations/il/mount-vernon/4201-broadway-st,Mo-Th 09:30-21:30; Fr-Sa 09:30-22:00; Su 10:00-21:30,Panda Express,Q1358690
072081,penske,Mt. Vernon Truck Rental,,MT VERNON,IL,,US,+1 618-241-9330,https://www.pensketruckrental.com/locations/us/illinois/mt_vernon/072081/,,Penske,Q81234570
889,pilot_flyingj,Flying J Dealer,,Mt. Vernon,IL,,US,+1 618-244-2616,https://locations.pilotflyingj.com/us/il/mt.-vernon/101-south-45th-street,,Flying J,Q16974822
482,pilot_flyingj,Pilot Travel Center,,Mount Vernon,IL,,US,+1 618-244-1216,https://locations.pilotflyingj.com/us/il/mount-vernon/4610-broadway,,Pilot,Q7194412
il_mt-vernon_3519-west-broadway,pizza_hut_us,3519 West Broadway,,Mt Vernon,IL,,US,+1 618-244-3848,https://locations.pizzahut.com/il/mt-vernon/3519-west-broadway,,Pizza Hut,Q191615
restaurant_82885,popeyes_us_fr,Popeyes,"4510 Broadway St Mount Vernon, Illinois 62864 - USA",Mount Vernon,IL,,US,+1 618-244-4242,https://www.popeyes.com/store-locator/store/restaurant_82885,Mo-Su 08:00-23:00,Popeyes,Q1330910
https://locations.quiktrip.com/#1018998320,quiktrip_us,QuikTrip Store #7190 4501 Veterans Memorial Dr,,Mt Vernon,IL,,US,+1 618-731-7662,https://locations.quiktrip.com/il/mt-vernon/4501-veterans-memorial-dr,24/7,QuikTrip,Q7271953
1116,roadys_us,Mach 1 #14,,Mt Vernon,IL,,US,+1 618-474-9158,,,Roady’s Truck Stops,Q7339701
172,steak_n_shake,Steak n Shake,,Mt. Vernon,IL,,US,+1 618-244-9466,https://www.steaknshake.com/locations/il-mt-vernon-n-44th-street/,,Steak N Shake,Q7605233
https://restaurants.subway.com/#14908510,subway,Subway,,Mt Vernon Jefferson,IL,,US,+1 618-246-0000,https://restaurants.subway.com/united-states/il/mt-vernon/4716-broadway,Mo-Fr 09:00-20:00; Sa-Su 10:00-20:00,Subway,Q244457
https://restaurants.subway.com/#14904712,subway,Subway Times Square Plaza,,Mount Vernon Jefferson,IL,,US,+1 618-244-6281,https://restaurants.subway.com/united-states/il/mount-vernon/37-times-square-mall,Mo-Sa 10:00-20:00; Su 12:00-17:00,Subway,Q244457
https://restaurants.subway.com/#14898193,subway,Subway,,Mount Vernon Jefferson,IL,,US,+1 618-242-5300,https://restaurants.subway.com/united-states/il/mount-vernon/219-s-10th-st,Mo-Fr 09:00-20:00; Sa-Su 09:00-19:00,Subway,Q244457
https://locations.tacobell.com/#6143630,taco_bell,Taco Bell,,Mount Vernon,IL,,US,+1 618-242-4217,https://locations.tacobell.com/il/mount-vernon/4205-broadway.html,Mo-Su 08:00-02:00,Taco Bell,Q752941
https://locations.tacobell.com/#14848362,taco_bell,Taco Bell,,Mount Vernon,IL,,US,+1 618-732-9915,https://locations.tacobell.com/il/mount-vernon/1610-s--10th-st-.html,Mo-Tu 08:00-03:00; We 08:15-03:00; Th-Su 08:00-03:00,Taco Bell,Q752941
0043,travelcenters_of_america_us,TA Mt Vernon #0043,,Mt. Vernon,IL,,US,+1 618-244-4242,https://www.ta-petro.com/location/il/ta-mt-vernon/,,TA,Q7835892
"Good Samaritan Surgery Center, Mount Vernon, Illinois",united_surgical_partners_international,Good Samaritan Surgery Center,2 Good Samaritan Way Suite #200,Mount Vernon,IL,,US,+1 618-899-5703,na,,United Surgical Partners International,Q7893575
1449816,usps,MOUNT VERNON CARRIER ANNEX,,MOUNT VERNON,IL,,US,+1 618-242-0700,,,United States Postal Service,Q668687
1374098,usps,MOUNT VERNON,,MOUNT VERNON,IL,,US,+1 618-242-0640,,Mo-Fr 08:30-17:00; Sa 09:00-11:00,United States Postal Service,Q668687
6286400036,usps_collection_boxes,USPS COLLECTION BOX - BLUE BOX,600 BROADWAY ST,MOUNT VERNON,IL,,US,,,,United States Postal Service,Q668687
6286400065,usps_collection_boxes,USPS COLLECTION BOX - BLUE BOX,601 MAIN ST,MOUNT VERNON,IL,,US,,,,United States Postal Service,Q668687
6286400076,usps_collection_boxes,USPS COLLECTION BOX - BLUE BOX,301 S 10TH STREET,MOUNT VERNON,IL,,US,,,,United States Postal Service,Q668687
6286400078,usps_collection_boxes,USPS COLLECTION BOX - PO LOBBY,301 S 10TH STREET,MOUNT VERNON,IL,,US,,,,United States Postal Service,Q668687
6286400082,usps_collection_boxes,USPS COLLECTION BOX - PO LOBBY,301 S 10TH STREET,MOUNT VERNON,IL,,US,,,,United States Postal Service,Q668687
6286400053,usps_collection_boxes,USPS COLLECTION BOX - BLUE BOX,2400 VETERANS MEMORIAL DR,MOUNT VERNON,IL,,US,,,,United States Postal Service,Q668687
6286400042,usps_collection_boxes,USPS COLLECTION BOX - BLUE BOX,100 S 10TH ST,MOUNT VERNON,IL,,US,,,,United States Postal Service,Q668687
6286400020,usps_collection_boxes,USPS COLLECTION BOX - BLUE BOX,123 S 10TH ST,MOUNT VERNON,IL,,US,,,,United States Postal Service,Q668687
6286400009,usps_collection_boxes,USPS COLLECTION BOX - BLUE BOX,1100 MAIN ST,MOUNT VERNON,IL,,US,,,,United States Postal Service,Q668687
6286400062,usps_collection_boxes,USPS COLLECTION BOX - BLUE BOX,1314 MAIN ST,MOUNT VERNON,IL,,US,,,,United States Postal Service,Q668687
6286400001,usps_collection_boxes,USPS COLLECTION BOX - BLUE BOX,1314 MAIN ST,MOUNT VERNON,IL,,US,,,,United States Postal Service,Q668687
6286400028,usps_collection_boxes,USPS COLLECTION BOX - BLUE BOX,3001 BROADWAY ST,MOUNT VERNON,IL,,US,,,,United States Postal Service,Q668687
6286400003,usps_collection_boxes,USPS COLLECTION BOX - BLUE BOX,3 DOCTORS PARK RD,MOUNT VERNON,IL,,US,,,,United States Postal Service,Q668687
6286400069,usps_collection_boxes,USPS COLLECTION BOX - BLUE BOX,3917 BROADWAY ST STE 38,MOUNT VERNON,IL,,US,,,,United States Postal Service,Q668687
6286400074,usps_collection_boxes,USPS COLLECTION BOX - BLUE BOX,415 S 42ND ST,MOUNT VERNON,IL,,US,,,,United States Postal Service,Q668687
6286400072,usps_collection_boxes,USPS COLLECTION BOX - BLUE BOX,110 DAVIDSON RD,MOUNT VERNON,IL,,US,,,,United States Postal Service,Q668687
6286400066,usps_collection_boxes,USPS COLLECTION BOX - BLUE BOX,101 S 45TH ST,MOUNT VERNON,IL,,US,,,,United States Postal Service,Q668687
6286400079,usps_collection_boxes,USPS COLLECTION BOX - BLUE BOX,5100 LAKE TER NE,MOUNT VERNON,IL,,US,,,,United States Postal Service,Q668687
R00000258644,verizon_us,Mt Vernon IL,,Mount Vernon,IL,,US,+1 618-242-5113,https://www.verizon.com/stores/details/illinois/mount-vernon/mt-vernon-1332922/,Mo-Fr 10:00-18:00; Sa 09:00-17:00; Su 10:00-17:00,Verizon,Q919641
,visa,,,MT VERNON,IL,,US,,,,,
,visa,,,MOUNT VERNON,IL,,US,,,,,
,visa,,,MOUNT VERNON,IL,,US,,,,,
,visa,,,MOUNT VERNON,IL,,US,,,,,
,visa,,,MT VERNON,IL,,US,,,,,
,visa,,,MT VERNON,IL,,US,,,,,
,visa,,,MT. VERNON,IL,,US,,,,,
,visa,,,MT VERNON,IL,,US,,,,,
,visa,,,MT VERNON,IL,,US,,,,,
,visa,,,MT VERNON,IL,,US,,,,,
,visa,,,MT VERNON,IL,,US,,,,,
,visa,,,MT VERNON,IL,,US,,,,,
,visa,,,MT. VERNON,IL,,US,,,,,
,visa,,,MOUNT VERNON,IL,,US,,,,,
,visa,,,MT VERNON,IL,,US,,,,,
,visa,,,MT VERNON,IL,,US,,,,,
,visa,,,MT VERNON,IL,,US,,,,,
,visa,,,MOUNT VERNON,IL,,US,,,,,
,visa,,,MOUNT VERNON,IL,,US,,,,,
,visa,,,MOUNT VERNON,IL,,US,,,,,
,visa,,,MOUNT VERNON,IL,,US,,,,,
,visa,,,MT. VERNON,IL,,US,,,,,
,visa,,,MT. VERNON,IL,,US,,,,,
,visa,,,MOUNT VERNON,IL,,US,,,,,
,visa,,,MT. VERNON,IL,,US,,,,,
,visa,,,MT VERNON,IL,,US,,,,,
,visa,,,MT VERNON,IL,,US,,,,,
,visa,,,MOUNT VERNON,IL,,US,,,,,
,visa,,,MOUNT VERNON,IL,,US,,,,,
,visa,,,MT VERNON,IL,,US,,,,,
,visa,,,MOUNT VERNON,IL,,US,,,,,
,visa,,,MT. VERNON,IL,,US,,,,,
,visa,,,MT VERNON,IL,,US,,,,,
,visa,,,MT VERNON,IL,,US,,,,,
,visa,,,MOUNT VERNON,IL,,US,,,,,
,visa,,,MT VERNON,IL,,US,,,,,
,visa,,,MT VERNON,IL,,US,,,,,
,visa,,,MOUNT VERNON,IL,,US,,,,,
,visa,,,MOUNT VERNON,IL,,US,,,,,
,visa,,,MOUNT VERNON,IL,,US,,,,,
,visa,,,MOUNT VERNON,IL,,US,,,,,
,visa,,,MT VERNON,IL,,US,,,,,
,visa,,,MT VERNON,IL,,US,,,,,
,visa,,,MT. VERNON,IL,,US,,,,,
,visa,,,MOUNT VERNON,IL,,US,,,,,
,visa,,,MOUNT VERNON,IL,,US,,,,,
,visa,,,MOUNT VERNON,IL,,US,,,,,
,visa,,,MOUNT VERNON,IL,,US,,,,,
,visa,,,MOUNT VERNON,IL,,US,,,,,
,visa,,,MOUNT VERNON,IL,,US,,,,,
,visa,,,MT VERNON,IL,,US,,,,,
,visa,,,MT VERNON,IL,,US,,,,,
,visa,,,MT VERNON,IL,,US,,,,,
,visa,,,MOUNT VERNON,IL,,US,,,,,
,visa,,,MOUNT VERNON,IL,,US,,,,,
,visa,,,MOUNT VERNON,IL,,US,,,,,
,visa,,,MT. VERNON,IL,,US,,,,,
,visa,,,MT VERNON,IL,,US,,,,,
,visa,,,MT VERNON,IL,,US,,,,,
,visa,,,VERNON,IL,,US,,,,,
,visa,,,MT VERNON,IL,,US,,,,,
,visa,,,MT. VERNON,IL,,US,,,,,
,visa,,,MOUNT VERNON,IL,,US,,,,,
,visa,,,MT VERNON,IL,,US,,,,,
,visa,,,MT VERNON,IL,,US,,,,,
,visa,,,MT VERNON,IL,,US,,,,,
,visa,,,MT VERNON,IL,,US,,,,,
,visa,,,MT VERNON,IL,,US,,,,,
,visa,,,MT. VERNON,IL,,US,,,,,
,visa,,,MT VERNON,IL,,US,,,,,
,visa,,,MOUNT VERNON,IL,,US,,,,,
,visa,,,MOUNT VERNON,IL,,US,,,,,
,visa,,,MT VERNON,IL,,US,,,,,
,visa,,,MT VERNON,IL,,US,,,,,
https://www.walgreens.com/locator/walgreens-3001+broadway+st-mount+vernon-il-62864/id=2876,walgreens,Walgreens,,Mount Vernon,IL,,US,+1 618-242-1442,https://www.walgreens.com/locator/walgreens-3001+broadway+st-mount+vernon-il-62864/id=2876,Mo-Fr 07:30-22:00; Sa-Su 08:00-22:00,Walgreens,Q1591889
https://locations.wendys.com/#9254288,wendys,"Wendy's Mt. Vernon in Mount Vernon, IL",,Mount Vernon,IL,,US,+1 618-244-1313,https://locations.wendys.com/united-states/il/mount-vernon/3917-broadway-st,"Mo-Su 06:30-10:30,07:00-22:00",Wendy's,Q550258
368f001ae8d7226702773b4a055aa452,western_union,WALMART #000224,,Mount Vernon,IL,,US,+1 618-244-7119,https://location.westernunion.com/us/il/mount-vernon/368f001ae8d7226702773b4a055aa452,Mo-Su 07:00-21:00,Western Union,Q861042
1062,world_finance_us,,"610A S. 42nd St, Mt. Vernon, IL, 62864",Mt. Vernon,IL,,US,+1 618-244-5074,https://www.loansbyworld.com/branches/branch-1062,Mo-Fr 09:00-17:30; Sa 09:00-12:00,World Finance,Q3569971
