Ref,Spider,Name,Address,City,State,Zipcode,Country,Phone,Website,Hours,Brand,WikiData
https://stores.advanceautoparts.com/ut/west-valley-city/4795-w-3500-s,advance_auto_parts_us,Advance Auto Parts,,West Valley City,UT,,US,+1 801-966-1011,https://stores.advanceautoparts.com/ut/west-valley-city/4795-w-3500-s,Mo-Sa 07:30-21:00; Su 09:00-20:00,Advance Auto Parts,Q4686051
231,arctic_circle_us,West Valley - Hunter,,West Valley,UT,,US,+1 801-968-7223,,,Arctic Circle,Q4787501
867,autozone_us,AutoZone Auto Parts West Valley City,,West Valley City,UT,,US,+1 801-955-7755,https://www.autozone.com/locations/ut/west-valley-city/4525-w-3500-s.html,Mo-Sa 07:30-22:00; Su 08:00-21:00,AutoZone,Q4826087
6295,autozone_us,AutoZone Auto Parts West Valley City,,West Valley City,UT,,US,+1 801-601-3226,https://www.autozone.com/locations/ut/west-valley-city/4049-s-5600-w.html,Mo-Sa 07:30-22:00; Su 07:30-21:00,AutoZone,Q4826087
https://www.banfield.com/locations/veterinarians/ut/west-valley-city/wes,banfield_pet_hospital,West Valley,,West Valley City,UT,,US,+1 801-840-1858,https://www.banfield.com/locations/veterinarians/ut/west-valley-city/wes,Mo-Sa 08:00-18:00; Su 00:00-24:00,Banfield Pet Hospital,Q2882416
https://locators.bankofamerica.com/ut/westvalleycity/financial-centers-west-valley-city-16994.html,bankofamerica,Bank of America Financial Center & Drive-Thru ATM | West Valley City,,West Valley City,UT,,US,+1 385-274-3996,https://locators.bankofamerica.com/ut/westvalleycity/financial-centers-west-valley-city-16994.html,Mo-Fr 09:00-16:00; Sa 09:00-13:00,Bank of America,Q487907
909,batteriesplus,Visit West Valley City's Premier Battery and Lighting Experts,,West Valley City,UT,,US,+1 801-965-6000,https://www.batteriesplus.com/store-locator/ut/westvalleycity/batteries-plus-909,,Batteries Plus Bulbs,Q17005157
https://stores.bestbuy.com/ut/west-valley-city/4837-w-2400-s-9160.html,bestbuy,Best Buy Warehouse Salt Lake City,,West Valley City,UT,,US,+1 801-907-4111,https://stores.bestbuy.com/ut/west-valley-city/4837-w-2400-s-9160.html,,Best Buy,Q533415
208406,bluerhino,WinCo Foods #75 (WestValley),,West Valley City,UT,,US,+1 801-417-5570,,,Blue Rhino,Q65681213
53367,bluerhino,Lowe's #1133,,West Valley City,UT,,US,+1 801-967-6829,,,Blue Rhino,Q65681213
189399,bluerhino,Harmons Grocery #1 - West,,West Valley City,UT,,US,+1 801-968-3577,,,Blue Rhino,Q65681213
192280,bluerhino,Speedway #9428,,West Valley City,UT,,US,+1 801-964-9651,,,Blue Rhino,Q65681213
57103,bluerhino,Smiths Food & Drug 137,,Salt Lake City,UT,,US,+1 801-968-1962,,,Blue Rhino,Q65681213
150025,bluerhino,Smiths Food & Drug 137 - Fuel Site,,Salt Lake City,UT,,US,+1 801-968-1962,,,Blue Rhino,Q65681213
1002,burlington_us,Burlington,,West Valley City,UT,,US,+1 801-963-8021,https://stores.burlington.com/ut/west-valley-city/1002,Mo-Th 09:00-23:30; Fr-Sa 09:00-24:00; Su 09:00-22:00,Burlington,Q4999220
35,cafe_zupas,West Valley-5600 West,,West Valley,UT,,US,+1 385-275-9800,https://cafezupas.com/locationcopy/info/west-valley-5600-west,Mo-Th 10:00-21:00; Fr-Sa 10:00-22:00,Café Zupas,Q123687995
2042293,chase_us,West Valley City - New branch,,Salt Lake City,UT,,US,+1 801-481-5310,https://locator.chase.com/ut/salt-lake-city/4065-w-3500-s,Mo-Fr 09:00-17:00; Sa 09:00-14:00,Chase,Q524629
95635,chevrolet,SALT LAKE VALLEY CHEVROLET,,West valley City,UT,,US,+1 801-969-8221,https://www.slvchevrolet.com,Mo-Fr 08:30-20:00; Sa 09:00-20:00,Chevrolet,Q29570
207161,chevron,Chevron Station #207161,7198 WEST 3500 SOUTH,WEST VALLEY,UT,,US,,,,Chevron,Q319642
370061,chevron,Chevron Station #370061,6415 W 3500 S,SALT LAKE CITY,UT,,US,+1 801-967-9217,,,Chevron,Q319642
380006,chevron,Chevron Station #380006,2455 SOUTH 5600 WEST,WEST VALLEY,UT,,US,+1 801-980-7340,,,Chevron,Q319642
72807,chevron,Chevron Station #72807,3984 WEST 3500 SOUTH,WEST VALLEY,UT,,US,,,,Chevron,Q319642
001.005.1100,chilis,Centennial Park,,West Valley City,UT,,US,+1 801-967-2655,https://www.chilis.com/locations/us/utah/west-valley-city/centennial-park/,Mo-Th 11:00-23:00; Fr-Sa 11:00-24:00; Su 11:00-22:00,Chili's,Q1072948
ut_west-valley-city_2640-south-5600-west,chipotle, ,,West Valley City,UT,,US,+1 385-542-3027,https://locations.chipotle.com/ut/west-valley-city/2640-south-5600-west,,Chipotle,Q465751
ut-west-valley-city/cinemark-west-valley-city-and-xd,cinemark,Cinemark West Valley City and XD,,West Valley City,UT,,US,+1 801-297-1708,https://www.cinemark.com/theatres/ut-west-valley-city/cinemark-west-valley-city-and-xd,,Cinemark,Q707530
51809,citi,ATM CVS,,West Valley City,UT,,US,,,,Citibank,Q857063
30604,citi,ATM 7ELEVEN-FCTI,,West Valley Cit,UT,,US,,,,Citibank,Q857063
78230,citi,ATM Speedway,,West Valley City,UT,,US,,,,Citibank,Q857063
56790,citi,ATM FIRST UTAH BANK,,West Valley,UT,,US,,,,Citibank,Q857063
westvalleycity/3161,claires,Shop Ear Piercings & Jewelry at Claires Walmart West Valley City,,WEST VALLEY CITY,UT,,US,+1 801-969-6944,https://stores.claires.com/us/ut/westvalleycity/3161.html,Mo-Sa 12:00-20:00; Su 11:00-20:00,Claire's,Q2974996
,credit_union_us,Cyprus CU,,West Valley City,UT,,US,+1 801-260-7600,,Mo-Fr 09:00-06:00; Sa 09:00-03:00,,
,credit_union_us,Deseret First CU,,West Valley City,UT,,US,+1 800-326-3328,,Mo-Fr 09:00-05:30,,
80155197,cricket_wireless,Cricket Wireless Authorized Retailer,,West Valley City,UT,,US,+1 801-967-2600,https://www.cricketwireless.com/stores/ll/US/UT/West-Valley-City/2927-S-5600-W,Mo-Sa 10:00-20:00; Su 12:00-17:00,Cricket Wireless,Q5184987
70133107,cricket_wireless,Cricket Wireless Authorized Retailer,,West Valley City,UT,,US,+1 801-964-6553,https://www.cricketwireless.com/stores/ll/US/UT/West-Valley-City/3952-W-3500-S,Mo-Sa 10:00-20:00; Su 10:00-18:00,Cricket Wireless,Q5184987
70133117,cricket_wireless,Cricket Wireless Authorized Retailer,,West Valley City,UT,,US,+1 385-274-4441,https://www.cricketwireless.com/stores,Mo-Sa 10:00-20:00; Su 00:00-18:00,Cricket Wireless,Q5184987
460,culvers_us,"Culver's of West Valley City, UT - S 5600 W",,West Valley City,UT,,US,+1 801-969-5600,http://www.culvers.com/restaurants/west-valley-city,Mo-Th 10:30-22:00; Fr 10:30-23:00; Su 10:30-22:00,Culver's,Q1143589
17590,cvs_us,CVS Pharmacy,,West Valley City,UT,,US,+1 801-449-8023,https://www.cvs.com/store-locator/west-valley-city-ut-pharmacies/5518-w-high-market-dr-west-valley-city-ut-84120/storeid=17590,"Mo-Fr 09:00-13:30,14:00-19:00; Sa 09:00-13:30,14:00-17:00; Su 11:00-13:30,14:00-17:00",CVS Pharmacy,Q2078880
319,dickeys_barbecue_pit_us,West Valley City - 5600 W,,West Valley City,UT,,US,+1 801-969-6600,https://www.dickeys.com/locations/utah/west%20valley%20city/west-valley,Mo-Sa 11:00-21:00,Dickey's Barbecue Pit,Q19880747
7531,dominos_pizza_us,Domino's Pizza,,Salt Lake City,UT,,US,+1 801-955-9458,https://pizza.dominos.com/utah/salt-lake-city/4790-w-3500-s,Mo-Th 10:00-24:00; Fr-Sa 10:00-01:00; Su 10:00-24:00,Domino's,Q839466
3810,elpolloloco,El Pollo Loco,,West Valley,UT,,US,+1 801-966-1985,,,El Pollo Loco,Q2353849
E14740,enterprise,West Valley City 3500 S. & 4400 W.,,West Valley City,UT,,US,+1 801-963-8456,,,Enterprise Rent-A-Car,Q17085454
501573,extra_space_storage,West Valley City Self Storage at 4537 W 3500 S,,West Valley City,UT,,US,+1 801-966-9959,https://www.extraspace.com/storage/facilities/us/utah/west_valley_city/501573/,Mo-Su 06:00-22:00,Extra Space Storage,Q5422162
25631,family_dollar_us,FAMILY DOLLAR #5631,,West Valley City,UT,,US,+1 801-601-3006,https://www.familydollar.com/locations/ut/west-valley-city/25631/,Mo-Sa 09:00-22:00; Su 09:00-21:00,Family Dollar,Q5433101
https://local.fedex.com/#25145589,fedex,FedEx Authorized ShipCenter,,West Valley City,UT,,US,+1 801-965-9814,https://local.fedex.com/en-us/ut/west-valley-city/52358,,FedEx,Q459477
2653,first_cash,Cash America Pawn,,West Valley City,UT,,US,+1 801-966-8182,,,Cash America,Q5048636
https://branches.fleetpride.com/ut/saltlakecity/truckparts-slc.html,fleet_pride_us,FleetPride,,Salt Lake City,UT,,US,+1 801-886-0041,https://branches.fleetpride.com/ut/saltlakecity/truckparts-slc.html,Mo-Fr 07:00-18:00,FleetPride,Q121436710
Motorcraft3276USAEnglish,ford,"Henry Day Ford, Inc.",,Utah,UT,,US,+1 801-973-7030,,,Ford,Q44294
https://www.ford.com/dealerships/dealer-details/ut/west-valley-city/ken-garff-west-valley-ford/,ford_dealers_us,Ken Garff West Valley Ford,,West Valley City,UT,,US,+1 385-386-5557,https://www.ford.com/dealerships/dealer-details/ut/west-valley-city/ken-garff-west-valley-ford/,Mo-Sa 09:00-21:00,Ford Motor Company,Q44294
100285,fresenius_kidney_care_us,Fresenius Kidney Care West Salt Lake,,West Valley City,UT,,US,+1 800-881-5101,https://www.freseniuskidneycare.com/dialysis-centers/utah/100285,Mo 05:00-21:00; Tu 05:00-16:30; We 05:00-21:00; Th 05:00-16:30; Fr 05:00-21:00; Sa 05:00-16:30,,
0963,gamestop_us,Granger Strip at Valley Fair,,West Valley City,UT,,US,+1 801-967-0853,https://www.gamestop.com/search/?store=0963,Mo-Th 12:00-20:00; Fr-Sa 12:00-21:00; Su 12:00-20:00,GameStop,Q202210
0960,gamestop_us,Smith Shops,,West Valley City,UT,,US,+1 801-955-0358,https://www.gamestop.com/search/?store=0960,Mo-Th 12:00-20:00; Fr-Sa 10:00-21:00; Su 13:00-19:00,GameStop,Q202210
https://stores.gnc.com/#24059417,gnc,GNC The Shoppes At Lake Park,,,UT,,US,+1 801-955-1237,https://stores.gnc.com/all-stores-utah/west-valley-city/2885-south-5600-west,Mo-Sa 10:00-20:00; Su 11:00-18:00,GNC,Q4808595
https://salons.greatclips.com/us/ut/west-valley-city/3536-s-5600-w,greatclips,Great Clips,,West Valley City,UT,,US,+1 801-967-3367,https://salons.greatclips.com/us/ut/west-valley-city/3536-s-5600-w,Mo-Fr 09:00-20:00; Sa 09:00-18:00; Su 10:00-15:00,Great Clips,Q5598967
https://www.harborfreight.com/storelocator/4660-south-4000-west-westvalley-city-84120?number=520,harborfreight,"Harbor Freight Tools West Valley City, UT",,Westvalley City,UT,,US,+1 801-955-9265,https://www.harborfreight.com/storelocator/4660-south-4000-west-westvalley-city-84120?number=520,Mo-Sa 08:00-20:00; Su 09:00-18:00,Harbor Freight Tools,Q5654601
43793,h_r_block,H&R Block,,West Valley City,UT,,US,+1 801-964-5864,https://www.hrblock.com/local-tax-offices/utah/west-valley-city/3390-s-5600-w/43793/,,H&R Block,Q5627799
ut_west-valley-city_breakfast-3122-south-5600-west-3031,ihop,IHOP Breakfast Restaurants Near You at 3122 South 5600 West,,West Valley City,UT,,US,+1 801-966-8800,https://restaurants.ihop.com/en-us/ut/west-valley-city/breakfast-3122-south-5600-west-3031,,IHOP,Q1185675
https://office.jacksonhewitt.com/#27579820,jackson_hewitt,Jackson Hewitt,,West Valley City,UT,,US,+1 801-432-0485,https://office.jacksonhewitt.com/tax-preparation-services-locations/en/ut/west-valley-city/3180-south-5600-west/53568,Mo-Sa 11:00-19:00; Su 12:00-16:00,Jackson Hewitt,Q6117132
https://locations.jimmyjohns.com/ut/westvalleycity/sandwiches-1295.html,jimmy_johns,Jimmy John's,,West Valley City,UT,,US,+1 801-966-0141,https://locations.jimmyjohns.com/ut/westvalleycity/sandwiches-1295.html,,Jimmy John's,Q1689380
https://locations.kfc.com/#11248293,kfc,Chicken Nuggets Near West Valley City,,West Valley City,UT,,US,,https://locations.kfc.com/ut/west-valley-city/3865-west-3500-south/chickennugget,Mo-Su 10:00-23:00,KFC,Q524757
774,kohls_us,Kohl's,,West Valley City,UT,,US,+1 801-955-9174,https://www.kohls.com/stores/ut/westvalleycity-774.shtml,Mo-Sa 09:00-21:00; Su 09:00-20:00,Kohl's,Q967265
55081,little_free_library,Dragonhall #55081 Salt Lake Cty UT,,Salt Lake Cty,UT,,US,,,,Little Free Library,Q6650101
174123,little_free_library,Angela’s Library #174123 #174123 West Valley UT,,West Valley,UT,,US,,,,Little Free Library,Q6650101
100760,little_free_library,Crystal Butler #100760 West Valley City UT,,West Valley City,UT,,US,,,,Little Free Library,Q6650101
166737,little_free_library,Jordan West Valley Medical Office Building #166737 West Valley City UT,,West Valley City,UT,,US,,,,Little Free Library,Q6650101
94244,little_free_library,Book Schack #94244 West Valley City UT,,West Valley City,UT,,US,,,,Little Free Library,Q6650101
SLCSW,marriott,TownePlace Suites Salt Lake City-West Valley,,West Valley City,UT,,US,+1 801-307-3300,https://www.marriott.com/SLCSW,,Townplace Suites by Marriott,Q7830092
17181,mattress_firm_us,Mattress Firm West Valley City,,West Valley City,UT,,US,+1 801-964-4869,https://www.mattressfirm.com/en-us/stores/ut/west-valley-city/066007/,,Mattress Firm,Q6791878
https://locations.maurices.com/#11688864,maurices,maurices Highbury Centre Bldg. E,,West Valley City,UT,,US,+1 801-456-7716,https://locations.maurices.com/us/ut/west-valley-city/5432-w-high-market-drive,Mo-Th 11:00-20:00; Fr-Sa 10:00-21:00; Su 11:00-17:00,maurices,Q6793571
70449251,moneygram,CVS - #10424,,WEST VALLEY CITY,UT,,US,+1 801-966-1118,,Mo-Su 07:00-22:00,MoneyGram,Q1944412
https://locations.noodles.com/ut/west-valley-city/2682-south-high-commons-way.html,noodles_and_company_us,Noodles & Company West Valley City,,West Valley City,UT,,US,+1 801-456-5892,https://locations.noodles.com/ut/west-valley-city/2682-south-high-commons-way.html,Mo-Th 10:30-21:00; Fr-Sa 10:30-22:00; Su 10:30-21:00,Noodles and Company,Q7049673
https://locations.oreillyauto.com/ut/westvalleycity/check-engine-light-testing-2860.html,oreilly,Your West Valley City O'Reilly Auto Parts Store,,West Valley City,UT,,US,+1 801-982-9029,https://locations.oreillyauto.com/ut/westvalleycity/check-engine-light-testing-2860.html,Mo-Sa 07:30-22:00; Su 08:00-20:00,O'Reilly Auto Parts,Q7071951
https://locations.oreillyauto.com/ut/westvalleycity/autopartes-2860.html,oreilly,Tu tienda O'Reilly Auto Parts en West Valley City,,West Valley City,UT,,US,+1 801-982-9029,https://locations.oreillyauto.com/ut/westvalleycity/autopartes-2860.html,Mo-Sa 07:30-22:00; Su 08:00-20:00,O'Reilly Auto Parts,Q7071951
https://locations.oreillyauto.com/ut/westvalleycity/wiper-installation-2860.html,oreilly,Your West Valley City O'Reilly Auto Parts Store,,West Valley City,UT,,US,+1 801-982-9029,https://locations.oreillyauto.com/ut/westvalleycity/wiper-installation-2860.html,Mo-Sa 07:30-22:00; Su 08:00-20:00,O'Reilly Auto Parts,Q7071951
https://locations.oreillyauto.com/ut/westvalleycity/battery-testing-2860.html,oreilly,Your West Valley City O'Reilly Auto Parts Store,,West Valley City,UT,,US,+1 801-982-9029,https://locations.oreillyauto.com/ut/westvalleycity/battery-testing-2860.html,Mo-Sa 07:30-22:00; Su 08:00-20:00,O'Reilly Auto Parts,Q7071951
111566,pandaexpress,4700 S & 4000 W,,West Valley City,UT,,US,+1 801-968-7268,https://www.pandaexpress.com/locations/ut/west-valley-city/4645-south-4000-west-space-a1,Mo-Th 10:00-22:00; Fr-Sa 10:00-22:30; Su 10:30-22:00,Panda Express,Q1358690
https://locations.papamurphys.com/#15430451,papamurphys,Pizza Takeout & Delivery,,West Valley City,UT,,US,+1 801-966-8000,https://locations.papamurphys.com/ut/west-valley-city/4578-south-4000-west,Mo-Th 10:00-20:00; Fr-Sa 10:00-21:00; Su 11:00-19:00,Papa Murphy's,Q7132349
https://locations.papajohns.com/#10692955,papa_johns,Papa John's,,Salt Lake City,UT,,US,+1 801-955-7272,https://locations.papajohns.com/united-states/ut/84120/salt-lake-city/3510-s-4400-w,Mo-Su 10:00-24:00,Papa John's Pizza,Q2759586
019023,penske,Home Depot #4406,,WEST VALLEY CITY,UT,,US,+1 801-955-3307,https://www.pensketruckrental.com/locations/us/utah/west_valley_city/019023/,,Penske,Q81234570
ut_west-valley-city_5518-w-high-market-drive,pizza_hut_us,5518 W. High Market Drive,,West Valley City,UT,,US,,https://locations.pizzahut.com/ut/west-valley-city/5518-w-high-market-drive,,Pizza Hut,Q191615
ut_west-valley-city_3390-south-5600-west,pizza_hut_us,3390 South 5600 West,,West Valley City,UT,,US,+1 801-965-1919,https://locations.pizzahut.com/ut/west-valley-city/3390-south-5600-west,,Pizza Hut,Q191615
home-depot-4406-14173,ppgpaints,HOME DEPOT 4406,,"West Valley City, ",UT,,US,+1 801-963-7010,https://www.ppgpaints.com/store-locator/us/utah/west-valley-city-paint-stores/home-depot-4406-14173,,PPG Paints,Q83891559
518,rentacenter,Rent-A-Center,,West Valley City,UT,,US,+1 801-966-2974,https://locations.rentacenter.com/utah/west-valley-city/4616-s-4000-west/,Mo-Sa 10:00-18:00,Rent-A-Center,Q7313497
1646,ross_dress_for_less_us,West Valley City,,West Valley City,UT,,US,+1 801-964-4019,,Mo-Su 09:00-22:00,Ross Dress for Less,Q3442791
2971-s-5600-west,rue21,The Shoppes at Lake Park,,West Valley,UT,,US,,https://stores.rue21.com/ut/west-valley/2971-s-5600-west.html,Mo-Sa 11:00-20:00; Su 12:00-18:00,rue21,Q7377762
097,shopko,Shopko Optical West Valley City,,West Valley City,UT,,US,+1 801-967-6300,https://www.shopko.com/eye-care/ut/west-valley-city/store-097/,Mo-Fr 09:00-19:00; Sa 09:00-15:00,Shopko Optical,Q109228833
https://stations.sinclairoil.com/ut/salt-lake-city/4391-w-3500-s,sinclair_us,Sinclair Gas Station,,Salt Lake City,UT,,US,+1 801-969-3102,https://stations.sinclairoil.com/ut/salt-lake-city/4391-w-3500-s,Mo-Th 05:00-23:00; Fr-Sa 05:00-24:00; Su 07:00-22:00,Sinclair,Q1290900
32191,smilebrands,Monarch Dental West Valley,4645 S 4000 W,West Valley,UT,,US,+1 801-955-1900,https://www.monarchdental.com/dentist-near-me/west-valley-dentist/42060/,,Smile Brands Inc.,Q108286823
https://restaurants.subway.com/#14913068,subway,Subway,,West Valley City Salt Lake,UT,,US,+1 801-964-8930,https://restaurants.subway.com/united-states/ut/west-valley-city/5550-w-3500-s,,Subway,Q244457
https://restaurants.subway.com/#14916455,subway,Subway,,West Valley City Salt Lake,UT,,US,+1 801-969-5939,https://restaurants.subway.com/united-states/ut/west-valley-city/3618-w-3500-s,Mo-Sa 08:00-22:00; Su 10:00-21:00,Subway,Q244457
https://restaurants.subway.com/#14899726,subway,Subway,,West Valley City Salt Lake,UT,,US,+1 801-966-4910,https://restaurants.subway.com/united-states/ut/west-valley-city/4030-w-4100-south,Mo-Su 09:00-23:00,Subway,Q244457
https://locations.tacobell.com/#6144066,taco_bell,Taco Bell,,West Valley City,UT,,US,+1 801-968-0800,https://locations.tacobell.com/ut/west-valley-city/3447-south-5600-west.html,Mo-Th 07:00-01:00; Fr-Sa 07:00-02:00; Su 07:00-01:00,Taco Bell,Q752941
101245,tjx,West Valley City,5432 W High Market Dr B-D,West Valley City,UT,,US,+1 801-456-4762,,Mo-Sa 09:30-21:30; Su 10:00-20:00,Marshalls,Q15903261
9224,tmobile_us,West Side,,West Valley City,UT,,US,+1 801-969-3150,https://www.t-mobile.com/store-locator/ut/west-valley-city/west-side,,T-Mobile,Q3511885
8393,tmobile_us,West Valley,,West Valley City,UT,,US,+1 801-955-2831,https://www.t-mobile.com/store-locator/ut/west-valley-city/west-valley,,T-Mobile,Q3511885
1440076,usps,WEST VALLEY,,WEST VALLEY CITY,UT,,US,+1 801-955-8584,,Mo-Fr 09:00-18:00; Sa 10:00-14:00,United States Postal Service,Q668687
8412000008,usps_collection_boxes,USPS COLLECTION BOX - BLUE BOX,3540 S 4000 W,SALT LAKE CITY,UT,,US,,,,United States Postal Service,Q668687
8412000025,usps_collection_boxes,USPS COLLECTION BOX - BLUE BOX,3739 W 2270 S,SALT LAKE CITY,UT,,US,,,,United States Postal Service,Q668687
8412000023,usps_collection_boxes,USPS COLLECTION BOX - BLUE BOX,3069 S COLT PLAZA DR,SALT LAKE CITY,UT,,US,,,,United States Postal Service,Q668687
8412000031,usps_collection_boxes,USPS COLLECTION BOX - PO LOBBY,3490 S 4400 W,SALT LAKE CITY,UT,,US,,,,United States Postal Service,Q668687
8412000028,usps_collection_boxes,USPS COLLECTION BOX - APC,3490 S 4400 W,SALT LAKE CITY,UT,,US,,,,United States Postal Service,Q668687
8412000029,usps_collection_boxes,USPS COLLECTION BOX - PO LOBBY,3490 S 4400 W,SALT LAKE CITY,UT,,US,,,,United States Postal Service,Q668687
8412000027,usps_collection_boxes,USPS COLLECTION BOX - BLUE BOX,3450 S 4400 W,SALT LAKE CITY,UT,,US,,,,United States Postal Service,Q668687
8412000004,usps_collection_boxes,USPS COLLECTION BOX - BLUE BOX,3425 S PIONEER PKWY,SALT LAKE CITY,UT,,US,,,,United States Postal Service,Q668687
8412000002,usps_collection_boxes,USPS COLLECTION BOX - BLUE BOX,3955 W 3500 S,SALT LAKE CITY,UT,,US,,,,United States Postal Service,Q668687
,visa,,,PARK CITY,UT,,US,,,,,
,visa,,,SOLITUDE,UT,,US,,,,,
,visa,,,SOLITUDE,UT,,US,,,,,
,visa,,,SALT LAKE CITY,UT,,US,,,,,
,visa,,,FARMINGTON,UT,,US,,,,,
,visa,,,ALPINE,UT,,US,,,,,
,visa,,,SANDY,UT,,US,,,,,
,visa,,,WEST VALLEY CITY,UT,,US,,,,,
,visa,,,WEST VALLEY CITY,UT,,US,,,,,
,visa,,,WEST VALLEY C,UT,,US,,,,,
,visa,,,SALT LAKE CITY,UT,,US,,,,,
,visa,,,WEST VALLEY,UT,,US,,,,,
,visa,,,SALT LAKE CITY,UT,,US,,,,,
,visa,,,WEST VALLEY,UT,,US,,,,,
,visa,,,WEST VALLEY CITY,UT,,US,,,,,
,visa,,,SALT LAKE CITY,UT,,US,,,,,
,visa,,,SALT LAKE CITY,UT,,US,,,,,
,visa,,,WEST VALLEY CITY,UT,,US,,,,,
,visa,,,WEST VALLEY CITY,UT,,US,,,,,
,visa,,,SALT LAKE CITY,UT,,US,,,,,
,visa,,,WEST VALLEY CITY,UT,,US,,,,,
,visa,,,WEST VALLEY CITY,UT,,US,,,,,
,visa,,,SALT LAKE CITY,UT,,US,,,,,
,visa,,,WEST VALLEY,UT,,US,,,,,
,visa,,,WEST VALLEY,UT,,US,,,,,
,visa,,,WEST VALLEY CITY,UT,,US,,,,,
,visa,,,WEST VALLEY CITY,UT,,US,,,,,
,visa,,,WVC,UT,,US,,,,,
,visa,,,WEST VALLEY CIT,UT,,US,,,,,
,visa,,,WEST VALLEY C,UT,,US,,,,,
,visa,,,WEST VALLEY CITY,UT,,US,,,,,
,visa,,,WEST VALLEY CITY,UT,,US,,,,,
,visa,,,WEST VALLEY CITY,UT,,US,,,,,
,visa,,,WEST VALLEY,UT,,US,,,,,
,visa,,,WEST VALLEY CITY,UT,,US,,,,,
,visa,,,SALT LAKE CITY,UT,,US,,,,,
,visa,,,WEST VALLEY CITY,UT,,US,,,,,
,visa,,,WEST VALLEY CITY,UT,,US,,,,,
,visa,,,SALT LAKE CITY,UT,,US,,,,,
,visa,,,SALT LAKE CITY,UT,,US,,,,,
,visa,,,WEST VALLEY CITY,UT,,US,,,,,
,visa,,,SALT LAKE CITY,UT,,US,,,,,
,visa,,,WEST VALLEY CITY,UT,,US,,,,,
,visa,,,WEST VALLEY,UT,,US,,,,,
,visa,,,WEST VALLEY,UT,,US,,,,,
,visa,,,WEST VALLEY CITY,UT,,US,,,,,
,visa,,,WEST VALLEY CITY,UT,,US,,,,,
,visa,,,WEST VALLEY CITY,UT,,US,,,,,
,visa,,,OREM,UT,,US,,,,,
,visa,,,WEST VALLEY CITY,UT,,US,,,,,
,visa,,,WEST VALLEY CITY,UT,,US,,,,,
,visa,,,WEST VALLEY CITY,UT,,US,,,,,
,visa,,,SALT LAKE CIT,UT,,US,,,,,
,visa,,,WEST VALLEY CITY,UT,,US,,,,,
,visa,,,WEST VALLEY CITY,UT,,US,,,,,
https://locations.wendys.com/#9256302,wendys,"Wendy's Hunter in West Valley City, UT",,West Valley City,UT,,US,+1 801-964-5714,https://locations.wendys.com/united-states/ut/west-valley-city/3367-s-5600-w,"Mo-Th 06:00-10:30,06:00-23:00; Fr-Sa 06:00-10:30,06:00-24:00; Su 06:00-10:30,06:00-23:00",Wendy's,Q550258
ee9d43d5f3394a47e6b207be8de2eae8,western_union,WALMART #005109,,West Valley City,UT,,US,+1 801-969-1105,https://location.westernunion.com/us/ut/west-valley-city/ee9d43d5f3394a47e6b207be8de2eae8,Mo-Su 07:00-21:00,Western Union,Q861042
b4c68f4e37527887d94dbec30764f119,western_union,Intercambio UT6615,,West Valley City,UT,,US,+1 801-903-1377,https://location.westernunion.com/us/ut/west-valley-city/b4c68f4e37527887d94dbec30764f119,Mo-Su 08:00-20:00,Western Union,Q861042
8b365e231209a47c98efb4ee24c380d1,western_union,WALMART #003568,,West Valley City,UT,,US,+1 801-966-2986,https://location.westernunion.com/us/ut/west-valley-city/8b365e231209a47c98efb4ee24c380d1,Mo-Sa 08:00-20:00; Su 10:00-18:00,Western Union,Q861042
a6106e983113a967e79f9f86f2be03cb,western_union,7-ELEVEN #26838,,West Valley City,UT,,US,+1 801-964-9667,https://location.westernunion.com/us/ut/west-valley-city/a6106e983113a967e79f9f86f2be03cb,,Western Union,Q861042
78183,wingstop,Wingstop West Valley S. 5600 W.,2885 S. 5600 West Suite A,West Valley,UT,,US,+1 801-987-8136,,,Wingstop,Q8025339
4118,xfinity,Xfinity,,West Valley,UT,,US,,https://www.xfinity.com/local/ut/west-valley/2569-s-5600-w.html,Mo-Sa 10:00-20:00; Su 11:00-17:00,Xfinity,Q5151002
