Ref,Spider,Name,Address,City,State,Zipcode,Country,Phone,Website,Hours,Brand,WikiData
https://stores.advanceautoparts.com/ma/north-attleboro/473-e-washington-st,advance_auto_parts_us,Advance Auto Parts,,North Attleboro,MA,,US,+1 508-699-7234,https://stores.advanceautoparts.com/ma/north-attleboro/473-e-washington-st,Mo-Sa 07:30-21:00; Su 09:00-20:00,Advance Auto Parts,Q4686051
https://storelocations.ae.com/#1727684,american_eagle_outfitters,American Eagle & Aerie Store Emerald Square,,North Attleboro,MA,,US,+1 508-643-1318,https://storelocations.ae.com/us/ma/north-attleboro/999-s-washington-st.html,Mo-Sa 11:00-20:00; Su 11:00-18:00,American Eagle & Aerie Store,Q2842931
https://restaurants.applebees.com/en-us/ma/north-attleboro/900-s.-washington-street-81056,applebees,Connect with this Applebee's,,North Attleboro,MA,,US,+1 508-643-4660,https://restaurants.applebees.com/en-us/ma/north-attleboro/900-s.-washington-street-81056,Mo-Th 11:00-24:00; Fr-Sa 11:00-01:00; Su 11:00-24:00,Applebees,Q621532
12048,asics_us,DICK'S Sporting Goods  - North Attleborough,1360 S Washington St,North Attleborough,MA,,US,+1 508-699-8475,,Mo-Sa 09:00-21:00; Su 10:00-19:00,asics,Q327247
62512,asics_us,Finish Line,999 S Washington St Suite E255B,North Attleborough,MA,,US,+1 508-643-9096,,,asics,Q327247
18631,asics_us,DB Sports,546 Francis J. Kelley Blvd,North Attleborough,MA,,US,+1 508-695-4499,,,asics,Q327247
1837,att_us,EMERALD SQUARE MALL STORE,,North Attleboro,MA,,US,+1 508-695-9650,https://www.att.com/stores/massachusetts/north-attleboro/1837,Mo-Sa 11:00-20:00; Su 11:00-18:00,AT&T,Q298594
https://locations.auntieannes.com/#6039,auntie_annes,Auntie Anne's Emerald Square Mall,,North Attleboro,MA,,US,+1 508-643-0856,https://locations.auntieannes.com/ma/north-attleboro/332-emerald-square,Mo-Sa 11:00-19:00; Su 12:00-18:00,Auntie Anne's,Q4822010
5034,autozone_us,AutoZone Auto Parts North Attleboro,,North Attleboro,MA,,US,+1 508-699-4661,https://www.autozone.com/locations/ma/north-attleboro/93-e-washington-st.html,Mo-Sa 07:30-20:00; Su 08:00-19:00,AutoZone,Q4826087
https://www.banfield.com/locations/veterinarians/ma/north-attleboro/nat,banfield_pet_hospital,North Attleboro,,North Attleboro,MA,,US,+1 508-695-8787,https://www.banfield.com/locations/veterinarians/ma/north-attleboro/nat,Mo-Sa 08:00-18:00; Su 00:00-24:00,Banfield Pet Hospital,Q2882416
https://locators.bankofamerica.com/ma/northattleboro/financial-centers-north-attleboro-14508.html,bankofamerica,Bank of America Financial Center & Drive-Thru ATM | North Attleboro,,North Attleboro,MA,,US,+1 508-695-0406,https://locators.bankofamerica.com/ma/northattleboro/financial-centers-north-attleboro-14508.html,Mo-Fr 09:00-17:00; Sa 09:00-14:00,Bank of America,Q487907
https://locators.bankofamerica.com/ma/northattleboro/atm-north-attleboro-105600.html,bankofamerica,Bank of America Walk-Up ATM | Triboro Plaza Remote,,North Attleboro,MA,,US,+1 844-401-8500,https://locators.bankofamerica.com/ma/northattleboro/atm-north-attleboro-105600.html,,Bank of America,Q487907
https://locators.bankofamerica.com/ma/northattleboro/atm-north-attleboro-103980.html,bankofamerica,Bank of America Walk-Up ATM | North Attleboro Remote,,North Attleboro,MA,,US,+1 844-401-8500,https://locators.bankofamerica.com/ma/northattleboro/atm-north-attleboro-103980.html,,Bank of America,Q487907
BBW00469,bathandbodyworks_us,EMERALD SQUARE MALL,,NORTH ATTLEBORO,MA,,US,+1 508-643-0212,,Mo-Sa 10:00-20:00; Su 11:00-18:00,Bath & Body Works,Q810773
https://stores.bestbuy.com/ma/north-attleboro/1337-s-washington-st-441.html,bestbuy,Best Buy Attleboro,,North Attleboro,MA,,US,+1 508-699-5800,https://stores.bestbuy.com/ma/north-attleboro/1337-s-washington-st-441.html,,Best Buy,Q533415
https://www.blindstogo.com/en/stores/north-attleboro,blinds_to_go,Blinds To Go,,North Attleboro,MA,,US,+1 508-643-0690,https://www.blindstogo.com/en/stores/north-attleboro,Mo-Sa 10:00-19:00; Su 12:00-17:00,Blinds to Go,Q123409913
181540,bluerhino,Cumberland Farms #0170,,North Attleboro,MA,,US,+1 508-643-0909,,,Blue Rhino,Q65681213
2339,bluerhino,Walmart #2366,,North Attleboro,MA,,US,+1 508-699-0277,,,Blue Rhino,Q65681213
54489,bluerhino,Lowe's #1014,,North Attleboro,MA,,US,+1 508-643-1044,,,Blue Rhino,Q65681213
184069,bluerhino,Cumberland Farms #6767,,North Attleboro,MA,,US,+1 508-699-2078,,,Blue Rhino,Q65681213
//locations.carters.com/ma/north-attleboro/carters-north-attleboro-ma,carters_us,Carter's North Attleboro,,North Attleboro,MA,,US,+1 508-695-1909,https://locations.carters.com/ma/north-attleboro/carters-north-attleboro-ma,Mo-Sa 10:00-19:00; Su 11:00-18:00,Carter's,Q5047083
81502,citi,ATM Target,,North Attleboro,MA,,US,,,,Citibank,Q857063
54475,citi,ATM Emerald Square Mall,,North Attleborough,MA,,US,,,,Citibank,Q857063
52868,citi,ATM CVS,,North Attleboro,MA,,US,,,,Citibank,Q857063
91344,citi,ATM Walgreens,,North Attleboro,MA,,US,,,,Citibank,Q857063
29844,citi,ATM 7ELEVEN-FCTI,,North Attleboro,MA,,US,,,,Citibank,Q857063
31466,citi,ATM 7ELEVEN-FCTI,,N. Attleboro,MA,,US,,,,Citibank,Q857063
ATM-1756,citizens_us,,,North Attleboro,MA,,US,,,,Citizens,Q5122694
ATM-1885,citizens_us,,,North Attleboro,MA,,US,,,,Citizens,Q5122694
northattleboro/6043,claires,Shop Ear Piercings & Jewelry at Emerald Square,,NORTH ATTLEBORO,MA,,US,+1 508-699-7004,https://stores.claires.com/us/ma/northattleboro/6043.html,Mo-Sa 10:30-19:00; Su 10:00-19:00,Claire's,Q2974996
520537,cumberland_farms_us,Cumberland Farms,,NORTH ATTLEBORO,MA,,US,+1 508-699-2078,https://www.cumberlandfarms.com/find-us/generic-store-page/?id=006767,,Cumberland Farms,Q1143685
520147,cumberland_farms_us,Cumberland Farms,,NORTH ATTLEBORO,MA,,US,+1 508-643-3607,https://www.cumberlandfarms.com/find-us/generic-store-page/?id=000170,,Cumberland Farms,Q1143685
16548,cvs_us,CVS Pharmacy,,North Attleborough,MA,,US,+1 508-695-9335,https://www.cvs.com/store-locator/north-attleborough-ma-pharmacies/1205-s-washington-st-north-attleborough-ma-02760/storeid=16548,"Mo-Fr 10:00-13:30,14:00-18:00; Sa 11:00-13:30,14:00-17:00; Su 12:00-17:00",CVS Pharmacy,Q2078880
938,cvs_us,CVS Pharmacy,,North Attleboro,MA,,US,+1 508-695-1481,https://www.cvs.com/store-locator/north-attleboro-ma-pharmacies/8-east-washington-street-north-attleboro-ma-02760/storeid=938,24/7,CVS Pharmacy,Q2078880
160,dickssportinggoods,"DICK'S Sporting Goods Store in North Attleboro, MA | 160",,North Attleboro,MA,,US,+1 508-699-8475,https://stores.dickssportinggoods.com/ma/north-attleboro/160/,Mo-Sa 09:00-21:00; Su 10:00-19:00,Dick's Sporting Goods,Q5272601
3768,dominos_pizza_us,Domino's Pizza,,North Attleboro,MA,,US,+1 508-699-0500,https://pizza.dominos.com/massachusetts/north-attleboro/28-east-washington-street,Mo-Th 10:30-24:00; Fr-Sa 10:30-01:00; Su 10:30-24:00,Domino's,Q839466
North Attleboro Marketplace,dsw,DSW,,North Attleboro,MA,,US,+1 508-699-1570,https://stores.dsw.com/usa/ma/northattleboro/dsw-designer-shoe-warehouse-north-attleboro-marketplace.html,Mo-Sa 10:00-20:00; Su 11:00-19:00,Designer Shoe Warehouse,Q5206207
300925,dunkin_us,Dunkin',,North Attleboro,MA,,US,+1 508-695-6820,https://locations.dunkindonuts.com/en/ma/north-attleboro/544-s-washington-st/300925,Mo-Su 05:00-21:00,Dunkin',Q847743
353463,dunkin_us,Dunkin',,North Attleboro,MA,,US,+1 508-695-0264,https://locations.dunkindonuts.com/en/ma/north-attleboro/605-e-washington-st/353463,Mo-Su 04:00-21:00,Dunkin',Q847743
338203,dunkin_us,Dunkin',,North Attleboro,MA,,US,+1 508-699-2951,https://locations.dunkindonuts.com/en/ma/north-attleboro/388-elm-st/338203,Mo-Su 04:30-20:00,Dunkin',Q847743
343500,dunkin_us,Dunkin',,North Attleboro,MA,,US,+1 508-695-1555,https://locations.dunkindonuts.com/en/ma/north-attleboro/1470-s-washington-st/343500,Mo-Su 07:00-19:00,Dunkin',Q847743
https://www.edwardjones.com/us-en/financial-advisor/amanda-adams,edwardjones,Amanda T Adams,,North Attleboro,MA,,US,+1 508-809-9200,https://www.edwardjones.com/us-en/financial-advisor/amanda-adams,Mo-Fr 08:00-17:30,Edward Jones,Q5343830
520537,eg_america_us,Cumberland Farms,,NORTH ATTLEBORO,MA,,US,+1 508-699-2078,https://www.cumberlandfarms.com/find-us/generic-store-page/?id=006767,,Cumberland Farms,Q1143685
520147,eg_america_us,Cumberland Farms,,NORTH ATTLEBORO,MA,,US,+1 508-643-3607,https://www.cumberlandfarms.com/find-us/generic-store-page/?id=000170,,Cumberland Farms,Q1143685
E14912,enterprise,North Attleboro,,North Attleboro,MA,,US,+1 508-643-0002,,,Enterprise Rent-A-Car,Q17085454
E148M3,enterprise,North Attleborough,,North Attleboro,MA,,US,+1 508-643-0002,,,Enterprise Rent-A-Car,Q17085454
E1483T,enterprise,North Attleboro Trruck Rental,,N Attleboro,MA,,US,+1 781-347-4699,,,Enterprise Rent-A-Car,Q17085454
0900,european_wax_center_us,European Wax Center,,North Attleboro,MA,,US,+1 774-643-3929,https://locations.waxcenter.com/ma/northattleboro/north-attleboro-0900.html,Mo-Sa 08:00-20:00; Su 09:00-18:00,European Wax Center,Q5413426
501597,extra_space_storage,North Attleboro Self Storage at 720 S Washington St,,North Attleboro,MA,,US,+1 508-695-2244,https://www.extraspace.com/storage/facilities/us/massachusetts/north_attleboro/501597/,Mo-Fr 09:30-18:00; Sa 09:00-17:30,Extra Space Storage,Q5422162
https://stores.finishline.com/ma/northattleboro/emerald-square-mall.html,finishline,Finish Line,,North Attleboro,MA,,US,+1 508-643-9096,https://stores.finishline.com/ma/northattleboro/emerald-square-mall.html,Mo-Sa 11:00-19:00; Su 11:00-18:00,Finish Line,Q5450341
https://locations.fivebelow.com/ma/north-attleboro/1250-s-washington-street,five_below,Five Below North Attleboro,,North Attleboro,MA,,US,,https://locations.fivebelow.com/ma/north-attleboro/1250-s-washington-street,Mo-Sa 10:00-20:00; Su 11:00-18:00,Five Below,Q5455836
https://stores.footlocker.com/ma/northattleborough/999-south-washington-street-8186.html,footlocker,"Foot Locker in North Attleborough: North Attleborough, Massachusetts | Approved | Own It",,North Attleborough,MA,,US,+1 508-643-0094,https://stores.footlocker.com/ma/northattleborough/999-south-washington-street-8186.html,Mo-Sa 11:00-20:00; Su 11:00-18:00,Foot Locker,Q63335
Motorcraft3898USAEnglish,ford,"RI Parts Warehouse, Inc.",,Massachusetts,MA,,US,,,,Ford,Q44294
https://locations.forever21.com/#35647140,forever21_us,Emerald Square,,North Attleboro,MA,,US,+1 508-576-4015,https://locations.forever21.com/us/stores/ma/northattleboro/999-s-washington-st,Mo-Sa 11:00-20:00; Su 11:00-18:00,Forever 21,Q1060537
0730,gamestop_us,Fashion Crossing,,North Attleboro,MA,,US,+1 508-695-3484,https://www.gamestop.com/search/?store=0730,Mo-Th 12:00-20:00; Fr-Sa 10:00-21:00; Su 12:00-20:00,GameStop,Q202210
807,gulf_pr_us,TRI BORO GULF INC.,,North Attleboro,MA,,US,+1 508-699-7344,https://www.gulfoil.com/tri-boro-gulf-inc,,Gulf Oil,Q5617505
bosdahx-hampton-suites-north-attleboro,hilton,Hampton Inn & Suites North Attleboro,,,MA,,US,+1 508-203-7679,https://www.hilton.com/ar/hotels/bosdahx-hampton-suites-north-attleboro/,,Hampton by Hilton,Q5646230
US0156,hm,Emerald Square Mall,,North Attleboro,MA,,US,+1 855-466-7467,,Mo-Sa 11:00-20:00; Su 11:00-16:00,H&M,Q188326
https://www.blockadvisors.com/local-tax-offices/massachusetts/north-attleboro/68-n-washington-st/20037/,h_r_block,H&R Block,,North Attleboro,MA,,US,+1 508-695-0418,https://www.blockadvisors.com/local-tax-offices/massachusetts/north-attleboro/68-n-washington-st/20037/,,H&R Block,Q5627799
https://office.jacksonhewitt.com/#27575273,jackson_hewitt,Jackson Hewitt,,North Attleboro,MA,,US,+1 508-205-7172,https://office.jacksonhewitt.com/tax-preparation-services-locations/en/ma/north-attleboro/1470-s-washington-st/52366,Mo-Fr 11:00-19:00; Sa 11:00-20:00; Su 12:00-16:00,Jackson Hewitt,Q6117132
https://locations.massageenvy.com/#2778198,massage_envy,Massage Envy North Attleboro,,North Attleboro,MA,,US,+1 508-699-3689,https://locations.massageenvy.com/massachusetts/north-attleboro/1250-s.-washington-st.html,Mo-Fr 09:00-21:00; Sa 09:00-20:00; Su 10:00-18:00,Massage Envy,Q10327170
71499161,moneygram,WAL-MART - #2366,,NORTH ATTLEBORO,MA,,US,+1 508-699-0277,,Mo-Su 07:00-21:00,MoneyGram,Q1944412
https://locations.oreillyauto.com/ma/northattleboro/check-engine-light-testing-5644.html,oreilly,Your North Attleboro O'Reilly Auto Parts Store,,North Attleboro,MA,,US,+1 508-809-4571,https://locations.oreillyauto.com/ma/northattleboro/check-engine-light-testing-5644.html,Mo-Sa 07:30-21:00; Su 08:00-20:00,O'Reilly Auto Parts,Q7071951
https://locations.oreillyauto.com/ma/northattleboro/wiper-installation-5644.html,oreilly,Your North Attleboro O'Reilly Auto Parts Store,,North Attleboro,MA,,US,+1 508-809-4571,https://locations.oreillyauto.com/ma/northattleboro/wiper-installation-5644.html,Mo-Sa 07:30-21:00; Su 08:00-20:00,O'Reilly Auto Parts,Q7071951
https://locations.oreillyauto.com/ma/northattleboro/battery-testing-5644.html,oreilly,Your North Attleboro O'Reilly Auto Parts Store,,North Attleboro,MA,,US,+1 508-809-4571,https://locations.oreillyauto.com/ma/northattleboro/battery-testing-5644.html,Mo-Sa 07:30-21:00; Su 08:00-20:00,O'Reilly Auto Parts,Q7071951
https://locations.oreillyauto.com/ma/northattleboro/autopartes-5644.html,oreilly,Tu tienda O'Reilly Auto Parts en North Attleboro,,North Attleboro,MA,,US,+1 508-809-4571,https://locations.oreillyauto.com/ma/northattleboro/autopartes-5644.html,Mo-Sa 07:30-21:00; Su 08:00-20:00,O'Reilly Auto Parts,Q7071951
//locations.oshkosh.com/ma/north-attleboro/oshkosh-north-attleboro-ma,oshkosh_us,Oshkosh B'gosh North Attleboro,,North Attleboro,MA,,US,+1 508-695-1909,https://locations.oshkosh.com/ma/north-attleboro/oshkosh-north-attleboro-ma,Mo-Sa 10:00-19:00; Su 11:00-18:00,OshKosh B'gosh,Q1417347
999-s-washington-st-suite---w-209,rue21,Emerald Square Mall,,North Attleboro,MA,,US,,https://stores.rue21.com/ma/north-attleboro/999-s-washington-st-suite---w-209.html,Mo-Sa 11:00-20:00; Su 11:00-18:00,rue21,Q7377762
1150,savers,North Attleborough,,North Attleborough,MA,,US,+1 508-695-1068,https://stores.savers.com/ma/northattleborough/savers-thrift-store-1150.html,Mo-Sa 09:00-21:00; Su 10:00-19:00,Savers,Q7428188
40125,seven_eleven_ca_us,7-Eleven,,NORTH ATTLEBORO,MA,,US,+1 508-699-8956,https://www.7-eleven.com/locations/ma/north-attleboro/591-kelley-blvd.-40125,,7-Eleven,Q259340
14967159155722064165,sleep_number_us,Sleep Number,,North Attleborough,MA,,US,,https://www.sleepnumber.com/stores/ma/north-attleboro/1174-s-washington-st,Mo-Th 10:00-19:00; Fr-Sa 10:00-20:00; Su 11:00-19:00,Sleep Number,Q7447640
7025,speedee_us,"North Attleboro, MA",,North Attleboro,MA,,US,+1 508-699-8983,https://www.speedeeoil.com/locations/us/ma/north-attleboro/547-kelley-blvd,Mo-Sa 08:00-17:00,SpeeDee Oil Change and Auto Service,Q120537032
https://restaurants.subway.com/#14901994,subway,Subway Brooks Plaza,,N Attleboro Bristol,MA,,US,+1 508-695-2222,https://restaurants.subway.com/united-states/ma/n-attleboro/463a-e-washington-st,Mo-Fr 07:30-21:00; Sa 07:30-20:00; Su 09:00-20:00,Subway,Q244457
https://stores.sunglasshut.com/us/ma/north-attleboro/1029-s-washington-st,sunglass_hut_1,Sunglass Hut at Macy's,,North Attleboro,MA,,US,+1 508-695-2457,https://stores.sunglasshut.com/us/ma/north-attleboro/1029-s-washington-st,Mo-Th 11:00-20:00; Fr-Sa 10:00-20:00; Su 11:00-18:00,Sunglass Hut,Q136311
0077942100,sunoco_us,Sunoco,,NORTH ATTLEBORO,MA,,US,+1 508-699-8956,,,Sunoco,Q1423218
82936,supercuts,Fashions Crossing,1250 S Washington St,North Attleboro,MA,,US,+1 508-695-8019,https://www.supercuts.com/checkin/82936,Mo-Fr 09:00-18:00; Sa 08:00-18:00; Su 09:00-17:00,Supercuts,Q7643239
10468,tjx,North Attleboro,1250 S. Washington St.,North Attleboro,MA,,US,+1 508-643-1020,,Mo-Sa 09:30-21:30; Su 10:00-20:00,Marshalls,Q15903261
3SMV,tmobile_us,S Washington St,,North Attleboro,MA,,US,+1 508-695-3451,https://www.t-mobile.com/store-locator/ma/north-attleboro/s-washington-st,,T-Mobile,Q3511885
3816,tmobile_us,Emerald Square,,North Attleboro,MA,,US,+1 508-699-1500,https://www.t-mobile.com/store-locator/ma/north-attleboro/emerald-square,,T-Mobile,Q3511885
1374330,usps,NORTH ATTLEBORO,,NORTH ATTLEBORO,MA,,US,+1 508-699-7556,,Mo-Fr 08:00-17:30; Sa 08:30-12:00,United States Postal Service,Q668687
0276000006,usps_collection_boxes,USPS COLLECTION BOX - BLUE BOX,116 CRESCENT AVE,NORTH ATTLEBORO,MA,,US,,,,United States Postal Service,Q668687
0276000011,usps_collection_boxes,USPS COLLECTION BOX - BLUE BOX,174 BROADWAY,NORTH ATTLEBORO,MA,,US,,,,United States Postal Service,Q668687
0276000037,usps_collection_boxes,USPS COLLECTION BOX - BLUE BOX,43 S WASHINGTON ST,NORTH ATTLEBORO,MA,,US,,,,United States Postal Service,Q668687
0276000009,usps_collection_boxes,USPS COLLECTION BOX - BLUE BOX,125 BROAD ST,NORTH ATTLEBORO,MA,,US,,,,United States Postal Service,Q668687
0276000034,usps_collection_boxes,USPS COLLECTION BOX - BLUE BOX,31 N WASHINGTON ST,NORTH ATTLEBORO,MA,,US,,,,United States Postal Service,Q668687
0276000024,usps_collection_boxes,USPS COLLECTION BOX - BLUE BOX,61 N WASHINGTON ST,NORTH ATTLEBORO,MA,,US,,,,United States Postal Service,Q668687
0276000002,usps_collection_boxes,USPS COLLECTION BOX - BLUE BOX,30 S WASHINGTON ST,NORTH ATTLEBORO,MA,,US,,,,United States Postal Service,Q668687
0276000049,usps_collection_boxes,USPS COLLECTION BOX - PO LOBBY,30 S WASHINGTON ST,NORTH ATTLEBORO,MA,,US,,,,United States Postal Service,Q668687
0276000025,usps_collection_boxes,USPS COLLECTION BOX - BLUE BOX,135 N WASHINGTON ST,NORTH ATTLEBORO,MA,,US,,,,United States Postal Service,Q668687
0276000015,usps_collection_boxes,USPS COLLECTION BOX - BLUE BOX,25 ORNE ST,NORTH ATTLEBORO,MA,,US,,,,United States Postal Service,Q668687
0276000013,usps_collection_boxes,USPS COLLECTION BOX - BLUE BOX,500 E WASHINGTON ST,NORTH ATTLEBORO,MA,,US,,,,United States Postal Service,Q668687
0276000038,usps_collection_boxes,USPS COLLECTION BOX - BLUE BOX,8 E WASHINGTON ST,NORTH ATTLEBORO,MA,,US,,,,United States Postal Service,Q668687
0276000033,usps_collection_boxes,USPS COLLECTION BOX - BLUE BOX,206 E WASHINGTON ST,NORTH ATTLEBORO,MA,,US,,,,United States Postal Service,Q668687
0276000017,usps_collection_boxes,USPS COLLECTION BOX - BLUE BOX,164 ELM ST,NORTH ATTLEBORO,MA,,US,,,,United States Postal Service,Q668687
0276000039,usps_collection_boxes,USPS COLLECTION BOX - BLUE BOX,637 S WASHINGTON ST,NORTH ATTLEBORO,MA,,US,,,,United States Postal Service,Q668687
0276000031,usps_collection_boxes,USPS COLLECTION BOX - BLUE BOX,99 HOPE ST,NORTH ATTLEBORO,MA,,US,,,,United States Postal Service,Q668687
0276000029,usps_collection_boxes,USPS COLLECTION BOX - BLUE BOX,999 S WASHINGTON ST,NORTH ATTLEBORO,MA,,US,,,,United States Postal Service,Q668687
0276000007,usps_collection_boxes,USPS COLLECTION BOX - BLUE BOX,2 MAN MAR DR,NORTH ATTLEBORO,MA,,US,,,,United States Postal Service,Q668687
R00000238626,verizon_us,North Attleboro,,North Attleboro,MA,,US,+1 508-695-0077,https://www.verizon.com/stores/details/massachusetts/north-attleboro/north-attleboro-1113606/,Mo-Fr 10:00-20:00; Sa 09:00-19:00; Su 10:00-17:00,Verizon,Q919641
A00000042411,verizon_us,Wireless Zone North Attleboro,,North Attleboro,MA,,US,+1 508-699-8998,https://www.verizon.com/stores/details/massachusetts/north-attleboro/wireless-zone-north-attleboro-1804222/,Mo-Sa 11:00-20:00; Su 11:00-18:00,Verizon,Q919641
,visa,,,NORTON,MA,,US,,,,,
,visa,,,NORTH ATTLEBORO,MA,,US,,,,,
,visa,,,NORTH ATTLEBORO,MA,,US,,,,,
,visa,,,NORTH ATTLEBORO,MA,,US,,,,,
,visa,,,NORTH ATTLEBORO,MA,,US,,,,,
,visa,,,NORTH ATTLEBORO,MA,,US,,,,,
,visa,,,NORTH ATTLEBORO,MA,,US,,,,,
,visa,,,NORTH ATTLEBORO,MA,,US,,,,,
,visa,,,N. ATTLEBORO,MA,,US,,,,,
,visa,,,NORTH ATTLEBOROUGH,MA,,US,,,,,
,visa,,,NORTH ATTLEBORO,MA,,US,,,,,
,visa,,,NORTH ATTLEBORO,MA,,US,,,,,
,visa,,,NORTH ATTLEBORO,MA,,US,,,,,
,visa,,,NORTH ATTLEBORO,MA,,US,,,,,
,visa,,,NORTH ATTLEBORO,MA,,US,,,,,
,visa,,,N ATTLEBOROUGH,MA,,US,,,,,
,visa,,,N ATTLEBORO,MA,,US,,,,,
https://locations.vitaminshoppe.com/ma/northattleboro/vitamins-supplements-north-attleboro-ma-626.html,vitamin_shoppe,The Vitamin Shoppe® North Attleborough ,1400 South Washington St ,North Attleboro,MA,,US,+1 508-699-0516,https://locations.vitaminshoppe.com/ma/northattleboro/vitamins-supplements-north-attleboro-ma-626.html,Su 10:00-18:00; Mo 10:00-18:00; Tu 10:00-18:00; We 10:00-18:00; Th 10:00-18:00; Fr 10:00-18:00; Sa 10:00-18:00,The Vitamin Shoppe,Q7772938
https://www.walgreens.com/locator/walgreens-475+e+washington+st-north+attleboro-ma-02760/id=17612,walgreens,Walgreens,,North Attleboro,MA,,US,+1 508-695-7515,https://www.walgreens.com/locator/walgreens-475+e+washington+st-north+attleboro-ma-02760/id=17612,Mo-Su 08:00-22:00,Walgreens,Q1591889
a27f56e62f3fe99a2ac96a54c103c3e9,western_union,WALMART #002366,,North Attleboro,MA,,US,+1 508-699-0277,https://location.westernunion.com/us/ma/north-attleboro/a27f56e62f3fe99a2ac96a54c103c3e9,Mo-Su 07:00-21:00,Western Union,Q861042
4aa9f951ac9ea284085c8f39c8dc87f9,western_union,DOLLAR GENERAL #20701,,North Attleboro,MA,,US,+1 774-643-0745,https://location.westernunion.com/us/ma/north-attleboro/4aa9f951ac9ea284085c8f39c8dc87f9,Mo-Su 08:00-22:00,Western Union,Q861042
