Ref,Spider,Name,Address,City,State,Zipcode,Country,Phone,Website,Hours,Brand,WikiData
https://stores.ashleyfurniture.com/store/us/washington/spokane/7710000479/,ashley_furniture,"Ashley Store Spokane, WA",,Spokane,WA,,US,+1 509-822-4999,https://stores.ashleyfurniture.com/store/us/washington/spokane/7710000479/,,Ashley Furniture,Q4805437
130374,asics_us,DICK'S Sporting Goods  - Spokane,9620 N Newport Hwy,Spokane,WA,,US,+1 509-232-7248,,Mo-Sa 09:00-21:00; Su 10:00-19:00,asics,Q327247
154716,asics_us,Fleet Feet North Spokane,10208 N Division St. Suite 103,Spokane,WA,,US,+1 509-474-0648,,Mo-Fr 10:00-19:00; Sa 10:00-18:00; Su 12:00-17:00,asics,Q327247
https://www.banfield.com/locations/veterinarians/wa/spokane/spk,banfield_pet_hospital,Spokane,,Spokane,WA,,US,+1 509-464-1564,https://www.banfield.com/locations/veterinarians/wa/spokane/spk,Mo-Sa 08:00-18:00; Su 00:00-24:00,Banfield Pet Hospital,Q2882416
https://locations.baskinrobbins.com/wa/spokane/9111-n-country-homes-blvd.-360772-br,baskin_robbins_us,Baskin-Robbins™,,Spokane,WA,,US,+1 509-467-5264,https://locations.baskinrobbins.com/wa/spokane/9111-n-country-homes-blvd.-360772-br,Mo-Th 12:00-21:00; Fr-Sa 12:00-22:00; Su 12:00-21:00,Baskin-Robbins,Q584601
BBW01654,bathandbodyworks_us,NORTHPOINT PLAZA,,SPOKANE,WA,,US,+1 509-468-9051,,Mo-Sa 09:00-20:00; Su 09:00-19:00,Bath & Body Works,Q810773
https://stores.bestbuy.com/wa/spokane/9970-n-newport-hwy-362.html,bestbuy,Best Buy Spokane North,,Spokane,WA,,US,+1 509-467-9656,https://stores.bestbuy.com/wa/spokane/9970-n-newport-hwy-362.html,,Best Buy,Q533415
https://local.biglots.com/#13190779,biglots,Big Lots - Spokane,,Spokane,WA,,US,+1 509-464-4843,https://local.biglots.com/wa/spokane/9612-n-newport-highway,Mo-Sa 09:00-21:00; Su 10:00-19:00,Big Lots,Q4905973
92005,bluerhino,Nom Nom #28,,Spokane,WA,,US,+1 509-467-1791,,,Blue Rhino,Q65681213
207737,bluerhino,Wandermere Ace Hardware #17323,,Spokane,WA,,US,+1 509-466-3228,,,Blue Rhino,Q65681213
155967,bluerhino,Walgreens #2205,,Spokane,WA,,US,+1 509-466-7461,,,Blue Rhino,Q65681213
206817,bluerhino,Rite Aid #05311,,Spokane,WA,,US,+1 509-466-1946,,,Blue Rhino,Q65681213
144537,bluerhino,Fred Meyer #00214 - Fuel Site,,Spokane,WA,,US,+1 509-465-4400,,,Blue Rhino,Q65681213
65516,bluerhino,Fred Meyer #00214,,Spokane,WA,,US,+1 509-465-4400,,,Blue Rhino,Q65681213
239316,bluerhino,Circle K #2746288,,Spokane,WA,,US,+1 509-467-1319,,,Blue Rhino,Q65681213
175009,bluerhino,Rosauers Supermarkets - North Division #129,,Spokane,WA,,US,+1 509-467-6812,,,Blue Rhino,Q65681213
218793,bluerhino,WinCo Foods #68 - Spokane-N Nevada,,Spokane,WA,,US,+1 509-321-2256,,,Blue Rhino,Q65681213
0770A,carpet_one_floor_and_home_us,Floor & Home by Carpet One,,Spokane,WA,,US,+1 509-455-8290,https://www.floorandhomenw.com,,Carpet One Floor & Home,Q121335910
2040252,chase_us,Northpointe Plaza - New branch,,Spokane,WA,,US,+1 509-353-3054,https://locator.chase.com/wa/spokane/9604-n-newport-hwy,Mo-Fr 09:00-17:00,Chase,Q524629
2040255,chase_us,Wandermere Fred Meyer - New branch,,Spokane,WA,,US,+1 509-358-4160,https://locator.chase.com/wa/spokane/12120-n-division-st,Mo-Fr 09:00-17:00; Sa 10:00-13:00,Chase,Q524629
wa_spokane_9602-n-newport-hwy,chipotle, ,,Spokane,WA,,US,+1 509-724-2300,https://locations.chipotle.com/wa/spokane/9602-n-newport-hwy,,Chipotle,Q465751
57833,citi,ATM GESA CREDIT UNION,,Spokane,WA,,US,,,,Citibank,Q857063
57832,citi,ATM GESA CREDIT UNION,,Spokane,WA,,US,,,,Citibank,Q857063
80699,citi,ATM State Bank NW,,Spokane,WA,,US,,,,Citibank,Q857063
83223,citi,ATM Target,,Spokane,WA,,US,,,,Citibank,Q857063
45803,citi,ATM Costco,,Spokane,WA,,US,,,,Citibank,Q857063
87154,citi,ATM Walgreens,,Spokane,WA,,US,,,,Citibank,Q857063
72743,citi,ATM Rite Aid,,Spokane,WA,,US,,,,Citibank,Q857063
20369,coldstone_creamery,Cold Stone Creamery,,Spokane,WA,,US,+1 509-466-1699,https://www.coldstonecreamery.com/stores/20369,,Cold Stone Creamery,Q1094923
,credit_union_us,PrimeSource CU,,Spokane,WA,,US,+1 509-838-6157,,Mo-Fr 09:00-05:00,,
,credit_union_us,Progressions CU,,Spokane,WA,,US,+1 509-335-0191,,Mo-Fr 09:00-05:00,,
16172,cvs_us,CVS Pharmacy,,Spokane,WA,,US,+1 509-466-7226,https://www.cvs.com/store-locator/spokane-wa-pharmacies/9770-n-newport-hwy-spokane-wa-99218/storeid=16172,"Mo-Fr 09:00-13:30,14:00-18:00; Sa 09:00-13:30,14:00-17:00",CVS Pharmacy,Q2078880
643,dickeys_barbecue_pit_us,Spokane - Division St,,Spokane,WA,,US,+1 509-465-9999,https://www.dickeys.com/locations/washington/spokane/spokane,24/7,Dickey's Barbecue Pit,Q19880747
1368,dickssportinggoods,"DICK'S Sporting Goods Store in Spokane, WA | 1368",,Spokane,WA,,US,+1 509-232-7248,https://stores.dickssportinggoods.com/wa/spokane/1368/,Mo-Sa 09:00-21:00; Su 10:00-19:00,Dick's Sporting Goods,Q5272601
7049,dominos_pizza_us,Domino's Pizza,,Spokane,WA,,US,+1 509-468-2000,https://pizza.dominos.com/washington/spokane/9329-n-division,Mo-Th 10:30-01:00; Fr-Sa 10:30-02:00; Su 10:30-01:00,Domino's,Q839466
DB184,dutchbros,"Spokane, WA (Mag)",,Spokane,WA,,US,,https://locations.dutchbros.com/dutch-bros-coffee-28771b8b8202,Mo-Th 05:00-22:00; Fr-Sa 05:00-23:00; Su 05:00-22:00,Dutch Bros. Coffee,Q5317253
DB535,dutchbros,Division ,,Spokane,WA,,US,,https://locations.dutchbros.com/dutch-bros-coffee-c9a11679e13d,Mo-Th 05:00-22:00; Fr-Sa 05:00-23:00; Su 05:00-22:00,Dutch Bros. Coffee,Q5317253
https://www.edwardjones.com/us-en/financial-advisor/celine-reyes,edwardjones,Celine P Reyes,,Spokane,WA,,US,+1 509-290-6257,https://www.edwardjones.com/us-en/financial-advisor/celine-reyes,,Edward Jones,Q5343830
0955,european_wax_center_us,European Wax Center,,Spokane,WA,,US,+1 509-891-6000,https://locations.waxcenter.com/wa/spokane/spokane-wandermere-0955.html,Mo-Fr 08:00-20:00; Sa 08:30-18:00; Su 09:00-17:00,European Wax Center,Q5413426
200309379,exxonmobil,SAMS LIQUOR,,SPOKANE,WA,,US,+1 509-466-2824,https://www.exxon.com/en/find-station/exxon-spokane-wa-samsliquor-200309379,Mo-Th 06:30-22:00; Fr 06:30-23:00; Sa 07:00-23:00; Su 07:00-22:00,Exxon,Q109675651
https://local.fedex.com/#25206502,fedex,,,Spokane,WA,,US,+1 800-463-3339,https://local.fedex.com/en-us/wa/spokane/mdfeh,,FedEx,Q459477
https://local.fedex.com/#25145412,fedex,FedEx Authorized ShipCenter,,Spokane,WA,,US,+1 509-465-0166,https://local.fedex.com/en-us/wa/spokane/92040,,FedEx,Q459477
https://local.fedex.com/#29310582,fedex,FedEx Authorized ShipCenter,,Spokane,WA,,US,+1 509-474-1201,https://local.fedex.com/en-us/wa/spokane/00ue1,,FedEx,Q459477
https://restaurants.fiveguys.com/#15553072,five_guys_us,Five Guys Spokane,,Spokane,WA,,US,+1 509-241-8216,https://restaurants.fiveguys.com/9502-north-newport-highway,"Mo-Su 11:00-21:30,11:00-22:00",Five Guys,Q1131810
509432,follett,Whitworth University Campus Store,,Spokane,WA,,US,+1 509-777-3277,https://www.bkstr.com/whitworthstore/home,,,
Motorcraft5466USAEnglish,ford,Wendle Ford Sales,,Washington,WA,,US,+1 509-484-4800,,,Ford,Q44294
https://www.ford.com/dealerships/dealer-details/wa/spokane/wendle-ford-sales/,ford_dealers_us,Wendle Ford Sales,,Spokane,WA,,US,+1 509-309-8963,https://www.ford.com/dealerships/dealer-details/wa/spokane/wendle-ford-sales/,Mo-Sa 08:00-19:00; Su 10:00-18:00,Ford Motor Company,Q44294
4689,fresenius_kidney_care_us,Fresenius Kidney Care Northpointe,,Spokane,WA,,US,+1 800-881-5101,https://www.freseniuskidneycare.com/dialysis-centers/washington/4689,Mo 04:30-22:30; Tu 04:30-20:30; We 04:30-22:30; Th 04:30-20:30; Fr 04:30-22:30; Sa 04:30-20:30,,
2949,gamestop_us,Holland Retail Center,,Spokane,WA,,US,+1 509-464-2696,https://www.gamestop.com/search/?store=2949,Mo-Th 12:00-20:00; Fr-Sa 11:00-21:00; Su 11:00-19:00,GameStop,Q202210
1cbe77f3-458a-e111-8dde-005056934050,goodwill,9832 N Nevada St Store,,Spokane,WA,,US,+1 509-466-2012,https://www.goodwill.org/locator/location/?store=MWNiZTc3ZjMtNDU4YS1lMTExLThkZGUtMDA1MDU2OTM0MDUw&lat=NDcuNzQ2MTg=&lng=LTExNy4zOTc3MQ==,,Goodwill,Q5583655
https://salons.greatclips.com/us/wa/spokane/9988-n-newport-hwy,greatclips,Great Clips,,Spokane,WA,,US,+1 509-466-8379,https://salons.greatclips.com/us/wa/spokane/9988-n-newport-hwy,Mo-Fr 09:30-18:00; Sa-Su 09:00-17:00,Great Clips,Q5598967
45831,h_r_block,H&R Block,,Spokane,WA,,US,+1 509-466-1409,https://www.hrblock.com/local-tax-offices/washington/spokane/9303-n-division/45831/,,H&R Block,Q5627799
https://locations.jackinthebox.com/us/wa/spokane/5-w-hawthorne-rd,jackinthebox,Jack in the Box,,Spokane,WA,,US,+1 509-465-5865,https://locations.jackinthebox.com/us/wa/spokane/5-w-hawthorne-rd,Mo-Su 04:00-04:00,Jack in the Box,Q1538507
https://office.jacksonhewitt.com/#27575303,jackson_hewitt,Jackson Hewitt,,Spokane,WA,,US,+1 509-464-1040,https://office.jacksonhewitt.com/tax-preparation-services-locations/en/wa/spokane/9212-n-colton-street/52549,Mo-Sa 11:00-19:00; Su 12:00-16:00,Jackson Hewitt,Q6117132
https://locations.jimmyjohns.com/wa/spokane/sandwiches-1419.html,jimmy_johns,Jimmy John's,,Spokane,WA,,US,+1 509-458-3278,https://locations.jimmyjohns.com/wa/spokane/sandwiches-1419.html,,Jimmy John's,Q1689380
https://locations.kfc.com/#11247534,kfc,Chicken Nuggets Near Spokane,,Spokane,WA,,US,,https://locations.kfc.com/wa/spokane/9229-division-street/chickennugget,Mo-Su 10:00-22:00,KFC,Q524757
https://locations.massageenvy.com/#1774206,massage_envy,Massage Envy Spokane Pavilion,,Spokane,WA,,US,+1 509-465-3689,https://locations.massageenvy.com/washington/spokane/920-east-hoerner.html,Mo-Fr 09:00-19:00; Sa 09:00-18:00,Massage Envy,Q10327170
17849,mattress_firm_us,Mattress Firm Newport Highway,,Spokane,WA,,US,+1 509-465-4891,https://www.mattressfirm.com/en-us/stores/wa/spokane/101001/,,Mattress Firm,Q6791878
https://locations.modpizza.com/#23558357,modpizza,MOD Pizza The Y,,Spokane,WA,,US,+1 509-290-5465,https://locations.modpizza.com/usa/wa/spokane/9405-n.-newport-hwy,Mo-We 10:30-22:00; Th-Sa 10:30-23:00; Su 10:30-22:00,MOD Pizza,Q19903469
NNA1954,nissan_europe,WENDLE NISSAN,,SPOKANE,WA,,US,+1 509-468-9000,https://www.wendlenissan.com,Mo-Sa 08:00-19:00; Su 10:00-18:00,Nissan,Q20165
1135,orangetheory_fitness,"Spokane Northside, WA",,Spokane,WA,,US,+1 509-904-1440,,,Orangetheory Fitness,Q25005163
https://locations.oreillyauto.com/wa/spokane/check-engine-light-testing-3801.html,oreilly,Your Spokane O'Reilly Auto Parts Store,,Spokane,WA,,US,+1 509-466-2360,https://locations.oreillyauto.com/wa/spokane/check-engine-light-testing-3801.html,Mo-Sa 07:30-22:00; Su 08:00-21:00,O'Reilly Auto Parts,Q7071951
https://locations.oreillyauto.com/wa/spokane/wiper-installation-3801.html,oreilly,Your Spokane O'Reilly Auto Parts Store,,Spokane,WA,,US,+1 509-466-2360,https://locations.oreillyauto.com/wa/spokane/wiper-installation-3801.html,Mo-Sa 07:30-22:00; Su 08:00-21:00,O'Reilly Auto Parts,Q7071951
https://locations.oreillyauto.com/wa/spokane/battery-testing-3801.html,oreilly,Your Spokane O'Reilly Auto Parts Store,,Spokane,WA,,US,+1 509-466-2360,https://locations.oreillyauto.com/wa/spokane/battery-testing-3801.html,Mo-Sa 07:30-22:00; Su 08:00-21:00,O'Reilly Auto Parts,Q7071951
https://locations.oreillyauto.com/wa/spokane/autopartes-3801.html,oreilly,Tu tienda O'Reilly Auto Parts en Spokane,,Spokane,WA,,US,+1 509-466-2360,https://locations.oreillyauto.com/wa/spokane/autopartes-3801.html,Mo-Sa 07:30-22:00; Su 08:00-21:00,O'Reilly Auto Parts,Q7071951
111819,pandaexpress,Hwy 2 & Holland,,Spokane,WA,,US,+1 509-466-9091,https://www.pandaexpress.com/locations/wa/spokane/9522-n-newport-hwy,Mo-Th 10:00-21:30; Fr-Sa 10:00-22:00; Su 10:00-21:00,Panda Express,Q1358690
https://locations.papamurphys.com/#15430907,papamurphys,Pizza Takeout & Delivery,,Spokane,WA,,US,+1 509-465-1322,https://locations.papamurphys.com/wa/spokane/9502-north-newport-highway,Mo-Su 10:00-21:00,Papa Murphy's,Q7132349
https://locations.papamurphys.com/#15430618,papamurphys,Pizza Takeout & Delivery,,Spokane,WA,,US,+1 509-465-0911,https://locations.papamurphys.com/wa/spokane/12126-north-division-street,Mo-Su 10:00-21:00,Papa Murphy's,Q7132349
070441,penske,Home Depot #4719,,SPOKANE,WA,,US,+1 509-484-0018,https://www.pensketruckrental.com/locations/us/washington/spokane/070441/,,Penske,Q81234570
0000852951,phillips_66_conoco_76,DIVINE N DIVISION,,SPOKANE,WA,,US,+1 509-467-8309,,,Conoco,Q109341187
0000906954,phillips_66_conoco_76,WANDERMERE,,SPOKANE,WA,,US,+1 509-467-9071,,,U76,Q1658320
wa_spokane_12501-n-division-street,pizza_hut_us,12501 N Division Street,,Spokane,WA,,US,+1 509-468-8333,https://locations.pizzahut.com/wa/spokane/12501-n-division-street,,Pizza Hut,Q191615
home-depot-4719-9816,ppgpaints,HOME DEPOT 4719,,"Spokane, ",WA,,US,+1 509-466-8991,https://www.ppgpaints.com/store-locator/us/washington/spokane-paint-stores/home-depot-4719-9816,,PPG Paints,Q83891559
fred-meyer-38581,ppgpaints,Fred Meyer,,"Spokane, ",WA,,US,,https://www.ppgpaints.com/store-locator/us/washington/spokane-paint-stores/fred-meyer-38581,,PPG Paints,Q83891559
https://www.providence.org/locations/wa/st-lukes-occupational-rehabilitation-north,providence_us,St. Luke’s Occupational Rehabilitation - North,,Spokane,WA,,US,+1 509-473-6869,https://www.providence.org/locations/wa/st-lukes-occupational-rehabilitation-north,Mo-Fr 07:00-17:30,Providence,Q7252430
https://www.providence.org/locations/wa/occupational-medicine-north-spokane,providence_us,Occupational Medicine North Spokane,,Spokane,WA,,US,+1 509-252-1905,https://www.providence.org/locations/wa/occupational-medicine-north-spokane,Mo-Fr 08:30-17:00,Providence,Q7252430
https://www.providence.org/locations/wa/sleep-medicine-spokane-north,providence_us,Sleep Clinic North,,Spokane,WA,,US,+1 509-944-8971,https://www.providence.org/locations/wa/sleep-medicine-spokane-north,Mo-Fr 08:00-17:00,Providence,Q7252430
https://www.providence.org/locations/wa/pulmonary-spokane-north,providence_us,Pulmonary North,,Spokane,WA,,US,+1 509-465-3919,https://www.providence.org/locations/wa/pulmonary-spokane-north,Mo-Fr 08:00-17:00,Providence,Q7252430
https://www.providence.org/locations/wa/laboratory-nevada,providence_us,PMG Lab Nevada,,Spokane,WA,,US,+1 509-944-8906,https://www.providence.org/locations/wa/laboratory-nevada,Mo-Fr 08:00-16:30,Providence,Q7252430
https://www.providence.org/locations/wa/family-medicine-northpointe,providence_us,Family Medicine Northpointe Spokane,,Spokane,WA,,US,+1 509-626-9420,https://www.providence.org/locations/wa/family-medicine-northpointe,Mo-Fr 08:00-17:00,Providence,Q7252430
https://www.providence.org/locations/wa/nevada-health-center/spokane-ear-nose-and-throat,providence_us,Spokane Ear Nose and Throat,,Spokane,WA,,US,+1 509-624-2326,https://www.providence.org/locations/wa/nevada-health-center/spokane-ear-nose-and-throat,Mo-Fr 08:00-17:00,Providence,Q7252430
https://www.providence.org/locations/wa/nevada-health-center,providence_us,Nevada Health Center,,Spokane,WA,,US,+1 509-747-6194,https://www.providence.org/locations/wa/nevada-health-center,Mo-Fr 08:00-17:00,Providence,Q7252430
https://www.providence.org/locations/wa/nevada-health-center/hearing-center,providence_us,Hearing Center,,Spokane,WA,,US,+1 509-789-1020,https://www.providence.org/locations/wa/nevada-health-center/hearing-center,Mo-Fr 08:00-17:00,Providence,Q7252430
https://www.providence.org/locations/wa/nevada-health-center/general-and-specialty-surgery,providence_us,General and Specialty Surgery,,Spokane,WA,,US,+1 509-747-6194,https://www.providence.org/locations/wa/nevada-health-center/general-and-specialty-surgery,Mo-Fr 08:00-17:00,Providence,Q7252430
https://www.providence.org/locations/wa/nevada-health-center/colon-and-rectal-surgery,providence_us,Colon and Rectal Surgery,,Spokane,WA,,US,+1 509-747-6194,https://www.providence.org/locations/wa/nevada-health-center/colon-and-rectal-surgery,Mo-Fr 08:00-17:00,Providence,Q7252430
https://www.providence.org/locations/wa/pediatrics-northpointe,providence_us,Pediatrics Northpointe,,Spokane,WA,,US,+1 509-626-9430,https://www.providence.org/locations/wa/pediatrics-northpointe,Mo-Fr 08:00-17:30,Providence,Q7252430
https://locations.qdoba.com/us/wa/spokane/300-w-hawthorne-rd.html,qdoba,QDOBA Whitworth University,,Spokane,WA,,US,+1 888-736-2224,https://locations.qdoba.com/us/wa/spokane/300-w-hawthorne-rd.html,Mo-Fr 10:30-17:00,Qdoba,Q1363885
05311,rite_aid_us,Rite Aid #05311 Spokane,,Spokane,WA,,US,+1 509-466-1946,https://locations2.riteaid.com.yext-cdn.com/wa/spokane/12420-north-division-street.html,Mo-Sa 08:00-21:00; Su 08:00-19:00,Rite Aid,Q3433273
2487,ross_dress_for_less_us,North Spokane,,Spokane,WA,,US,+1 509-467-0535,,Mo-Su 09:00-21:00,Ross Dress for Less,Q3442791
https://local.pharmacy.safeway.com/#5673160,safeway,Safeway Pharmacy,,Spokane,WA,,US,+1 509-465-3676,https://local.pharmacy.safeway.com/safeway/wa/spokane/10100-n-newport-hwy.html,,Safeway,Q1508234
https://local.safeway.com/#5604005,safeway,Safeway,,Spokane,WA,,US,+1 509-465-2576,https://local.safeway.com/safeway/wa/spokane/10100-n-newport-hwy.html,,Safeway,Q1508234
https://local.fuel.safeway.com/#9073482,safeway,Safeway Fuel Station,,Spokane,WA,,US,+1 509-465-2576,https://local.fuel.safeway.com/safeway/wa/spokane/10200-n-newport-hwy.html,Mo-Su 07:00-22:00,Safeway,Q1508234
1279,shellrecharge,Wandermere,,Spokane,WA,,US,,,,Shell Recharge,Q105883058
066,shopko,Shopko Optical Spokane,,Spokane,WA,,US,+1 509-466-7136,https://www.shopko.com/eye-care/wa/spokane/store-066/,Mo-Fr 09:00-19:00; Sa 09:00-15:00,Shopko Optical,Q109228833
9960-n-newport-hwy,staples,"Staples Spokane, WA",,Spokane,WA,,US,,https://stores.staples.com/wa/spokane/9960-n-newport-hwy,Mo-Fr 08:00-20:00; Sa 10:00-19:00; Su 10:00-18:00,Staples,Q785943
https://restaurants.subway.com/#14915230,subway,Subway Wal-Mart #2549,,Spokane Spokane,WA,,US,+1 509-464-3345,https://restaurants.subway.com/united-states/wa/spokane/9212-n-colton,Mo-Fr 09:00-20:00; Sa 08:00-21:00; Su 09:00-20:00,Subway,Q244457
https://restaurants.subway.com/#14905607,subway,Subway,,Spokane Spokane,WA,,US,+1 509-468-2548,https://restaurants.subway.com/united-states/wa/spokane/9502-n-newport-hwy,Mo-Th 10:00-19:00; Fr 10:00-20:00; Sa-Su 10:00-19:00,Subway,Q244457
https://restaurants.subway.com/#14898622,subway,Subway Wandermere Mall,,Spokane Spokane,WA,,US,+1 509-467-4661,https://restaurants.subway.com/united-states/wa/spokane/12310-n-sr-395,Mo 10:00-20:00; Tu-Th 09:00-20:00; Fr 09:00-21:00; Sa 09:00-20:00; Su 10:00-20:00,Subway,Q244457
8651,supercuts,Heritage Village,9222 N Newport Hwy,Spokane,WA,,US,+1 509-467-1870,https://www.supercuts.com/checkin/8651,Mo-Sa 09:00-19:00; Su 10:00-17:00,Supercuts,Q7643239
https://locations.tacobell.com/#6141606,taco_bell,Taco Bell,,Spokane,WA,,US,+1 509-468-1485,https://locations.tacobell.com/wa/spokane/9664-n-newport-hwy.html,Mo-Th 07:00-02:00; Fr-Sa 07:00-03:00; Su 07:00-02:00,Taco Bell,Q752941
6554,taco_time,Taco Time Store 6554,,Spokane,WA,,US,+1 509-466-9770,https://www.tacotime.com/stores/6554,Mo-Fr 10:00-20:00; Sa 11:00-20:00; Su 11:00-18:00,Taco Time,Q7673969
08690,tjx,Spokane,9660 North Newport Hwy,Spokane,WA,,US,+1 509-467-0603,,Mo-Sa 09:30-21:30; Su 10:00-20:00,TJ Maxx,Q10860683
281133,tjx,Spokane,9520 N. Newport Highway,Spokane,WA,,US,+1 509-467-0710,,Mo-Sa 09:30-21:30; Su 10:00-20:00,HomeGoods,Q5887941
1403,total_wine_and_more_us,Spokane (North Point),,Spokane,WA,,US,+1 509-466-1644,https://www.totalwine.com/store-info/1403,Mo-Sa 09:00-22:00; Su 09:00-21:00,Total Wine & More,Q7828084
045344,uhaul,North Point Mini Storage,10411 N Nevada St,Spokane,WA,,US,+1 509-598-3664,,Mo-Fr 30:00-16:00; Sa 00:00-15:00,U-Haul,Q7862902
703079,uhaul,U-Haul Storage at North Division,8805 N Division St,Spokane,WA,,US,+1 509-467-6537,,Mo-Th 00:00-19:00; Fr 00:00-20:00; Sa 00:00-19:00; Su 00:00-17:00,U-Haul,Q7862902
1375534,usps,NORTHPOINTE,,SPOKANE,WA,,US,+1 509-465-0313,,,United States Postal Service,Q668687
9921800002,usps_collection_boxes,USPS COLLECTION BOX - BLUE BOX,601 W HASTINGS RD,SPOKANE,WA,,US,,,,United States Postal Service,Q668687
9921800004,usps_collection_boxes,USPS COLLECTION BOX - BLUE BOX,12312 N DIVISION ST,SPOKANE,WA,,US,,,,United States Postal Service,Q668687
9921800006,usps_collection_boxes,USPS COLLECTION BOX - BLUE BOX,300 W HAWTHORNE RD,SPOKANE,WA,,US,,,,United States Postal Service,Q668687
9921800001,usps_collection_boxes,USPS COLLECTION BOX - BLUE BOX,10103 N DIVISION ST,SPOKANE,WA,,US,,,,United States Postal Service,Q668687
9921800009,usps_collection_boxes,USPS COLLECTION BOX - BLUE BOX,9770 N NEWPORT HWY,SPOKANE,WA,,US,,,,United States Postal Service,Q668687
9921800012,usps_collection_boxes,USPS COLLECTION BOX - BLUE BOX,9984 N NEWPORT HWY,SPOKANE,WA,,US,,,,United States Postal Service,Q668687
9921800016,usps_collection_boxes,USPS COLLECTION BOX - BLUE BOX,9857 N NEVADA ST,SPOKANE,WA,,US,,,,United States Postal Service,Q668687
9921800018,usps_collection_boxes,USPS COLLECTION BOX - PO LOBBY,9857 N NEVADA ST,SPOKANE,WA,,US,,,,United States Postal Service,Q668687
9921800019,usps_collection_boxes,USPS COLLECTION BOX - BLUE BOX,9631 N NEVADA ST,SPOKANE,WA,,US,,,,United States Postal Service,Q668687
spokane_oil-change-hl0078,valvoline_instant_oil_change,Valvoline,12108 N. Division Street ,Spokane,WA,,US,+1 509-467-0266,https://store.vioc.com/wa/spokane/oil-change-hl0078.html,,Valvoline Instant Oil Change,Q7912852
https://vcahospitals.com/north-division,vca,VCA North Division Animal Medical Center,,Spokane,WA,,US,+1 509-467-5230,https://vcahospitals.com/north-division,Mo-Fr 07:00-18:00; Sa 08:00-24:00,VCA,Q7906620
A00000012966,verizon_us,Victra Spokane N Division St,,SPOKANE,WA,,US,+1 509-468-4848,https://www.verizon.com/stores/details/washington/spokane/gowireless-spokane-n-division-st-1743122/,Mo-Fr 09:00-19:00; Sa 10:00-18:00; Su 10:00-17:00,Verizon,Q919641
,visa,,,SPOKANE,WA,,US,,,,,
,visa,,,SPOKANE,WA,,US,,,,,
,visa,,,SPOKANE,WA,,US,,,,,
,visa,,,SPOKANE,WA,,US,,,,,
,visa,,,SPOKANE,WA,,US,,,,,
,visa,,,SPOKANE,WA,,US,,,,,
,visa,,,SPOKANE,WA,,US,,,,,
,visa,,,SPOKANE,WA,,US,,,,,
,visa,,,SPOKANE,WA,,US,,,,,
,visa,,,SPOKANE,WA,,US,,,,,
,visa,,,SPOKANE,WA,,US,,,,,
,visa,,,SPOKANE,WA,,US,,,,,
,visa,,,SPOKANE,WA,,US,,,,,
,visa,,,SPOKANE,WA,,US,,,,,
,visa,,,SPOKANE,WA,,US,,,,,
,visa,,,SPOKANE VALLEY,WA,,US,,,,,
,visa,,,SPOKANE VALLEY,WA,,US,,,,,
,visa,,,SPOKANE,WA,,US,,,,,
,visa,,,SPOKANE,WA,,US,,,,,
,visa,,,SPOKANE,WA,,US,,,,,
,visa,,,SPOKANE,WA,,US,,,,,
,visa,,,SPOKANE,WA,,US,,,,,
,visa,,,SPOKANE,WA,,US,,,,,
,visa,,,SPOKANE,WA,,US,,,,,
,visa,,,SPOKANE,WA,,US,,,,,
,visa,,,SPOKANE,WA,,US,,,,,
,visa,,,SPOKANE,WA,,US,,,,,
,visa,,,SPOKANE,WA,,US,,,,,
,visa,,,SPOKANE,WA,,US,,,,,
,visa,,,SPOKANE,WA,,US,,,,,
,visa,,,SPOKANE,WA,,US,,,,,
,visa,,,SPOKANE,WA,,US,,,,,
,visa,,,SPOKANE,WA,,US,,,,,
,visa,,,SPOKANE,WA,,US,,,,,
,visa,,,SPOKANE,WA,,US,,,,,
,visa,,,SPOKANE,WA,,US,,,,,
,visa,,,SPOKANE,WA,,US,,,,,
,visa,,,SPOKANE,WA,,US,,,,,
,visa,,,SPOKANE,WA,,US,,,,,
,visa,,,SPOKANE,WA,,US,,,,,
,visa,,,SPOKANE,WA,,US,,,,,
,visa,,,SPOKANE,WA,,US,,,,,
,visa,,,SPOKANE,WA,,US,,,,,
,visa,,,SPOKANE,WA,,US,,,,,
,visa,,,SPOKANE,WA,,US,,,,,
,visa,,,SPOKANE,WA,,US,,,,,
,visa,,,SPOKANE,WA,,US,,,,,
,visa,,,SPOKANE,WA,,US,,,,,
,visa,,,SPOKANE,WA,,US,,,,,
,visa,,,SPOKANE,WA,,US,,,,,
,visa,,,SPOKANE,WA,,US,,,,,
,visa,,,SPOKANE,WA,,US,,,,,
,visa,,,SPOKANE,WA,,US,,,,,
https://www.walgreens.com/locator/walgreens-12315+n+division+st-spokane-wa-99218/id=2205,walgreens,Walgreens,,Spokane,WA,,US,+1 509-466-7461,https://www.walgreens.com/locator/walgreens-12315+n+division+st-spokane-wa-99218/id=2205,Mo-Su 07:00-22:00,Walgreens,Q1591889
9405__N__NEWPORT__HWY__STE__300_SPOKANE_WA_99218,wellsfargo,Wells Fargo,9405 N NEWPORT HWY STE 300,SPOKANE,WA,,US,+1 509-904-1860,https://www.wellsfargo.com/locator/bank/9405__N__NEWPORT__HWY__STE__300_SPOKANE_WA_99218/,Mo-Fr 09:00-17:00,Wells Fargo,Q744149
https://locations.wendys.com/#9255729,wendys,"Wendy's Newport Highway in Spokane, WA",,Spokane,WA,,US,+1 509-465-1569,https://locations.wendys.com/united-states/wa/spokane/9114-newport-highway,"Mo-Su 06:30-10:30,07:00-22:00",Wendy's,Q550258
643844885736e6cb33fcc230eaf74fec,western_union,WALMART #002549,,Spokane,WA,,US,+1 509-464-2173,https://location.westernunion.com/us/wa/spokane/643844885736e6cb33fcc230eaf74fec,Mo-Sa 08:00-20:00; Su 10:00-18:00,Western Union,Q861042
9186,wingstop,Wingstop Spokane Newport Hwy,9333 N Newport Hwy,Spokane,WA,,US,+1 509-863-9559,,,Wingstop,Q8025339
north-spokane-ymca,ymca,North Spokane YMCA,10727 N Newport Hwy,Spokane,WA,,US,+1 509-777-9622,https://www.ymca.org/locations/north-spokane-ymca,Mo-Fr 05:00-21:00; Sa 07:00-17:00; Su 10:00-17:00,YMCA,Q157169
