Ref,Spider,Name,Address,City,State,Zipcode,Country,Phone,Website,Hours,Brand,WikiData
US478163,adidas,"adidas Store, Torrance, Del Amo Fashion Center",,Torrance,CA,,US,+1 310-214-3603,https://www.adidas.co.uk/storefront/US478163-torrance-21540-hawthorne-blvd-adidas-store-torrance-del-amo-fashion-center,,Adidas,Q3895
US518387,adidas,"adidas Store, Torrance, Del Amo Fashion Center",,Torrance,CA,,US,+1 310-214-3603,https://www.adidas.co.uk/storefront/US518387-torrance-21540-hawthorne-blvd-adidas-store-torrance-del-amo-fashion-center,,Adidas,Q3895
https://local.vons.com/#5605170,albertsons,Vons,,Torrance,CA,,US,+1 310-371-1172,https://local.vons.com/ca/torrance/4705-torrance-blvd.html,Mo-Su 06:00-23:00,Vons,Q7941609
https://storelocations.ae.com/#1726412,american_eagle_outfitters,American Eagle & Aerie Store Del Amo Fashion Center,,Torrance,CA,,US,+1 310-921-6325,https://storelocations.ae.com/us/ca/torrance/21540-hawthorne-blvd.html,Mo-Sa 10:00-21:00; Su 11:00-19:00,American Eagle & Aerie Store,Q2842931
https://stores.ashleyfurniture.com/store/us/california/torrance/9000416839/,ashley_furniture,"Ashley Store Torrance, CA",,Torrance,CA,,US,+1 310-953-3480,https://stores.ashleyfurniture.com/store/us/california/torrance/9000416839/,,Ashley Furniture,Q4805437
26889,asics_us,FrontRunners - South Bay,20611 Hawthorne Blvd,Torrance,CA,,US,+1 310-921-2700,,Mo-Fr 10:00-19:00; Sa-Su 10:00-18:00,asics,Q327247
66789,asics_us,DICK's Sporting Goods - Torrance,21800 Hawthorne Blvd #301,Torrance,CA,,US,+1 424-206-4240,,Mo-Sa 09:00-21:00; Su 10:00-19:00,asics,Q327247
62074,asics_us,Lady Foot Locker,21712 Hawthorne Blvd,Torrance,CA,,US,+1 310-371-6480,,,asics,Q327247
USAA22A29,audi,Audi Pacific,"20460 Hawthorne Blvd, Torrance, CA 90503",Torrance,CA,,US,+1 310-255-3200,,,Audi,Q23317
5182,autozone_us,AutoZone Auto Parts Torrence,,Torrence,CA,,US,+1 310-683-6660,https://www.autozone.com/locations/ca/torrence/4625-torrance-blvd.html,Mo-Su 08:00-21:00,AutoZone,Q4826087
https://www.avis.com/en/locations/us/ca/torrance/nr7,avis,Avis U S A Torrance,,Torrance,CA,,US,+1 310-542-5029,https://www.avis.com/en/locations/us/ca/torrance/nr7,Mo-Fr 08:00-18:00; Sa-Su 08:00-13:00,Avis,Q791136
https://bananarepublic.gap.com/stores/ca/torrance/banana-republic-6936.html,bananarepublic,Banana Republic,,Torrance,CA,,US,+1 310-370-7281,https://bananarepublic.gap.com/stores/ca/torrance/banana-republic-6936.html,Mo-Sa 10:00-21:00; Su 11:00-19:00,Banana Republic,Q806085
https://locators.bankofamerica.com/ca/torrance/financial-centers-torrance-8455.html,bankofamerica,Bank of America Financial Center & Walk-Up ATM | Del Amo Center,,Torrance,CA,,US,+1 310-793-1291,https://locators.bankofamerica.com/ca/torrance/financial-centers-torrance-8455.html,Mo-Fr 09:00-17:00; Sa 09:00-16:00,Bank of America,Q487907
https://locators.bankofamerica.com/ca/torrance/atm-torrance-100931.html,bankofamerica,Bank of America Walk-Up ATM | Cal Tile Center,,Torrance,CA,,US,+1 844-401-8500,https://locators.bankofamerica.com/ca/torrance/atm-torrance-100931.html,,Bank of America,Q487907
https://locations.baskinrobbins.com/ca/torrance/21113-hawthorne-blvd-361299-br,baskin_robbins_us,Baskin-Robbins™,,Torrance,CA,,US,+1 310-540-2016,https://locations.baskinrobbins.com/ca/torrance/21113-hawthorne-blvd-361299-br,Mo-Su 11:00-22:00,Baskin-Robbins,Q584601
BBW00139,bathandbodyworks_us,DEL AMO FASHION CENTER I,,TORRANCE,CA,,US,+1 310-370-9127,,Mo-Sa 10:00-21:00; Su 11:00-19:00,Bath & Body Works,Q810773
BBW00155,bathandbodyworks_us,DEL AMO FASHION CENTER II,,TORRANCE,CA,,US,+1 310-793-9668,,Mo-Sa 10:00-21:00; Su 11:00-19:00,Bath & Body Works,Q810773
https://www.benihana.com/locations/torrance-ca-to/,benihana,"TORRANCE, CA",, Torrance,CA,,US,+1 310-316-7777,https://www.benihana.com/locations/torrance-ca-to/,,Benihana,Q4887996
56,bevmo_us,Torrance,,Torrance,CA,,US,+1 310-543-9170,https://www.bevmo.com/stores/torrance,Mo-Th 09:00-21:00; Fr-Sa 09:00-22:00; Su 09:00-20:00,BevMo!,Q4899308
194828,bluerhino,Anza Mobil,,Torrance,CA,,US,+1 310-371-4303,,,Blue Rhino,Q65681213
211488,bluerhino,7-Eleven Stores #46333,,Torrance,CA,,US,+1 310-371-6888,,,Blue Rhino,Q65681213
169122,bluerhino,United Pacific  #172,,Torrance,CA,,US,+1 310-316-3553,,,Blue Rhino,Q65681213
215177,bluerhino,7-Eleven Stores #43075,,Torrance,CA,,US,+1 310-373-4899,,,Blue Rhino,Q65681213
0007,bootbarn,Los Alamitos,,"Torrance,",CA,,US,+1 310-214-8555,https://www.bootbarn.com/stores?StoreID=0007,Mo-Th 10:00-20:00; Fr 11:00-20:00; Sa 10:00-19:00; Su 10:00-18:00,Boot Barn,Q109825187
10947,brookdale_us,Brookdale South Bay,,Torrance,CA,,US,+1 310-543-1174,https://www.brookdale.com/en/communities/brookdale-south-bay-ca.html,,Brookdale,Q4974387
200,burlington_us,Burlington,,Torrance,CA,,US,+1 310-370-9090,https://stores.burlington.com/ca/torrance/200,Mo-Sa 09:00-23:00; Su 09:00-22:00,Burlington,Q4999220
1077,burlington_us,Burlington,,Torrance,CA,,US,+1 310-214-4057,https://stores.burlington.com/ca/torrance/1077,Mo-Sa 09:00-24:00; Su 09:00-23:00,Burlington,Q4999220
//locations.carters.com/ca/torrance/carters-torrance-ca,carters_us,Carter's Torrance,,Torrance,CA,,US,+1 310-921-3925,https://locations.carters.com/ca/torrance/carters-torrance-ca,Mo-Sa 10:00-19:00; Su 11:00-18:00,Carter's,Q5047083
R0014,casper_us,Casper - Del Amo Fashion Center,,Torrance,CA,,US,+1 424-213-6970,https://stores.casper.com/casper-del-amo-fashion-center-b52249e3fa96,Mo-Sa 10:00-21:00; Su 11:00-19:00,Casper,Q20539294
2039194,chase_us,West Torrance - New branch,,Torrance,CA,,US,+1 310-370-5769,https://locator.chase.com/ca/torrance/4840-w-190th-st,Mo-Fr 09:00-17:00; Sa 09:00-14:00,Chase,Q524629
2039172,chase_us,Torrance Del Amo - New branch,,Torrance,CA,,US,+1 310-214-6754,https://locator.chase.com/ca/torrance/21660-hawthorne-blvd,Mo-Fr 09:00-17:00; Sa 09:00-14:00,Chase,Q524629
001.005.0315,chilis,Torrance,,Torrance,CA,,US,+1 310-792-9012,https://www.chilis.com/locations/us/california/torrance/torrance/,Mo-Th 11:00-22:00; Fr-Sa 11:00-23:00; Su 11:00-22:00,Chili's,Q1072948
ca_torrance_3525-w-carson-st,chipotle, ,,Torrance,CA,,US,+1 424-206-4202,https://locations.chipotle.com/ca/torrance/3525-w-carson-st,,Chipotle,Q465751
ca_torrance_21300-hawthorne-blvd,chipotle, ,,Torrance,CA,,US,+1 424-254-2378,https://locations.chipotle.com/ca/torrance/21300-hawthorne-blvd,,Chipotle,Q465751
30696,citi,ATM 7ELEVEN-FCTI,,Torrance,CA,,US,,,,Citibank,Q857063
58627,citi,ATM HANMI BANK,,Torrance,CA,,US,,,,Citibank,Q857063
51251,citi,ATM CVS,,Torrance,CA,,US,,,,Citibank,Q857063
24085,citi,ATM 7 Stories Down,,Torrance,CA,,US,,,,Citibank,Q857063
42360,citi,ATM Circle K,,Torrance,CA,,US,,,,Citibank,Q857063
27278,citi,ATM 7ELEVEN-FCTI,,Torrance,CA,,US,,,,Citibank,Q857063
29622,citi,ATM 7ELEVEN-FCTI,,Torrance,CA,,US,,,,Citibank,Q857063
29304,citi,ATM 7ELEVEN-FCTI,,Torrance,CA,,US,,,,Citibank,Q857063
27300,citi,ATM 7ELEVEN-FCTI,,Torrance,CA,,US,,,,Citibank,Q857063
51503,citi,ATM CVS,,Torrance,CA,,US,,,,Citibank,Q857063
44740,citi,ATM City Of Torrance Transit Center,,Torrance,CA,,US,,,,Citibank,Q857063
44741,citi,ATM City Of Torrance Transit Center,,Torrance,CA,,US,,,,Citibank,Q857063
torrance/5588,claires,Shop Ear Piercings & Jewelry at Del Amo Fashion Center,,TORRANCE,CA,,US,+1 310-370-7752,https://stores.claires.com/us/ca/torrance/5588.html,Mo-Sa 10:00-21:00; Su 11:00-18:00,Claire's,Q2974996
https://www.coach.com/stores/#17277597,coach_us,COACH,,Torrance,CA,,US,+1 657-208-4644,https://www.coach.com/stores/ca/torrance/21540-hawthorne-blvd,Mo-Sa 10:00-21:00; Su 11:00-19:00,Coach,Q727697
9568,cvs_us,CVS Pharmacy,,Torrance,CA,,US,+1 310-370-7919,https://www.cvs.com/store-locator/torrance-ca-pharmacies/4625-torrance-boulevard-torrance-ca-90503/storeid=9568,Mo-Su 08:00-22:00,CVS Pharmacy,Q2078880
268,daniels_jewelers_us,Del Amo Fashion Center,,Torrance,CA,,US,+1 310-793-8777,,Mo-Fr 11:00-20:00; Sa 10:00-20:00; Su 11:00-19:00,Daniel's Jewelers,Q120763875
209599,dennys,Denny's,,Torrance,CA,,US,+1 310-543-1044,https://locations.dennys.com/CA/TORRANCE/209599,24/7,Denny's,Q1189695
1295,dickssportinggoods,"DICK'S Sporting Goods Store in Torrance, CA | 1295",,Torrance,CA,,US,+1 424-206-4240,https://stores.dickssportinggoods.com/ca/torrance/1295/,Mo-Sa 09:00-21:00; Su 10:00-19:00,Dick's Sporting Goods,Q5272601
8352,dominos_pizza_us,Domino's Pizza,,Torrance,CA,,US,+1 310-316-8199,https://pizza.dominos.com/california/torrance/21028-hawthorne-blvd,Mo-Th 10:30-24:00; Fr-Sa 10:30-01:00; Su 10:30-24:00,Domino's,Q839466
0001047243,ecco,ECCO DEL AMO,,TORRANCE,CA,,US,+1 603-260-8250,,Mo-Fr 10:00-09:00; Sa 10:00-07:00; Su 11:00-06:00,Ecco,Q1280255
https://www.edwardjones.com/us-en/financial-advisor/michael-goguen,edwardjones,Michael J Goguen,,Torrance,CA,,US,+1 310-540-4767,https://www.edwardjones.com/us-en/financial-advisor/michael-goguen,Mo-Fr 08:00-16:30,Edward Jones,Q5343830
200065,electrify_america,Del Amo Fashion Center,,Torrance,CA,,US,,,,Electrify America,Q59773555
6098,elpolloloco,El Pollo Loco,,Torrance,CA,,US,+1 310-371-1406,,,El Pollo Loco,Q2353849
5938,elpolloloco,El Pollo Loco,,Torrance,CA,,US,+1 310-538-4308,,,El Pollo Loco,Q2353849
E13221,enterprise,Torrance,,Torrance,CA,,US,+1 310-370-5811,,,Enterprise Rent-A-Car,Q17085454
21540-hawthorne-blvd,express,Del Amo Fashion Center,,Torrance,CA,,US,+1 310-542-5662,https://stores.express.com/us/ca/torrance/21540-hawthorne-blvd,Mo-Sa 10:00-21:00; Su 11:00-19:00,Express,Q1384784
https://stores.footlocker.com/ca/torrance/21712-hawthorne-boulevard-7537.html,footlocker,"Foot Locker in Torrance: Torrance, California | Approved | Own It",,Torrance,CA,,US,+1 310-214-2826,https://stores.footlocker.com/ca/torrance/21712-hawthorne-boulevard-7537.html,Mo-Sa 10:00-21:00; Su 11:00-19:00,Foot Locker,Q63335
https://locations.forever21.com/#35646774,forever21_us,Del Amo Fashion Center,,Torrance,CA,,US,+1 310-683-6571,https://locations.forever21.com/us/stores/ca/torrance/3525-w-carson-st,Mo-Sa 10:00-21:00; Su 11:00-20:00,Forever 21,Q1060537
6529,gamestop_us,Plaza Del Amo,,Torrance,CA,,US,+1 310-316-2878,https://www.gamestop.com/search/?store=6529,Mo-Th 12:00-20:00; Fr-Sa 10:00-21:00; Su 12:00-20:00,GameStop,Q202210
https://stores.gnc.com/#24059195,gnc,GNC Del Amo Fashion Center,,,CA,,US,+1 310-214-3910,https://stores.gnc.com/all-stores-california/torrance/21712-hawthorne-blvd,Mo-Sa 10:00-21:00; Su 11:00-19:00,GNC,Q4808595
https://salons.greatclips.com/us/ca/torrance/21021-hawthorne-blvd,greatclips,Great Clips,,Torrance,CA,,US,+1 310-543-2996,https://salons.greatclips.com/us/ca/torrance/21021-hawthorne-blvd,Mo-Fr 09:00-21:00; Sa-Su 08:00-18:00,Great Clips,Q5598967
https://www.habitburger.com/locations/torrance/,habit_burger,The Habit Burger Grill,,Torrance,CA,,US,+1 310-406-3063,https://www.habitburger.com/locations/torrance/,Mo-Th 10:00-22:00; Fr-Sa 10:00-23:00; Su 10:00-22:00,The Habit Burger Grill,Q18158741
laxthdt-doubletree-torrance-south-bay,hilton,DoubleTree by Hilton Hotel Torrance - South Bay,,,CA,,US,+1 310-540-0500,https://www.hilton.com/ar/hotels/laxthdt-doubletree-torrance-south-bay/,,DoubleTree by Hilton,Q2504643
US0598,hm,Del Amo Fashion Center,,Torrance,CA,,US,+1 855-466-7467,,Mo-Sa 10:00-21:00; Su 11:00-19:00,H&M,Q188326
9923293,hugo_boss,BOSS Menswear Store,,Torrance,CA,,US,+1 310-371-0613,https://www.hugoboss.com/us/storedetail?storeid=9923293,Mo-Th 11:00-20:00; Fr-Sa 10:00-21:00; Su 11:00-19:00,Hugo Boss,Q491627
9925205,hugo_boss,BOSS Menswear Shop,,Torrance,CA,,US,,https://www.hugoboss.com/us/storedetail?storeid=9925205,,Hugo Boss,Q491627
3676,h_r_block,H&R Block,,Torrance,CA,,US,+1 310-371-6655,https://www.hrblock.com/local-tax-offices/california/torrance/20016-hawthorne-blvd/3676/,,H&R Block,Q5627799
https://www.blockadvisors.com/local-tax-offices/california/torrance/del-amo-crossing/3681/,h_r_block,H&R Block,,Torrance,CA,,US,+1 310-543-9688,https://www.blockadvisors.com/local-tax-offices/california/torrance/del-amo-crossing/3681/,,H&R Block,Q5627799
270,innout,Torrance,,Torrance,CA,,US,,http://locations.in-n-out.com/270,,In-N-Out Burger,Q1205312
https://locations.jackinthebox.com/us/ca/torrance/4911-torrance-blvd,jackinthebox,Jack in the Box,,Torrance,CA,,US,+1 310-371-8306,https://locations.jackinthebox.com/us/ca/torrance/4911-torrance-blvd,Mo-Th 06:00-00:00; Fr-Sa 04:00-04:00; Su 06:00-00:00,Jack in the Box,Q1538507
https://office.jacksonhewitt.com/#27579154,jackson_hewitt,Jackson Hewitt,,Torrance,CA,,US,+1 562-661-5300,https://office.jacksonhewitt.com/tax-preparation-services-locations/en/ca/torrance/22015-hawthorne-blvd/55874,Mo-Sa 11:00-19:00; Su 12:00-16:00,Jackson Hewitt,Q6117132
https://locations.jamba.com/#1558-Jamba,jambajuice,Jamba Village Del Amo,,Torrance,CA,,US,+1 310-316-3923,https://locations.jamba.com/ca/torrance/21213-hawthorne-blvd-ste-c,Mo-Fr 07:30-20:00; Sa 08:00-19:30; Su 09:00-19:30,Jamba Juice,Q3088784
https://stores.jdsports.com/ca/torrance/del-almo-fashion-center.html,jdsports_us,JD Sports,,Torrance,CA,,US,+1 424-327-9233,https://stores.jdsports.com/ca/torrance/del-almo-fashion-center.html,Mo-We 11:00-19:00; Th 11:00-21:00; Fr-Sa 10:00-20:00; Su 12:00-18:00,JD Sports,Q6108019
https://healthy.kaiserpermanente.org/southern-california/facilities/us-renal-care-torrance-dialysis-429848,kaiser_permanente_us,U.S. Renal Care Torrance Dialysis,,Torrance,CA,,US,+1 424-212-5051,https://healthy.kaiserpermanente.org/southern-california/facilities/us-renal-care-torrance-dialysis-429848,,Kaiser Permanente,Q1721601
https://healthy.kaiserpermanente.org/southern-california/facilities/us-renal-care-earl-street-dialysis-429831,kaiser_permanente_us,U.S. Renal Care Earl Street Dialysis,,Torrance,CA,,US,+1 310-371-4244,https://healthy.kaiserpermanente.org/southern-california/facilities/us-renal-care-earl-street-dialysis-429831,,Kaiser Permanente,Q1721601
https://healthy.kaiserpermanente.org/southern-california/facilities/trinity-care-extended-care-340119,kaiser_permanente_us,Trinity Care Extended Care,,Torrance,CA,,US,+1 800-829-8660,https://healthy.kaiserpermanente.org/southern-california/facilities/trinity-care-extended-care-340119,,Kaiser Permanente,Q1721601
https://healthy.kaiserpermanente.org/southern-california/facilities/torrance-medical-offices-100052,kaiser_permanente_us,Torrance Medical Offices,,Torrance,CA,,US,+1 833-574-2273,https://healthy.kaiserpermanente.org/southern-california/facilities/torrance-medical-offices-100052,,Kaiser Permanente,Q1721601
https://healthy.kaiserpermanente.org/southern-california/facilities/torrance-emerald-dialysis-429814,kaiser_permanente_us,Torrance Emerald Dialysis,,Torrance,CA,,US,+1 310-214-1715,https://healthy.kaiserpermanente.org/southern-california/facilities/torrance-emerald-dialysis-429814,,Kaiser Permanente,Q1721601
https://healthy.kaiserpermanente.org/southern-california/facilities/the-earlwood-176280,kaiser_permanente_us,The Earlwood,,Torrance,CA,,US,+1 310-371-1228,https://healthy.kaiserpermanente.org/southern-california/facilities/the-earlwood-176280,,Kaiser Permanente,Q1721601
https://healthy.kaiserpermanente.org/southern-california/facilities/stars-behavioral-health-group-enhanced-care-management-ecm-173072,kaiser_permanente_us,Stars Behavioral Health Group - Enhanced Care Management (ECM),,Torrance,CA,,US,+1 323-244-8735,https://healthy.kaiserpermanente.org/southern-california/facilities/stars-behavioral-health-group-enhanced-care-management-ecm-173072,,Kaiser Permanente,Q1721601
https://healthy.kaiserpermanente.org/southern-california/facilities/providence-trinitycare-hospice-429661,kaiser_permanente_us,Providence Trinitycare Hospice,,Torrance,CA,,US,+1 310-543-3400,https://healthy.kaiserpermanente.org/southern-california/facilities/providence-trinitycare-hospice-429661,,Kaiser Permanente,Q1721601
https://healthy.kaiserpermanente.org/southern-california/facilities/high-quality-hospice-care-429417,kaiser_permanente_us,High Quality Hospice Care,,Torrance,CA,,US,+1 310-543-4679,https://healthy.kaiserpermanente.org/southern-california/facilities/high-quality-hospice-care-429417,,Kaiser Permanente,Q1721601
https://healthy.kaiserpermanente.org/southern-california/facilities/driftwood-healthcare-center-175736,kaiser_permanente_us,Driftwood Healthcare Center,,Torrance,CA,,US,+1 310-793-3000,https://healthy.kaiserpermanente.org/southern-california/facilities/driftwood-healthcare-center-175736,,Kaiser Permanente,Q1721601
https://healthy.kaiserpermanente.org/southern-california/facilities/center-for-discovery-south-bay-338911,kaiser_permanente_us,Center for Discovery - South Bay,,Torrance,CA,,US,+1 714-710-1961,https://healthy.kaiserpermanente.org/southern-california/facilities/center-for-discovery-south-bay-338911,,Kaiser Permanente,Q1721601
https://healthy.kaiserpermanente.org/southern-california/facilities/bay-crest-care-center-174361,kaiser_permanente_us,Bay Crest Care Center,,Torrance,CA,,US,+1 310-371-2431,https://healthy.kaiserpermanente.org/southern-california/facilities/bay-crest-care-center-174361,,Kaiser Permanente,Q1721601
https://locations.kfc.com/#11247064,kfc,Chicken Nuggets Near Torrance,,Torrance,CA,,US,,https://locations.kfc.com/ca/torrance/4525-torrance-blvd/chickennugget,Mo-Su 10:00-22:00,KFC,Q524757
https://stores.kiehls.com/ca/torrance/21540-hawthorne-blvd.html,kiehls_us,Kiehl's del amo,,Torrance,CA,,US,+1 310-370-1062,https://stores.kiehls.com/ca/torrance/21540-hawthorne-blvd.html,Mo-Sa 10:00-21:00; Su 11:00-19:00,Kiehl's,Q3196447
070375,kindercare,Greenwood Avenue KinderCare,,Torrance,CA,,US,,https://www.kindercare.com/our-centers/torrance/ca/070375,,KinderCare Learning Centers,Q6410551
https://local.lenscrafters.com/ca/torrance/21600-hawthorne-blvd.html,lenscrafters,LensCrafters,,Torrance,CA,,US,+1 310-214-0409,https://local.lenscrafters.com/ca/torrance/21600-hawthorne-blvd.html,Mo-Sa 10:00-21:00; Su 11:00-19:00,LensCrafters,Q6523209
148727,little_free_library,BAR's Books #148727 #148727 Torrance CA,,Torrance,CA,,US,,,,Little Free Library,Q6650101
108817,little_free_library,Peggy Young #108817 Torrance CA,,Torrance,CA,,US,,,,Little Free Library,Q6650101
136120,little_free_library,Girl Scout Troop 00405 #136120 Torrance CA,,Torrance,CA,,US,,,,Little Free Library,Q6650101
141302,little_free_library,Mama's bookarama #141302 Torrance CA,,Torrance,CA,,US,,,,Little Free Library,Q6650101
134750,little_free_library,Birthday Library #134750 Torrance CA,,Torrance,CA,,US,,,,Little Free Library,Q6650101
105115,little_free_library,Frances Vander Stucken #105115 Torrance CA,,Torrance,CA,,US,,,,Little Free Library,Q6650101
85490,little_free_library,Schoolhouse library #85490 Torrance CA,,Torrance,CA,,US,,,,Little Free Library,Q6650101
106894,little_free_library,Little Free Library #106894 Torrance CA,,Torrance,CA,,US,,,,Little Free Library,Q6650101
172990,little_free_library,Girl Scout Troop #4345 #172990 Torrance CA,,Torrance,CA,,US,,,,Little Free Library,Q6650101
43078,little_free_library,Hanif Haji Haji #43078 Torrance CA #43078 Torrance CA,,Torrance,CA,,US,,,,Little Free Library,Q6650101
179821,little_free_library,The Home For Wayward Books #179821 Torrance CA,,Torrance,CA,,US,,,,Little Free Library,Q6650101
89967,little_free_library,South Bay Christian School #89967 Torrance CA,,Torrance,CA,,US,,,,Little Free Library,Q6650101
23020,little_free_library,Laurie Jester #23020 Torrance CA,,Torrance,CA,,US,,,,Little Free Library,Q6650101
115320,little_free_library,Drake's Lending Library #115320 Torrance CA,,Torrance,CA,,US,,,,Little Free Library,Q6650101
81346,little_free_library,Melissa Neifeld #81346 Torrance CA,,Torrance,CA,,US,,,,Little Free Library,Q6650101
164065,little_free_library,Norma Molina #164065 #164065 Torrance CA,,Torrance,CA,,US,,,,Little Free Library,Q6650101
107219,little_free_library,Evelyn S GS Silver Award Project #107219 Torrance CA,,Torrance,CA,,US,,,,Little Free Library,Q6650101
US190,longchamp_us,Nordstrom Del Amo Fashion Center,,TORRANCE,CA,,US,+1 310-542-9440,,,Longchamp,Q1869471
50504,lovisa,Lovisa,,Torrance,CA,,US,+1 818-252-8355,,,Lovisa,Q106298409
Del Amo Fashion Center,lululemon,Lululemon,"21420 Hawthorne Blvd, Unit 416, Torrance, CA, US, 90503",Torrance,CA,,US,+1 424-317-8857,https://shop.lululemon.com/stores/us/torrance/del-amo-fashion-center,Mo-Sa 10:00-21:00; Su 11:00-19:00,Lululemon,Q6702957
https://stores.madewell.com/#2900574,madewell_us,Madewell,,Torrance,CA,,US,+1 310-370-5478,https://stores.madewell.com/us/ca/torrance/21540-hawthorne-blvd,Mo-Sa 10:00-21:00; Su 11:00-19:00,Madewell,Q64026213
LAXTR,marriott,Torrance Marriott Redondo Beach,,Torrance,CA,,US,+1 310-316-3636,https://www.marriott.com/LAXTR,,Marriott Hotels & Resorts,Q3918608
LAXTC,marriott,Residence Inn Los Angeles Torrance/Redondo Beach,,Torrance,CA,,US,+1 310-543-4566,https://www.marriott.com/LAXTC,,Residence Inn by Marriott,Q7315394
https://locations.michaelkors.com/us/ca/torrance/21540-hawthorne-blvd.html,michaelkors,Michael Kors DEL AMO,,Torrance,CA,,US,+1 310-542-4135,https://locations.michaelkors.com/us/ca/torrance/21540-hawthorne-blvd.html,Mo-Sa 10:00-21:00; Su 11:00-19:00,Michael Kors,Q19572998
https://locations.michaelkors.com/fr/us/ca/torrance/21540-hawthorne-blvd.html,michaelkors,Michael Kors DEL AMO,,Torrance,CA,,US,+1 310-542-4135,https://locations.michaelkors.com/fr/us/ca/torrance/21540-hawthorne-blvd.html,Mo-Sa 10:00-21:00; Su 11:00-19:00,Michael Kors,Q19572998
66033147,moneygram,CVS - #8868,,TORRANCE,CA,,US,+1 310-370-5607,,Mo-Su 08:00-22:00,MoneyGram,Q1944412
NNA5783,nissan_europe,NISSAN OF TORRANCE,,TORRANCE,CA,,US,+1 310-536-4000,https://www.nissanoftorrance.com,Mo-Sa 09:00-20:00; Su 10:00-19:00,Nissan,Q20165
342,nordstrom,Nordstrom Del Amo Fashion Center,,Torrance,CA,,US,+1 310-542-9440,https://www.nordstrom.com/store-details/nordstrom-del-amo-fashion-center,,Nordstrom,Q174310
https://locations.oreillyauto.com/ca/torrance/check-engine-light-testing-3065.html,oreilly,Your Torrance O'Reilly Auto Parts Store,,Torrance,CA,,US,+1 310-793-2010,https://locations.oreillyauto.com/ca/torrance/check-engine-light-testing-3065.html,Mo-Su 07:30-21:00,O'Reilly Auto Parts,Q7071951
https://locations.oreillyauto.com/ca/torrance/wiper-installation-3065.html,oreilly,Your Torrance O'Reilly Auto Parts Store,,Torrance,CA,,US,+1 310-793-2010,https://locations.oreillyauto.com/ca/torrance/wiper-installation-3065.html,Mo-Su 07:30-21:00,O'Reilly Auto Parts,Q7071951
https://locations.oreillyauto.com/ca/torrance/battery-testing-3065.html,oreilly,Your Torrance O'Reilly Auto Parts Store,,Torrance,CA,,US,+1 310-793-2010,https://locations.oreillyauto.com/ca/torrance/battery-testing-3065.html,Mo-Su 07:30-21:00,O'Reilly Auto Parts,Q7071951
https://locations.oreillyauto.com/ca/torrance/autopartes-3065.html,oreilly,Tu tienda O'Reilly Auto Parts en Torrance,,Torrance,CA,,US,+1 310-793-2010,https://locations.oreillyauto.com/ca/torrance/autopartes-3065.html,Mo-Su 07:30-21:00,O'Reilly Auto Parts,Q7071951
https://locations.outback.com/#15502580,outbacksteakhouse,Outback Steakhouse,,Torrance,CA,,US,+1 310-750-0459,https://locations.outback.com/california/torrance/3525-w.-carson-st,Mo-Th 11:00-22:00; Fr-Sa 11:00-23:00; Su 11:00-21:30,Outback Steakhouse,Q1064893
112606,pandaexpress,Del Amo Fashion Center II,,Torrance,CA,,US,+1 310-371-8811,https://www.pandaexpress.com/locations/ca/torrance/3525-carson-street,Mo-Th 10:00-20:30; Fr-Sa 10:00-21:00; Su 11:00-19:00,Panda Express,Q1358690
111697,pandaexpress,Del Amo Fashion Center III,,Torrance,CA,,US,+1 310-316-2962,https://www.pandaexpress.com/locations/ca/torrance/3825-torrance-blvd,Mo-Su 09:30-22:30,Panda Express,Q1358690
669,party_city,Torrance Promenade (Old Towne Mall),,Torrance,CA,,US,+1 424-323-5931,https://stores.partycity.com/us/ca/torrance/party-store-pc669.html,,Party City,Q7140896
https://www.pfchangs.com/locations/#5265318,pf_changs,P.F. Chang's Torrance,,Torrance,CA,,US,+1 310-793-0590,https://www.pfchangs.com/locations/us/ca/torrance/3525-carson-st-r7/9813-torrance.html,"Mo-Th 11:00-22:00,15:00-18:00; Fr 11:00-23:00,15:00-18:00; Sa 11:00-23:00; Su 11:00-22:00",P. F. Chang's China Bistro,Q5360181
0000878054,phillips_66_conoco_76,UNITED OIL 172,,TORRANCE,CA,,US,+1 310-316-3553,,,U76,Q1658320
0000876730,phillips_66_conoco_76,76 TORRANCE,,TORRANCE,CA,,US,+1 310-787-0153,,,U76,Q1658320
0000825236,phillips_66_conoco_76,WEST TORRANCE 76,,TORRANCE,CA,,US,+1 310-542-0368,,,U76,Q1658320
ca_torrance_20305-anza-ave-suite-d,pizza_hut_us,20305 Anza Ave.-suite D,,Torrance,CA,,US,+1 310-370-3531,https://locations.pizzahut.com/ca/torrance/20305-anza-ave-suite-d,,Pizza Hut,Q191615
https://www.providence.org/locations/socal/hospice-la-county-and-socal-palliative-care,providence_us,Providence Hospice LA County and SoCal Palliative Care,,Torrance,CA,,US,+1 800-829-8660,https://www.providence.org/locations/socal/hospice-la-county-and-socal-palliative-care,,Providence,Q7252430
https://www.providence.org/locations/socal/plcm-torrance/pelvic-floor-disorders,providence_us,Pelvic Floor Disorders,,Torrance,CA,,US,+1 310-540-7676,https://www.providence.org/locations/socal/plcm-torrance/pelvic-floor-disorders,,Providence,Q7252430
https://www.providence.org/locations/socal/plcm-torrance/orthopedics,providence_us,Orthopedics,,Torrance,CA,,US,+1 310-540-7676,https://www.providence.org/locations/socal/plcm-torrance/orthopedics,,Providence,Q7252430
https://www.providence.org/locations/socal/plcm-torrance/neonatal-intensive-care-unit,providence_us,Neonatal Intensive Care,,Torrance,CA,,US,+1 310-540-7676,https://www.providence.org/locations/socal/plcm-torrance/neonatal-intensive-care-unit,,Providence,Q7252430
https://www.providence.org/locations/socal/plcm-torrance/mens-health,providence_us,Mens Health,,Torrance,CA,,US,+1 844-510-4325,https://www.providence.org/locations/socal/plcm-torrance/mens-health,,Providence,Q7252430
https://www.providence.org/locations/socal/plcm-torrance/medical-staff-services,providence_us,Medical Staff Services,,Torrance,CA,,US,+1 310-303-6700,https://www.providence.org/locations/socal/plcm-torrance/medical-staff-services,Mo-Fr 07:30-16:30,Providence,Q7252430
https://www.providence.org/locations/socal/plcm-torrance/maternity,providence_us,Maternity,,Torrance,CA,,US,+1 310-540-7676,https://www.providence.org/locations/socal/plcm-torrance/maternity,,Providence,Q7252430
https://www.providence.org/locations/socal/plcm-torrance/emergency-care,providence_us,Emergency Care,,Torrance,CA,,US,+1 310-303-5600,https://www.providence.org/locations/socal/plcm-torrance/emergency-care,,Providence,Q7252430
https://www.providence.org/locations/socal/plcm-torrance/diabetes-and-nutrition-services,providence_us,Diabetes and Nutrition Services,,Torrance,CA,,US,+1 310-540-7676,https://www.providence.org/locations/socal/plcm-torrance/diabetes-and-nutrition-services,,Providence,Q7252430
https://www.providence.org/locations/socal/plcm-torrance/cardiovascular-center-of-excellence,providence_us,Cardiovascular Center of Excellence,,Torrance,CA,,US,+1 310-540-7676,https://www.providence.org/locations/socal/plcm-torrance/cardiovascular-center-of-excellence,,Providence,Q7252430
https://www.providence.org/locations/socal/plcm-torrance/stroke-and-neurosciences,providence_us,Stroke and Neurosciences,,Torrance,CA,,US,+1 424-866-7264,https://www.providence.org/locations/socal/plcm-torrance/stroke-and-neurosciences,,Providence,Q7252430
https://www.providence.org/locations/socal/plcm-torrance/womens-health,providence_us,Womens Health,,Torrance,CA,,US,+1 310-540-7676,https://www.providence.org/locations/socal/plcm-torrance/womens-health,,Providence,Q7252430
https://www.providence.org/locations/socal/plcm-torrance/surgery,providence_us,Surgery,,Torrance,CA,,US,+1 310-540-7676,https://www.providence.org/locations/socal/plcm-torrance/surgery,,Providence,Q7252430
https://www.providence.org/locations/socal/plcm-torrance/spine-institute,providence_us,Spine Institute,,Torrance,CA,,US,+1 855-415-8186,https://www.providence.org/locations/socal/plcm-torrance/spine-institute,,Providence,Q7252430
https://www.providence.org/locations/socal/plcm-torrance/rehabilitation-services,providence_us,Rehabilitation Services,,Torrance,CA,,US,+1 310-540-7676,https://www.providence.org/locations/socal/plcm-torrance/rehabilitation-services,,Providence,Q7252430
https://www.providence.org/locations/socal/plcm-torrance/outpatient-diagnostic-center,providence_us,Outpatient Diagnostic Center,,Torrance,CA,,US,+1 424-398-7817,https://www.providence.org/locations/socal/plcm-torrance/outpatient-diagnostic-center,Mo-Fr 08:00-17:30,Providence,Q7252430
https://www.providence.org/locations/socal/plcm-torrance,providence_us,Providence Little Company of Mary Medical Center - Torrance,,Torrance,CA,,US,+1 310-540-7676,https://www.providence.org/locations/socal/plcm-torrance,,Providence,Q7252430
https://www.providence.org/locations/socal/plcm-torrance/pharmacy,providence_us,Pharmacy,,Torrance,CA,,US,+1 310-303-5358,https://www.providence.org/locations/socal/plcm-torrance/pharmacy,,Providence,Q7252430
https://www.providence.org/locations/socal/plcm-torrance/pediatric-care,providence_us,Pediatric Care,,Torrance,CA,,US,+1 310-540-7676,https://www.providence.org/locations/socal/plcm-torrance/pediatric-care,,Providence,Q7252430
https://www.providence.org/locations/socal/plcm-torrance/hospitalists-program,providence_us,PMI Hospitalists Program Torrance,,Torrance,CA,,US,+1 310-374-8191,https://www.providence.org/locations/socal/plcm-torrance/hospitalists-program,,Providence,Q7252430
https://www.providence.org/locations/socal/plcm-torrance/medication-management-pharmacotherapy-clinic,providence_us,Medication Management Pharmacotherapy Clinic,,Torrance,CA,,US,+1 310-303-5358,https://www.providence.org/locations/socal/plcm-torrance/medication-management-pharmacotherapy-clinic,Mo-Fr 09:00-17:00,Providence,Q7252430
https://www.providence.org/locations/socal/torrance-obgyn,providence_us,Torrance OBGYN,,Torrance,CA,,US,+1 310-793-2566,https://www.providence.org/locations/socal/torrance-obgyn,Mo-Fr 08:00-17:00,Providence,Q7252430
https://www.providence.org/locations/socal/south-bay-ophthalmology-center,providence_us,South Bay Ophthalmology Center,,Torrance,CA,,US,+1 310-937-6585,https://www.providence.org/locations/socal/south-bay-ophthalmology-center,Mo-Fr 08:00-17:00,Providence,Q7252430
https://www.providence.org/locations/socal/plcm-torrance/transitional-care-center,providence_us,Transitional Care Center,,Torrance,CA,,US,+1 310-303-5910,https://www.providence.org/locations/socal/plcm-torrance/transitional-care-center,Mo-Fr 07:00-15:30,Providence,Q7252430
https://www.providence.org/locations/socal/home-health-la-county-south,providence_us,Home Health - LA County South,,Torrance,CA,,US,+1 310-543-3450,https://www.providence.org/locations/socal/home-health-la-county-south,,Providence,Q7252430
https://www.providence.org/locations/socal/outpatient-imaging-center-torrance,providence_us,Outpatient Imaging Center - Torrance,,Torrance,CA,,US,+1 310-316-2424,https://www.providence.org/locations/socal/outpatient-imaging-center-torrance,Mo-Fr 07:00-19:00; Sa 09:00-13:00,Providence,Q7252430
https://www.providence.org/locations/socal/advanced-care-center,providence_us,Advanced Care Center,,Torrance,CA,,US,+1 310-540-7676,https://www.providence.org/locations/socal/advanced-care-center,,Providence,Q7252430
https://www.providence.org/locations/socal/south-bay-heart-and-vascular-center,providence_us,South Bay Heart and Vascular Center,,Torrance,CA,,US,+1 310-370-3568,https://www.providence.org/locations/socal/south-bay-heart-and-vascular-center,Mo-Th 08:00-17:00; Fr 08:00-14:00,Providence,Q7252430
https://www.providence.org/locations/socal/kids-care,providence_us,Providence Kids Care,,Torrance,CA,,US,+1 800-829-8660,https://www.providence.org/locations/socal/kids-care,,Providence,Q7252430
https://www.providence.org/locations/socal/plcm-torrance/cancer-center,providence_us,Cancer LCM Torrance,,Torrance,CA,,US,+1 310-540-7676,https://www.providence.org/locations/socal/plcm-torrance/cancer-center,,Providence,Q7252430
https://www.providence.org/locations/socal/madrona-pediatrics,providence_us,Madrona Pediatrics,,Torrance,CA,,US,+1 310-540-1334,https://www.providence.org/locations/socal/madrona-pediatrics,Mo-Fr 08:00-17:00,Providence,Q7252430
https://www.providence.org/locations/socal/torrance-womens-imaging-center,providence_us,Torrance Womens Imaging Center,,Torrance,CA,,US,+1 310-303-7040,https://www.providence.org/locations/socal/torrance-womens-imaging-center,Th 07:00-18:30; Fr 07:00-17:00,Providence,Q7252430
https://www.providence.org/locations/socal/cardiac-pulmonary-rehab-torrance,providence_us,Cardiac and Pulmonary Rehab - Torrance,,Torrance,CA,,US,+1 310-303-7070,https://www.providence.org/locations/socal/cardiac-pulmonary-rehab-torrance,Th 08:00-15:00; Fr 07:00-16:30,Providence,Q7252430
https://www.providence.org/locations/socal/madrona-primary-care,providence_us,Madrona Primary Care,,Torrance,CA,,US,+1 310-792-4400,https://www.providence.org/locations/socal/madrona-primary-care,Mo-Fr 08:00-17:00,Providence,Q7252430
https://www.providence.org/locations/socal/plcm-torrance/cancer-center/breast-cancer,providence_us,Breast Cancer LCM Torrance,,Torrance,CA,,US,+1 310-540-7676,https://www.providence.org/locations/socal/plcm-torrance/cancer-center/breast-cancer,,Providence,Q7252430
https://www.providence.org/locations/socal/plcm-torrance/bariatric-wellness-center,providence_us,Bariatric Wellness Center,,Torrance,CA,,US,+1 310-303-5613,https://www.providence.org/locations/socal/plcm-torrance/bariatric-wellness-center,Mo-Fr 07:00-19:00,Providence,Q7252430
https://www.providence.org/locations/socal/outpatient-rehab-center-torrance,providence_us,Outpatient Rehab Center - Torrance,,Torrance,CA,,US,+1 310-792-3440,https://www.providence.org/locations/socal/outpatient-rehab-center-torrance,Mo-Fr 08:00-16:00,Providence,Q7252430
https://www.publicstorage.com/self-storage-ca-torrance/46.html,public_storage_us,Public Storage,,Torrance,CA,,US,+1 424-257-2099,https://www.publicstorage.com/self-storage-ca-torrance/46.html,,Public Storage,Q1156045
https://www.publicstorage.com/self-storage-ca-torrance/2255.html,public_storage_us,Public Storage,,Torrance,CA,,US,+1 424-266-7730,https://www.publicstorage.com/self-storage-ca-torrance/2255.html,,Public Storage,Q1156045
997112,rocket_us,Rocket,,Torrance,CA,,US,+1 310-316-3553,,,Rocket,Q121513516
40,ross_dress_for_less_us,Old Town,,Torrance,CA,,US,+1 310-370-3508,,Mo-Th 09:00-22:30; Fr-Sa 09:00-23:00; Su 10:00-22:00,Ross Dress for Less,Q3442791
https://stores.saloncentric.com/#29173421,salon_centric_us,SalonCentric,,,CA,,US,+1 310-540-4499,https://stores.saloncentric.com/ca/torrance/6004,Mo 08:00-19:00; Tu 08:00-18:00; We 08:00-18:30; Th-Fr 08:00-18:00; Sa 08:30-16:00; Su 12:00-16:00,SalonCentric,Q124339481
location-8777,sbarro,Del-Amo Fashion Center,3525 Carson St,TORRANCE,CA,,US,,https://sbarro.com/locations/ca/torrance/del-amo-fashion-center/,,Sbarro,Q2589409
37117,seven_eleven_ca_us,7-Eleven Store,,Torrance,CA,,US,+1 310-316-0644,https://www.7-eleven.com/locations/ca/torrance/3401-torrance-blvd-37117,,7-Eleven,Q259340
46333,seven_eleven_ca_us,7-Eleven,,Torrance,CA,,US,+1 800-255-0711,https://www.7-eleven.com/locations/ca/torrance/4925-torrance-blvd-46333,,7-Eleven,Q259340
39667,seven_eleven_ca_us,Bcp Store,,Torrance,CA,,US,+1 310-787-0153,https://www.7-eleven.com/locations/ca/torrance/2504-torrance-blvd-39667,,7-Eleven,Q259340
1240,simonmalls,Del Amo Fashion Center®,,Torrance,CA,,US,,https://www.simon.com/mall/del-amo-fashion-center,Mo-Sa 10:00-21:00; Su 11:00-19:00,Simon Malls,Q2287759
https://stations.sinclairoil.com/ca/torrance/4530-torrance-blvd,sinclair_us,Sinclair Gas Station,,Torrance,CA,,US,+1 310-316-5015,https://stations.sinclairoil.com/ca/torrance/4530-torrance-blvd,Mo-Su 06:00-22:00,Sinclair,Q1290900
1091,sola_salon_studios,Torrance - Del Amo Fashion Center,,Torrance,CA,,US,+1 562-246-9177,https://www.solasalonstudios.com/locations/torrance-del-amo-fashion-center,,Sola Salon Studios,Q64337426
22025-hawthorne-blvd,staples,"Staples Torrance, CA",,Torrance,CA,,US,,https://stores.staples.com/ca/torrance/22025-hawthorne-blvd,Mo-Fr 08:00-21:00; Sa 09:00-21:00; Su 10:00-18:00,Staples,Q785943
https://restaurants.subway.com/#14895435,subway,Subway,,Torrance Los Angeles,CA,,US,+1 310-214-5484,https://restaurants.subway.com/united-states/ca/torrance/5035-torrance-blvd,Mo-Su 08:00-21:00,Subway,Q244457
https://restaurants.subway.com/#14914529,subway,Subway,,Torrance Los Angeles,CA,,US,+1 310-214-0634,https://restaurants.subway.com/united-states/ca/torrance/20208-anza-ave,Mo-Fr 07:00-22:00; Sa-Su 08:00-20:00,Subway,Q244457
https://stores.sunglasshut.com/us/ca/torrance/21760-hawthorne-blvd,sunglass_hut_1,Sunglass Hut at Macy's - Mens,,Torrance,CA,,US,+1 310-542-8693,https://stores.sunglasshut.com/us/ca/torrance/21760-hawthorne-blvd,Mo-Sa 10:00-21:00; Su 11:00-19:00,Sunglass Hut,Q136311
https://stores.sunglasshut.com/us/ca/torrance/3525-carson-st,sunglass_hut_1,Sunglass Hut,,Torrance,CA,,US,+1 310-406-3283,https://stores.sunglasshut.com/us/ca/torrance/3525-carson-st,Mo-Sa 10:00-21:00; Su 11:00-19:00,Sunglass Hut,Q136311
https://stores.sunglasshut.com/us/ca/torrance/21600-hawthorne-blvd,sunglass_hut_1,Sunglass Hut at Macy's,,Torrance,CA,,US,+1 310-214-3021,https://stores.sunglasshut.com/us/ca/torrance/21600-hawthorne-blvd,Mo-Sa 10:00-21:00; Su 11:00-19:00,Sunglass Hut,Q136311
81420,supercuts,Torrance Promenade,19800 Hawthorne Blvd Ste 204,Torrance,CA,,US,+1 310-371-4037,https://www.supercuts.com/checkin/81420,Mo-Fr 09:00-19:00; Sa 09:00-18:00,Supercuts,Q7643239
2867,sweetgreen_us,Del Amo,,Torrance,CA,,US,+1 424-610-9200,https://order.sweetgreen.com/del-amo/,Mo-Su 10:00-21:00,Sweetgreen,Q18636413
14273230,teriyaki_madness_us,CA | Teriyaki Madness Torrance,"21227 Hawthorne Blvd suite 130, Torrance, CA 90503, USA",Torrance,CA,,US,,,,Teriyaki Madness,Q107692862
8796420177943,thebodyshop,Del Amo,,Torrance,CA,,US,,https://www.thebodyshop.com/en-us/store-details/del-amo/0286,,The Body Shop,Q837851
0275,tillys,Del Amo Fashion Center,,Torrance,CA,,US,+1 310-683-6377,,Mo-Sa 11:00-07:00; Su 12:00-06:00,Tillys,Q7802889
10114,tjx,Torrance,19800 Hawthorne Boulevard,Torrance,CA,,US,+1 310-370-3638,,Mo-Sa 09:30-21:30; Su 10:00-20:00,Marshalls,Q15903261
28564,tjx,Torrance,19350 Hawthorne Blvd,Torrance,CA,,US,+1 310-214-7890,,Mo-Sa 09:30-21:30; Su 10:00-20:00,HomeGoods,Q5887941
10558,tjx,Torrance,21880 Hawthorne Blvd,Torrance,CA,,US,+1 310-214-8365,,Mo-Sa 09:30-21:30; Su 10:00-20:00,Marshalls,Q15903261
1SNN,tmobile_us,Plaza Del Amo,,Torrance,CA,,US,+1 310-540-1206,https://www.t-mobile.com/store-locator/ca/torrance/plaza-del-amo,,T-Mobile,Q3511885
121,trader_joes_us,Trader Joe's Torrance - Hawthorne Blvd (121),,Torrance,CA,,US,+1 310-793-8585,https://locations.traderjoes.com/ca/torrance/121/,Mo-Su 08:00-21:00,Trader Joe's,Q688825
00397,twenty_four_hour_fitness_us,Torrance Del Amo,,Torrance,CA,,US,+1 424-206-4207,https://www.24hourfitness.com/Website/Club/00397,,24 Hour Fitness Super Sport,Q4631849
158,ucla_health,Torrance OBGYN,,Torrance,CA,,US,+1 310-316-4373,https://www.uclahealth.org/locations/torrance-obgyn,,UCLA Health,Q18394900
159,ucla_health,Torrance Pediatrics,,Torrance,CA,,US,+1 310-373-4303,https://www.uclahealth.org/locations/torrance-pediatrics,,UCLA Health,Q18394900
001270,uhaul,Postal Solutions,4733 Torrance Bl,Torrance,CA,,US,+1 310-896-3590,,Mo-Fr 30:00-17:00; Sa 30:00-15:00,U-Haul,Q7862902
1360553,usps,DEL AMO,,TORRANCE,CA,,US,+1 310-222-5902,,Tu-Sa 10:00-17:00,United States Postal Service,Q668687
1384849,usps,TORRANCE,,TORRANCE,CA,,US,+1 310-222-5902,,Mo-Fr 08:30-17:00; Sa 08:30-15:00,United States Postal Service,Q668687
9050300087,usps_collection_boxes,USPS COLLECTION BOX - BLUE BOX,5326 EDGEMERE DR,TORRANCE,CA,,US,,,,United States Postal Service,Q668687
9050300057,usps_collection_boxes,USPS COLLECTION BOX - BLUE BOX,4733 TORRANCE BLVD,TORRANCE,CA,,US,,,,United States Postal Service,Q668687
9050300022,usps_collection_boxes,USPS COLLECTION BOX - BLUE BOX,3838 W CARSON ST,TORRANCE,CA,,US,,,,United States Postal Service,Q668687
9050300001,usps_collection_boxes,USPS COLLECTION BOX - BLUE BOX,291 DEL AMO FASHION SQ,TORRANCE,CA,,US,,,,United States Postal Service,Q668687
9050300010,usps_collection_boxes,USPS COLLECTION BOX - BLUE BOX,4201 TORRANCE BLVD,TORRANCE,CA,,US,,,,United States Postal Service,Q668687
9050300139,usps_collection_boxes,USPS COLLECTION BOX - PO LOBBY,291 DEL AMO FASHION SQ,TORRANCE,CA,,US,,,,United States Postal Service,Q668687
9050300009,usps_collection_boxes,USPS COLLECTION BOX - BLUE BOX,21213 HAWTHORNE BLVD STE B,TORRANCE,CA,,US,,,,United States Postal Service,Q668687
9050300064,usps_collection_boxes,USPS COLLECTION BOX - BLUE BOX,20911 EARL ST,TORRANCE,CA,,US,,,,United States Postal Service,Q668687
9050300070,usps_collection_boxes,USPS COLLECTION BOX - BLUE BOX,20911 EARL ST,TORRANCE,CA,,US,,,,United States Postal Service,Q668687
9050300042,usps_collection_boxes,USPS COLLECTION BOX - BLUE BOX,3422 W CARSON ST,TORRANCE,CA,,US,,,,United States Postal Service,Q668687
9050300020,usps_collection_boxes,USPS COLLECTION BOX - EXPRESS,3422 W CARSON ST,TORRANCE,CA,,US,,,,United States Postal Service,Q668687
9050300081,usps_collection_boxes,USPS COLLECTION BOX - BLUE BOX,4050 SPENCER ST,TORRANCE,CA,,US,,,,United States Postal Service,Q668687
9050300071,usps_collection_boxes,USPS COLLECTION BOX - BLUE BOX,3400 TORRANCE BLVD,TORRANCE,CA,,US,,,,United States Postal Service,Q668687
9050300037,usps_collection_boxes,USPS COLLECTION BOX - BLUE BOX,3400 TORRANCE BLVD,TORRANCE,CA,,US,,,,United States Postal Service,Q668687
9050300025,usps_collection_boxes,USPS COLLECTION BOX - BLUE BOX,3455 TORRANCE BLVD,TORRANCE,CA,,US,,,,United States Postal Service,Q668687
9050300060,usps_collection_boxes,USPS COLLECTION BOX - BLUE BOX,3556 GARNET ST,TORRANCE,CA,,US,,,,United States Postal Service,Q668687
9050300003,usps_collection_boxes,USPS COLLECTION BOX - BLUE BOX,2510 MONTEREY ST,TORRANCE,CA,,US,,,,United States Postal Service,Q668687
9050300099,usps_collection_boxes,USPS COLLECTION BOX - APC,2510 MONTEREY ST,TORRANCE,CA,,US,,,,United States Postal Service,Q668687
9050300017,usps_collection_boxes,USPS COLLECTION BOX - BLUE BOX,2510 MONTEREY ST,TORRANCE,CA,,US,,,,United States Postal Service,Q668687
9050300082,usps_collection_boxes,USPS COLLECTION BOX - PO LOBBY,2510 MONTEREY ST LOBBY,TORRANCE,CA,,US,,,,United States Postal Service,Q668687
9050300138,usps_collection_boxes,USPS COLLECTION BOX - PO LOBBY,2510 MONTEREY ST LOBBY,TORRANCE,CA,,US,,,,United States Postal Service,Q668687
9050300021,usps_collection_boxes,USPS COLLECTION BOX - BLUE BOX,3625 DEL AMO BLVD,TORRANCE,CA,,US,,,,United States Postal Service,Q668687
9050300043,usps_collection_boxes,USPS COLLECTION BOX - BLUE BOX,1122 HICKORY AVE,TORRANCE,CA,,US,,,,United States Postal Service,Q668687
USA59,vans,Vans Store - DEL AMO MALL,,Torrance,CA,,US,+1 310-370-6117,https://www.vans.com/en-us/stores/ca/torrance/usa59,Mo-Th 11:00-19:00; Fr 10:00-20:00; Sa 10:00-21:00; Su 11:00-19:00,Vans,Q1135366
USA46,vans,Vans Store - TORRANCE,,Torrance,CA,,US,+1 310-328-2323,https://www.vans.com/en-us/stores/ca/torrance/usa46,Mo-Sa 10:00-20:00; Su 11:00-18:00,Vans,Q1135366
https://vcahospitals.com/clarmar,vca,VCA Clarmar Animal Hospital,,Torrance,CA,,US,+1 310-371-2474,https://vcahospitals.com/clarmar,Mo-Fr 07:00-18:00; Sa 08:00-16:00,VCA,Q7906620
R00000153271,verizon_us,Torrance,,Torrance,CA,,US,+1 310-316-0385,https://www.verizon.com/stores/details/california/torrance/torrance-324974/,Mo-Fr 10:00-20:00; Sa 09:00-19:00; Su 10:00-17:00,Verizon,Q919641
,visa,,,LAGUNA HILLS,CA,,US,,,,,
,visa,,,TORRANCE,CA,,US,,,,,
,visa,,,TORRANCE,CA,,US,,,,,
,visa,,,TORRANCE,CA,,US,,,,,
,visa,,,TORRANCE,CA,,US,,,,,
,visa,,,TORRANCE,CA,,US,,,,,
,visa,,,TORRANCE,CA,,US,,,,,
,visa,,,TORRANCE,CA,,US,,,,,
,visa,,,TORRANCE,CA,,US,,,,,
,visa,,,TORRANCE,CA,,US,,,,,
,visa,,,TORRANCE,CA,,US,,,,,
,visa,,,TORRANCE,CA,,US,,,,,
,visa,,,TORRANCE,CA,,US,,,,,
,visa,,,TORRANCE,CA,,US,,,,,
,visa,,,TORRANCE,CA,,US,,,,,
,visa,,,TORRANCE,CA,,US,,,,,
,visa,,,TORRANCE,CA,,US,,,,,
,visa,,,TORRANCE,CA,,US,,,,,
,visa,,,TORRANCE,CA,,US,,,,,
,visa,,,TORRANCE,CA,,US,,,,,
,visa,,,TORRANCE,CA,,US,,,,,
,visa,,,TORRANCE,CA,,US,,,,,
,visa,,,TORRANCE,CA,,US,,,,,
,visa,,,TORRANCE,CA,,US,,,,,
,visa,,,TORRANCE,CA,,US,,,,,
,visa,,,TORRANCE,CA,,US,,,,,
,visa,,,TORRANCE,CA,,US,,,,,
,visa,,,TORRANCE,CA,,US,,,,,
,visa,,,TORRANCE,CA,,US,,,,,
,visa,,,TORRANCE,CA,,US,,,,,
,visa,,,TORRANCE,CA,,US,,,,,
,visa,,,TORRANCE,CA,,US,,,,,
,visa,,,TORRANCE,CA,,US,,,,,
,visa,,,TORRANCE,CA,,US,,,,,
,visa,,,TORRANCE,CA,,US,,,,,
,visa,,,TORRANCE,CA,,US,,,,,
,visa,,,TORRANCE,CA,,US,,,,,
,visa,,,TORRANCE,CA,,US,,,,,
,visa,,,TORRANCE,CA,,US,,,,,
,visa,,,TORRANCE,CA,,US,,,,,
,visa,,,TORRANCE,CA,,US,,,,,
,visa,,,TORRANCE,CA,,US,,,,,
,visa,,,TORRANCE,CA,,US,,,,,
,visa,,,TORRANCE,CA,,US,,,,,
,visa,,,TORRANCE,CA,,US,,,,,
,visa,,,TORRANCE,CA,,US,,,,,
,visa,,,TORRANCE,CA,,US,,,,,
,visa,,,TORRANCE,CA,,US,,,,,
,visa,,,TORRANCE,CA,,US,,,,,
,visa,,,TORRANCE,CA,,US,,,,,
,visa,,,TORRANCE,CA,,US,,,,,
,visa,,,TORRANCE,CA,,US,,,,,
,visa,,,TORRANCE,CA,,US,,,,,
,visa,,,TORRANCE,CA,,US,,,,,
,visa,,,TORRANCE,CA,,US,,,,,
,visa,,,TORRANCE,CA,,US,,,,,
,visa,,,TORRANCE,CA,,US,,,,,
,visa,,,TORRANCE,CA,,US,,,,,
,visa,,,TORRANCE,CA,,US,,,,,
,visa,,,TORRANCE,CA,,US,,,,,
,visa,,,TORRANCE,CA,,US,,,,,
,visa,,,TORRANCE,CA,,US,,,,,
,visa,,,VENICE,CA,,US,,,,,
,visa,,,LINCOLN,CA,,US,,,,,
https://locations.vitaminshoppe.com/ca/torrance/vitamins-supplements-torrance-ca-567.html,vitamin_shoppe,The Vitamin Shoppe® Torrance ,19510 Hawthorne Blvd ,Torrance,CA,,US,+1 310-921-3574,https://locations.vitaminshoppe.com/ca/torrance/vitamins-supplements-torrance-ca-567.html,Su 10:00-19:00; Mo 09:30-21:00; Tu 09:30-21:00; We 09:30-21:00; Th 09:30-21:00; Fr 09:30-21:00; Sa 09:00-20:30,The Vitamin Shoppe,Q7772938
21323__HAWTHORNE__BLVD_TORRANCE_CA_90503,wellsfargo,Wells Fargo,21323 HAWTHORNE BLVD,TORRANCE,CA,,US,+1 310-540-9615,https://www.wellsfargo.com/locator/bank/21323__HAWTHORNE__BLVD_TORRANCE_CA_90503/,Mo-Fr 09:00-17:00,Wells Fargo,Q744149
17405__CRENSHAW__BLVD__STE__A_TORRANCE_CA_90503,wellsfargo,,17405 CRENSHAW BLVD STE A,TORRANCE,CA,,US,+1 800-869-3557,https://www.wellsfargo.com/locator/bank/17405__CRENSHAW__BLVD__STE__A_TORRANCE_CA_90503/,,Wells Fargo,Q744149
https://locations.wendys.com/#9256076,wendys,"Wendy's 5326 Torrance Blvd in Torrance, CA",,Torrance,CA,,US,+1 310-316-1275,https://locations.wendys.com/united-states/ca/torrance/5326-torrance-blvd,"Mo-Su 06:30-10:30,06:30-22:00",Wendy's,Q550258
113af10ab45ade740abb19271a7452b4,western_union,CASH1 #502,,Torrance,CA,,US,+1 310-644-2525,https://location.westernunion.com/us/ca/torrance/113af10ab45ade740abb19271a7452b4,Mo-Fr 09:00-18:00; Sa 09:00-14:00,Western Union,Q861042
d7a8405cc76d1d15589b1c382a5882d6,western_union,WALMART #002226,,Torrance,CA,,US,+1 310-750-1983,https://location.westernunion.com/us/ca/torrance/d7a8405cc76d1d15589b1c382a5882d6,Mo-Su 07:00-21:00,Western Union,Q861042
fa897901c7490502a17540b89de1a918,western_union,7-ELEVEN #46333,,Torrance,CA,,US,+1 310-755-0648,https://location.westernunion.com/us/ca/torrance/fa897901c7490502a17540b89de1a918,,Western Union,Q861042
e1f3e08254642db2949b9abff2849cfa,western_union,WALMART #005874,,Torrance,CA,,US,+1 310-750-0179,https://location.westernunion.com/us/ca/torrance/e1f3e08254642db2949b9abff2849cfa,Mo-Su 07:00-21:00,Western Union,Q861042
eb24478db1488eb63af03fea010aa0ee,western_union,7-ELEVEN #39667,,Torrance,CA,,US,+1 310-787-0153,https://location.westernunion.com/us/ca/torrance/eb24478db1488eb63af03fea010aa0ee,,Western Union,Q861042
1360,whitehouseblackmarket,Del Amo Fashion Center,"21540 Hawthorne Blvd, Ste 426",Torrance,CA,,US,+1 310-750-3133,,Mo-Th 11:00-20:00; Fr-Sa 10:00-20:00; Su 11:00-19:00,White House Black Market,Q7994858
9,windsor_us,Del Amo Fashion Center,,Torrance,CA,,US,+1 888-495-4957,https://www.windsorstore.com/pages/ca-torrance-torrance-del-amo-fashion-center,,Windsor,Q72981668
61250,wingstop,Wingstop Torrance Emerald St,20796 Hawthorne Blvd,Torrance,CA,,US,+1 310-214-9464,,,Wingstop,Q8025339
