Ref,Spider,Name,Address,City,State,Zipcode,Country,Phone,Website,Hours,Brand,WikiData
https://stores.advanceautoparts.com/ma/hanover/952-washington-st,advance_auto_parts_us,Advance Auto Parts,,Hanover,MA,,US,+1 781-826-9711,https://stores.advanceautoparts.com/ma/hanover/952-washington-st,Mo-Sa 07:30-21:00; Su 09:00-20:00,Advance Auto Parts,Q4686051
https://local.shaws.com/#5604897,albertsons,Shaw's,,Hanover,MA,,US,+1 781-826-2864,https://local.shaws.com/ma/hanover/35-columbia-rd.html,Mo-Sa 06:00-22:00; Su 06:00-21:00,Shaw's,Q578387
11671,asics_us,DICK'S Sporting Goods  - Hanover,1803 Washington St,Hanover,MA,,US,+1 781-826-9282,,Mo-Sa 09:00-21:00; Su 10:00-19:00,asics,Q327247
76040,att_us,HANOVER STORE,,Hanover,MA,,US,+1 781-829-2227,https://www.att.com/stores/massachusetts/hanover/76040,Mo-Sa 10:00-20:00; Su 10:00-17:00,AT&T,Q298594
https://www.avis.com/en/locations/us/ma/hanover/h4a,avis,Avis U S A Hanover,,Hanover,MA,,US,+1 781-709-1002,https://www.avis.com/en/locations/us/ma/hanover/h4a,Mo-Fr 08:00-18:00; Sa-Su 09:00-13:00,Avis,Q791136
https://locators.bankofamerica.com/ma/hanover/financial-centers-hanover-15961.html,bankofamerica,Bank of America Financial Center & Drive-Thru ATM | Hanover-Washington St,,Hanover,MA,,US,+1 781-826-7347,https://locators.bankofamerica.com/ma/hanover/financial-centers-hanover-15961.html,Mo-Fr 10:00-16:00,Bank of America,Q487907
223599,bluerhino,SavOn Gas,,Hanover,MA,,US,+1 201-850-0584,,,Blue Rhino,Q65681213
207958,bluerhino,Cumberland Farms #6786,,Hanover,MA,,US,+1 800-225-9702,,,Blue Rhino,Q65681213
242510,bluerhino,Curry Ace (Aubuchon #210) - Ace #19100,,Hanover,MA,,US,+1 781-826-8250,,,Blue Rhino,Q65681213
1017605684,chase_us,Hanover Commons - New branch,,Hanover,MA,,US,+1 781-499-5972,https://locator.chase.com/ma/hanover/1441-washington-st,Mo-Fr 09:00-17:00; Sa 09:00-13:00,Chase,Q524629
ma_hanover_1773-washington-st,chipotle, ,,Hanover,MA,,US,+1 781-499-6026,https://locations.chipotle.com/ma/hanover/1773-washington-st,,Chipotle,Q465751
27442,citi,ATM 7ELEVEN-FCTI,,Hanover,MA,,US,,,,Citibank,Q857063
80941,citi,ATM Sunoco,,Hanover,MA,,US,,,,Citibank,Q857063
64764,citi,ATM Market Basket,,Hanover,MA,,US,,,,Citibank,Q857063
81468,citi,ATM Target,,Hanover,MA,,US,,,,Citibank,Q857063
27738,citi,ATM 7ELEVEN-FCTI,,Hanover,MA,,US,,,,Citibank,Q857063
48952,citi,ATM CVS,,Hanover,MA,,US,,,,Citibank,Q857063
25647,citi,ATM 7ELEVEN-FCTI,,Hanover,MA,,US,,,,Citibank,Q857063
101849,citizens_us,Citizens Hanover,,Hanover,MA,,US,+1 617-551-6207,,Mo-Fr 09:00-16:00; Sa 09:00-12:00,Citizens,Q5122694
ATM-1336,citizens_us,,,Hanover,MA,,US,,,,Citizens,Q5122694
ATM-661,citizens_us,,,Hanover,MA,,US,+1 617-551-6207,,24/7,Citizens,Q5122694
ATM-1907,citizens_us,,,Hanover,MA,,US,,,,Citizens,Q5122694
,credit_union_us,Merrimack Valley CU,,Hanover,MA,,US,+1 800-356-0067,,Mo-We 08:30-05:00; Th-Fr 08:30-06:00; Sa 08:30-01:00,,
521508,cumberland_farms_us,Cumberland Farms,,Hanover,MA,,US,+1 781-878-0450,https://www.cumberlandfarms.com/find-us/generic-store-page/?id=006786,,Cumberland Farms,Q1143685
17560,cvs_us,CVS Pharmacy,,Hanover,MA,,US,+1 781-499-1962,https://www.cvs.com/store-locator/hanover-ma-pharmacies/1167-washington-st-hanover-ma-02339/storeid=17560,"Mo-Fr 10:00-13:30,14:00-18:00; Sa 11:00-13:30,14:00-17:00; Su 12:00-17:00",CVS Pharmacy,Q2078880
1945,cvs_us,CVS Pharmacy,,Hanover,MA,,US,+1 781-826-8381,https://www.cvs.com/store-locator/hanover-ma-pharmacies/207-rockland-st-hanover-ma-02339/storeid=1945,Mo-Su 07:00-22:00,CVS Pharmacy,Q2078880
1027,dickssportinggoods,"DICK'S Sporting Goods Store in Hanover, MA | 1027",,Hanover,MA,,US,+1 781-826-9282,https://stores.dickssportinggoods.com/ma/hanover/1027/,Mo-Sa 09:00-21:00; Su 10:00-19:00,Dick's Sporting Goods,Q5272601
336047,dunkin_us,Dunkin',,Hanover,MA,,US,+1 781-826-9470,https://locations.dunkindonuts.com/en/ma/hanover/416-columbia-rd/336047,Mo-Sa 05:00-20:00; Su 05:00-18:00,Dunkin',Q847743
331908,dunkin_us,Dunkin',,Hanover,MA,,US,+1 774-762-3816,https://locations.dunkindonuts.com/en/ma/hanover/2117-washington-st/331908,Mo-Fr 04:30-20:00; Sa-Su 05:00-19:00,Dunkin',Q847743
304802,dunkin_us,Dunkin',,Hanover,MA,,US,+1 781-826-6641,https://locations.dunkindonuts.com/en/ma/hanover/1251-washington-st/304802,Mo-Fr 04:00-20:00; Sa 04:30-20:00; Su 05:00-19:00,Dunkin',Q847743
355423,dunkin_us,Dunkin',,Hanover,MA,,US,+1 781-261-9686,https://locations.dunkindonuts.com/en/ma/hanover/1222-hanover-st/355423,Mo-Sa 05:00-19:30; Su 05:00-19:00,Dunkin',Q847743
521508,eg_america_us,Cumberland Farms,,Hanover,MA,,US,+1 781-878-0450,https://www.cumberlandfarms.com/find-us/generic-store-page/?id=006786,,Cumberland Farms,Q1143685
E110Q7,enterprise,Hanover,,Hanover,MA,,US,+1 781-826-8815,,,Enterprise Rent-A-Car,Q17085454
0948,european_wax_center_us,European Wax Center,,Hanover,MA,,US,+1 781-924-6939,https://locations.waxcenter.com/ma/hanover/hanover-hanover-crossing-0948.html,Mo-Fr 09:00-20:00; Sa-Su 09:00-17:00,European Wax Center,Q5413426
200304486,exxonmobil,HANOVER MOBIL,,HANOVER,MA,,US,+1 781-826-2709,https://www.exxon.com/en/find-station/mobil-hanover-ma-hanovermobil-200304486,Mo-Sa 05:00-01:00; Su 06:00-00:00,Mobil,Q109676002
https://restaurants.fiveguys.com/#15552980,five_guys_us,Five Guys Hanover,,Hanover,MA,,US,+1 781-829-6770,https://restaurants.fiveguys.com/1207-washington-street,"Mo-Su 11:00-21:30,11:00-22:00",Five Guys,Q1131810
Motorcraft3969USAEnglish,ford,Jannell Motors Inc,,Massachusetts,MA,,US,,,,Ford,Q44294
https://www.ford.com/dealerships/dealer-details/ma/hanover/jannell-motors-inc/,ford_dealers_us,Jannell Motors Inc,,Hanover,MA,,US,+1 781-610-3427,https://www.ford.com/dealerships/dealer-details/ma/hanover/jannell-motors-inc/,Mo-Th 09:00-19:00; Fr 09:00-18:00; Sa 09:00-17:00,Ford Motor Company,Q44294
6775,gamestop_us,Hanover Commons,,Hanover,MA,,US,+1 781-826-8538,https://www.gamestop.com/search/?store=6775,Mo-Th 12:00-19:00; Fr-Sa 11:00-21:00; Su 11:00-18:00,GameStop,Q202210
694ee869-458a-e111-8dde-005056934050,goodwill,118-Rockland St Donation Center,,Hanover,MA,,US,,https://www.goodwill.org/locator/location/?store=Njk0ZWU4NjktNDU4YS1lMTExLThkZGUtMDA1MDU2OTM0MDUw&lat=NDIuMTE0MzM=&lng=LTcwLjgyMDA3,,Goodwill,Q5583655
https://salons.greatclips.com/us/ma/hanover/1207-washington-st,greatclips,Great Clips,,Hanover,MA,,US,+1 781-924-3100,https://salons.greatclips.com/us/ma/hanover/1207-washington-st,Mo-Sa 09:00-17:00; Su 00:00-24:00,Great Clips,Q5598967
20603,h_r_block,H&R Block,,Hanover,MA,,US,+1 781-826-9906,https://www.hrblock.com/local-tax-offices/massachusetts/hanover/1279-washington-st/20603/,,H&R Block,Q5627799
403,joann_us,JOANN Fabric and Crafts,,Hanover,MA,,US,+1 781-829-0882,https://stores.joann.com/ma/hanover/403/,Mo-Sa 09:00-21:00; Su 10:00-18:00,JOANN,Q6203968
https://stores.factory.jcrew.com/#1018927726,j_crew_us,J.Crew Factory,,Hanover,MA,,US,+1 781-887-3938,https://stores.factory.jcrew.com/us/ma/hanover/1775-washington-st,Mo-Sa 10:00-20:00; Su 10:00-18:00,J. Crew,Q5370765
18756,mattress_firm_us,Mattress Firm Hanover Mall,,Hanover,MA,,US,+1 781-826-6076,https://www.mattressfirm.com/en-us/stores/ma/hanover/173031/,,Mattress Firm,Q6791878
4441,mightyflame,HANOVER SUNOCO,,HANOVER,MA,,US,+1 781-421-3089,,,Mighty Flame,
16994,orangetheory_fitness,"Hanover, MA",,Hanover,MA,,US,+1 781-561-1606,,,Orangetheory Fitness,Q25005163
https://locations.oreillyauto.com/ma/hanover/check-engine-light-testing-4804.html,oreilly,Your Hanover O'Reilly Auto Parts Store,,Hanover,MA,,US,+1 781-924-8244,https://locations.oreillyauto.com/ma/hanover/check-engine-light-testing-4804.html,Mo-Sa 07:30-21:00; Su 08:00-18:00,O'Reilly Auto Parts,Q7071951
https://locations.oreillyauto.com/ma/hanover/wiper-installation-4804.html,oreilly,Your Hanover O'Reilly Auto Parts Store,,Hanover,MA,,US,+1 781-924-8244,https://locations.oreillyauto.com/ma/hanover/wiper-installation-4804.html,Mo-Sa 07:30-21:00; Su 08:00-18:00,O'Reilly Auto Parts,Q7071951
https://locations.oreillyauto.com/ma/hanover/battery-testing-4804.html,oreilly,Your Hanover O'Reilly Auto Parts Store,,Hanover,MA,,US,+1 781-924-8244,https://locations.oreillyauto.com/ma/hanover/battery-testing-4804.html,Mo-Sa 07:30-21:00; Su 08:00-18:00,O'Reilly Auto Parts,Q7071951
https://locations.oreillyauto.com/ma/hanover/autopartes-4804.html,oreilly,Tu tienda O'Reilly Auto Parts en Hanover,,Hanover,MA,,US,+1 781-924-8244,https://locations.oreillyauto.com/ma/hanover/autopartes-4804.html,Mo-Sa 07:30-21:00; Su 08:00-18:00,O'Reilly Auto Parts,Q7071951
055921,penske,Capeway Sunoco,,HANOVER,MA,,US,+1 781-829-0718,https://www.pensketruckrental.com/locations/us/massachusetts/hanover/055921/,,Penske,Q81234570
https://stores.saloncentric.com/#29173351,salon_centric_us,SalonCentric,,,MA,,US,+1 781-826-0076,https://stores.saloncentric.com/ma/hanover/3709,Mo 08:00-18:30; Tu-Fr 08:00-18:00; Sa 08:30-16:00; Su 12:00-16:00,SalonCentric,Q124339481
1188,savers,Hanover,,Hanover,MA,,US,+1 781-878-0750,https://stores.savers.com/ma/hanover/savers-thrift-store-1188.html,Mo-Sa 09:00-21:00; Su 10:00-19:00,Savers,Q7428188
37439,seven_eleven_ca_us,7-11 Str   1371 Hanover St,,Hanover,MA,,US,+1 781-878-2091,https://www.7-eleven.com/locations/ma/hanover/1371-hanover-st-37439,,7-Eleven,Q259340
https://stores.sunglasshut.com/us/ma/hanover/1775-washington-st,sunglass_hut_1,Sunglass Hut at Macy's,,Hanover,MA,,US,+1 781-826-2548,https://stores.sunglasshut.com/us/ma/hanover/1775-washington-st,Mo-Th 10:00-20:00; Fr-Sa 10:00-21:00; Su 11:00-19:00,Sunglass Hut,Q136311
0887004000,sunoco_us,Sunoco,,HANOVER,MA,,US,+1 781-826-2051,,,Sunoco,Q1423218
0012137612,sunoco_us,Sunoco,,HANOVER,MA,,US,+1 781-421-3089,,24/7,Sunoco,Q1423218
8700,supercuts,Columbia Road,333 Columbia Rd,Hanover,MA,,US,+1 781-826-6369,https://www.supercuts.com/checkin/8700,Mo-Th 09:00-19:00; Fr 08:00-18:00; Sa 08:30-18:00; Su 09:00-17:00,Supercuts,Q7643239
3SML,tmobile_us,Hanover Crossing,,Hanover,MA,,US,+1 781-347-4648,https://www.t-mobile.com/store-locator/ma/hanover/hanover-crossing,,T-Mobile,Q3511885
513,trader_joes_us,Trader Joe's Hanover (513),,Hanover,MA,,US,+1 339-298-1530,https://locations.traderjoes.com/ma/hanover/513/,Mo-Su 08:00-21:00,Trader Joe's,Q688825
1434350,usps,WEST HANOVER,,HANOVER,MA,,US,+1 781-792-0338,,"Mo-Fr 09:30-13:00,15:00-17:00; Sa 09:00-12:00",United States Postal Service,Q668687
1366160,usps,HANOVER,,HANOVER,MA,,US,+1 781-826-1618,,Mo-Fr 09:00-17:00; Sa 09:00-12:00,United States Postal Service,Q668687
0233900002,usps_collection_boxes,USPS COLLECTION BOX - BLUE BOX,272 COLUMBIA RD,HANOVER,MA,,US,,,,United States Postal Service,Q668687
0233900007,usps_collection_boxes,USPS COLLECTION BOX - BLUE BOX,196 ROCKLAND ST,HANOVER,MA,,US,,,,United States Postal Service,Q668687
0233900019,usps_collection_boxes,USPS COLLECTION BOX - PO LOBBY,196 ROCKLAND ST,HANOVER,MA,,US,,,,United States Postal Service,Q668687
0233900004,usps_collection_boxes,USPS COLLECTION BOX - BLUE BOX,550 HANOVER ST,HANOVER,MA,,US,,,,United States Postal Service,Q668687
0233900017,usps_collection_boxes,USPS COLLECTION BOX - BLUE BOX,35 COLUMBIA RD,HANOVER,MA,,US,,,,United States Postal Service,Q668687
0233900018,usps_collection_boxes,USPS COLLECTION BOX - BLUE BOX,20 EAST ST,HANOVER,MA,,US,,,,United States Postal Service,Q668687
0233900005,usps_collection_boxes,USPS COLLECTION BOX - BLUE BOX,1405 HANOVER ST,HANOVER,MA,,US,,,,United States Postal Service,Q668687
hanover_oil-change-ab1126,valvoline_instant_oil_change,Valvoline,1988 Washington St. ,Hanover,MA,,US,+1 781-982-0687,https://store.vioc.com/ma/hanover/oil-change-ab1126.html,,Valvoline Instant Oil Change,Q7912852
https://vcahospitals.com/roberts,vca,VCA Roberts Animal Hospital,,Hanover,MA,,US,+1 781-826-2306,https://vcahospitals.com/roberts,Mo-Th 08:00-22:00; Fr-Su 08:00-16:00,VCA,Q7906620
R00000257559,verizon_us,Hanover,,Hanover,MA,,US,+1 781-829-1700,https://www.verizon.com/stores/details/massachusetts/hanover/hanover-ii-1261522/,Mo-Sa 09:00-19:00; Su 10:00-17:00,Verizon,Q919641
,visa,,,MARSHFIELD,MA,,US,,,,,
,visa,,,HANOVER,MA,,US,,,,,
,visa,,,HANOVER,MA,,US,,,,,
,visa,,,HANOVER,MA,,US,,,,,
,visa,,,HANOVER,MA,,US,,,,,
,visa,,,HANOVER,MA,,US,,,,,
,visa,,,HANOVER,MA,,US,,,,,
,visa,,,HANOVER,MA,,US,,,,,
,visa,,,HANOVER,MA,,US,,,,,
,visa,,,HANOVER,MA,,US,,,,,
,visa,,,HANOVER,MA,,US,,,,,
,visa,,,HANOVER,MA,,US,,,,,
,visa,,,HANOVER,MA,,US,,,,,
,visa,,,HANOVER,MA,,US,,,,,
,visa,,,HANOVER,MA,,US,,,,,
,visa,,,HANOVER,MA,,US,,,,,
,visa,,,HANOVER,MA,,US,,,,,
,visa,,,HANOVER,MA,,US,,,,,
,visa,,,HANOVER,MA,,US,,,,,
,visa,,,HANOVER,MA,,US,,,,,
https://locations.vitaminshoppe.com/ma/hanover/vitamins-supplements-hanover-ma-2118.html,vitamin_shoppe,The Vitamin Shoppe® Hanover,1775 Washington St ,Hanover,MA,,US,+1 508-470-7825,https://locations.vitaminshoppe.com/ma/hanover/vitamins-supplements-hanover-ma-2118.html,Su 11:00-18:00; Mo 10:00-21:00; Tu 10:00-21:00; We 10:00-21:00; Th 10:00-21:00; Fr 10:00-21:00; Sa 10:00-21:00,The Vitamin Shoppe,Q7772938
https://locations.wendys.com/#9252802,wendys,"Wendy's Washington St in Hanover, MA",,Hanover,MA,,US,+1 781-826-6754,https://locations.wendys.com/united-states/ma/hanover/1316-washington-st,"Mo-Su 06:30-10:30,06:30-22:00",Wendy's,Q550258
cfdb9737d2484049becfbeed4b87ae06,western_union,7-ELEVEN #37439,,Hanover,MA,,US,+1 781-878-2091,https://location.westernunion.com/us/ma/hanover/cfdb9737d2484049becfbeed4b87ae06,,Western Union,Q861042
