Ref,Spider,Name,Address,City,State,Zipcode,Country,Phone,Website,Hours,Brand,WikiData
1004,aaa,Tesson Ferry Office,,St. Louis,MO,,US,+1 314-849-6663,,,American Automobile Association,Q463436
3922,anytime_fitness,Anytime Fitness,,St. Louis,MO,,US,+1 314-696-6952,https://www.anytimefitness.com/gyms/3922/st-louis-mo-63128/,,Anytime Fitness,Q4778364
https://locations.arbys.com/mo/stlouis/12698-lamplighter-square.html,arbys_us,"Arby's Fast-Food Drive Through Near You in St Louis, MO",,St Louis,MO,,US,+1 314-729-7593,https://locations.arbys.com/mo/stlouis/12698-lamplighter-square.html,Mo-Su 09:30-23:00,Arby's,Q630866
17979,asics_us,Fleet Feet South County,12494 Tesson Ferry Rd,St. Louis,MO,,US,+1 855-588-2786,,Mo-Fr 11:00-19:00; Sa 10:00-17:00; Su 12:00-17:00,asics,Q327247
207,att_us,ELM PARK,,St. Louis,MO,,US,+1 314-615-2199,https://www.att.com/stores/missouri/st.-louis/207,Mo-Fr 09:00-20:00; Sa 09:00-19:00; Su 10:00-18:00,AT&T,Q298594
322,autozone_us,AutoZone Auto Parts Saint Louis,,Saint Louis,MO,,US,+1 314-843-6364,https://www.autozone.com/locations/mo/saint-louis/10625-baptist-church-rd.html,Mo-Sa 07:30-21:00; Su 08:00-20:00,AutoZone,Q4826087
https://locations.baskinrobbins.com/mo/saint-louis/11730-baptist-church-rd-360523-br,baskin_robbins_us,Baskin-Robbins™,,Saint Louis,MO,,US,+1 314-843-6438,https://locations.baskinrobbins.com/mo/saint-louis/11730-baptist-church-rd-360523-br,Mo-Su 11:00-22:00,Baskin-Robbins,Q584601
212459,bluerhino,Alta Convenience #6521,,St. Louis,MO,,US,+1 314-843-0132,,,Blue Rhino,Q65681213
152022,bluerhino,Walgreens #9714,,St. Louis,MO,,US,+1 314-843-5077,,,Blue Rhino,Q65681213
240431,bluerhino,Circle K #4701625,,St Louis,MO,,US,+1 314-842-2576,,,Blue Rhino,Q65681213
213677,bluerhino,Alta Convenience #6512,,St. Louis (Unicorp),MO,,US,+1 314-416-1425,,,Blue Rhino,Q65681213
120091,bp,BP,,St Louis,MO,,US,+1 314-842-1612,,24/7,BP,Q152057
93688,citi,ATM Walgreens,,Saint Louis,MO,,US,,,,Citibank,Q857063
39160,citi,ATM Central Bank,,St. Louis,MO,,US,,,,Citibank,Q857063
63863,citi,ATM LINDELL BANK & TRUST,,St. Louis,MO,,US,,,,Citibank,Q857063
63848,citi,ATM LINDELL BANK,,Saint Louis,MO,,US,,,,Citibank,Q857063
54985,citi,ATM FCB BANKS 08,,St Louis,MO,,US,,,,Citibank,Q857063
82572,citi,ATM Target,,Saint Louis,MO,,US,,,,Citibank,Q857063
102,clean_eatz_us,,,St. Louis,MO,,US,+1 314-756-2055,https://locations.cleaneatz.com/mo/st-louis/meal-prep-102.html,Mo-Fr 11:00-19:00; Sa-Su 11:00-15:00,Clean Eatz,Q124412638
,credit_union_us,Electro Savings CU,,St Louis,MO,,US,+1 314-849-5050,,Mo-Tu 09:00-05:00; We 10:00-05:00; Th 09:00-05:00; Fr 09:00-05:30; Sa 09:00-12:00,,
,credit_union_us,Members 1st CU,,St Louis,MO,,US,+1 314-487-5628,,Mo-Th 09:00-04:30; Fr 09:00-06:00,,
290,culvers_us,"Culver's of St. Louis, MO - Rusty Rd",,St. Louis,MO,,US,+1 314-845-0964,http://www.culvers.com/restaurants/st-louis-rusty,Mo-Fr 10:00-22:00; Su 10:00-22:00,Culver's,Q1143589
16839,cvs_us,CVS Pharmacy,,Saint Louis,MO,,US,+1 314-892-6428,https://www.cvs.com/store-locator/saint-louis-mo-pharmacies/4250-rusty-rd-saint-louis-mo-63128/storeid=16839,"Mo-Fr 09:00-13:30,14:00-19:00; Sa 09:00-13:30,14:00-17:00; Su 11:00-13:30,14:00-17:00",CVS Pharmacy,Q2078880
18003,cvs_us,CVS Pharmacy,,St. Louis,MO,,US,+1 314-894-2484,https://www.cvs.com/store-locator/st-louis-mo-pharmacies/4333-butler-hill-rd-st-louis-mo-63128/storeid=18003,"Mo-Fr 09:00-13:30,14:00-19:00; Sa 09:00-13:30,14:00-17:00; Su 11:00-13:30,14:00-17:00",CVS Pharmacy,Q2078880
TG9jYXRpb246OA==,dierbergs,Southroads Center,,St. Louis,MO,,US,+1 314-849-3600,,Mo-Su 06:00-22:00,Dierberg's,Q5274978
3302,dollartree,DollarTree,,St. Louis,MO,,US,+1 314-270-0797,,Mo-Sa 09:00-21:00; Su 10:00-20:00,Dollar Tree,Q5289230
1578,dominos_pizza_us,Domino's Pizza,,St. Louis,MO,,US,+1 314-843-0909,https://pizza.dominos.com/missouri/st.-louis/13214-tesson-ferry-rd,Mo-Th 10:30-24:00; Fr-Sa 10:30-01:00; Su 10:30-24:00,Domino's,Q839466
https://www.edwardjones.com/us-en/financial-advisor/andrew-emmerich,edwardjones,Andrew Emmerich,,St Louis,MO,,US,+1 314-849-6790,https://www.edwardjones.com/us-en/financial-advisor/andrew-emmerich,Mo-Fr 08:00-16:30,Edward Jones,Q5343830
501786,extra_space_storage,St Louis Self Storage at 12334 Old Tesson Rd,,St Louis,MO,,US,+1 314-729-7633,https://www.extraspace.com/storage/facilities/us/missouri/st_louis/501786/,Mo-Fr 09:30-18:00; Sa 09:00-17:30,Extra Space Storage,Q5422162
591467,firestone_auto_care,Firestone Complete Auto Care,,Saint Louis,MO,,US,+1 314-690-2604,https://local.firestonecompleteautocare.com/missouri/saint-louis/12791-old-tesson-rd/,,Firestone,Q420837
4597,fresenius_kidney_care_us,Fresenius Kidney Care Tesson Ferry,,Saint Louis,MO,,US,+1 800-881-5101,https://www.freseniuskidneycare.com/dialysis-centers/missouri/4597,Mo-Sa 05:00-16:00,,
https://stores.gnc.com/#62270205,gnc,GNC RUSTY ROAD SHOPPING CENTER,,,MO,,US,+1 314-380-4077,https://stores.gnc.com/all-stores-missouri/st.-louis/4129-elm-park-drive,Mo-Sa 10:00-19:00; Su 11:00-18:00,GNC,Q4808595
2331f951-458a-e111-8dde-005056934050,goodwill,South County Store,,Saint Louis,MO,,US,+1 314-842-9114,https://www.goodwill.org/locator/location/?store=MjMzMWY5NTEtNDU4YS1lMTExLThkZGUtMDA1MDU2OTM0MDUw&lat=MzguNTI0MTk=&lng=LTkwLjM2MDY0,,Goodwill,Q5583655
https://salons.greatclips.com/us/mo/st.-louis/4337-d-butler-hill-rd,greatclips,Great Clips,,St. Louis,MO,,US,+1 314-894-4472,https://salons.greatclips.com/us/mo/st.-louis/4337-d-butler-hill-rd,Mo-Fr 08:00-19:00; Sa 08:00-17:00; Su 10:00-15:00,Great Clips,Q5598967
https://www.blockadvisors.com/local-tax-offices/missouri/saint-louis/11816-tesson-ferry-rd/24138/,h_r_block,H&R Block,,Saint Louis,MO,,US,+1 314-842-0500,https://www.blockadvisors.com/local-tax-offices/missouri/saint-louis/11816-tesson-ferry-rd/24138/,,H&R Block,Q5627799
https://locations.jackinthebox.com/us/mo/saint-louis/9970-kennerly-rd,jackinthebox,Jack in the Box,,Saint Louis,MO,,US,+1 314-842-2180,https://locations.jackinthebox.com/us/mo/saint-louis/9970-kennerly-rd,Mo-Su 06:00-22:00,Jack in the Box,Q1538507
https://locations.jimmyjohns.com/mo/st-louis/sandwiches-922.html,jimmy_johns,Jimmy John's,,St. Louis,MO,,US,+1 314-842-9933,https://locations.jimmyjohns.com/mo/st-louis/sandwiches-922.html,,Jimmy John's,Q1689380
kindred-hospital-st-louis-south,kindred_healthcare,Kindred Hospital St. Louis South,,St. Louis,MO,,US,+1 314-208-6000,https://www.kindredhospitals.com/locations/ltac/kindred-hospital-st-louis-south/conditions,,Kindred Healthcare,Q921363
STLFE,marriott,Fairfield Inn & Suites St. Louis South,,St. Louis,MO,,US,+1 314-416-1355,https://www.marriott.com/STLFE,,Fairfield by Marriott,Q5430314
https://www.mercy.net/content/mercy/us/en/practice/st-louis/mercy-clinic-adult-psychiatry-old-tesson.html,mercy,Mercy Clinic Adult Psychiatry - Old Tesson,,St. Louis,MO,,US,+1 314-251-2870,https://www.mercy.net/practice/mercy-clinic-adult-psychiatry-old-tesson,,Mercy,Q30289045
https://www.mercy.net/content/mercy/us/en/practice/st-louis/mercy-clinic-heart-and-vascular-old-tesson-suite-260.html,mercy,Mercy Clinic Heart and Vascular - Old Tesson Suite 260,,St. Louis,MO,,US,+1 314-251-1777,https://www.mercy.net/practice/mercy-clinic-heart-and-vascular-old-tesson-suite-260,Mo-Fr 08:30-16:00,Mercy,Q30289045
https://www.mercy.net/content/mercy/us/en/practice/st-louis/mercy-clinic-pediatrics-fenton-at-old-tesson-suite-160.html,mercy,Mercy Clinic Pediatrics - Fenton at Old Tesson Suite 160,,St. Louis,MO,,US,+1 314-467-3800,https://www.mercy.net/practice/mercy-clinic-pediatrics-fenton-at-old-tesson-suite-160,Mo 08:00-18:00; Tu-Th 08:00-17:00; Fr 08:00-16:30,Mercy,Q30289045
https://www.mercy.net/content/mercy/us/en/practice/st-louis/mercy-kids-therapy-services-old-tesson.html,mercy,Mercy Kids Therapy Services - Old Tesson,,St. Louis,MO,,US,+1 314-272-2174,https://www.mercy.net/practice/mercy-kids-therapy-services-old-tesson,Mo 08:00-17:00; Tu 09:00-18:00; We 08:00-17:00; Th 09:00-18:00; Fr 08:00-14:00,Mercy,Q30289045
https://www.mercy.net/content/mercy/us/en/practice/st-louis/mercy-clinic-child-and-adolescent-psychiatry-old-tesson.html,mercy,Mercy Clinic Child and Adolescent Psychiatry - Old Tesson,,St. Louis,MO,,US,+1 314-251-6898,https://www.mercy.net/practice/mercy-clinic-child-and-adolescent-psychiatry-old-tesson,Mo-Th 07:30-16:00; Fr 07:30-12:00,Mercy,Q30289045
https://www.mercy.net/content/mercy/us/en/practice/st-louis/mercy-clinic-primary-care-old-tesson-suite-240.html,mercy,Mercy Clinic Primary Care - Old Tesson Suite 240,,St. Louis,MO,,US,+1 314-467-3900,https://www.mercy.net/practice/mercy-clinic-primary-care-old-tesson-suite-240,Mo-Fr 08:00-16:30,Mercy,Q30289045
https://www.mercy.net/content/mercy/us/en/practice/st-louis/mercy-clinic-primary-care-old-tesson.html,mercy,Mercy Clinic Primary Care - Old Tesson,,St. Louis,MO,,US,+1 314-272-2727,https://www.mercy.net/practice/mercy-clinic-primary-care-old-tesson,Mo-Fr 08:00-16:30,Mercy,Q30289045
https://www.mercy.net/content/mercy/us/en/practice/st-louis/mercy-diagnostic-vascular-services-old-tesson.html,mercy,Mercy Diagnostic Vascular Services - Old Tesson,,St. Louis,MO,,US,+1 314-842-0762,https://www.mercy.net/practice/mercy-diagnostic-vascular-services-old-tesson,Mo-Fr 08:00-16:30,Mercy,Q30289045
https://www.mercy.net/content/mercy/us/en/practice/st-louis/mercy-pulmonary-function-testing-old-tesson.html,mercy,Mercy Pulmonary Function Testing - Old Tesson,,St. Louis,MO,,US,+1 314-251-4811,https://www.mercy.net/practice/mercy-pulmonary-function-testing-old-tesson,,Mercy,Q30289045
https://www.mercy.net/content/mercy/us/en/practice/st-louis/mercy-womens-center-old-tesson.html,mercy,Mercy Women's Center - Old Tesson,,St. Louis,MO,,US,+1 314-467-3860,https://www.mercy.net/practice/mercy-womens-center-old-tesson,Mo-We 08:00-16:30; Th-Fr 08:00-16:00,Mercy,Q30289045
https://www.mercy.net/content/mercy/us/en/practice/st-louis/mercy-diagnostic-cardiology-services-old-tesson-suite-270.html,mercy,Mercy Diagnostic Cardiology Services - Old Tesson Suite 270,,St. Louis,MO,,US,+1 314-251-1785,https://www.mercy.net/practice/mercy-diagnostic-cardiology-services-old-tesson-suite-270,Mo-Fr 08:00-16:30,Mercy,Q30289045
https://www.mercy.net/content/mercy/us/en/practice/st-louis/mercy-clinic-pediatrics-old-tesson-suite-160.html,mercy,Mercy Clinic Pediatrics - Old Tesson Suite 160,,St. Louis,MO,,US,+1 314-467-3800,https://www.mercy.net/practice/mercy-clinic-pediatrics-old-tesson-suite-160,Mo 08:00-18:00; Tu-Th 08:00-17:00; Fr 08:00-16:30; Sa 07:30-11:00,Mercy,Q30289045
https://www.mercy.net/content/mercy/us/en/practice/st-louis/mercy-imaging-services-old-tesson.html,mercy,Mercy Imaging Services - Old Tesson,,St. Louis,MO,,US,+1 314-467-3838,https://www.mercy.net/practice/mercy-imaging-services-old-tesson,Mo-Fr 08:30-17:00,Mercy,Q30289045
https://www.mercy.net/content/mercy/us/en/practice/st-louis/mercy-clinic-maternal-and-fetal-medicine-west-bend.html,mercy,Mercy Clinic Maternal and Fetal Medicine - West Bend,,St. Louis,MO,,US,+1 314-991-5000,https://www.mercy.net/practice/mercy-clinic-maternal-and-fetal-medicine-west-bend,,Mercy,Q30289045
https://www.mercy.net/content/mercy/us/en/practice/st-louis/mercy-outpatient-surgery-center-west-bend.html,mercy,Mercy Outpatient Surgery Center - West Bend,,St. Louis,MO,,US,+1 314-722-2530,https://www.mercy.net/practice/mercy-outpatient-surgery-center-west-bend,Mo-Fr 08:30-17:00,Mercy,Q30289045
https://www.mercy.net/content/mercy/us/en/practice/st-louis/mercy-pharmacy-dierbergs-southroads.html,mercy,Mercy Pharmacy - Dierbergs Southroads,,St. Louis,MO,,US,+1 314-849-3880,https://www.mercy.net/practice/mercy-pharmacy-dierbergs-southroads,"Mo-Fr 08:00-13:30,14:00-20:00; Sa 08:00-13:30,14:00-18:00; Su 10:00-16:00",Mercy,Q30289045
https://www.mercy.net/content/mercy/us/en/practice/st-louis/mercy-rehabilitation-hospital-south.html,mercy,Mercy Rehabilitation Hospital South,,St. Louis,MO,,US,+1 314-948-2000,https://www.mercy.net/practice/mercy-rehabilitation-hospital-south,24/7,Mercy,Q30289045
https://www.mercy.net/content/mercy/us/en/practice/st-louis/mercy-clinic-physical-medicine-and-rehabilitation-10114-kennerly.html,mercy,Mercy Clinic Physical Medicine and Rehabilitation - 10114 Kennerly,,St. Louis,MO,,US,+1 314-525-4522,https://www.mercy.net/practice/mercy-clinic-physical-medicine-and-rehabilitation-10114-kennerly,24/7,Mercy,Q30289045
https://www.mercy.net/content/mercy/us/en/practice/st-louis/mercy-therapy-services-9964-kennerly.html,mercy,Mercy Therapy Services - 9964 Kennerly,,St. Louis,MO,,US,+1 314-849-2366,https://www.mercy.net/practice/mercy-therapy-services-9964-kennerly,Mo-Fr 07:30-18:00,Mercy,Q30289045
https://www.mercy.net/content/mercy/us/en/practice/st-louis/mercy-wellness-center-9964-kennerly.html,mercy,Mercy Wellness Center - 9964 Kennerly,,St. Louis,MO,,US,+1 314-849-2366,https://www.mercy.net/practice/mercy-wellness-center-9964-kennerly,,Mercy,Q30289045
https://www.mercy.net/content/mercy/us/en/practice/st-louis/mercy-clinic-plastic-surgery-10004-kennerly.html,mercy,Mercy Clinic Plastic Surgery - 10004 Kennerly,,St. Louis,MO,,US,+1 314-525-6080,https://www.mercy.net/practice/mercy-clinic-plastic-surgery-10004-kennerly,Mo-Fr 08:00-16:30,Mercy,Q30289045
https://www.mercy.net/content/mercy/us/en/practice/st-louis/mercy-clinic-obgyn-10004-kennerly-suite-230a.html,mercy,Mercy Clinic OB/GYN - 10004 Kennerly Suite 230A,,St. Louis,MO,,US,+1 314-525-4100,https://www.mercy.net/practice/mercy-clinic-obgyn-10004-kennerly-suite-230a,Mo 08:30-18:00; Tu 07:00-16:30; We-Th 08:30-16:30; Fr 07:00-13:00,Mercy,Q30289045
https://www.mercy.net/content/mercy/us/en/practice/st-louis/mercy-intensive-outpatient-behavioral-health-10004-kennerly.html,mercy,Mercy Intensive Outpatient Behavioral Health - 10004 Kennerly,,St. Louis,MO,,US,+1 314-251-0555,https://www.mercy.net/practice/mercy-intensive-outpatient-behavioral-health-10004-kennerly,Mo-Fr 08:30-16:30,Mercy,Q30289045
https://www.mercy.net/content/mercy/us/en/practice/st-louis/mercy-audiology--cochlear-implants-10004-kennerly.html,mercy,Mercy Audiology & Cochlear Implants - 10004 Kennerly.,,St. Louis,MO,,US,+1 314-525-4327,https://www.mercy.net/practice/mercy-audiology--cochlear-implants-10004-kennerly,Mo-Fr 07:00-16:00,Mercy,Q30289045
https://www.mercy.net/content/mercy/us/en/practice/st-louis/mercy-childrens-audiology--cochlear-implants-10004-kennerly.html,mercy,Mercy Children’s Audiology & Cochlear Implants - 10004 Kennerly,,St. Louis,MO,,US,+1 314-525-4331,https://www.mercy.net/practice/mercy-childrens-audiology--cochlear-implants-10004-kennerly,Tu-Th 08:00-16:30,Mercy,Q30289045
https://www.mercy.net/content/mercy/us/en/practice/st-louis/mercy-clinic-heart-failure-program-10004-kennerly.html,mercy,Mercy Clinic Heart Failure Program - 10004 Kennerly,,St. Louis,MO,,US,+1 314-525-1538,https://www.mercy.net/practice/mercy-clinic-heart-failure-program-10004-kennerly,Mo-Fr 08:30-17:00,Mercy,Q30289045
https://www.mercy.net/content/mercy/us/en/practice/st-louis/mercy-clinic-oncology-and-hematology-sindelar-cancer-center.html,mercy,Mercy Clinic Oncology and Hematology - Sindelar Cancer Center,,St. Louis,MO,,US,+1 314-849-6066,https://www.mercy.net/practice/mercy-clinic-oncology-and-hematology-sindelar-cancer-center,Mo-Th 08:00-16:30; Fr 08:00-16:00,Mercy,Q30289045
https://www.mercy.net/content/mercy/us/en/practice/st-louis/mercy-clinic-gynecologic-oncology-sindelar-cancer-center.html,mercy,Mercy Clinic Gynecologic Oncology - Sindelar Cancer Center,,St. Louis,MO,,US,+1 314-251-4260,https://www.mercy.net/practice/mercy-clinic-gynecologic-oncology-sindelar-cancer-center,,Mercy,Q30289045
https://www.mercy.net/content/mercy/us/en/practice/st-louis/mercy-imaging-services-sindelar-cancer-center.html,mercy,Mercy Imaging Services - Sindelar Cancer Center,,St. Louis,MO,,US,+1 314-525-3400,https://www.mercy.net/practice/mercy-imaging-services-sindelar-cancer-center,Mo-Fr 08:00-16:30,Mercy,Q30289045
https://www.mercy.net/content/mercy/us/en/practice/st-louis/david-m-sindelar-cancer-center.html,mercy,David M. Sindelar Cancer Center,,St. Louis,MO,,US,+1 314-525-7600,https://www.mercy.net/practice/david-m-sindelar-cancer-center,Mo-Fr 08:00-17:00,Mercy,Q30289045
https://www.mercy.net/content/mercy/us/en/practice/st-louis/mercy-clinic-surgical-specialists-sindelar-cancer-center.html,mercy,Mercy Clinic Surgical Specialists - Sindelar Cancer Center,,St. Louis,MO,,US,+1 314-525-4440,https://www.mercy.net/practice/mercy-clinic-surgical-specialists-sindelar-cancer-center,Mo-Th 08:00-16:30; Fr 07:30-16:00,Mercy,Q30289045
https://www.mercy.net/content/mercy/us/en/practice/st-louis/mercy-radiation-oncology-sindelar-cancer-center.html,mercy,Mercy Radiation Oncology - Sindelar Cancer Center,,St. Louis,MO,,US,+1 314-525-1688,https://www.mercy.net/practice/mercy-radiation-oncology-sindelar-cancer-center,Mo-Fr 08:00-16:30,Mercy,Q30289045
https://www.mercy.net/content/mercy/us/en/practice/st-louis/mercy-integrative-medicine-and-therapy-services-sindelar-cancer-center.html,mercy,Mercy Integrative Medicine and Therapy Services - Sindelar Cancer Center,,St. Louis,MO,,US,+1 314-525-4250,https://www.mercy.net/practice/mercy-integrative-medicine-and-therapy-services-sindelar-cancer-center,Mo-Fr 08:00-17:00,Mercy,Q30289045
https://www.mercy.net/content/mercy/us/en/practice/st-louis/mercy-clinic-breast-surgery-sindelar-cancer-center.html,mercy,Mercy Clinic Breast Surgery - Sindelar Cancer Center,,St. Louis,MO,,US,+1 314-525-1545,https://www.mercy.net/practice/mercy-clinic-breast-surgery-sindelar-cancer-center,Mo-Fr 08:00-16:00,Mercy,Q30289045
https://www.mercy.net/content/mercy/us/en/practice/st-louis/mercy-clinic-palliative-care-sindelar-cancer-center.html,mercy,Mercy Clinic Palliative Care - Sindelar Cancer Center,,St. Louis,MO,,US,+1 636-543-2420,https://www.mercy.net/practice/mercy-clinic-palliative-care-sindelar-cancer-center,,Mercy,Q30289045
https://www.mercy.net/content/mercy/us/en/practice/st-louis/rooney-breast-center-sindelar-cancer-center.html,mercy,Rooney Breast Center - Sindelar Cancer Center,,St. Louis,MO,,US,+1 314-525-1300,https://www.mercy.net/practice/rooney-breast-center-sindelar-cancer-center,Mo-Fr 07:00-17:30; Sa 07:00-13:00,Mercy,Q30289045
https://www.mercy.net/content/mercy/us/en/practice/st-louis/mercy-infusion-center-sindelar-cancer-center.html,mercy,Mercy Infusion Center - Sindelar Cancer Center,,St. Louis,MO,,US,+1 314-525-1625,https://www.mercy.net/practice/mercy-infusion-center-sindelar-cancer-center,Mo-Fr 07:00-17:30,Mercy,Q30289045
https://www.mercy.net/content/mercy/us/en/practice/st-louis/mercy-spiritual-care-south.html,mercy,Mercy Spiritual Care - South,,St. Louis,MO,,US,+1 314-467-2825,https://www.mercy.net/practice/mercy-spiritual-care-south,24/7,Mercy,Q30289045
https://www.mercy.net/content/mercy/us/en/practice/st-louis/mercy-birthplace-south.html,mercy,Mercy Birthplace - South,,St. Louis,MO,,US,+1 314-525-1020,https://www.mercy.net/practice/mercy-birthplace-south,24/7,Mercy,Q30289045
https://www.mercy.net/content/mercy/us/en/practice/st-louis/mercy-hospital-south.html,mercy,Mercy Hospital South,,St. Louis,MO,,US,+1 314-525-1000,https://www.mercy.net/practice/mercy-hospital-south,24/7,Mercy,Q30289045
https://www.mercy.net/content/mercy/us/en/practice/st-louis/mercy-health-foundation-south.html,mercy,Mercy Health Foundation - South,,St. Louis,MO,,US,+1 314-525-7330,https://www.mercy.net/practice/mercy-health-foundation-south,Mo-Fr 08:00-16:30,Mercy,Q30289045
https://www.mercy.net/content/mercy/us/en/practice/st-louis/mercy-diagnostic-cardiology-services-south.html,mercy,Mercy Diagnostic Cardiology Services - South,,St. Louis,MO,,US,+1 314-525-1127,https://www.mercy.net/practice/mercy-diagnostic-cardiology-services-south,,Mercy,Q30289045
https://www.mercy.net/content/mercy/us/en/practice/st-louis/mercy-maternal-and-fetal-health-center-south.html,mercy,Mercy Maternal and Fetal Health Center - South,,St. Louis,MO,,US,+1 314-525-4871,https://www.mercy.net/practice/mercy-maternal-and-fetal-health-center-south,Mo-Fr 08:00-17:00,Mercy,Q30289045
https://www.mercy.net/content/mercy/us/en/practice/st-louis/mercy-heart-hospital-south.html,mercy,Mercy Heart Hospital South,,St. Louis,MO,,US,+1 314-525-1000,https://www.mercy.net/practice/mercy-heart-hospital-south,24/7,Mercy,Q30289045
https://www.mercy.net/content/mercy/us/en/practice/st-louis/mercy-clinic-fertility-services-south.html,mercy,Mercy Clinic Fertility Services - South,,St. Louis,MO,,US,+1 314-991-0327,https://www.mercy.net/practice/mercy-clinic-fertility-services-south,,Mercy,Q30289045
https://www.mercy.net/content/mercy/us/en/practice/st-louis/mercy-imaging-services-south.html,mercy,Mercy Imaging Services - South,,St. Louis,MO,,US,+1 314-525-1165,https://www.mercy.net/practice/mercy-imaging-services-south,24/7,Mercy,Q30289045
https://www.mercy.net/content/mercy/us/en/practice/st-louis/mercy-endoscopy-center-south.html,mercy,Mercy Endoscopy Center - South,,St. Louis,MO,,US,+1 314-525-4310,https://www.mercy.net/practice/mercy-endoscopy-center-south,Mo-Fr 06:00-18:00; Sa 06:00-14:00,Mercy,Q30289045
https://www.mercy.net/content/mercy/us/en/practice/st-louis/mercy-emergency-department-south.html,mercy,Mercy Emergency Department - Mercy Hospital South,,St. Louis,MO,,US,+1 314-525-1906,https://www.mercy.net/practice/mercy-emergency-department-south,24/7,Mercy,Q30289045
https://www.mercy.net/content/mercy/us/en/practice/st-louis/mercy-pharmacy-south.html,mercy,Mercy Pharmacy - South,,St. Louis,MO,,US,+1 314-525-1633,https://www.mercy.net/practice/mercy-pharmacy-south,Mo-Fr 07:00-21:00; Sa-Su 09:00-19:00,Mercy,Q30289045
https://www.mercy.net/content/mercy/us/en/practice/st-louis/mercy-bariatric-center-south.html,mercy,Mercy Bariatric Center - South,,St. Louis,MO,,US,+1 314-525-4319,https://www.mercy.net/practice/mercy-bariatric-center-south,,Mercy,Q30289045
https://www.mercy.net/content/mercy/us/en/practice/st-louis/mercy-clinic-womens-health-10012-kennerly.html,mercy,Mercy Clinic Women's Health - 10012 Kennerly,,St. Louis,MO,,US,+1 314-525-4880,https://www.mercy.net/practice/mercy-clinic-womens-health-10012-kennerly,,Mercy,Q30289045
https://www.mercy.net/content/mercy/us/en/practice/st-louis/mercy-clinic-heart-and-vascular-electrophysiology-10012-kennerly-suite-202.html,mercy,Mercy Clinic Heart and Vascular Electrophysiology - 10012 Kennerly Suite 202,,St. Louis,MO,,US,+1 314-692-2807,https://www.mercy.net/practice/mercy-clinic-heart-and-vascular-electrophysiology-10012-kennerly-suite-202,Mo-Th 08:00-17:00; Fr 08:00-16:30,Mercy,Q30289045
https://www.mercy.net/content/mercy/us/en/practice/st-louis/mercy-clinic-neurology-10012-kennerly.html,mercy,Mercy Clinic Neurology - 10012 Kennerly,,St. Louis,MO,,US,+1 314-843-8222,https://www.mercy.net/practice/mercy-clinic-neurology-10012-kennerly,Mo-Fr 08:00-16:00,Mercy,Q30289045
https://www.mercy.net/content/mercy/us/en/practice/st-louis/mercy-heart-and-vascular-testing-10012-kennerly-suite-300.html,mercy,Mercy Heart and Vascular Testing - 10012 Kennerly Suite 300,,St. Louis,MO,,US,+1 314-525-1300,https://www.mercy.net/practice/mercy-heart-and-vascular-testing-10012-kennerly-suite-300,,Mercy,Q30289045
https://www.mercy.net/content/mercy/us/en/practice/st-louis/mercy-clinic-heart-and-vascular-electrophysiology-10012-kennerly-suite-300.html,mercy,Mercy Clinic Heart and Vascular Electrophysiology - 10012 Kennerly Suite 300,,St. Louis,MO,,US,+1 314-692-2807,https://www.mercy.net/practice/mercy-clinic-heart-and-vascular-electrophysiology-10012-kennerly-suite-300,,Mercy,Q30289045
https://www.mercy.net/content/mercy/us/en/practice/st-louis/mercy-clinic-cardiovascular-and-thoracic-surgery-10012-kennerly-suite-403.html,mercy,Mercy Clinic Cardiovascular and Thoracic Surgery - 10012 Kennerly Suite 403,,St. Louis,MO,,US,+1 314-251-6970,https://www.mercy.net/practice/mercy-clinic-cardiovascular-and-thoracic-surgery-10012-kennerly-suite-403,Mo-Fr 08:00-16:45,Mercy,Q30289045
https://www.mercy.net/content/mercy/us/en/practice/st-louis/mercy-clinic-neurosurgery-10012-kennerly.html,mercy,Mercy Clinic Neurosurgery - 10012 Kennerly,,St. Louis,MO,,US,+1 314-543-5999,https://www.mercy.net/practice/mercy-clinic-neurosurgery-10012-kennerly,Mo-Th 08:30-17:00; Fr 08:30-16:30,Mercy,Q30289045
https://www.mercy.net/content/mercy/us/en/practice/st-louis/mercy-sleep-center-10012-kennerly.html,mercy,Mercy Sleep Center - 10012 Kennerly,,St. Louis,MO,,US,+1 314-525-7280,https://www.mercy.net/practice/mercy-sleep-center-10012-kennerly,24/7,Mercy,Q30289045
https://www.mercy.net/content/mercy/us/en/practice/st-louis/mercy-clinic-general-surgery-10012-kennerly.html,mercy,Mercy Clinic General Surgery - 10012 Kennerly,,St. Louis,MO,,US,+1 314-525-1224,https://www.mercy.net/practice/mercy-clinic-general-surgery-10012-kennerly,Mo-Tu 08:00-17:00; We 08:00-16:30; Th 08:00-17:00; Fr 08:00-14:00,Mercy,Q30289045
https://www.mercy.net/content/mercy/us/en/practice/st-louis/mercy-clinic-vascular-specialists-10012-kennerly-suite-305.html,mercy,Mercy Clinic Vascular Specialists - 10012 Kennerly Suite 305,,St. Louis,MO,,US,+1 314-525-4325,https://www.mercy.net/practice/mercy-clinic-vascular-specialists-10012-kennerly-suite-305,Mo-Fr 08:30-17:00,Mercy,Q30289045
https://www.mercy.net/content/mercy/us/en/practice/st-louis/mercy-clinic-cardiovascular-and-thoracic-surgery-10012-kennerly.html,mercy,Mercy Clinic Cardiovascular and Thoracic Surgery - 10012 Kennerly,,St. Louis,MO,,US,+1 314-880-6631,https://www.mercy.net/practice/mercy-clinic-cardiovascular-and-thoracic-surgery-10012-kennerly,Mo-Fr 08:30-17:00,Mercy,Q30289045
https://www.mercy.net/content/mercy/us/en/practice/st-louis/mercy-cardiopulmonary-rehabilitation-10012-kennerly.html,mercy,Mercy Cardiopulmonary Rehabilitation - 10012 Kennerly,,St. Louis,MO,,US,+1 314-525-4091,https://www.mercy.net/practice/mercy-cardiopulmonary-rehabilitation-10012-kennerly,Mo 07:00-16:30; Tu 07:00-15:00; We 07:00-16:30; Th 07:00-15:00; Fr 07:00-16:30,Mercy,Q30289045
https://www.mercy.net/content/mercy/us/en/practice/st-louis/mercy-clinic-heart-and-vascular-10012-kennerly-suite-300.html,mercy,Mercy Clinic Heart and Vascular - 10012 Kennerly Suite 300,,St. Louis,MO,,US,+1 314-842-0602,https://www.mercy.net/practice/mercy-clinic-heart-and-vascular-10012-kennerly-suite-300,Mo-Fr 08:00-16:45,Mercy,Q30289045
https://www.mercy.net/content/mercy/us/en/practice/st-louis/mercy-vein-center-10012-kennerly.html,mercy,Mercy Vein Center - 10012 Kennerly,,St. Louis,MO,,US,+1 314-880-6622,https://www.mercy.net/practice/mercy-vein-center-10012-kennerly,Mo-Fr 07:00-16:00,Mercy,Q30289045
https://www.mercy.net/content/mercy/us/en/practice/st-louis/mercy-clinic-gastroenterology-10012-kennerly.html,mercy,Mercy Clinic Gastroenterology - 10012 Kennerly,,St. Louis,MO,,US,+1 314-543-5911,https://www.mercy.net/practice/mercy-clinic-gastroenterology-10012-kennerly,Mo-Fr 08:00-16:00,Mercy,Q30289045
https://www.mercy.net/content/mercy/us/en/practice/st-louis/mercy-clinic-primary-care-southfork-suite-220.html,mercy,Mercy Clinic Primary Care - Southfork Suite 220,,St. Louis,MO,,US,+1 314-543-5984,https://www.mercy.net/practice/mercy-clinic-primary-care-southfork-suite-220,Mo-We 08:00-17:00; Th 08:00-19:00; Fr 08:00-13:30,Mercy,Q30289045
https://www.mercy.net/content/mercy/us/en/practice/st-louis/mercy-clinic-sports-medicine-southfork.html,mercy,Mercy Clinic Sports Medicine - Southfork,,St. Louis,MO,,US,+1 314-543-5284,https://www.mercy.net/practice/mercy-clinic-sports-medicine-southfork,Mo-Fr 08:00-16:30,Mercy,Q30289045
https://www.mercy.net/content/mercy/us/en/practice/st-louis/mercy-integrative-medicine-and-therapy-services-southfork.html,mercy,Mercy Integrative Medicine and Therapy Services - Southfork,,St. Louis,MO,,US,+1 314-525-4915,https://www.mercy.net/practice/mercy-integrative-medicine-and-therapy-services-southfork,Mo 08:30-18:00; Tu 07:00-17:00; We 08:30-18:00; Th 07:00-17:00; Fr 08:30-16:30,Mercy,Q30289045
https://www.mercy.net/content/mercy/us/en/practice/st-louis/mercy-clinic-spine-and-pain-management-southfork.html,mercy,Mercy Clinic Spine and Pain Management - Southfork,,St. Louis,MO,,US,+1 314-543-5283,https://www.mercy.net/practice/mercy-clinic-spine-and-pain-management-southfork,Mo-Fr 08:00-16:00,Mercy,Q30289045
https://www.mercy.net/content/mercy/us/en/practice/st-louis/mercy-therapy-services-southfork.html,mercy,Mercy Therapy Services - Southfork,,St. Louis,MO,,US,+1 314-525-4915,https://www.mercy.net/practice/mercy-therapy-services-southfork,Mo 08:30-18:00; Tu 07:00-17:00; We 08:30-18:00; Th 07:00-17:00; Fr 08:30-16:30,Mercy,Q30289045
https://www.mercy.net/content/mercy/us/en/practice/st-louis/mercy-clinic-orthopedics-southfork.html,mercy,Mercy Clinic Orthopedics - Southfork,,St. Louis,MO,,US,+1 314-543-5284,https://www.mercy.net/practice/mercy-clinic-orthopedics-southfork,,Mercy,Q30289045
https://www.mercy.net/content/mercy/us/en/practice/st-louis/mercy-orthopedics-walk-in-care-southfork.html,mercy,Mercy Orthopedics Walk-in Care - Southfork,,St. Louis,MO,,US,+1 314-543-5284,https://www.mercy.net/practice/mercy-orthopedics-walk-in-care-southfork,Mo-Sa 08:00-12:00,Mercy,Q30289045
https://www.mercy.net/content/mercy/us/en/practice/st-louis/mercy-clinic-obgyn-southfork.html,mercy,Mercy Clinic OB/GYN - Southfork,,St. Louis,MO,,US,+1 314-849-3711,https://www.mercy.net/practice/mercy-clinic-obgyn-southfork,Mo 08:30-16:30; Tu 07:30-16:00; We 08:30-16:30; Th 07:30-15:30; Fr 08:30-15:00,Mercy,Q30289045
https://www.mercy.net/content/mercy/us/en/practice/st-louis/mercy-clinic-pediatric-orthopedic-surgery-southfork.html,mercy,Mercy Clinic Pediatric Orthopedic Surgery - Southfork,,St. Louis,MO,,US,+1 314-251-3500,https://www.mercy.net/practice/mercy-clinic-pediatric-orthopedic-surgery-southfork,Mo-Fr 08:00-16:30,Mercy,Q30289045
https://www.mercy.net/content/mercy/us/en/practice/st-louis/mercy-clinic-urology-southfork.html,mercy,Mercy Clinic Urology - Southfork,,St. Louis,MO,,US,+1 314-543-5270,https://www.mercy.net/practice/mercy-clinic-urology-southfork,Mo-Fr 07:30-16:00,Mercy,Q30289045
https://www.mercy.net/content/mercy/us/en/practice/st-louis/mercy-occupational-and-corporate-health-southfork.html,mercy,Mercy Occupational and Corporate Health - Southfork,,St. Louis,MO,,US,+1 314-729-9995,https://www.mercy.net/practice/mercy-occupational-and-corporate-health-southfork,Mo-Fr 08:00-16:30,Mercy,Q30289045
https://www.mercy.net/content/mercy/us/en/practice/st-louis/mercy-imaging-services-southfork.html,mercy,Mercy Imaging Services - Southfork,,St. Louis,MO,,US,+1 314-525-4700,https://www.mercy.net/practice/mercy-imaging-services-southfork,Mo-Fr 07:00-17:30,Mercy,Q30289045
https://www.mercy.net/content/mercy/us/en/practice/st-louis/mercy-pharmacy-southfork.html,mercy,Mercy Pharmacy - Southfork,,St. Louis,MO,,US,+1 314-525-4488,https://www.mercy.net/practice/mercy-pharmacy-southfork,Mo-Fr 08:30-17:00,Mercy,Q30289045
https://www.mercy.net/content/mercy/us/en/practice/st-louis/mercy-clinic-sleep-medicine-southfork.html,mercy,Mercy Clinic Sleep Medicine - Southfork,,St. Louis,MO,,US,+1 314-892-6565,https://www.mercy.net/practice/mercy-clinic-sleep-medicine-southfork,,Mercy,Q30289045
https://www.mercy.net/content/mercy/us/en/practice/st-louis/mercy-clinic-pulmonology-southfork.html,mercy,Mercy Clinic Pulmonology - Southfork,,St. Louis,MO,,US,+1 314-892-6565,https://www.mercy.net/practice/mercy-clinic-pulmonology-southfork,Mo-Fr 08:00-16:00,Mercy,Q30289045
https://www.mercy.net/content/mercy/us/en/practice/st-louis/mercy-hyperbaric-and-wound-care-southfork.html,mercy,Mercy Hyperbaric and Wound Care - Southfork,,St. Louis,MO,,US,+1 314-525-1798,https://www.mercy.net/practice/mercy-hyperbaric-and-wound-care-southfork,Mo-Fr 08:00-16:00,Mercy,Q30289045
https://www.mercy.net/content/mercy/us/en/practice/st-louis/mercy-clinic-bariatrics-southfork.html,mercy,Mercy Clinic Bariatrics - Southfork,,St. Louis,MO,,US,+1 314-543-5264,https://www.mercy.net/practice/mercy-clinic-bariatrics-southfork,Mo-Fr 08:30-16:00,Mercy,Q30289045
https://www.mercy.net/content/mercy/us/en/practice/st-louis/mercy-clinic-primary-care-southfork.html,mercy,Mercy Clinic Primary Care - Southfork,,St. Louis,MO,,US,+1 314-543-5942,https://www.mercy.net/practice/mercy-clinic-primary-care-southfork,Mo-Th 08:30-16:30; Fr 08:30-16:00,Mercy,Q30289045
https://www.mercy.net/content/mercy/us/en/practice/st-louis/mercy-hospice-south-de-greeff-hospice-house.html,mercy,Mercy Hospice South - de Greeff Hospice House,,St. Louis,MO,,US,+1 314-525-7390,https://www.mercy.net/practice/mercy-hospice-south-de-greeff-hospice-house,24/7,Mercy,Q30289045
https://www.mercy.net/content/mercy/us/en/practice/st-louis/mercy-hospice-south-10024-kennerly.html,mercy,Mercy Hospice South - 10024 Kennerly,,St. Louis,MO,,US,+1 314-525-7360,https://www.mercy.net/practice/mercy-hospice-south-10024-kennerly,Mo-Fr 08:00-16:30,Mercy,Q30289045
https://www.mercy.net/content/mercy/us/en/practice/st-louis/hyland-behavioral-health-center.html,mercy,Hyland Behavioral Health Center,,St. Louis,MO,,US,+1 314-525-7275,https://www.mercy.net/practice/hyland-behavioral-health-center,Mo-Su 08:00-20:30,Mercy,Q30289045
https://www.mercy.net/content/mercy/us/en/practice/st-louis/mercy-therapy-services-south-county-medical-building.html,mercy,Mercy Therapy Services - South County Medical Building ,,St. Louis,MO,,US,+1 314-842-4400,https://www.mercy.net/practice/mercy-therapy-services-south-county-medical-building,Mo 08:30-18:00; Tu 07:30-17:00; We 08:30-18:00; Th 07:30-17:00; Fr 08:00-12:00,Mercy,Q30289045
1275,orangetheory_fitness,"Concord, MO",,St. Louis,MO,,US,+1 314-649-5050,,,Orangetheory Fitness,Q25005163
https://locations.oreillyauto.com/mo/saintlouis/check-engine-light-testing-1643.html,oreilly,Your Saint Louis O'Reilly Auto Parts Store,,Saint Louis,MO,,US,+1 314-842-4738,https://locations.oreillyauto.com/mo/saintlouis/check-engine-light-testing-1643.html,Mo-Sa 07:30-21:00; Su 08:00-21:00,O'Reilly Auto Parts,Q7071951
https://locations.oreillyauto.com/mo/saintlouis/wiper-installation-1643.html,oreilly,Your Saint Louis O'Reilly Auto Parts Store,,Saint Louis,MO,,US,+1 314-842-4738,https://locations.oreillyauto.com/mo/saintlouis/wiper-installation-1643.html,Mo-Sa 07:30-21:00; Su 08:00-21:00,O'Reilly Auto Parts,Q7071951
https://locations.oreillyauto.com/mo/saintlouis/battery-testing-1643.html,oreilly,Your Saint Louis O'Reilly Auto Parts Store,,Saint Louis,MO,,US,+1 314-842-4738,https://locations.oreillyauto.com/mo/saintlouis/battery-testing-1643.html,Mo-Sa 07:30-21:00; Su 08:00-21:00,O'Reilly Auto Parts,Q7071951
https://locations.oreillyauto.com/mo/saintlouis/autopartes-1643.html,oreilly,Tu tienda O'Reilly Auto Parts en Saint Louis,,Saint Louis,MO,,US,+1 314-842-4738,https://locations.oreillyauto.com/mo/saintlouis/autopartes-1643.html,Mo-Sa 07:30-21:00; Su 08:00-21:00,O'Reilly Auto Parts,Q7071951
mo_saint-louis_11802-tesson-ferry-rd,pizza_hut_us,11802 Tesson Ferry Rd,,Saint Louis,MO,,US,+1 314-842-1111,https://locations.pizzahut.com/mo/saint-louis/11802-tesson-ferry-rd,,Pizza Hut,Q191615
https://locations.quiktrip.com/#16004425,quiktrip_us,QuikTrip Store #678 13099 Tesson Ferry Rd,,St Louis,MO,,US,+1 314-842-0704,https://locations.quiktrip.com/mo/st-louis/13099-tesson-ferry-rd,24/7,QuikTrip,Q7271953
105,schnucks_us,Schnucks Butler Hill,,St. Louis,MO,,US,+1 314-894-1227,https:/locations.schnucks.com/mo-st-louis-105,Mo-Su 06:00-22:00,Schnuck's,Q7431920
https://locations.scrubsandbeyond.com/mo/saintlouis/scrubs-saint-louis-mo-509.html,scrubs_and_beyond,Nursing Uniforms & Medical Scrubs at Kennerly Plaza 9954 Kennerly Road | Scrubs & Beyond Near Me,,Saint Louis,MO,,US,+1 314-843-2588,https://locations.scrubsandbeyond.com/mo/saintlouis/scrubs-saint-louis-mo-509.html,Mo-Fr 09:00-19:00; Sa 10:00-17:00; Su 12:00-17:00,Scrubs and Beyond,Q119972011
https://restaurants.subway.com/#14909632,subway,Subway,,St Louis Saint Louis,MO,,US,+1 314-892-9300,https://restaurants.subway.com/united-states/mo/st-louis/4305-butler-hill-rd,Mo-Su 08:00-21:30,Subway,Q244457
https://restaurants.subway.com/#15109382,subway,Subway,,St Louis Saint Louis,MO,,US,+1 314-722-3059,https://restaurants.subway.com/united-states/mo/st-louis/13146-tesson-ferry-rd,Mo-Su 10:00-19:00,Subway,Q244457
https://locations.tacobell.com/#6143553,taco_bell,Taco Bell,,Saint Louis,MO,,US,+1 314-487-5464,https://locations.tacobell.com/mo/saint-louis/4320-butler-hill-road.html,Mo-Th 07:00-02:00; Fr-Sa 07:00-03:00; Su 07:00-02:00,Taco Bell,Q752941
https://locations.tacobell.com/#6146618,taco_bell,Taco Bell,,Saint Louis,MO,,US,+1 314-849-0610,https://locations.tacobell.com/mo/saint-louis/12850-tesson-ferry-road.html,Mo-Th 08:00-02:00; Fr-Sa 08:00-03:00; Su 08:00-02:00,Taco Bell,Q752941
100016,two_men_and_truck,St. Louis,10966 Gravois Industrial Court,St. Louis,MO,,US,+1 314-963-7766,https://twomenandatruck.com/movers/mo/st-louis,,Two Men and a Truck,Q7859087
"Old Tesson Surgery Center, St. Louis, Missouri",united_surgical_partners_international,Old Tesson Surgery Center,12639 Old Tesson Road Suite 130,St. Louis,MO,,US,+1 314-748-4225,na,,United Surgical Partners International,Q7893575
6312800017,usps_collection_boxes,USPS COLLECTION BOX - BLUE BOX,4333 BUTLER HILL RD,SAINT LOUIS,MO,,US,,,,United States Postal Service,Q668687
6312800034,usps_collection_boxes,USPS COLLECTION BOX - BLUE BOX,5000 CEDAR PLAZA PKWY,SAINT LOUIS,MO,,US,,,,United States Postal Service,Q668687
6312800018,usps_collection_boxes,USPS COLLECTION BOX - BLUE BOX,4725 MATTIS RD,SAINT LOUIS,MO,,US,,,,United States Postal Service,Q668687
6312800030,usps_collection_boxes,USPS COLLECTION BOX - BLUE BOX,5905 SUSON PARK PL,SAINT LOUIS,MO,,US,,,,United States Postal Service,Q668687
6312800024,usps_collection_boxes,USPS COLLECTION BOX - BLUE BOX,5182 GOLF RIDGE LN,SAINT LOUIS,MO,,US,,,,United States Postal Service,Q668687
6312800035,usps_collection_boxes,USPS COLLECTION BOX - BLUE BOX,12960 TESSON FERRY RD,SAINT LOUIS,MO,,US,,,,United States Postal Service,Q668687
6312800033,usps_collection_boxes,USPS COLLECTION BOX - BLUE BOX,12638 LAMPLIGHTER SQUARE SHPG CTR,SAINT LOUIS,MO,,US,,,,United States Postal Service,Q668687
6312800015,usps_collection_boxes,USPS COLLECTION BOX - BLUE BOX,12700 SOUTHFORK RD,SAINT LOUIS,MO,,US,,,,United States Postal Service,Q668687
6312800012,usps_collection_boxes,USPS COLLECTION BOX - BLUE BOX,12420 TESSON FERRY RD,SAINT LOUIS,MO,,US,,,,United States Postal Service,Q668687
6312800039,usps_collection_boxes,USPS COLLECTION BOX - BLUE BOX,10012 KENNERLY RD,SAINT LOUIS,MO,,US,,,,United States Postal Service,Q668687
6312800031,usps_collection_boxes,USPS COLLECTION BOX - BLUE BOX,12300 OLD TESSON RD,SAINT LOUIS,MO,,US,,,,United States Postal Service,Q668687
6312800001,usps_collection_boxes,USPS COLLECTION BOX - BLUE BOX,10004 KENNERLY RD,SAINT LOUIS,MO,,US,,,,United States Postal Service,Q668687
6312800003,usps_collection_boxes,USPS COLLECTION BOX - BLUE BOX,10010 KENNERLY RD,SAINT LOUIS,MO,,US,,,,United States Postal Service,Q668687
6312800022,usps_collection_boxes,USPS COLLECTION BOX - BLUE BOX,9950 POINTE SOUTH DR,SAINT LOUIS,MO,,US,,,,United States Postal Service,Q668687
6312800007,usps_collection_boxes,USPS COLLECTION BOX - BLUE BOX,11820 TESSON FERRY RD,SAINT LOUIS,MO,,US,,,,United States Postal Service,Q668687
6312800029,usps_collection_boxes,USPS COLLECTION BOX - BLUE BOX,10000 SAKURA DR,SAINT LOUIS,MO,,US,,,,United States Postal Service,Q668687
6312800009,usps_collection_boxes,USPS COLLECTION BOX - BLUE BOX,123 CONCORD PLAZA SHOPPING CTR,SAINT LOUIS,MO,,US,,,,United States Postal Service,Q668687
6312800008,usps_collection_boxes,USPS COLLECTION BOX - BLUE BOX,123 CONCORD PLAZA SHOPPING CTR,SAINT LOUIS,MO,,US,,,,United States Postal Service,Q668687
6312800025,usps_collection_boxes,USPS COLLECTION BOX - BLUE BOX,11085 GRAVOIS IND CT,SAINT LOUIS,MO,,US,,,,United States Postal Service,Q668687
stlouis_oil-change-050058,valvoline_instant_oil_change,Valvoline,12860 Tesson Ferry ,St Louis,MO,,US,+1 314-843-5350,https://store.vioc.com/mo/stlouis/oil-change-050058.html,,Valvoline Instant Oil Change,Q7912852
,visa,,,ST LOUIS,MO,,US,,,,,
,visa,,,ST LOUIS,MO,,US,,,,,
,visa,,,ST LOUIS,MO,,US,,,,,
,visa,,,SAINT LOUIS,MO,,US,,,,,
,visa,,,ST. LOUIS,MO,,US,,,,,
,visa,,,ST. LOUIS,MO,,US,,,,,
,visa,,,ST LOUIS,MO,,US,,,,,
,visa,,,ST LOUIS,MO,,US,,,,,
,visa,,,ST LOUIS,MO,,US,,,,,
,visa,,,ST LOUIS,MO,,US,,,,,
,visa,,,SAINT LOUIS,MO,,US,,,,,
,visa,,,ST LOUIS,MO,,US,,,,,
,visa,,,ST LOUIS,MO,,US,,,,,
,visa,,,ST LOUIS,MO,,US,,,,,
,visa,,,ST. LOUIS,MO,,US,,,,,
,visa,,,ST LOUIS,MO,,US,,,,,
,visa,,,ST. LOUIS,MO,,US,,,,,
,visa,,,ST LOUIS,MO,,US,,,,,
,visa,,,ST LOUIS,MO,,US,,,,,
,visa,,,ST. LOUIS,MO,,US,,,,,
,visa,,,ST LOUIS,MO,,US,,,,,
,visa,,,ST LOUIS,MO,,US,,,,,
,visa,,,ST LOUIS,MO,,US,,,,,
,visa,,,ST LOUIS,MO,,US,,,,,
,visa,,,ST LOUIS,MO,,US,,,,,
,visa,,,SAPPINGTON,MO,,US,,,,,
,visa,,,ST. LOUIS,MO,,US,,,,,
,visa,,,SAINT LOUIS,MO,,US,,,,,
,visa,,,ST LOUIS,MO,,US,,,,,
,visa,,,ST LOUIS,MO,,US,,,,,
https://www.walgreens.com/locator/walgreens-9978+kennerly+rd-saint+louis-mo-63128/id=9714,walgreens,Walgreens,,Saint Louis,MO,,US,+1 314-843-3736,https://www.walgreens.com/locator/walgreens-9978+kennerly+rd-saint+louis-mo-63128/id=9714,Mo-Su 06:00-24:00,Walgreens,Q1591889
