Ref,Spider,Name,Address,City,State,Zipcode,Country,Phone,Website,Hours,Brand,WikiData
501950,afcurgentcare,American Family Care Fresno,,Fresno,CA,,US,+1 559-388-8430,https://www.afcurgentcare.com/fresno/,Mo-Su 08:00-20:00,AFC Urgent Care,Q110552174
https://stores.aldi.us/#18772355,aldi_sud_us,ALDI  2072 W Shaw Ave,,Fresno,CA,,US,+1 833-479-7039,https://stores.aldi.us/ca/fresno/2072-w-shaw-ave,Mo-Su 09:00-21:00,ALDI,Q41171672
https://restaurants.applebees.com/en-us/ca/fresno/3604-west-shaw-77084,applebees,Connect with this Applebee's,,Fresno,CA,,US,+1 559-271-9844,https://restaurants.applebees.com/en-us/ca/fresno/3604-west-shaw-77084,Mo-Su 11:00-24:00,Applebees,Q621532
12190,asics_us,DICK'S Sporting Goods  - Fresno,3380 W Shaw Ave,Fresno,CA,,US,+1 559-271-2701,,Mo-Sa 09:00-21:00; Su 10:00-19:00,asics,Q327247
https://www.banfield.com/locations/veterinarians/ca/fresno/fre,banfield_pet_hospital,Fresno,,Fresno,CA,,US,+1 559-271-0437,https://www.banfield.com/locations/veterinarians/ca/fresno/fre,Mo-Sa 07:00-18:00; Su 00:00-24:00,Banfield Pet Hospital,Q2882416
https://locators.bankofamerica.com/ca/fresno/financial-centers-fresno-11389.html,bankofamerica,Bank of America Financial Center & Walk-Up ATM | Shaw-Westgate,,Fresno,CA,,US,+1 559-445-7850,https://locators.bankofamerica.com/ca/fresno/financial-centers-fresno-11389.html,Mo-Fr 09:00-17:00; Sa 09:00-16:00,Bank of America,Q487907
466,batteriesplus,We're Fresno's Battery And Lighting Headquarters,,Fresno,CA,,US,+1 559-277-8288,https://www.batteriesplus.com/store-locator/ca/fresno/batteries-plus-466,Mo-Fr 08:00-19:00; Sa 09:00-18:00; Su 10:00-18:00,Batteries Plus Bulbs,Q17005157
https://local.biglots.com/#13190000,biglots,Big Lots - Fresno,,Fresno,CA,,US,+1 559-650-0437,https://local.biglots.com/ca/fresno/3520-w-shaw-ave,Mo-Sa 09:00-21:00; Su 10:00-19:00,Big Lots,Q4905973
104804,bluerhino,Ace - Mayson Ace Hardware #14485,,Fresno,CA,,US,+1 559-435-1652,,,Blue Rhino,Q65681213
156570,bluerhino,Walgreens #13871,,Fresno,CA,,US,+1 559-229-2361,,,Blue Rhino,Q65681213
39315_50001,bmw_group,"Diamond Auto Body, Independent Certified Collision Repair Center of BMW Fresno",,Fresno,CA,,US,+1 559-439-3868,,,BMW,Q26678
0185,bootbarn,Clovis,,"Fresno,",CA,,US,+1 559-276-0107,https://www.bootbarn.com/stores?StoreID=0185,Mo-Fr 10:00-20:00; Sa 09:00-19:00; Su 10:00-19:00,Boot Barn,Q109825187
CA380-M1-SR1,california_closets_us,California Closets - Fresno,,Fresno,CA,,US,+1 916-774-7020,https://www.locations.californiaclosets.com/california-closets-fresno-68eb64d9c616,Mo-Fr 10:00-14:00,California Closets,Q5020325
2040644,chase_us,Marketplace W Shaw Ave - New branch,,Fresno,CA,,US,+1 559-274-9622,https://locator.chase.com/ca/fresno/3751-w-shaw-ave,Mo-Fr 09:00-17:00; Sa 09:00-14:00,Chase,Q524629
2040639,chase_us,Shaw - New branch,,Fresno,CA,,US,+1 559-221-5520,https://locator.chase.com/ca/fresno/1380-w-shaw-ave,Mo-Fr 09:00-17:00; Sa 09:00-14:00,Chase,Q524629
001.005.1546,chilis,W. Fresno,,Fresno,CA,,US,+1 559-271-4055,https://www.chilis.com/locations/us/california/fresno/w-fresno/,Mo-Th 11:00-22:00; Fr-Sa 11:00-23:00; Su 11:00-22:00,Chili's,Q1072948
ca_fresno_6702-n-brawley-ave,chipotle, ,,Fresno,CA,,US,+1 559-550-1809,https://locations.chipotle.com/ca/fresno/6702-n-brawley-ave,,Chipotle,Q465751
https://locations.chuckecheese.com/us/ca/fresno/3117-w.-shaw,chuckecheese,Chuck E. Cheese,,Fresno,CA,,US,+1 559-229-6200,https://locations.chuckecheese.com/us/ca/fresno/3117-w.-shaw,Mo-Th 11:00-21:00; Fr 11:00-22:00; Sa 10:00-22:00; Su 11:00-21:00,Chuck E. Cheese,Q2438391
27277,citi,ATM 7ELEVEN-FCTI,,Fresno,CA,,US,,,,Citibank,Q857063
82318,citi,ATM Target,,Fresno,CA,,US,,,,Citibank,Q857063
658,citi,Van Ness / Shaw,,Fresno,CA,,US,+1 800-627-3999,,,Citibank,Q857063
73015,citi,ATM Rite Aid,,Fresno,CA,,US,,,,Citibank,Q857063
26705,citi,ATM 7ELEVEN-FCTI,,Fresno,CA,,US,,,,Citibank,Q857063
86391,citi,ATM Walgreens,,Fresno,CA,,US,,,,Citibank,Q857063
46534,citi,ATM CVCB - FIG GARDEN VILLAGE OFFICE,,Fresno,CA,,US,,,,Citibank,Q857063
786,citi,Marks / Herndon,,Fresno,CA,,US,+1 800-627-3999,,,Citibank,Q857063
85074,citi,ATM TRI COUNTIES BANK,,Fresno,CA,,US,,,,Citibank,Q857063
92582,citi,ATM Walgreens,,Fresno,CA,,US,,,,Citibank,Q857063
52529,citi,ATM CVS,,Fresno,CA,,US,,,,Citibank,Q857063
80221122,cricket_wireless,Cricket Wireless Authorized Retailer,,Fresno,CA,,US,+1 559-277-8861,https://www.cricketwireless.com/stores/ll/US/CA/Fresno/3191-W-Shaw-Ave,Mo-Sa 10:00-19:00; Su 11:00-18:00,Cricket Wireless,Q5184987
80221381,cricket_wireless,Cricket Wireless Authorized Retailer,,Fresno,CA,,US,+1 559-492-2381,https://www.cricketwireless.com/stores,Mo-Sa 10:00-19:00; Su 11:00-18:00,Cricket Wireless,Q5184987
9865,cvs_us,CVS Pharmacy,,Fresno,CA,,US,+1 559-436-0471,https://www.cvs.com/store-locator/fresno-ca-pharmacies/7096-n-west-ave-fresno-ca-93711/storeid=9865,Mo-Su 07:00-00:00,CVS Pharmacy,Q2078880
16084,cvs_us,CVS Pharmacy,,Fresno,CA,,US,+1 559-276-8926,https://www.cvs.com/store-locator/fresno-ca-pharmacies/3150-w-shaw-ave-fresno-ca-93711/storeid=16084,"Mo-Fr 09:00-13:30,14:00-20:00; Sa 09:00-13:30,14:00-17:00; Su 10:00-13:30,14:00-18:00",CVS Pharmacy,Q2078880
247815,dennys,Denny's,,Fresno,CA,,US,+1 559-432-3806,https://locations.dennys.com/CA/FRESNO/247815,24/7,Denny's,Q1189695
622,dickssportinggoods,"DICK'S Sporting Goods Store in Fresno, CA | 622",,Fresno,CA,,US,+1 559-271-2701,https://stores.dickssportinggoods.com/ca/fresno/622/,Mo-Sa 09:00-21:00; Su 10:00-19:00,Dick's Sporting Goods,Q5272601
7763,dominos_pizza_us,Domino's Pizza,,Fresno,CA,,US,+1 559-229-1515,https://pizza.dominos.com/california/fresno/3005-w-bullard-ave,Mo-Th 10:30-24:00; Fr-Sa 10:30-01:00; Su 10:30-24:00,Domino's,Q839466
7762,dominos_pizza_us,Domino's Pizza,,Fresno,CA,,US,+1 559-390-0588,https://pizza.dominos.com/california/fresno/4080-west-shaw-avenue,Mo-Th 10:30-24:00; Fr-Sa 10:30-01:00; Su 10:30-24:00,Domino's,Q839466
DB086,dutchbros,"Fresno, CA (Bullard)",,Fresno,CA,,US,,https://locations.dutchbros.com/dutch-bros-coffee-4f226ac9dd21,Mo-Th 05:30-22:00; Fr-Sa 05:30-23:00; Su 05:30-22:00,Dutch Bros. Coffee,Q5317253
DB263,dutchbros,"Fresno, CA (Shaw)",,Fresno,CA,,US,,https://locations.dutchbros.com/dutch-bros-coffee-c045ff697f02,24/7,Dutch Bros. Coffee,Q5317253
DB396,dutchbros,Brawley,,Fresno,CA,,US,,https://locations.dutchbros.com/dutch-bros-coffee-89180244251d,Mo-Su 05:30-23:00,Dutch Bros. Coffee,Q5317253
200235,electrify_america,Arbor Faire,,Fresno,CA,,US,,,,Electrify America,Q59773555
5937,elpolloloco,El Pollo Loco,,Fresno,CA,,US,+1 559-277-1323,,,El Pollo Loco,Q2353849
E130E8,enterprise,Fresno Palm Bluffs,,Fresno,CA,,US,+1 559-261-9221,,,Enterprise Rent-A-Car,Q17085454
5459,gamestop_us,Shaw Marketplace,,FRESNO,CA,,US,+1 559-275-5933,https://www.gamestop.com/search/?store=5459,Mo-Th 12:00-20:00; Fr-Sa 11:00-21:00; Su 11:00-19:00,GameStop,Q202210
https://stores.gnc.com/#24057943,gnc,GNC Arbor Faire Shopping Center,,,CA,,US,+1 559-375-1654,https://stores.gnc.com/all-stores-california/fresno/3396-w-shaw-ave,Mo-Sa 09:30-20:00; Su 10:00-19:00,GNC,Q4808595
https://www.goldencorral.com/locations/location-detail/2722/golden-corral-west-shaw-ave/,golden_corral,"Golden Corral 2722, Fresno, CA",,Fresno,CA,,US,000-000-0000,https://www.goldencorral.com/locations/location-detail/2722/golden-corral-west-shaw-ave/,,Golden Corral,Q4039560
5166aaab-458a-e111-8dde-005056934050,goodwill,3702 W. Shaw Ave.,,Fresno,CA,,US,+1 559-274-1512,https://www.goodwill.org/locator/location/?store=NTE2NmFhYWItNDU4YS1lMTExLThkZGUtMDA1MDU2OTM0MDUw&lat=MzYuODA4NQ==&lng=LTExOS44NjEwMQ==,,Goodwill,Q5583655
https://salons.greatclips.com/us/ca/fresno/3392-w-shaw-ave,greatclips,Great Clips,,Fresno,CA,,US,+1 559-375-1773,https://salons.greatclips.com/us/ca/fresno/3392-w-shaw-ave,Mo-Fr 09:00-19:00; Sa 09:00-18:00; Su 10:00-17:00,Great Clips,Q5598967
https://www.habitburger.com/locations/fresno-herndon/,habit_burger,The Habit Burger Grill,,Fresno,CA,,US,+1 559-319-0730,https://www.habitburger.com/locations/fresno-herndon/,Mo-Su 10:00-22:00,The Habit Burger Grill,Q18158741
8908,honey_baked,HoneyBaked of Fresno,,Fresno,CA,,US,+1 559-224-4267,https://www.honeybaked.com/stores/8908,,Honey Baked Ham,Q5893363
3457,h_r_block,H&R Block,,Fresno,CA,,US,+1 559-229-5353,https://www.hrblock.com/local-tax-offices/california/fresno/2085-w-shaw/3457/,,H&R Block,Q5627799
ca_fresno_breakfast-3418-w-shaw-ave-659,ihop,IHOP Breakfast Restaurants Near You at 3418 W Shaw Ave,,Fresno,CA,,US,+1 559-275-0450,https://restaurants.ihop.com/en-us/ca/fresno/breakfast-3418-w-shaw-ave-659,,IHOP,Q1185675
https://locations.jackinthebox.com/us/ca/fresno/2195-w-shaw-ave,jackinthebox,Jack in the Box,,Fresno,CA,,US,+1 559-229-4247,https://locations.jackinthebox.com/us/ca/fresno/2195-w-shaw-ave,Mo-Su 04:00-04:00,Jack in the Box,Q1538507
https://office.jacksonhewitt.com/#27577552,jackson_hewitt,Jackson Hewitt,,Fresno,CA,,US,+1 559-306-3201,https://office.jacksonhewitt.com/tax-preparation-services-locations/en/ca/fresno/3680-w-shaw-avenue/51815,Mo-Sa 11:00-19:00; Su 12:00-16:00,Jackson Hewitt,Q6117132
https://locations.jamba.com/#788-Jamba,jambajuice,Jamba West Shaw & Brawley,,Fresno,CA,,US,+1 559-271-7493,https://locations.jamba.com/ca/fresno/3696-w-shaw-ave,Mo-Sa 08:00-20:00; Su 09:00-20:00,Jamba Juice,Q3088784
https://healthy.kaiserpermanente.org/northern-california/facilities/promesa-behavioral-health-enhanced-care-management-ecm-174032,kaiser_permanente_us,Promesa Behavioral Health - Enhanced Care Management (ECM),,Fresno,CA,,US,+1 559-439-5437,https://healthy.kaiserpermanente.org/northern-california/facilities/promesa-behavioral-health-enhanced-care-management-ecm-174032,,Kaiser Permanente,Q1721601
https://healthy.kaiserpermanente.org/northern-california/facilities/koinonia-foster-homes-inc-enhanced-care-management-ecm-173361,kaiser_permanente_us,"Koinonia Foster Homes, Inc - Enhanced Care Management (ECM)",,Fresno,CA,,US,+1 916-652-5802,https://healthy.kaiserpermanente.org/northern-california/facilities/koinonia-foster-homes-inc-enhanced-care-management-ecm-173361,,Kaiser Permanente,Q1721601
https://healthy.kaiserpermanente.org/northern-california/facilities/davita-fresno-palm-bluffs-dialysis-339891,kaiser_permanente_us,DaVita Fresno Palm Bluffs Dialysis,,Fresno,CA,,US,+1 866-544-6741,https://healthy.kaiserpermanente.org/northern-california/facilities/davita-fresno-palm-bluffs-dialysis-339891,,Kaiser Permanente,Q1721601
https://healthy.kaiserpermanente.org/northern-california/facilities/compassionate-care-home-health-agency-llc-134749,kaiser_permanente_us,"Compassionate Care Home Health Agency, LLC",,Fresno,CA,,US,+1 559-432-2003,https://healthy.kaiserpermanente.org/northern-california/facilities/compassionate-care-home-health-agency-llc-134749,,Kaiser Permanente,Q1721601
https://healthy.kaiserpermanente.org/northern-california/facilities/central-star-community-services-north-center-134733,kaiser_permanente_us,Central Star Community Services North Center,,Fresno,CA,,US,+1 559-476-2115,https://healthy.kaiserpermanente.org/northern-california/facilities/central-star-community-services-north-center-134733,,Kaiser Permanente,Q1721601
https://healthy.kaiserpermanente.org/northern-california/facilities/central-star-community-serivces-north-center-134389,kaiser_permanente_us,Central Star Community Serivces North Center,,Fresno,CA,,US,+1 559-476-2115,https://healthy.kaiserpermanente.org/northern-california/facilities/central-star-community-serivces-north-center-134389,,Kaiser Permanente,Q1721601
709,kohls_us,Kohl's,,Fresno,CA,,US,+1 559-274-1470,https://www.kohls.com/stores/ca/fresno-709.shtml,Mo-Sa 09:00-22:00; Su 09:00-21:00,Kohl's,Q967265
74891,little_free_library,Gentry Free Library #74891 Fresno CA,,Fresno,CA,,US,,,,Little Free Library,Q6650101
122671,little_free_library,Vicky’s Little Free Library #122671 Fresno CA,,Fresno,CA,,US,,,,Little Free Library,Q6650101
101138,little_free_library,Carolyn Zutler #101138 Fresno CA,,Fresno,CA,,US,,,,Little Free Library,Q6650101
97524,little_free_library,Little Pink Library #97524 Fresno CA,,Fresno,CA,,US,,,,Little Free Library,Q6650101
161186,little_free_library,Libros de Lili #161186 Fresno CA,,Fresno,CA,,US,,,,Little Free Library,Q6650101
77280,little_free_library,Pudge Little Library #77280 Fresno CA,,Fresno,CA,,US,,,,Little Free Library,Q6650101
62048,little_free_library,Laura Wilkinson #62048 Fresno CA,,Fresno,CA,,US,,,,Little Free Library,Q6650101
52594,little_free_library,Joe Johnson #52594 Fresno CA,,Fresno,CA,,US,,,,Little Free Library,Q6650101
78964,little_free_library,Team 1's Fairmont Private School Library #78964 Fresno CA,,Fresno,CA,,US,,,,Little Free Library,Q6650101
175803,little_free_library,Vals Library #175803 Fresno CA,,Fresno,CA,,US,,,,Little Free Library,Q6650101
84370,little_free_library,The Little Up Library #84370 Fresno CA,,Fresno,CA,,US,,,,Little Free Library,Q6650101
118602,little_free_library,Stuart Library #118602 Fresno CA,,Fresno,CA,,US,,,,Little Free Library,Q6650101
128427,little_free_library,Snoopy's LFL #128427 Fresno CA,,Fresno,CA,,US,,,,Little Free Library,Q6650101
19329,little_free_library,Leslie Hoyt #19329 Fresno CA,,Fresno,CA,,US,,,,Little Free Library,Q6650101
98491,little_free_library,Craycroft Little Blue Library #98491 Fresno CA,,Fresno,CA,,US,,,,Little Free Library,Q6650101
143317,little_free_library,Little Free Library #143317 Fresno CA,,Fresno,CA,,US,,,,Little Free Library,Q6650101
FATNO,marriott,Fairfield Inn & Suites Fresno North/Shaw Avenue,,Fresno,CA,,US,+1 559-490-9000,https://www.marriott.com/FATNO,,Fairfield by Marriott,Q5430314
17610,mattress_firm_us,Mattress Firm Blackstone I,,Fresno,CA,,US,+1 559-447-1460,https://www.mattressfirm.com/en-us/stores/ca/fresno/504004/,,Mattress Firm,Q6791878
17617,mattress_firm_us,Mattress Firm West Shaw 2,,Fresno,CA,,US,+1 559-271-1016,https://www.mattressfirm.com/en-us/stores/ca/fresno/504005/,,Mattress Firm,Q6791878
https://locations.outback.com/#15502559,outbacksteakhouse,Outback Steakhouse,,Fresno,CA,,US,+1 559-224-1181,https://locations.outback.com/california/fresno/2765-w.-shaw,Mo-Th 15:00-21:30; Fr 15:00-22:00; Sa 12:00-22:00; Su 12:00-21:30,Outback Steakhouse,Q1064893
111449,pandaexpress,West Shaw & Brawley - Walmart,,Fresno,CA,,US,+1 559-277-8828,https://www.pandaexpress.com/locations/ca/fresno/3698-west-shaw-ave,Mo-Th 09:30-22:30; Fr-Sa 09:30-23:00; Su 09:30-22:30,Panda Express,Q1358690
https://locations.papamurphys.com/#15430154,papamurphys,Pizza Takeout & Delivery,,Fresno,CA,,US,+1 559-276-7400,https://locations.papamurphys.com/ca/fresno/3140-west-shaw-avenue,Mo-Th 11:00-20:00; Fr-Sa 11:00-21:00; Su 11:00-20:00,Papa Murphy's,Q7132349
home-depot-0663-7849,ppgpaints,HOME DEPOT 0663,,"Fresno, ",CA,,US,+1 559-277-9600,https://www.ppgpaints.com/store-locator/us/california/fresno-paint-stores/home-depot-0663-7849,,PPG Paints,Q83891559
05865,rite_aid_us,Rite Aid #05865 Fresno,,Fresno,CA,,US,+1 559-224-0920,https://locations2.riteaid.com.yext-cdn.com/ca/fresno/2011-west-shaw-avenue.html,Mo-Fr 08:00-22:00; Sa-Su 09:00-22:00,Rite Aid,Q3433273
303,ross_dress_for_less_us,W. Fresno,,Fresno,CA,,US,+1 559-229-9382,,Mo-Th 09:30-22:00; Fr-Sa 09:00-23:00; Su 09:30-22:00,Ross Dress for Less,Q3442791
1419,round_table_pizza,Fresno -  N. West Avenue,,Fresno ,CA,,US,+1 559-438-7676,https://ordering.roundtablepizza.com/site/pcg100,,Round Table Pizza,Q7371139
41159,seven_eleven_ca_us,7-Eleven,,Fresno,CA,,US,+1 559-815-8638,https://www.7-eleven.com/locations/ca/fresno/2020-w.-shaw-ave-41159,,7-Eleven,Q259340
841,sizzler_us,Sizzler,,Fresno,CA,,US,+1 559-227-1218,https://sizzler.com/locations/sizzler-fresno/,Mo-Th 11:00-21:00; Fr 11:00-21:30; Sa 10:00-21:30; Su 11:00-21:00,Sizzler,Q1848822
32048,smilebrands,Bright Now! Dental West Shaw Avenue,3244 W Shaw,Fresno,CA,,US,+1 559-490-0597,https://www.brightnow.com/dentist-near-me/fresno-dentist/10550/,,Smile Brands Inc.,Q108286823
316,sola_salon_studios,Riverpark,,Fresno,CA,,US,+1 559-569-2772,https://www.solasalonstudios.com/locations/riverpark,,Sola Salon Studios,Q64337426
https://restaurants.subway.com/#14898951,subway,Subway,,Fresno Fresno,CA,,US,+1 559-439-5108,https://restaurants.subway.com/united-states/ca/fresno/7081-n-marks-ave,Mo-Fr 07:30-21:00; Sa 08:00-20:30; Su 09:00-20:00,Subway,Q244457
https://restaurants.subway.com/#14914596,subway,Subway Times Square Shopping Center,,Fresno Fresno,CA,,US,+1 559-225-6900,https://restaurants.subway.com/united-states/ca/fresno/3071-w-shaw-ave,Mo-Fr 08:00-21:30; Sa 09:00-21:30; Su 09:00-21:00,Subway,Q244457
https://restaurants.subway.com/#14912758,subway,Subway Palm Shaw Shopping Center,,Fresno Fresno,CA,,US,+1 559-222-4441,https://restaurants.subway.com/united-states/ca/fresno/1008-shaw-ave,Mo-Fr 08:00-21:30; Sa-Su 09:00-21:00,Subway,Q244457
82606,supercuts,Ami's Wine Press Shopping Ctr,3140 W Shaw Ave Ste 104,Fresno,CA,,US,+1 559-275-7309,https://www.supercuts.com/checkin/82606,Mo-Sa 09:00-19:00; Su 09:00-18:00,Supercuts,Q7643239
https://locations.tacobell.com/#6142407,taco_bell,Taco Bell,,Fresno,CA,,US,+1 559-438-8505,https://locations.tacobell.com/ca/fresno/7085-north-marks-avenue.html,Mo-Su 07:00-02:00,Taco Bell,Q752941
https://locations.tacobell.com/#6145331,taco_bell,Taco Bell,,Fresno,CA,,US,+1 559-436-1278,https://locations.tacobell.com/ca/fresno/2040-west-shaw-avenue.html,Mo-Th 07:00-01:00; Fr-Sa 07:00-02:00; Su 07:00-01:00,Taco Bell,Q752941
08681,tjx,Fresno,2097 West Shaw Avenue,Fresno,CA,,US,+1 559-228-8086,,Mo-Sa 09:30-21:30; Su 10:00-20:00,TJ Maxx,Q10860683
020618,uhaul,Security Public Storage,2633 W Shaw Av,Fresno,CA,,US,+1 559-230-1059,,Mo-Sa 00:00-17:00; Su 00:00-15:00,U-Haul,Q7862902
9371100086,usps_collection_boxes,USPS COLLECTION BOX - BLUE BOX,5002 N BRAWLEY,FRESNO,CA,,US,,,,United States Postal Service,Q668687
9371100060,usps_collection_boxes,USPS COLLECTION BOX - BLUE BOX,3411 W SHAW AVE,FRESNO,CA,,US,,,,United States Postal Service,Q668687
9371100035,usps_collection_boxes,USPS COLLECTION BOX - BLUE BOX,2540 W SHAW LN,FRESNO,CA,,US,,,,United States Postal Service,Q668687
9371100029,usps_collection_boxes,USPS COLLECTION BOX - BLUE BOX,2097 W SHAW AVE,FRESNO,CA,,US,,,,United States Postal Service,Q668687
9371100012,usps_collection_boxes,USPS COLLECTION BOX - BLUE BOX,7010 N WEST AVE,FRESNO,CA,,US,,,,United States Postal Service,Q668687
9371100048,usps_collection_boxes,USPS COLLECTION BOX - BLUE BOX,7035 N MARKS AVE,FRESNO,CA,,US,,,,United States Postal Service,Q668687
9371100014,usps_collection_boxes,USPS COLLECTION BOX - BLUE BOX,6001 N WEST AVE,FRESNO,CA,,US,,,,United States Postal Service,Q668687
9371100088,usps_collection_boxes,USPS COLLECTION BOX - BLUE BOX,7355 N PALM AVE,FRESNO,CA,,US,,,,United States Postal Service,Q668687
9371100077,usps_collection_boxes,USPS COLLECTION BOX - BLUE BOX,7409 N INGRAM AVE,FRESNO,CA,,US,,,,United States Postal Service,Q668687
A00000161201,verizon_us,Victra Fresno,,Fresno,CA,,US,+1 559-277-5090,https://www.verizon.com/stores/details/california/fresno/victra-fresno-1834622/,Mo-Fr 09:00-21:00; Sa 10:00-20:00; Su 10:00-19:00,Verizon,Q919641
,visa,,,FRESNO,CA,,US,,,,,
,visa,,,FRESNO,CA,,US,,,,,
,visa,,,FRESNO,CA,,US,,,,,
,visa,,,FRESNO,CA,,US,,,,,
,visa,,,FRESNO,CA,,US,,,,,
,visa,,,FRESNO,CA,,US,,,,,
,visa,,,FRESNO,CA,,US,,,,,
,visa,,,FRESNO,CA,,US,,,,,
,visa,,,FRESNO,CA,,US,,,,,
,visa,,,FRESNO,CA,,US,,,,,
,visa,,,FRESNO,CA,,US,,,,,
,visa,,,FRESNO,CA,,US,,,,,
,visa,,,FRESNO,CA,,US,,,,,
,visa,,,FRESNO,CA,,US,,,,,
,visa,,,FRESNO,CA,,US,,,,,
,visa,,,FRESNO,CA,,US,,,,,
,visa,,,FRESNO,CA,,US,,,,,
,visa,,,FRESNO,CA,,US,,,,,
,visa,,,FRESNO,CA,,US,,,,,
,visa,,,FRESNO,CA,,US,,,,,
,visa,,,FRESNO,CA,,US,,,,,
,visa,,,FRESNO,CA,,US,,,,,
,visa,,,FRESNO,CA,,US,,,,,
,visa,,,FRESNO,CA,,US,,,,,
,visa,,,FRESNO,CA,,US,,,,,
,visa,,,FRESNO,CA,,US,,,,,
,visa,,,FRESNO,CA,,US,,,,,
,visa,,,FRESNO,CA,,US,,,,,
,visa,,,FRESNO,CA,,US,,,,,
,visa,,,FRESNO,CA,,US,,,,,
,visa,,,FRESNO,CA,,US,,,,,
,visa,,,FRESNO,CA,,US,,,,,
,visa,,,FRESNO,CA,,US,,,,,
,visa,,,FRESNO,CA,,US,,,,,
,visa,,,FRESNO,CA,,US,,,,,
,visa,,,FRESNO,CA,,US,,,,,
,visa,,,FRESNO,CA,,US,,,,,
,visa,,,FRESNO,CA,,US,,,,,
,visa,,,FRESNO,CA,,US,,,,,
,visa,,,FRESNO,CA,,US,,,,,
,visa,,,FRESNO,CA,,US,,,,,
,visa,,,FRESNO,CA,,US,,,,,
,visa,,,FRESNO,CA,,US,,,,,
,visa,,,FRESNO,CA,,US,,,,,
,visa,,,FRESNO,CA,,US,,,,,
,visa,,,FRESNO,CA,,US,,,,,
,visa,,,FRESNO,CA,,US,,,,,
,visa,,,FRESNO,CA,,US,,,,,
,visa,,,FRESNO,CA,,US,,,,,
,visa,,,FRESNO,CA,,US,,,,,
,visa,,,FRESNO,CA,,US,,,,,
,visa,,,FRESNO,CA,,US,,,,,
,visa,,,FRESNO,CA,,US,,,,,
,visa,,,FRESNO,CA,,US,,,,,
,visa,,,FRESNO,CA,,US,,,,,
,visa,,,FRESNO,CA,,US,,,,,
,visa,,,FRESNO,CA,,US,,,,,
,visa,,,FRESNO,CA,,US,,,,,
,visa,,,FRESNO,CA,,US,,,,,
,visa,,,FRESNO,CA,,US,,,,,
,visa,,,FRESNO,CA,,US,,,,,
,visa,,,FRESNO,CA,,US,,,,,
,visa,,,FRESNO,CA,,US,,,,,
,visa,,,FRESNO,CA,,US,,,,,
,visa,,,FRESNO,CA,,US,,,,,
,visa,,,FRESNO,CA,,US,,,,,
,visa,,,FRESNO,CA,,US,,,,,
https://www.walgreens.com/locator/walgreens-1016+w+shaw+ave-fresno-ca-93711/id=13871,walgreens,Walgreens,,Fresno,CA,,US,+1 559-229-2361,https://www.walgreens.com/locator/walgreens-1016+w+shaw+ave-fresno-ca-93711/id=13871,24/7,Walgreens,Q1591889
https://www.walgreens.com/locator/walgreens-7015+n+west+ave-fresno-ca-93711/id=7204,walgreens,Walgreens,,Fresno,CA,,US,+1 559-440-1404,https://www.walgreens.com/locator/walgreens-7015+n+west+ave-fresno-ca-93711/id=7204,Mo-Su 08:00-21:00,Walgreens,Q1591889
2508__W__SHAW__AVE_FRESNO_CA_93711,wellsfargo,Wells Fargo,2508 W SHAW AVE,FRESNO,CA,,US,+1 559-436-6720,https://www.wellsfargo.com/locator/bank/2508__W__SHAW__AVE_FRESNO_CA_93711/,Mo-Fr 09:00-17:00,Wells Fargo,Q744149
89d7dcfb25df2e9efe888e7779759571,western_union,ADVANCE AMERICA #00906,,Fresno,CA,,US,+1 559-271-7668,https://location.westernunion.com/us/ca/fresno/89d7dcfb25df2e9efe888e7779759571,Mo-Fr 10:00-18:00; Sa 11:00-15:00,Western Union,Q861042
160536,wingstop,Wingstop Fresno W Nees Ave,128 W. Nees Ave,Fresno,CA,,US,+1 559-369-6645,,,Wingstop,Q8025339
36191,wingstop,Wingstop Fresno W. Shaw Ave,3660 W. Shaw Ave,Fresno,CA,,US,+1 559-492-3936,,,Wingstop,Q8025339
