Ref,Spider,Name,Address,City,State,Zipcode,Country,Phone,Website,Hours,Brand,WikiData
https://stores.advanceautoparts.com/pa/hazleton/88-susquehanna-blvd,advance_auto_parts_us,Advance Auto Parts,,Hazleton,PA,,US,+1 570-450-0160,https://stores.advanceautoparts.com/pa/hazleton/88-susquehanna-blvd,Mo-Sa 07:30-21:00; Su 09:00-20:00,Advance Auto Parts,Q4686051
https://stores.advanceautoparts.com/pa/hazle-township/239-w-22nd-st,advance_auto_parts_us,Advance Auto Parts,,Hazle Township,PA,,US,+1 570-599-6095,https://stores.advanceautoparts.com/pa/hazle-township/239-w-22nd-st,Mo-Fr 07:30-19:00; Sa-Su 08:00-16:00,Advance Auto Parts,Q4686051
https://stores.aldi.us/#4419908,aldi_sud_us,ALDI  316 Laurel Mall Drive,,Hazle Township,PA,,US,+1 855-460-7094,https://stores.aldi.us/pa/hazle-township/316-laurel-mall-drive,"Mo-Su 08:30-20:00,09:00-20:00",ALDI,Q41171672
https://locations.arbys.com/pa/hazeltownship/400-susquehanna-blvd.html,arbys_us,"Arby's Fast-Food Drive Through Near You in Hazel Township, PA",,Hazel Township,PA,,US,+1 272-200-2199,https://locations.arbys.com/pa/hazeltownship/400-susquehanna-blvd.html,Mo-Su 10:00-23:00,Arby's,Q630866
https://stores.ashleyfurniture.com/store/us/pennsylvania/hazleton/7710000362/,ashley_furniture,"Ashley Store Hazleton, PA",,Hazleton,PA,,US,+1 570-455-1550,https://stores.ashleyfurniture.com/store/us/pennsylvania/hazleton/7710000362/,,Ashley Furniture,Q4805437
85828,asics_us,Dunham's Sports,230 Laurel Mall Dr,Hazleton,PA,,US,+1 570-455-0914,,,asics,Q327247
472,att_us,HAZLETON STORE,,Hazleton,PA,,US,+1 570-459-6531,https://www.att.com/stores/pennsylvania/hazleton/472,Mo-Sa 10:00-20:00; Su 11:00-18:00,AT&T,Q298594
https://locations.auntieannes.com/#5169,auntie_annes,Auntie Anne's Laurel Mall,,Hazle Township,PA,,US,+1 570-454-4215,https://locations.auntieannes.com/pa/hazle-township/30-laurel-mall,Mo-Sa 10:00-20:00; Su 11:00-18:00,Auntie Anne's,Q4822010
9502626,aveda,The Spa at Eagle Rock,,HAZLE TOWNSHIP,PA,,US,+1 570-384-1501,http://ddresorts.com/eagle-rock/on-property/spa/,,Aveda,Q4827965
https://local.biglots.com/#13189690,biglots,Big Lots - West Hazleton,,West Hazleton,PA,,US,+1 570-459-4760,https://local.biglots.com/pa/west-hazleton/290-susquehanna-blvd,Mo-Th 10:00-21:00; Fr-Sa 09:00-21:00; Su 10:00-19:00,Big Lots,Q4905973
197634,bluerhino,Dollar General #21314,,Hazle Township,PA,,US,+1 570-573-7880,,,Blue Rhino,Q65681213
177728,bluerhino,Turkey Hill #289,,Hazle Township,PA,,US,+1 570-459-0969,,,Blue Rhino,Q65681213
177736,bluerhino,Turkey Hill #297,,Hazle Township,PA,,US,+1 570-455-4521,,,Blue Rhino,Q65681213
17397,burgerking,Burger King,,HAZLETON,PA,,US,+1 570-497-4200,https://www.bk.com/store-locator/store/restaurant_11066,Mo-Su 05:00-22:00,Burger King,Q177054
2127,burgerking,Burger King,,Hazle Township,PA,,US,+1 570-454-8920,https://www.bk.com/store-locator/store/restaurant_1119,Mo-Sa 06:00-23:00; Su 07:00-21:00,Burger King,Q177054
15190,chevrolet,"FAIRWAY MOTORS, INC.",,Hazle Township,PA,,US,+1 570-455-7701,https://www.fairwaymotors.com,Mo-Th 08:30-19:00; Fr 08:30-18:00; Sa 09:00-15:30,Chevrolet,Q29570
pa_hazle-township_543-susquehanna-blvd,chipotle, ,,Hazle Township,PA,,US,+1 272-223-6000,https://locations.chipotle.com/pa/hazle-township/543-susquehanna-blvd,,Chipotle,Q465751
71031,citi,ATM PNC BANK,,Hazle Township,PA,,US,,,,Citibank,Q857063
71027,citi,ATM PNC BANK,,Hazleton,PA,,US,,,,Citibank,Q857063
71028,citi,ATM PNC BANK,,Hazleton,PA,,US,,,,Citibank,Q857063
68029,citi,ATM PNC AT SHEETZ,,Hazle Township,PA,,US,,,,Citibank,Q857063
70529,citi,ATM PNC BANK,,Hazle Township,PA,,US,,,,Citibank,Q857063
65305,citi,ATM MID PENN BANK,,Hazle Township,PA,,US,,,,Citibank,Q857063
47337,citi,ATM CVS,,Hazleton,PA,,US,,,,Citibank,Q857063
31780,citi,ATM 7ELEVEN-FCTI,,Hazleton,PA,,US,,,,Citibank,Q857063
70946,citi,ATM PNC BANK,,Plymouth,PA,,US,,,,Citibank,Q857063
71008,citi,ATM PNC BANK,,Wilkes-Barre,PA,,US,,,,Citibank,Q857063
060352,citizens_us,Citizens West Hazleton,,West Hazleton,PA,,US,+1 570-454-3511,,Mo-Fr 09:00-16:00; Sa 09:00-12:00,Citizens,Q5122694
ATM-468,citizens_us,,,West Hazleton,PA,,US,+1 570-454-3511,,24/7,Citizens,Q5122694
hazletownship/6240,claires,Shop Ear Piercings & Jewelry at Laurel Mall,,HAZLE TOWNSHIP,PA,,US,+1 570-459-2117,https://stores.claires.com/us/pa/hazletownship/6240.html,Mo-Sa 10:00-20:00; Su 11:00-17:00,Claire's,Q2974996
80314123,cricket_wireless,Cricket Wireless Authorized Retailer,,Hazle Township,PA,,US,+1 570-427-3201,https://www.cricketwireless.com/stores,Mo-Sa 10:00-19:00,Cricket Wireless,Q5184987
1572,cvs_us,CVS Pharmacy,,Hazle Township,PA,,US,+1 570-455-8301,https://www.cvs.com/store-locator/hazle-township-pa-pharmacies/1185-n-church-st-hazle-township-pa-18202/storeid=1572,Mo-Fr 09:00-21:00; Sa 08:00-21:00; Su 08:00-19:00,CVS Pharmacy,Q2078880
248804,dennys,Denny's,,Hazleton,PA,,US,+1 570-497-4339,https://locations.dennys.com/PA/HAZLETON/248804,Mo-Su 06:00-01:00,Denny's,Q1189695
21314,dollar_general,Dollar General,,Hazle Township,PA,,US,+1 570-497-3425,https://www.dollargeneral.com/store-directory/pa/hazle-township/21314,Mo-Su 08:00-22:00,Dollar General,Q145168
19404,dollar_general,Dollar General,,Hazleton,PA,,US,+1 570-599-8405,https://www.dollargeneral.com/store-directory/pa/hazleton/19404,Mo-Su 08:00-22:00,Dollar General,Q145168
233,dunhams_sports_us,HAZLETON PA,,HAZLETON TOWNSHIP,PA,,US,+1 570-455-0914,https://www.dunhamssports.com/store-details?storeID=233,Mo-Sa 09:00-21:00; Su 10:00-19:00,Dunham's Sports,Q5315238
330031,dunkin_us,Dunkin',,Hazleton,PA,,US,+1 570-450-7298,https://locations.dunkindonuts.com/en/pa/hazleton/1190-n-church-st/330031,Mo-Su 04:30-21:00,Dunkin',Q847743
351908,dunkin_us,Dunkin',,West Hazleton,PA,,US,+1 570-497-4938,https://locations.dunkindonuts.com/en/pa/west-hazleton/48-pennsylvania-93/351908,Mo-Su 05:00-21:00,Dunkin',Q847743
https://www.edwardjones.com/us-en/financial-advisor/mark-schwiker,edwardjones,Mark E Schwiker,,Hazle Township,PA,,US,+1 570-455-5206,https://www.edwardjones.com/us-en/financial-advisor/mark-schwiker,Mo-Fr 08:00-17:00,Edward Jones,Q5343830
521420,eg_america_us,Turkey Hill,,Hazle Township,PA,,US,+1 570-459-0969,https://www.turkeyhillcstores.com/find-us/generic-store-page/?id=950289,,Turkey Hill,Q42376970
521427,eg_america_us,Turkey Hill,,Hazle Township,PA,,US,+1 570-455-4521,https://www.turkeyhillcstores.com/find-us/generic-store-page/?id=950297,,Turkey Hill,Q42376970
521381,eg_america_us,Turkey Hill,,Hazleton,PA,,US,+1 570-450-7691,https://www.turkeyhillcstores.com/find-us/generic-store-page/?id=950249,,Turkey Hill,Q42376970
E15735,enterprise,Hazleton,,Hazleton,PA,,US,+1 570-454-1177,,,Enterprise Rent-A-Car,Q17085454
23369,family_dollar_us,FAMILY DOLLAR #3369,,Hazle Township,PA,,US,+1 570-710-6094,https://www.familydollar.com/locations/pa/hazle-township/23369/,Mo-Su 09:00-21:00,Family Dollar,Q5433101
1392,firestone_auto_care,Firestone Complete Auto Care,,Hazle Township,PA,,US,+1 570-751-5397,https://local.firestonecompleteautocare.com/pennsylvania/hazle-township/1059-n-church-st/,,Firestone,Q420837
https://stores.footlocker.com/pa/hazletownship/120-laurel-mall-7074.html,footlocker,"Foot Locker in Hazle Township: Hazle Township, Pennsylvania | Approved | Own It",,Hazle Township,PA,,US,+1 570-459-9850,https://stores.footlocker.com/pa/hazletownship/120-laurel-mall-7074.html,Mo-Sa 10:00-20:00; Su 11:00-18:00,Foot Locker,Q63335
Motorcraft3435USAEnglish,ford,"Barber Ford of Hazleton, Inc.",,Pennsylvania,PA,,US,+1 570-454-2414,,,Ford,Q44294
https://www.ford.com/dealerships/dealer-details/pa/hazleton/key-ford-of-hazleton/,ford_dealers_us,Key Ford of Hazleton,,Hazleton,PA,,US,+1 570-599-6153,https://www.ford.com/dealerships/dealer-details/pa/hazleton/key-ford-of-hazleton/,Mo-Th 09:00-19:00; Fr 09:00-18:00; Sa 09:00-16:00,Ford Motor Company,Q44294
3172,gamestop_us,Hazel Marketplace,,HAZLE TOWNSHIP,PA,,US,+1 570-454-3053,https://www.gamestop.com/search/?store=3172,Mo-Th 12:00-20:00; Fr-Sa 11:00-21:00; Su 11:00-19:00,GameStop,Q202210
https://stores.gnc.com/#24058819,gnc,GNC Laurel Mall,,,PA,,US,+1 570-455-0291,https://stores.gnc.com/all-stores-pennsylvania/hazle-township/290-laurel-mall,Mo-Sa 10:00-20:00; Su 11:00-18:00,GNC,Q4808595
9ae6cd81-458a-e111-8dde-005056934050,goodwill,Goodwill Store - Hazleton,,Hazleton,PA,,US,+1 570-450-6050,https://www.goodwill.org/locator/location/?store=OWFlNmNkODEtNDU4YS1lMTExLThkZGUtMDA1MDU2OTM0MDUw&lat=NDAuOTkwMDc=&lng=LTc2LjAwNTcz,,Goodwill,Q5583655
https://www.harborfreight.com/storelocator/190-susquehanna-blvd-west-hazleton-18202?number=3423,harborfreight,"Harbor Freight Tools Hazleton, PA",,West Hazleton,PA,,US,+1 570-215-3616,https://www.harborfreight.com/storelocator/190-susquehanna-blvd-west-hazleton-18202?number=3423,Mo-Sa 08:00-20:00; Su 09:00-18:00,Harbor Freight Tools,Q5654601
37146,h_r_block,H&R Block,,Hazle Township,PA,,US,+1 570-455-9453,https://www.hrblock.com/local-tax-offices/pennsylvania/hazle-township/739-airport-rd/37146/,,H&R Block,Q5627799
2530,key_food_us,Key Food,,Hazle Township,PA,,US,+1 570-454-4540,https://www.keyfood.com/store/store/2530,Mo-Sa 07:00-21:00; Su 08:00-20:00,Key Food,Q6398037
HZLFI,marriott,Fairfield Inn & Suites Hazleton,,Hazleton,PA,,US,+1 570-453-0300,https://www.marriott.com/HZLFI,,Fairfield by Marriott,Q5430314
HZLRI,marriott,Residence Inn Hazleton,,Hazleton,PA,,US,+1 570-455-9555,https://www.marriott.com/HZLRI,,Residence Inn by Marriott,Q7315394
18024,mattress_firm_us,Mattress Firm Hazleton,,Hazleton,PA,,US,+1 570-450-5042,https://www.mattressfirm.com/en-us/stores/pa/hazleton/172008/,,Mattress Firm,Q6791878
https://locations.maurices.com/#11688045,maurices,maurices 205 Laurel Mall,,Hazle Township,PA,,US,+1 570-454-3980,https://locations.maurices.com/us/pa/hazle-township/rt-93-&-airport-rd,Mo-Sa 10:00-20:00; Su 11:00-18:00,maurices,Q6793571
9036,michaels,"HAZLETON, PA",,West Hazleton,PA,,US,+1 570-453-0572,https://locations.michaels.com/pa/west-hazleton/9036,Mo-Sa 09:00-21:00; Su 10:00-19:00,Michaels,Q6835667
https://locations.mtb.com/#25081450,mt_bank_us,M&T Bank,,,PA,,US,+1 570-450-7830,https://locations.mtb.com/pa/hazletownship/bank-branches-and-atms-hazle-township-pa-4210.html,Mo-We 10:00-16:00; Th-Fr 10:00-17:00; Sa 10:00-13:00,M&T Bank,Q3272257
NNA5884,nissan_europe,CAR VISION NISSAN,,HAZLE TOWNSHIP,PA,,US,+1 570-299-3529,https://www.carvisionnissan.com,Mo-Fr 10:00-20:00; Sa 09:00-17:00,Nissan,Q20165
79,ollies_bargain_outlet,Ollie's Bargain Outlet,,Hazle Township,PA,,US,+1 570-455-7780,https://www.ollies.us/locations/1099-n-church-st-hazle-township-pa/,Mo-Sa 09:00-21:00; Su 10:00-19:00,Ollie's Bargain Outlet,Q7088304
027710,penske,Penske Hazleton,,HAZLETON,PA,,US,+1 570-455-5850,https://www.pensketruckrental.com/locations/us/pennsylvania/hazleton/027710/,,Penske,Q81234570
pa_west-hazleton_179-susquehanna-blvd,pizza_hut_us,179 Susquehanna Blvd.,,West Hazleton,PA,,US,+1 570-454-2421,https://locations.pizzahut.com/pa/west-hazleton/179-susquehanna-blvd,,Pizza Hut,Q191615
19170,planet_smoothie_us,Planet Smoothie,,Hazle Township,PA,,US,+1 570-454-4215,https://www.planetsmoothie.com/stores/hazle-township/19170,,Planet Smoothie,Q7201170
5096189,ponderosa_bonanza_steakhouse_us,Bonanza Steakhouse,"574 Susquehanna Blvd., Hazle Township, PA, 18202, USA",Hazle Township,PA,,US,+1 570-454-8767,https://pon-bon.com/locations?location=hazle-township-hazle-township-pa,Mo-Su 11:00-20:00,Bonanza Steakhouse,Q64045992
restaurant_86722,popeyes_us_fr,Popeyes,"556 Susquehanna Boulevard Hazleton, Pennsylvania 18202 - USA",Hazleton,PA,,US,+1 570-599-2566,https://www.popeyes.com/store-locator/store/restaurant_86722,Mo-Su 10:30-23:00,Popeyes,Q1330910
81234,ritasitalianice,Rita’s of Hazleton PA,,Hazleton,PA,,US,+1 570-459-2955,https://www.ritasice.com/location/ritas-of-hazleton-pa/,,Rita's Italian Ice,Q7336456
135-laurel-mall,rue21,Laurel Mall,,Hazleton,PA,,US,,https://stores.rue21.com/pa/hazleton/135-laurel-mall.html,Mo-Sa 10:00-20:00; Su 11:00-17:00,rue21,Q7377762
41266,seven_eleven_ca_us,7-Eleven,,Hazleton,PA,,US,+1 272-276-8604,https://www.7-eleven.com/locations/pa/hazleton/626-can-do-expy-41266,,7-Eleven,Q259340
https://restaurants.subway.com/#14914188,subway,Subway,,West Hazleton Luzerne,PA,,US,+1 570-455-5300,https://restaurants.subway.com/united-states/pa/west-hazleton/35-west-broad-street,Mo-Su 06:30-22:00,Subway,Q244457
https://restaurants.subway.com/#14909426,subway,Subway,,Hazleton Luzerne,PA,,US,+1 570-459-4782,https://restaurants.subway.com/united-states/pa/hazleton/196-airport-beltway,Mo-Sa 07:30-21:00; Su 08:30-19:30,Subway,Q244457
https://restaurants.subway.com/#14909135,subway,Subway Laurel Mall,,Hazle Township Luzerne,PA,,US,+1 570-454-8336,https://restaurants.subway.com/united-states/pa/hazle-township/40-laurel-mall,Mo 10:00-20:00; Tu 09:00-20:00; We-Sa 10:00-20:00; Su 11:00-18:00,Subway,Q244457
https://restaurants.subway.com/#14906825,subway,Subway Mobil C-Store,,Hazle Township Luzerne,PA,,US,+1 570-454-2944,https://restaurants.subway.com/united-states/pa/hazle-township/543-can-do-expressway,Mo-Fr 05:30-21:30; Sa 06:00-21:30; Su 06:00-20:30,Subway,Q244457
0287407100,sunoco_us,Sunoco,,WEST HAZLETON,PA,,US,+1 570-454-1416,,24/7,Sunoco,Q1423218
0199804600,sunoco_us,Sunoco,,HAZLETON,PA,,US,+1 570-861-8406,,24/7,Sunoco,Q1423218
0152346300,sunoco_us,Sunoco,,HAZLE TOWNSHIP,PA,,US,+1 570-454-2944,,Mo-Su 05:00-00:00,Sunoco,Q1423218
https://locations.tacobell.com/#6142970,taco_bell,Taco Bell,,Hazleton,PA,,US,+1 570-455-4711,https://locations.tacobell.com/pa/hazleton/565-susquehanna-blvd.html,Mo-Th 08:00-01:00; Fr-Sa 08:00-02:00; Su 08:00-01:00,Taco Bell,Q752941
https://locations.tccrocks.com/pa/hazle-township/837-airport-road.html,tcc_us,TCC Hazle Township,,Hazle Township,PA,,US,+1 570-752-3762,https://locations.tccrocks.com/pa/hazle-township/837-airport-road.html,Mo-Sa 09:00-20:00; Su 11:00-18:00,Verizon,Q919641
081479,tjx,Hazleton Township,10 Laurel Mall Dr,Hazleton Township,PA,,US,+1 570-459-0370,,Mo-Sa 09:30-21:30; Su 10:00-20:00,TJ Maxx,Q10860683
5583,tmobile_us,Laurel Mall,,Hazleton,PA,,US,+1 570-497-4966,https://www.t-mobile.com/store-locator/pa/hazleton/laurel-mall,,T-Mobile,Q3511885
"Hazleton Surgery Center, Hazleton, Pennsylvania",united_surgical_partners_international,Hazleton Surgery Center,50 Moisey Drive Suite 100,Hazleton,PA,,US,+1 570-501-6500,na,,United Surgical Partners International,Q7893575
1820200008,usps_collection_boxes,USPS COLLECTION BOX - BLUE BOX,1229 N CHURCH ST,WEST HAZLETON,PA,,US,,,,United States Postal Service,Q668687
1820200007,usps_collection_boxes,USPS COLLECTION BOX - BLUE BOX,1099 N CHURCH ST,WEST HAZLETON,PA,,US,,,,United States Postal Service,Q668687
1820200000,usps_collection_boxes,USPS COLLECTION BOX - BLUE BOX,761 AIRPORT RD,WEST HAZLETON,PA,,US,,,,United States Postal Service,Q668687
1820200009,usps_collection_boxes,USPS COLLECTION BOX - BLUE BOX,100 E GREEN ST,WEST HAZLETON,PA,,US,,,,United States Postal Service,Q668687
1820200005,usps_collection_boxes,USPS COLLECTION BOX - BLUE BOX,601 N BROAD ST,WEST HAZLETON,PA,,US,,,,United States Postal Service,Q668687
1820200003,usps_collection_boxes,USPS COLLECTION BOX - BLUE BOX,40 E BROAD ST,WEST HAZLETON,PA,,US,,,,United States Postal Service,Q668687
1820200006,usps_collection_boxes,USPS COLLECTION BOX - BLUE BOX,40 W BROAD ST,WEST HAZLETON,PA,,US,,,,United States Postal Service,Q668687
1820200013,usps_collection_boxes,USPS COLLECTION BOX - BLUE BOX,10 LAUREL MALL,WEST HAZLETON,PA,,US,,,,United States Postal Service,Q668687
1820200012,usps_collection_boxes,USPS COLLECTION BOX - BLUE BOX,10 LAUREL MALL,WEST HAZLETON,PA,,US,,,,United States Postal Service,Q668687
1820200017,usps_collection_boxes,USPS COLLECTION BOX - BLUE BOX,100 WEIS LN,WEST HAZLETON,PA,,US,,,,United States Postal Service,Q668687
1820200011,usps_collection_boxes,USPS COLLECTION BOX - BLUE BOX,25 JAYCEE DR,WEST HAZLETON,PA,,US,,,,United States Postal Service,Q668687
1820200015,usps_collection_boxes,USPS COLLECTION BOX - BLUE BOX,17 UNIVERSITY DR,WEST HAZLETON,PA,,US,,,,United States Postal Service,Q668687
A00000254466,verizon_us,TCC Hazle Township,,HAZLE TOWNSHIP,PA,,US,+1 570-861-6721,https://www.verizon.com/stores/details/pennsylvania/hazle-township/tcc-hazle-township-1720122/,Mo-Sa 09:00-20:00; Su 11:00-18:00,Verizon,Q919641
,visa,,,HAZLE TOWNSHIP,PA,,US,,,,,
,visa,,,HAZLETON,PA,,US,,,,,
,visa,,,HAZLETON,PA,,US,,,,,
,visa,,,HAZLE,PA,,US,,,,,
,visa,,,HAZLE TOWNSHIP,PA,,US,,,,,
,visa,,,HAZELTON,PA,,US,,,,,
,visa,,,WEST HAZLETON,PA,,US,,,,,
,visa,,,HAZLETON,PA,,US,,,,,
,visa,,,HAZLE TOWNSHIP,PA,,US,,,,,
,visa,,,HAZLE TOWNSHIP,PA,,US,,,,,
,visa,,,HAZLETON,PA,,US,,,,,
,visa,,,HAZLETON,PA,,US,,,,,
,visa,,,WEST HAZELTON,PA,,US,,,,,
,visa,,,WEST HAZLETON,PA,,US,,,,,
,visa,,,HAZLE TOWNSHIP,PA,,US,,,,,
,visa,,,WEST HAZELTON,PA,,US,,,,,
,visa,,,WEST HAZELTON,PA,,US,,,,,
,visa,,,WEST HAZELTON,PA,,US,,,,,
,visa,,,HAZELETON,PA,,US,,,,,
,visa,,,HAZLETON,PA,,US,,,,,
,visa,,,HAZLETON,PA,,US,,,,,
,visa,,,HAZLETON,PA,,US,,,,,
,visa,,,WEST HAZLETON,PA,,US,,,,,
,visa,,,WEST HAZLETON,PA,,US,,,,,
,visa,,,HAZLETON,PA,,US,,,,,
,visa,,,WEST HAZLETON,PA,,US,,,,,
,visa,,,W HAZLETON,PA,,US,,,,,
,visa,,,HAZLETON,PA,,US,,,,,
,visa,,,HAZLETON,PA,,US,,,,,
,visa,,,WEST HAZLETON,PA,,US,,,,,
,visa,,,HAZLE TWNSHIP,PA,,US,,,,,
,visa,,,HAZLE TOWNSHIP,PA,,US,,,,,
,visa,,,HAZLE TOWNSHIP,PA,,US,,,,,
,visa,,,HAZLE TOWNSHIP,PA,,US,,,,,
,visa,,,HAZLETON,PA,,US,,,,,
,visa,,,HAZLETON,PA,,US,,,,,
,visa,,,WEST HAZELTON,PA,,US,,,,,
,visa,,,WEST HAZELTON,PA,,US,,,,,
,visa,,,WEST HAZELTON,PA,,US,,,,,
,visa,,,HAZLETON,PA,,US,,,,,
,visa,,,HAZLETON,PA,,US,,,,,
,visa,,,HAZLETON,PA,,US,,,,,
,visa,,,HAZLETON,PA,,US,,,,,
,visa,,,HAZLETON,PA,,US,,,,,
,visa,,,HAZLE,PA,,US,,,,,
,visa,,,HAZLETON,PA,,US,,,,,
,visa,,,HAZLETOWN,PA,,US,,,,,
,visa,,,HAZLETON,PA,,US,,,,,
,visa,,,HAZELTON,PA,,US,,,,,
https://locations.wendys.com/#9252860,wendys,"Wendy's Hazelwen 1 in Hazleton, PA",,Hazleton,PA,,US,+1 570-459-1990,https://locations.wendys.com/united-states/pa/hazleton/551-susquehanna-blvd,"Mo-Su 06:30-10:30,08:00-21:00",Wendy's,Q550258
16a1a26e90d821b53b5f995a9126d30b,western_union,TURKEY HILL #289,,Hazle Township,PA,,US,+1 717-299-8909,https://location.westernunion.com/us/pa/hazle-township/16a1a26e90d821b53b5f995a9126d30b,Mo-Su 06:00-21:00,Western Union,Q861042
8277edbf9cf916f736a20e3b0e59fd5c,western_union,GKM MULTISERVICE,,West Hazleton,PA,,US,+1 570-599-1103,https://location.westernunion.com/us/pa/west-hazleton/8277edbf9cf916f736a20e3b0e59fd5c,Mo-Su 09:00-20:00,Western Union,Q861042
ca434ee724d72189ac6f14703482751c,western_union,MILLENIUM SERVICES LLC,,West Hazleton,PA,,US,+1 570-861-8070,https://location.westernunion.com/us/pa/west-hazleton/ca434ee724d72189ac6f14703482751c,Mo-Fr 09:00-18:00; Sa 09:00-16:00,Western Union,Q861042
1e249ed87e12df9bc3e427d310328142,western_union,WALMART #002255,,Hazle Township,PA,,US,+1 570-454-8322,https://location.westernunion.com/us/pa/hazle-township/1e249ed87e12df9bc3e427d310328142,Mo-Su 07:00-21:00,Western Union,Q861042
bbc333be8f46b6cad11912460ed07167,western_union,TURKEY HILL #249,,Hazleton,PA,,US,+1 570-450-7691,https://location.westernunion.com/us/pa/hazleton/bbc333be8f46b6cad11912460ed07167,Mo-Su 06:00-21:00,Western Union,Q861042
d9f8b82c26a09e3decfe35d2e43cea5e,western_union,TURKEY HILL #297,,Hazle Township,PA,,US,+1 570-455-4521,https://location.westernunion.com/us/pa/hazle-township/d9f8b82c26a09e3decfe35d2e43cea5e,Mo-Su 06:00-21:00,Western Union,Q861042
