City,Place Name,Zipcode,Name
Chelmsford,angling_direct_gb,,unknown,Angling Direct Chelmsford
Rayleigh,angling_direct_gb,,unknown,Angling Direct Rayleigh
Grays,apple,,unknown,Apple Lakeside
Barking,asda_gb,,unknown,Asda
Basildon,asda_gb,,unknown,Asda
Clacton-on-Sea,asda_gb,,unknown,Asda
Rayleigh,asda_gb,,unknown,Asda
Thurrock,asda_gb,,unknown,Asda Living
Harwich,asda_gb,,unknown,Asda
Witham,asda_gb,,unknown,Asda
Heybridge,asda_gb,,unknown,Asda
Chelmsford,asda_gb,,unknown,Asda
Colchester,asda_gb,,unknown,Asda
Dagenham,asda_gb,,unknown,Asda
Shoeburyness,asda_gb,,unknown,Asda
Tilbury,asda_gb,,unknown,Asda
Harlow,asda_gb,,unknown,Asda
Romford,asda_gb,,unknown,Asda
Basildon,benchmarx_gb,,unknown,Benchmarx
Brentwood,benchmarx_gb,,unknown,Benchmarx
Chelmsford,benchmarx_gb,,unknown,Benchmarx
Colchester,benchmarx_gb,,unknown,Benchmarx
Rainham,benchmarx_gb,,unknown,Benchmarx
London,benchmarx_gb,,unknown,Benchmarx
Burnham-on-Crouch,benchmarx_gb,,unknown,Benchmarx
Halstead,benchmarx_gb,,unknown,Benchmarx
Grays,bestone_gb,,unknown,Best-one
Southend-on-Sea,bestone_gb,,unknown,Best-one
Chelmsford,bhf_gb,,unknown,Chelmsford BHF Charity Shop
Saffron Walden,bhf_gb,,unknown,Saffron Walden BHF Charity Shop
Romford,bhf_gb,,unknown,Romford BHF Charity Shop
Maldon,bhf_gb,,unknown,Maldon BHF Charity Shop
Loughton,bhf_gb,,unknown,Loughton BHF Charity Shop
Hornchurch,bhf_gb,,unknown,Hornchurch BHF Charity Shop
Harlow,bhf_gb,,unknown,Harlow BHF Charity Shop
Greys,bhf_gb,,unknown,Greys BHF Charity Shop
Colchester,bhf_gb,,unknown,Colchester Town Centre BHF Charity Shop
Clacton-On-Sea,bhf_gb,,unknown,Clacton-On-Sea BHF Charity Shop
Brentwood,bhf_gb,,unknown,Brentwood BHF Charity Shop
Braintree,bhf_gb,,unknown,Braintree BHF Charity Shop
Basildon,bhf_gb,,unknown,Basildon BHF Shop
Colchester,bmw_group,,unknown,Inchcape Colchester
Chelmsford,bmw_group,,unknown,Inchcape Chelmsford
Leigh-on-Sea,bmw_group,,unknown,Group 1 Southend
Romford,bmw_group,,unknown,Sytner Harold Wood
Witham,bmw_group,,unknown,Sycamore Motorrad Witham
Loughton,bmw_group,,unknown,Sytner Chigwell
Dunmow,bmw_group,,unknown,Rolls-Royce Motor cars Essex
Dagenham,budgens_gb,,unknown,Budgens Learoyds
Southend-on-Sea,budgens_gb,,unknown,Budgens Dillon's Convenience
Stanford-le-Hope,budgens_gb,,unknown,Budgens Corringham
Romford,budgens_gb,,unknown,Budgens MFG Romford
Stock,budgens_gb,,unknown,Budgens Stock
Felsted,budgens_gb,,unknown,Budgens Felsted
Abridge,budgens_gb,,unknown,Budgens Abridge
Elmstead market,budgens_gb,,unknown,Budgens Elmstead Market
Colchester,budgens_gb,,unknown,Budgens Colchester
Doddinghurst,budgens_gb,,unknown,Budgens Doddinghurst
Ingatestone,budgens_gb,,unknown,Budgens Ingatestone
Purfleet,burgerking,,unknown,Burger King
Thurrock,burgerking,,unknown,Burger King
Brentwood,burgerking,,unknown,Burger King
Basildon,burgerking,,unknown,Burger King
Chelmsford,burgerking,,unknown,Burger King
Walsall,burgerking,,unknown,Burger King
Harlow,b_and_m,,unknown,B&M Harlow (767) Home Store with Garden Centre
Colchester,b_and_m,,unknown,B&M Colchester (352) Store
Pitsea,b_and_m,,unknown,B&M Pitsea (754) Store with Garden Centre
Canvey Island,b_and_m,,unknown,B&M Canvey Island (633) Home Store with Garden Centre
Barking,b_and_m,,unknown,B&M Barking (576) Home Store
Chelmsford,b_and_m,,unknown,B&M Chelmsford (560) Home Store
Clacton,b_and_m,,unknown,B&M Clacton (510) Home Store with Garden Centre
Thurrock,b_and_m,,unknown,B&M Lakeside - Essex (502) Home Store
Harwich,b_and_m,,unknown,B&M Harwich (496) Home Store with Garden Centre
Southend-on-Sea,b_and_m,,unknown,B&M Southend-On-Sea (341) Store
Saffron Walden,b_and_m,,unknown,B&M Saffron Walden (232) Store with Garden Centre
Basildon,b_and_m,,unknown,B&M Basildon (96) Store
Braintree,b_and_m,,unknown,B&M Braintree (51) Store
Harwich,carpetright_gb,,unknown,Carpetright
Romford,carpetright_gb,,unknown,Carpetright
Colchester,carpetright_gb,,unknown,Carpetright
Chelmsford,carpetright_gb,,unknown,Carpetright
Harlow,carpetright_gb,,unknown,Carpetright
Clacton-on-Sea,carpetright_gb,,unknown,Carpetright
Southend-on-Sea,carpetright_gb,,unknown,Carpetright
Rayleigh,carpetright_gb,,unknown,Carpetright
West Thurrock,carpetright_gb,,unknown,Carpetright
Basildon,carpetright_gb,,unknown,Carpetright
Braintree,carpetright_gb,,unknown,Carpetright
Grays,carpetright_gb,,unknown,Flooring Supplies Lakeside
Purfleet,carpetright_gb,,unknown,Flooring Megastore LTD
Canvey Island,cex,,unknown,Canvey Island
Grays,cex,,unknown,Grays
Clacton on Sea,cex,,unknown,Clacton on Sea
Braintree,cex,,unknown,Braintree
Chelmsford,cex,,unknown,Chelmsford
Dagenham,cex,,unknown,Dagenham
Colchester,cex,,unknown,Colchester
Basildon,cex,,unknown,Basildon
Harlow,cex,,unknown,Harlow
Southend on Sea,cex,,unknown,Southend
Ilford,cex,,unknown,Ilford
Romford,cex,,unknown,Romford
Barking,cex,,unknown,Barking
Clacton-on-Sea,costcutter_gb,,unknown,Costcutter
Colchester,costcutter_gb,,unknown,"Costcutter - Circular Road South, Colchester"
BrentwoodWarley,costcutter_gb,,unknown,Costcutter
Purfleet,costcutter_gb,,unknown,Costcutter
West Thurrock,dunelm_gb,,unknown,Thurrock
Basildon,dunelm_gb,,unknown,Basildon
Earls Colne,east_of_england_coop,,unknown,Earls Colne Funeral Directors
Dedham,east_of_england_coop,,unknown,Dedham
Clacton On Sea,east_of_england_coop,,unknown,"Old Road, Clacton On Sea"
Frinton On Sea,east_of_england_coop,,unknown,"Triangle, Frinton On Sea"
Coggeshall,east_of_england_coop,,unknown,Coggeshall
Colchester,east_of_england_coop,,unknown,"Greenstead, Colchester"
Witham,east_of_england_coop,,unknown,Silver End
Walton-on-the-Naze,east_of_england_coop,,unknown,Walton On The Naze Funeral Directors
Tiptree,east_of_england_coop,,unknown,Tiptree Funeral Directors
South Woodham Ferrers,east_of_england_coop,,unknown,South Woodham Ferrers Funeral Directors
Manningtree,east_of_england_coop,,unknown,Brantham
Maldon,east_of_england_coop,,unknown,"Lawling Avenue, Heybridge"
Frinton-on-Sea,east_of_england_coop,,unknown,"Frinton On Sea Funeral Directors, Connaught Avenue"
Dovercourt,east_of_england_coop,,unknown,"High Street, Dovercourt"
Clacton-On-Sea,east_of_england_coop,,unknown,Clacton Funeral Directors
Burnham-on-Crouch,east_of_england_coop,,unknown,Burnham On Crouch Funeral Directors
Wivenhoe,east_of_england_coop,,unknown,Wivenhoe
West Mersea,east_of_england_coop,,unknown,West Mersea
Brightlingsea,east_of_england_coop,,unknown,Brightlingsea Forecourt
Sible Hedingham,east_of_england_coop,,unknown,Sible Hedingham
Rowhedge,east_of_england_coop,,unknown,Rowhedge
Stanway,east_of_england_coop,,unknown,"Peartree Road, Stanway, Colchester"
Kelvedon,east_of_england_coop,,unknown,Kelvedon
Shrub End,east_of_england_coop,,unknown,"Iceni Way Shrub End, Colchester"
Holland On Sea,east_of_england_coop,,unknown,Holland On Sea
Hatfield Peverel,east_of_england_coop,,unknown,Hatfield Peverel
Halstead,east_of_england_coop,,unknown,"Abels Road, Parkfields, Halstead"
Upper Dovercourt,east_of_england_coop,,unknown,"Fronks Road, Dovercourt"
Burnham,east_of_england_coop,,unknown,Burnham On Crouch
Rayleigh,ember_inns_gb,,unknown,The Rayleigh Lodge Rayleigh
Loughton,ember_inns_gb,,unknown,The Plume of Feathers Loughton
Chelmsford,ember_inns_gb,,unknown,The White Horse Great Baddow
Benfleet,ember_inns_gb,,unknown,The White Hart Benfleet
Woodford Green,favorite_chicken_gb,,unknown,Favorite Chicken & Ribs
Witham,favorite_chicken_gb,,unknown,Favorite Chicken & Ribs
Wickford,favorite_chicken_gb,,unknown,Favorite Chicken & Ribs
Tilbury,favorite_chicken_gb,,unknown,Favorite Chicken & Ribs
Southend-on-Sea,favorite_chicken_gb,,unknown,Favorite Chicken & Ribs
Rayleigh,favorite_chicken_gb,,unknown,Favorite Chicken & Ribs
Rainham,favorite_chicken_gb,,unknown,Favorite Chicken & Ribs
Hornchurch,favorite_chicken_gb,,unknown,Favorite Chicken & Ribs
Grays,favorite_chicken_gb,,unknown,Favorite Chicken & Ribs
Dagenham,favorite_chicken_gb,,unknown,Favorite Chicken & Ribs
Clacton-on-Sea,favorite_chicken_gb,,unknown,Favorite Chicken & Ribs
Romford,favorite_chicken_gb,,unknown,Favorite Chicken & Ribs
Romford,furniture_village_gb,,unknown,Furniture Village Romford
West Thurrock,furniture_village_gb,,unknown,Furniture Village Thurrock
Epping,gails_bakery_gb,,unknown,Epping
Brentwood,gails_bakery_gb,,unknown,Brentwood
SOUTHEND ON SEA,game_gb,,unknown,GAME Southend (High St)
Romford,game_gb,,unknown,GAME Romford Market
Leyton,game_gb,,unknown,GAME Leyton Lite
Ilford,game_gb,,unknown,GAME Ilford Lite
Harlow,game_gb,,unknown,GAME Harlow Water Gardens
Colchester,game_gb,,unknown,GAME Colchester
Clacton on Sea,game_gb,,unknown,GAME Clacton on Sea
Braintree,game_gb,,unknown,GAME Braintree
Basildon,game_gb,,unknown,GAME Basildon
Saffron Walden,grape_tree_gb,,unknown,Grape Tree Saffron Walden
Colchester,grape_tree_gb,,unknown,Grape Tree Colchester
Chelmsford,grape_tree_gb,,unknown,Grape Tree Chelmsford
Maldon,grape_tree_gb,,unknown,Grape Tree Maldon
Buckhurst Hill,indigo,,unknown,Buckhurst Hill Station Car Park (TfL)
Brentwood,indigo,,unknown,Brentwood Station Car Park (TfL)
Theydon Bois,indigo,,unknown,Theydon Bois Station Car Park (TfL)
Epping,indigo,,unknown,Epping Station Car Park (TfL)
Loughton,indigo,,unknown,Debden Station Car Park (TfL)
Stansted,j_d_wetherspoon,After Security Stansted Airport Stansted Essex CM24 1QN,unknown,The Windmill
Harlow,j_d_wetherspoon,,unknown,The William Aylmer
Saffron Walden,j_d_wetherspoon,55 High Street Saffron Walden Essex CB10 1AA,unknown,The Temeraire
Rayleigh,j_d_wetherspoon,138 High Street Rayleigh Essex SS6 7BU,unknown,The Roebuck
Colchester,j_d_wetherspoon,4 St Johns Street Colchester Essex CO2 7AA,unknown,The Playhouse
Braintree,j_d_wetherspoon,Fairfield Road Braintree Essex CM7 3HA,unknown,The Picture Palace
Fairlop,j_d_wetherspoon,Fencepiece Road Fairlop Essex IG6 2JP,unknown,The New Fairlop Oak
Southend-on-Sea,j_d_wetherspoon,Weston Road Southend-on-Sea Essex SS1 1AS,unknown,The Last Post
Chelmsford,j_d_wetherspoon,3–7 New London Road Chelmsford Essex CM2 0SW,unknown,The Ivory Peg
Ilford,j_d_wetherspoon,114–116 Cranbrook Road Ilford Essex IG1 4LZ,unknown,The Great Spoon of Ilford
Chadwell Heath,j_d_wetherspoon,1128 High Road Chadwell Heath Essex RM6 4AH,unknown,The Eva Hart
Leigh-on-Sea,j_d_wetherspoon,1060 London Road Leigh-on-Sea Essex SS9 3ND,unknown,The Elms
Brentwood,j_d_wetherspoon,16–18 High Street Brentwood Essex CM14 4AB,unknown,The Dairyman
Collier Row,j_d_wetherspoon,54–56 Collier Row Road Collier Row Essex RM5 3PA,unknown,The Colley Rowe Inn
Harwich,j_d_wetherspoon,,unknown,The Bottle Kiln
Billericay,j_d_wetherspoon,39 High Street Billericay Essex CM12 9BA,unknown,The Blue Boar
Witham,j_d_wetherspoon,100–102 Newland Street Witham Essex CM8 1AH,unknown,The Battesford Court
Barking,j_d_wetherspoon,61 Station Parade Barking Essex IG11 8TU,unknown,The Barking Dog
Maldon,j_d_wetherspoon,109 High Street Maldon Essex CM9 5EP,unknown,Rose & Crown
Shoeburyness,j_d_wetherspoon,Frobisher Way Shoeburyness Essex SS3 8UT,unknown,Parsons’ Barn
Clacton-on-Sea,j_d_wetherspoon,1 Marine Parade East Clacton-on-Sea Essex CO15 1PU,unknown,Moon and Starfish
Hornchurch,j_d_wetherspoon,Unit 3 46–62 High Street Hornchurch Essex RM12 4UN,unknown,J.J. Moon’s
Grays,kwik_fit_gb,,unknown,Kwik Fit - Grays
Colchester,kwik_fit_gb,,unknown,Kwik Fit - Colchester
Basildon,kwik_fit_gb,,unknown,Kwik Fit Plus - Basildon
Barking,kwik_fit_gb,,unknown,Kwik Fit - Barking
Feering Colchester,londis_gb,,unknown,Londis Feering
Orsett Grays,londis_gb,,unknown,Londis Daneholes
Woodford Green,londis_gb,,unknown,Londis PETERS FOODMARKET
Chelmsford,londis_gb,,unknown,Londis Admiral
Little Warley Brentwood,londis_gb,,unknown,Londis Warley
Grays,londis_gb,,unknown,Londis LONDIS - TRISHOOL CONVENIENCE
Dagenham,londis_gb,,unknown,Londis LONDIS BECONTREE AVENUE
Purfleet,londis_gb,,unknown,Londis Meads
Eastwood,londis_gb,,unknown,Londis Kent Elms
Ilford,londis_gb,,unknown,Londis BP Loxford Service Station
Romford,londis_gb,,unknown,Londis Shell Romford Service Station
Frinton on Sea,londis_gb,,unknown,Londis Frinton
Rayleigh,londis_gb,,unknown,Londis Autohalt
Halstead,londis_gb,,unknown,Londis LONDIS - PEBMARSH
Canvey Island,londis_gb,,unknown,Londis LONDIS - CANVEY ISLAND
Elmstead Market,londis_gb,,unknown,Londis Elmstead
Harlow,londis_gb,,unknown,Londis Linkway
Aveley South Ockendon,londis_gb,,unknown,Londis Aveley
Laindon,londis_gb,,unknown,Londis Laindon
Chipping Ongar,londis_gb,,unknown,Londis Four Wantz
Weeley,londis_gb,,unknown,Londis Weeley
Harwich,londis_gb,,unknown,Londis Vines
Stansted Mountfitchet,londis_gb,,unknown,Londis Stansted
Latchingdon,londis_gb,,unknown,Londis Latchingdon
Stanway Colchester,londis_gb,,unknown,Londis Stanway
Basildon,londis_gb,,unknown,Londis LONDIS - PITSEA
Westcliff on Sea,londis_gb,,unknown,Londis LONDIS - RONALD PARK
Rochford,londis_gb,,unknown,Londis LONDIS RECTORY RD
Southend-on-Sea,londis_gb,,unknown,Londis LONDIS - SHOEBURYNESS
Leigh on Sea,londis_gb,,unknown,Londis LONDIS - CAMBRIDGE NEWS
Southend on Sea,londis_gb,,unknown,Londis LONDIS LONSDALE ROAD
Chelmsford Road,londis_gb,,unknown,Londis LONDIS - COLD NORTON
Westcliff On Sea,londis_gb,,unknown,Londis LONDIS - WESTCLIFFE ON SEA
Barking,londis_gb,,unknown,Londis LONDIS BARKING
Leigh on sea,londis_gb,,unknown,Londis BYFORDS FOOD HALL
Vange basildon,londis_gb,,unknown,Londis RIVERVIEW STORES
Chadwell heath,londis_gb,,unknown,Londis LONDIS SOMERVILLE ROAD
Southend on sea,londis_gb,,unknown,Londis LONDIS SOUTHCHURCH ROAD
Orsett,londis_gb,,unknown,Londis At Your Convenience Store
Aveley,londis_gb,,unknown,Londis AVELEY SUPERMARKET
Hedingham,londis_gb,,unknown,Londis LONDIS - SIBLE HEDINGHAM
Leigh-on-sea,londis_gb,,unknown,Londis LONDIS ROCHFORD CORNER
Chadwell Heath,londis_gb,,unknown,Londis Jet Chadwell Heath Service Station
Epping,londis_gb,,unknown,Londis TCQ FOODSTORE
Hornchurch,londis_gb,,unknown,Londis BP Hornchurch Service Station
Benfleet,londis_gb,,unknown,Londis Shell Kents Hill Service Station
Stanford-Le-Hope,londis_gb,,unknown,Londis BP Stanford-Le-Hope Service Station
Clacton-On-Sea,marstons_plc,Hartley Brook Road Clacton-On-Sea Essex CO15 3TP,unknown,Smugglers Cove
Rayleigh,marstons_plc,84 High Street Rayleigh Essex SS6 7EA,unknown,Ye Olde Crown
Leigh on Sea,marstons_plc,57-59 Elm Road Leigh on Sea Essex SS9 1SP,unknown,Sarah Moore
Witham,marstons_plc,Gershwin Boulevard Witham Essex CM8 1FQ,unknown,Saxon Arms Witham
Southend,marstons_plc,160 Priory Crescent Southend Essex SS2 6QN,unknown,Saxon King
Billericay,marstons_plc,113 High Street Billericay Essex CM12 9AJ,unknown,Red Lion
Southend On Sea,marstons_plc,Artillery Avenue Southend On Sea Essex SS3 8EE,unknown,Meadowlark
Chelmsford,miller_and_carter_gb,,unknown,Miller & Carter Chelmsford Chelmsford
Basildon,miller_and_carter_gb,,unknown,Miller & Carter Langdon Hills Basildon
Epping,miller_and_carter_gb,,unknown,Miller & Carter Epping Forest Essex
Grays,miller_and_carter_gb,,unknown,Miller & Carter Lakeside Essex
Harlow,miller_and_carter_gb,,unknown,Miller & Carter Harlow Essex
Leigh-On-Sea,miller_and_carter_gb,,unknown,Miller & Carter Rayleigh Essex
Thurrock,millies_gb,59A Lakeside Shopping Centre West Thurrock Way,unknown,Lakeside 59A
Thurrock,millies_gb,Unit 93 Lakeside West Thurrock Way West Thurrock Way,unknown,Lakeside 93
Chelmsford,millies_gb,Unit 30 The Meadows Shopping Centre High Street ,unknown,Chelmsford
Grays,morrisons_gb,,unknown,Martin's Chadwell St Mary Defoe Pde
Canvey Island,morrisons_gb,,unknown,Morrisons Daily Canvey Island Dovervelt Rd
Clacton-on-Sea,morrisons_gb,,unknown,Morrisons Daily Pump Hill
Southend-on-Sea,morrisons_gb,,unknown,Southend-on-Sea
Benfleet,morrisons_gb,,unknown,Benfleet
Harwich,morrisons_gb,,unknown,Harwich Petrol Station
Maldon,morrisons_gb,,unknown,Morrisons Daily Tollesbury High Street
Witham,morrisons_gb,,unknown,Morrisons Daily Witham Laurence Avenue
Dagenham,morrisons_gb,,unknown,Morrisons Daily Dagenham Woodward Road
Loughton,morrisons_gb,,unknown,Loughton
Chelmsford,morrisons_gb,,unknown,Morrisons Daily Chelmsford Melbourne Parade
Corringham,morrisons_gb,,unknown,Corringham
Basildon,morrisons_gb,,unknown,Morrisons Daily Basildon Lee Chapel North
Harlow,morrisons_gb,,unknown,Morrisons Daily Harlow Fishers Hatch
Rochford,morrisons_gb,,unknown,Morrisons Daily Rochford West Street
Southend On Sea,morrisons_gb,,unknown,Morrisons Daily Shoeburyness The Renown
Clacton-on-sea,morrisons_gb,,unknown,Morrisons Daily Clacton On Sea North Road
Colchester,morrisons_gb,,unknown,Morrisons Daily Colchester Mersea Road
Epping,morrisons_gb,,unknown,Morrisons Daily Epping 273 High Street
Rayleigh,morrisons_gb,,unknown,Morrisons Daily Rayleigh High Street
Brentwood,morrisons_gb,,unknown,Morrisons Daily Shenfield 214 Hutton Road
Stanfrd Le Hope,morrisons_gb,,unknown,Martin's Corringham St Johns Way
Holland On Sea,morrisons_gb,,unknown,Morrisons Daily Holland On Sea Frinton Rd
Jaywick,morrisons_gb,,unknown,Morrisons Daily Jaywick Tudor Parade
Leigh On Sea,morrisons_gb,,unknown,Morrisons Daily Leigh On Sea London Road
Braintree,morrisons_gb,,unknown,Morrisons Daily Braintree Panfield Lane
Chigwell,morrisons_gb,,unknown,Morrisons Daily Chigwell Brook Parade
Burnham On Crou,morrisons_gb,,unknown,Morrisons Daily Burnham On Crouch Station Rd
Southminster,morrisons_gb,,unknown,Morrisons Daily Southminster High Street
Romford,morrisons_gb,,unknown,Martin's Harold Hill Cambourne Ave
Barking,national_trust_gb,,unknown,Eastbury Manor House
Bishop's Stortford,national_trust_gb,,unknown,Hatfield Forest
Rayleigh,national_trust_gb,,unknown,Rayleigh Mount
Danbury,national_trust_gb,,unknown,Danbury Commons and Blakes Wood
Maldon,national_trust_gb,,unknown,Northey Island
Colchester,national_trust_gb,,unknown,Bourne Mill
Little Wigborough,national_trust_gb,,unknown,Copt Hall Marshes
GRAYS,next,,unknown,THURROCK - LAKESIDE SHOPPING CENTRE
ROMFORD,next,,unknown,ROMFORD - LIBERTY SHOPPING CENTRE
Maldon,next,,unknown,MALDON
HARLOW,next,,unknown,HARLOW - HOME ONLY STORE
EPPING,next,,unknown,EPPING - HIGH STREET
CHELMSFORD,next,,unknown,CHELMSFORD - CHELMER VILLAGE RETAIL PARK
BRAINTREE,next,,unknown,BRAINTREE - RETAIL PARK
BASILDON,next,,unknown,BASILDON - MAYFLOWER RETAIL PARK
Leigh-On-Sea,nicholsons_pubs_gb,,unknown,The Crooked Billet Leigh-on-sea
Thurrock,o2_gb,,unknown,O2 Shop Lakeside
Romford,o2_gb,,unknown,O2 Shop Romford
Basildon,o2_gb,,unknown,O2 Shop Basildon
Chelmsford,o2_gb,,unknown,O2 Shop Chelmsford
Southend On Sea,o2_gb,,unknown,O2 Shop Southend
Colchester,o2_gb,,unknown,O2 Shop Colchester
Harlow,o2_gb,,unknown,O2 Shop Harlow
Essex,pizza_express_gb,Unit 423-424 Lakeside Shopping Centre West Thurrock Way Grays Essex RM20 2ZP,unknown,West Thurrock Lakeside Shopping Centre
Southend-on-Sea,pizza_express_gb,11 London Road Southend-on-Sea Essex SS1 1PE,unknown,Southend London Road
Essex,pizza_express_gb,131-133 St Mary's Lane Upminster Essex RM14 2SH,unknown,Upminster St Marys Lane
Essex,pizza_express_gb,Unit FR1 The Brewery Romford Essex RM1 1AU,unknown,Romford The Brewery Shopping Centre
Basildon,pizza_express_gb,Unit 2 Carnival Close Festival Leisure Park Basildon Essex SS14 3WE,unknown,Basildon Festival Leisure Park
Rayleigh,pizza_express_gb,91 High Street Rayleigh Essex SS6 7EJ,unknown,Rayleigh High Street
Brentwood,pizza_express_gb,5 High Street Brentwood Essex CM14 4RG,unknown,Brentwood High Street
Essex,pizza_express_gb,281 High Road Loughton Essex IG10 1AH,unknown,Loughton High Road
Epping,pizza_express_gb,"208-212 High St Epping Essex CM16 4AQ
",unknown,Epping High Street
Chelmsford,pizza_express_gb,219 Moulsham Street Chelmsford Essex CM2 0LR,unknown,Chelmsford Moulsham Street
Braintree,pizza_express_gb,Unit R1 Braintree Designer Village Charter Way Braintree Essex CM77 8YH,unknown,Braintree Designer Village
Colchester,pizza_express_gb,1 St Runwald Street Colchester Essex CO1 1HF,unknown,Colchester St Runwald Street
Essex,pizza_hut_gb,,unknown,Pizza Hut Collier Row
Canvey Island,premier_gb,,unknown,Premier AAA Convenience
Chelmsford,premier_gb,,unknown,Premier South Woodham
Southend on Sea,premier_gb,,unknown,Premier Herbies
Rainham,premier_gb,,unknown,Premier Rainham
Dagenham,premier_gb,,unknown,Premier Atkar Superstore
Romford,premier_gb,,unknown,Premier Lotus Convenience Store
Rochford,premier_gb,,unknown,Premier Ashingdon Convenience Store
Billericay,premier_gb,,unknown,Premier Greensfarm Lane Convenience Store
Leigh on Sea,premier_gb,,unknown,Premier Kent Elms Convenience Store
Southend,premier_gb,,unknown,Premier Premier Stores
Colchester,premier_gb,,unknown,Premier Lexden
Marks Tey,premier_gb,,unknown,Premier Marks Tey Post Office & Stores
Grays,premier_gb,,unknown,Premier Candyshell
Clacton on Sea,premier_gb,,unknown,Premier St Osyth Premier
Maldon,premier_gb,,unknown,Premier Johns Convenience Store
Herongate,premier_gb,,unknown,Premier Herongate Store
Harwich,premier_gb,,unknown,Premier H & V Convenience Store
Rayleigh,premier_gb,,unknown,Premier Hattons
Halstead,premier_gb,,unknown,Premier Halstead
Ilford,premier_gb,,unknown,Premier Hainault Food & Wine
Hadleigh,premier_gb,,unknown,"Premier Hadleigh Convenience Store,"
Woodford Green,premier_gb,,unknown,Premier Woodford
Clacton,premier_gb,,unknown,Premier JJ's
Southend On Sea,premier_gb,,unknown,Premier Connoisseurs Convenience Store
Frinton On Sea,premier_gb,,unknown,Premier Connaught Food & Wine
Tilbury,premier_gb,,unknown,Premier Elliotts
Harlow,premier_gb,,unknown,Premier Stow Convenience Store
South Ockendon,premier_gb,,unknown,Premier Bryans
Jaywick,premier_gb,,unknown,Premier Broadway Convenience
Witham,premier_gb,,unknown,Premier Templar's
Upminster,premier_gb,,unknown,Premier Avon Road Convenience
Benfleet,premier_gb,,unknown,Premier Tarpots Convenience Store
Alresford,premier_gb,,unknown,Premier Alresford Village Store
Basildon,premier_gb,,unknown,Premier Taj
Manningtree,premier_gb,,unknown,Premier Tym Convenience
Braintree,premier_gb,,unknown,Premier Stubbs Lane Convenience Store
Southend-on-Sea,premier_gb,,unknown,Premier Noble's Extra
Shoeburyness,premier_gb,,unknown,Premier The Renown
Walton On The Naze,premier_gb,,unknown,Premier Naze Park
East Tilbury,premier_gb,,unknown,Premier East Tilbury Post Office
Stanford le Hope,premier_gb,,unknown,Premier Corringham
Clacton-on-Sea,premier_gb,,unknown,Premier Supermarket Express
Hockley,premier_gb,,unknown,Premier Main Road Convenience
Tilbury Town,premier_gb,,unknown,Premier Dock Road
Stansted Mountfitchet,premier_gb,,unknown,Premier YZ Mini Market
Westcliffe on Sea,premier_gb,,unknown,Premier IR Flavourz
Halsted,premier_gb,,unknown,Premier Sible Hedingham Convenience Store
Leigh On Sea,premier_gb,,unknown,Premier Eastwood Road Supermarket
Wickford,premier_gb,,unknown,Premier SWAMI
Westcliff on Sea,premier_gb,,unknown,Premier WESTCLIFFE CONVENIENCE
Westcliff On Sea,premier_gb,,unknown,Premier Ria
Clacton On Sea,premier_gb,,unknown,Premier Weeley PO & Conv Store
Walton on the Naze,premier_gb,,unknown,Premier Walton Convenence Store
Thorrington,premier_gb,,unknown,Premier Thorrington Convenience Store
Westcliffe On Sea,premier_gb,,unknown,Premier Chalkwell Park Convenience
Chigwell,premier_gb,,unknown,Premier ABI
Chingford,premier_gb,,unknown,Premier Hatch Lane
Chelmsford,rowlands_pharmacy_gb,,unknown,Rowlands Pharmacy Brickfield Road
Southend-on-Sea,rowlands_pharmacy_gb,,unknown,Rowlands Pharmacy Great Wakering
South Woodham Ferrers,sainsburys,,unknown,South Woodham Ferrers
Witham,screwfix_gb,,unknown,Screwfix Witham
Grays,screwfix_gb,,unknown,Screwfix Grays
Southend-on-Sea,screwfix_gb,,unknown,Screwfix Southend-on-Sea
South Woodham Ferrers,screwfix_gb,,unknown,Screwfix South Woodham Ferrers
Romford,screwfix_gb,,unknown,Screwfix Hainault Works
Rayleigh,screwfix_gb,,unknown,Screwfix Rayleigh - Arterial Park
Maldon,screwfix_gb,,unknown,Screwfix Maldon
Loughton,screwfix_gb,,unknown,Screwfix Loughton
Leigh on Sea,screwfix_gb,,unknown,Screwfix Leigh-on-Sea
Ilford,screwfix_gb,,unknown,Screwfix Ilford
Hornchurch,screwfix_gb,,unknown,Screwfix Hornchurch - Ardleigh Green
Harlow,screwfix_gb,,unknown,Screwfix Harlow
Epping,screwfix_gb,,unknown,Screwfix Epping - Thornwood
Dagenham,screwfix_gb,,unknown,Screwfix Dagenham
Colchester,screwfix_gb,,unknown,Screwfix Colchester - Davey Close
Clacton-on-Sea,screwfix_gb,,unknown,Screwfix Clacton - Valley Road
Chelmsford,screwfix_gb,,unknown,Screwfix Chelmsford - Northumberland Court
Chadwell Heath,screwfix_gb,,unknown,Screwfix Chadwell Heath
Canvey Island,screwfix_gb,,unknown,Screwfix Canvey Island
Brentwood,screwfix_gb,,unknown,Screwfix Brentwood
Braintree,screwfix_gb,,unknown,Screwfix Braintree
Basildon,screwfix_gb,,unknown,Screwfix Basildon
Barking,screwfix_gb,,unknown,Screwfix Barking
Southend on Sea,shell,,unknown,EV WAITROSE SOUTHEND ON SEA
COLCHESTER,shell,,unknown,SHELL SEXTONS
"ARDLEIGH, COLCHESTER",shell,,unknown,ARDLEIGH VILLAGE
MARKS TEY,shell,,unknown,MARKS TEY GARAGE
HALSTEAD,shell,,unknown,MFG HEDINGHAM
TIPTREE,shell,,unknown,SHELL TIPTREE
BRAINTREE,shell,,unknown,WHITECOURT SERVICE STATION
CHELMSFORD,shell,,unknown,SHELL LITTLE WAITROSE STOCK ROAD
SOUTHEND-ON-SEA,shell,,unknown,SHELL WAITROSE SOUTHEND-ON-SEA
Southend-on-Sea,shell,,unknown,SHELL SOVEREIGN
Rayleigh,shell,,unknown,SHELL RAYLEIGH
Leigh on Sea,shell,,unknown,EV WAITROSE LEIGH ON SEA
BENFLEET,shell,,unknown,MFG KENTS HILL
WICKFORD,shell,,unknown,HOVEFIELD SERVICE STATION
UPMINSTER,shell,,unknown,PARK TEY SERVICE STATION
Upminster,shell,,unknown,SHELL UPMINSTER
BRENTWOOD,shell,,unknown,SHELL SOUTH WEALD
EPPING,shell,,unknown,SHELL LITTLE WAITROSE HALFMOON
BUCKHURST HILL,shell,,unknown,SHELL BUCKHURST HILL
ROMFORD,shell,,unknown,SHELL ABRIDGE SERVICE STATION
Harlow,shell,,unknown,SHELL HARLOW
CHIGWELL,shell,,unknown,SHELL CHIGWELL
WOODFORD GREEN,shell,,unknown,SHELL WOODFORD
ILFORD,shell,,unknown,ILFORD LANE SERVICE STATION
BARKING,shell,,unknown,SHELL RIPPLE ROAD
Romford,shell,,unknown,SHELL RISE PARK
DAGENHAM,shell,,unknown,PARK FORDS
unknown,shoezone_gb,,unknown,Shoe Zone
Romford,sig_roofing_gb,Danes Road,unknown,SIG Roofing Romford Danes Road
Romford,sig_roofing_gb,Oakwood House Tonbridge Road,unknown,SIG Roofing Romford Tonbridge Road
Colchester,sig_roofing_gb,2 Hawkins Road,unknown,SIG Roofing Colchester
Grays,specsavers,,unknown,Chafford Hundred Sainsbury's
West Thurrock,specsavers,,unknown,Thurrock - Lakeside S/C
Canvey Island,specsavers,,unknown,Canvey Island
Hornchurch,specsavers,,unknown,"Best Health Suites Billet Lane, Romford"
Basildon,specsavers,,unknown,East Mayne Sainsbury's
Rayleigh,specsavers,,unknown,Rayleigh
Wickford,specsavers,,unknown,Wickford
Brentwood,specsavers,,unknown,Brentwood
Billericay,specsavers,,unknown,Billericay
Loughton,specsavers,,unknown,Loughton
South Woodham Ferrers,specsavers,,unknown,South Woodham Sainsbury's
Epping,specsavers,,unknown,Epping
Maldon,specsavers,,unknown,Maldon
Chelmsford,specsavers,,unknown,Springfield Sainsbury's
Harlow,specsavers,,unknown,Harlow
Clacton-on-Sea,specsavers,,unknown,Clacton-on-Sea
Witham,specsavers,,unknown,Witham
Great Dunmow,specsavers,,unknown,Great Dunmow
Braintree,specsavers,,unknown,Braintree
Colchester,specsavers,,unknown,Colchester
Saffron Walden,specsavers,,unknown,Saffron Walden
Haverhill,specsavers,,unknown,Haverhill
Wickford,stonehouse_gb,,unknown,The Darby Digger Wickford
Billericay,tanning_shop_ie,,unknown,The Tanning Shop Billericay
Chelmsford,tanning_shop_ie,,unknown,The Tanning Shop Chelmsford
"Shenfield, Brentwood",tanning_shop_ie,,unknown,The Tanning Shop Shenfield
Basildon,team_sport_gb,,unknown,TeamSport Go Karting Basildon
Harlow,team_sport_gb,,unknown,TeamSport Go Karting Harlow
Wickford,the_cooperative_group,,unknown,"Co-op Funeralcare, Wickford"
Braintree,the_cooperative_group,,unknown,"Co-op Funeralcare, Braintree"
Harlow,the_cooperative_group,,unknown,"Co-op Funeralcare, Old Harlow"
Chelmsford,the_cooperative_group,,unknown,"Co-op Funeralcare, Chelmsford"
Hockley,the_cooperative_group,,unknown,"Co-op Funeralcare, Hockley"
Canvey Island,the_cooperative_group,,unknown,Canvey Island Funeralcare
Westcliffe-On-Sea,the_cooperative_group,,unknown,"The Co-operative Food, Westcliff-On-Sea Hamlet Court Road"
Westcliff-On-Sea,the_cooperative_group,,unknown,"The Co-operative Food, Westcliff -On-Sea London Road"
Waltham Abbey,the_cooperative_group,,unknown,Waltham Abbey Funeralcare
Stansted Mountfitchet,the_cooperative_group,,unknown,"The Co-operative Food, Stansted Mountfitchet - Church Road"
Stanford-le-Hope,the_cooperative_group,,unknown,"The Co-operative Food, Corringham"
Southend-On-Sea,the_cooperative_group,,unknown,Great Wakering Funeralcare
Grays,the_cooperative_group,,unknown,"Co-op Funeralcare, Grays"
Brentwood,the_cooperative_group,,unknown,"Co-op Funeralcare, Brentwood"
Rochford,the_cooperative_group,,unknown,"The Co-operative Food, Rochford - Golden Cross Parade"
Epping,the_cooperative_group,,unknown,"The Co-operative Food, North Weald"
Leigh-On-Sea,the_cooperative_group,,unknown,"Co-op Funeralcare, Leigh-On-Sea"
Bishop&#39;s Stortford,the_cooperative_group,,unknown,"The Co-operative Food, Hatfield Heath"
Old Harlow,the_cooperative_group,,unknown,"The Co-operative Food, Harlow"
Halstead,the_cooperative_group,,unknown,"The Co-operative Food, Halstead - Colchester Road"
Great Wakering,the_cooperative_group,,unknown,"The Co-operative Food, Great Wakering"
Great Bardfield,the_cooperative_group,,unknown,"The Co-operative Food, Great Bardfield"
Dunmow,the_cooperative_group,,unknown,"The Co-operative Food, Dunmow"
Basildon,the_cooperative_group,,unknown,"Co-op Funeralcare, Basildon"
Billericay,the_cooperative_group,,unknown,"Co-op Funeralcare, Billericay"
Benfleet,the_cooperative_group,,unknown,"The Co-operative Food, Benfleet"
South Ockendon,the_cooperative_group,,unknown,"Co-op Funeralcare, South Ockendon"
Witham,the_cooperative_group,,unknown,Witham Funeralcare
Colchester,the_cooperative_group,,unknown,"Co-op Funeralcare, Great Tey"
Rayleigh,the_cooperative_group,,unknown,Rayleigh Funeralcare
Clacton-on-Sea,the_cooperative_group,,unknown,"Co-op Funeralcare, Clacton-on-Sea"
Loughton,the_cooperative_group,,unknown,Loughton Funeralcare
West Thurrock,the_range,,unknown,The Range: Thurrock
Southend,the_range,,unknown,The Range: Southend
Romford,the_range,,unknown,The Range: Romford
Basildon,the_range,,unknown,The Range: Pitsea
Harlow,the_range,,unknown,The Range: Harlow
Colchester,the_range,,unknown,The Range: Colchester
Clacton on Sea,the_range,,unknown,The Range: Clacton
Chelmsford,the_range,,unknown,The Range: Chelmsford
Grays,timberland,,unknown,Timberland - Lakeside
Romford,timpson_gb,,unknown,"Romford, The Mercury Mall"
Leigh-On-Sea,timpson_gb,,unknown,"Leigh-On-Sea, The Broadway"
Grays,timpson_gb,,unknown,"Grays, Morrisons"
Canvey Island,timpson_gb,,unknown,"Canvey Island, Morrisons"
Romford,toby_carvery_gb,,unknown,Toby Carvery Romford Essex
Basildon,toby_carvery_gb,,unknown,Toby Carvery Basildon Essex
Southend-On-Sea,toby_carvery_gb,,unknown,Toby Carvery Southend (A127) Essex
Colchester,toby_carvery_gb,,unknown,White Hart Toby Carvery Colchester
Clacton-On-Sea,toby_carvery_gb,,unknown,Toby Carvery Clacton On Sea Clacton on Sea
Braintree,toby_carvery_gb,,unknown,Toby Carvery Braintree Braintree
Chelmsford,toby_carvery_gb,,unknown,Toby Carvery Chelmsford Chelmsford
Harlow,toby_carvery_gb,,unknown,Toby Carvery Harlow Essex
Wickford,toby_carvery_gb,,unknown,Toby Carvery Runwell Runwell Village
Brentwood,toby_carvery_gb,,unknown,The Artichoke Toby Carvery Essex
Buckhurst Hill,toby_carvery_gb,,unknown,Toby Carvery Buckhurst Hill Essex
Braintree,vans,,unknown,VANS Outlet Braintree
Romford,vets4pets_gb,,unknown,Romford Hospital Vets4Pets
Southend-on-Sea,vets4pets_gb,,unknown,Southend Airport Vets4Pets
Saffron Walden,vets4pets_gb,,unknown,Saffron Walden Vets4Pets
West Thurrock,vets4pets_gb,,unknown,Thurrock Vets4Pets
Waltham Abbey,vets4pets_gb,,unknown,Waltham Abbey Vets4Pets
Rayleigh,vets4pets_gb,,unknown,Rayleigh Vets4Pets
Leigh On Sea,vets4pets_gb,,unknown,Leigh-on-Sea (Essex) Vets4Pets
Maldon,vets4pets_gb,,unknown,Maldon Vets4Pets
Loughton,vets4pets_gb,,unknown,Loughton Vets4Pets
Ilford,vets4pets_gb,,unknown,Ilford Vets4Pets
Harlow,vets4pets_gb,,unknown,Harlow Vets4Pets
Colchester,vets4pets_gb,,unknown,Colchester Vets4Pets
Chelmsford,vets4pets_gb,,unknown,Chelmsford Vets4Pets
Braintree,vets4pets_gb,,unknown,Braintree Vets4Pets
Basildon,vets4pets_gb,,unknown,Basildon Pitsea Vets for Pets Hospital
TILBURY,visa,,unknown,unknown
GRAYS,visa,,unknown,unknown
CHADWELL,visa,,unknown,unknown
WEST THURROCK,visa,,unknown,unknown
CHAFFORD HUNDRED,visa,,unknown,unknown
"CHAFFORD, WEST THURROCK",visa,,unknown,unknown
THURROCK,visa,,unknown,unknown
ESSEX,visa,,unknown,unknown
STANFORD LE HOPE,visa,,unknown,unknown
STANFORD-LE-HOPE,visa,,unknown,unknown
RAINHAM,visa,,unknown,unknown
CANVEY ISLAND,visa,,unknown,unknown
SOUTH OCKENDEN,visa,,unknown,unknown
BARKING,visa,,unknown,unknown
DAGENHAM,visa,,unknown,unknown
SHOEBURYNESS,visa,,unknown,unknown
SOUTHEND ON SEA,visa,,unknown,unknown
SOUTHEND-ON-SEA,visa,,unknown,unknown
SOUTHEND,visa,,unknown,unknown
HORNCHURCH,visa,,unknown,unknown
LEIGH ON SEA,visa,,unknown,unknown
WESTCLIFF ON SEA,visa,,unknown,unknown
ROMFORD,visa,,unknown,unknown
WESTCLIFF-ON-SEA,visa,,unknown,unknown
BENFLEET,visa,,unknown,unknown
ILFORD,visa,,unknown,unknown
UPMINSTER,visa,,unknown,unknown
BASILDON,visa,,unknown,unknown
GOODMAYES,visa,,unknown,unknown
WESTCLIFFE ON SEA,visa,,unknown,unknown
PITSEA,visa,,unknown,unknown
SOUTH BENFLEET,visa,,unknown,unknown
LEIGH-ON-SEA,visa,,unknown,unknown
CHADWELL HEATH,visa,,unknown,unknown
EASTWOOD,visa,,unknown,unknown
RAYLEIGH,visa,,unknown,unknown
BILLERICAY,visa,,unknown,unknown
WICKFORD,visa,,unknown,unknown
HOCKLEY,visa,,unknown,unknown
HAROLD HILL,visa,,unknown,unknown
WOODFORD GREEN,visa,,unknown,unknown
BRENTWOOD,visa,,unknown,unknown
BUCKHURST HILL,visa,,unknown,unknown
BURNHAM-ON-CROUCH,visa,,unknown,unknown
SHENFIELD,visa,,unknown,unknown
BURNHAM ON CROUCH,visa,,unknown,unknown
CHELMSFORD,visa,,unknown,unknown
SOUTHMINSTER,visa,,unknown,unknown
THEYDON BOIS,visa,,unknown,unknown
WALTHAM ABBEY,visa,,unknown,unknown
EPPING,visa,,unknown,unknown
INGATESTONE,visa,,unknown,unknown
CHIPPING ONGAR,visa,,unknown,unknown
DANBURY,visa,,unknown,unknown
MALDON,visa,,unknown,unknown
HARLOW,visa,,unknown,unknown
COLCHESTER,visa,,unknown,unknown
CLACTON ON SEA,visa,,unknown,unknown
CLACTON-ON-SEA,visa,,unknown,unknown
CLACTON,visa,,unknown,unknown
WITHAM,visa,,unknown,unknown
HOLLAND ON SEA,visa,,unknown,unknown
TIPTREE,visa,,unknown,unknown
BRIGHTLINGSEA,visa,,unknown,unknown
LOUGHTON,visa,,unknown,unknown
BRAINTREE,visa,,unknown,unknown
DUNMOW,visa,,unknown,unknown
GREAT BENTLEY,visa,,unknown,unknown
WALTON ON THE NAZE,visa,,unknown,unknown
TAKELEY,visa,,unknown,unknown
GREAT DUNMOW,visa,,unknown,unknown
COVENTRY,visa,,unknown,unknown
GANTS HILL,visa,,unknown,unknown
STANSTED MOUNTIFITCHET,visa,,unknown,unknown
ELSENHAM,visa,,unknown,unknown
HARWICH,visa,,unknown,unknown
HALSTEAD,visa,,unknown,unknown
MANNINGTREE,visa,,unknown,unknown
BARKINGSIDE,visa,,unknown,unknown
SAFFRON WALDEN,visa,,unknown,unknown
Brentwood,voyagecare,Quiet Waters,unknown,Quiet Waters
Holland-On-Sea,voyagecare,The Grove,unknown,The Grove
Clacton-On-Sea,voyagecare,Bedford Lodge,unknown,Voyage (DCA) Essex
Woodford Green,well_gb,,unknown,Well Pharmacy
Saffron Walden,well_gb,,unknown,Well Pharmacy
Romford,well_gb,,unknown,Well Pharmacy
Ongar,well_gb,,unknown,Well Pharmacy
Loughton,well_gb,,unknown,Well Pharmacy
Harlow,well_gb,,unknown,Well Pharmacy
Halstead,well_gb,,unknown,Well Pharmacy
Great Oakley,well_gb,,unknown,Well Pharmacy
Wickford,well_gb,,unknown,Well Pharmacy
Epping,well_gb,,unknown,Well Pharmacy
Canvey Island,well_gb,,unknown,Well Pharmacy
Brentwood,well_gb,,unknown,Well Pharmacy
Basildon,well_gb,,unknown,Well Pharmacy
Aveley,well_gb,,unknown,Well Pharmacy
Rochford,well_gb,,unknown,Well Pharmacy
Saffron Walden,western_union,,unknown,CLAVERING POST OFFICE
Dunmow,western_union,,unknown,DUNMOW POST OFFICE
Halstead,western_union,,unknown,HALSTEAD POST OFFICE
Harlow,western_union,,unknown,POTTER STREET POST OFFICE
Braintree,western_union,,unknown,JUBILEE OAK POST OFFICE
Waltham Abbey,western_union,,unknown,WALTHAM ABBEY POST OFFICE
Manningtree,western_union,,unknown,MANNINGTREE POST OFFICE
Chelmsford,western_union,,unknown,GREAT BADDOW POST OFFICE
Epping,western_union,,unknown,EPPING POST OFFICE
Colchester,western_union,,unknown,BRIGHTLINGSEA POST OFFICE
Witham,western_union,,unknown,HAYS TRAVEL WITHAM SHOPPING CENTRE
Loughton,western_union,,unknown,GOLDINGS HILL POST OFFICE
Harwich,western_union,,unknown,UPPER DOVERCOURT POST OFFICE
Buckhurst Hill,western_union,,unknown,BUCKHURST HILL POST OFFICE
Woodford Green,western_union,,unknown,SNAKES LANE POST OFFICE
Chigwell,western_union,,unknown,MANFORD WAY POST OFFICE
Walthamstow,western_union,,unknown,NOBLE E REMITTANCE
Ilford,western_union,,unknown,QUICK TRAVEL AND MONEY EXCHANGE LTD
London,western_union,,unknown,NOBLE E REMITTANCE
Barkingside,western_union,,unknown,H AND T PAWNBROKERS BARKINGSIDE
Clacton On Sea,western_union,,unknown,MAGDALEN GREEN POST OFFICE
Romford,western_union,,unknown,BRENTWOOD ROAD POST OFFICE
Walton-on-the-naze,western_union,,unknown,WALTON ON NAZE POST OFFICE
Maldon,western_union,,unknown,MALDON NEWSAGENT AND OFF LICENCE
Brentwood,western_union,,unknown,EASTHAM CRESCENT POST OFFICE
Dagenham,western_union,,unknown,GORESBROOK ROAD POST OFFICE
Frinton-on-sea,western_union,,unknown,FRINTON-ON-SEA POST OFFICE
Barking,western_union,,unknown,THAMES VIEW POST OFFICE
Billericay,western_union,,unknown,SOUTH GREEN POST OFFICE
Clacton-on-sea,western_union,,unknown,H AND T PAWNBROKERS CLACTON ON SEA
Hornchurch,western_union,,unknown,ELM PARK POST OFFICE
Upminster,western_union,,unknown,UPMINSTER POST OFFICE
Rainham,western_union,,unknown,RAINHAM POST OFFICE
South Woodham Ferrers,western_union,,unknown,SAINSBURY S  SOUTH WOODHAM FERRERS
Basildon,western_union,,unknown,BASILDON POST OFFICE
Wickford,western_union,,unknown,WICKFORD POST OFFICE
South Ockendon,western_union,,unknown,NORTH ROAD POST OFFICE
Rayleigh,western_union,,unknown,RAYLEIGH POST OFFICE
Hockley,western_union,,unknown,HAWKWELL POST OFFICE
Burnham On Crouch,western_union,,unknown,BURNHAM ON CROUCH POST OFFICE
Benfleet,western_union,,unknown,HADLEIGH POST OFFICE
Rochford,western_union,,unknown,ROCHFORD POST OFFICE
Thurrock,western_union,,unknown,NM MONEY LAKESIDE 2
Grays,western_union,,unknown,MTA WORLDWIDE LIMITED
Leigh On Sea,western_union,,unknown,LEIGH ROAD POST OFFICE
Westcliff On Sea,western_union,,unknown,WESTCLIFF ON SEA POST OFFICE
Canvey Island,western_union,,unknown,CANVEY VILLAGE POST OFFICE
Tilbury,western_union,,unknown,XEMTECK
Southend On Sea,western_union,,unknown,BOURNES GREEN POST OFFICE
Saffron Walden,whsmith,,unknown,"WHSmith, King Street, Saffron Walden"
Halstead,whsmith,,unknown,"WHSmith, High Street, Halstead"
Braintree,whsmith,,unknown,"WHSmith, George Yard, Braintree"
Great Notley,whsmith,,unknown,"WHSmith, Braintree Electric Forecourt"
Harlow,whsmith,,unknown,"WHSmith, Broadwalk, Harlow"
Colchester,whsmith,,unknown,"WHSmith, Lion Walk Shopping Centre, Colchester"
Chelmsford,whsmith,,unknown,"WHSmith, High Street, Chelmsford"
Epping,whsmith,,unknown,"WHSmith, High Street, Epping"
Loughton,whsmith,,unknown,"WHSmith, Centric Parade, Loughton"
Maldon,whsmith,,unknown,"WHSmith, High Street, Maldon"
Clacton-On-Sea,whsmith,,unknown,"WHSmith, Pier Avenue, Clacton On Sea"
Brentwood,whsmith,,unknown,"WHSmith, Baytree Shopping Centre, Brentwood"
Billericay,whsmith,,unknown,"WHSmith, High Street, Billericay"
Ilford,whsmith,,unknown,"WHSmith, The Exchange, Ilford"
Wickford,whsmith,,unknown,"WHSmith, High Street, Wickford"
Upminster,whsmith,,unknown,"WHSmith, Upminster Railway Station, London"
Basildon,whsmith,,unknown,"WHSmith, Town Square, Basildon"
Southend,whsmith,,unknown,"WHSmith, Airside, Southend Airport "
Grays,whsmith,,unknown,"WHSmith, The Lakeside Shopping Centre, Grays"
Southend-On-Sea,whsmith,,unknown,"WHSmith, High Street, Southend"
ESSEX,williamhill_gb,,unknown,William Hill
Braintree,wolseley_gb,,unknown,Braintree
Harlow,wolseley_gb,,unknown,Harlow Burnt Mills
Chelmsford,wolseley_gb,,unknown,Chelmsford
Basildon,wrenkitchens_gb,,unknown,Basildon showroom
Chelmsford,wrenkitchens_gb,,unknown,Chelmsford showroom
Colchester,wrenkitchens_gb,,unknown,Colchester showroom
Harlow,wrenkitchens_gb,,unknown,Harlow showroom
Southend,wrenkitchens_gb,,unknown,Southend showroom
Thurrock,wrenkitchens_gb,,unknown,Lakeside showroom
