Ref,Spider,Name,Address,City,State,Zipcode,Country,Phone,Website,Hours,Brand,WikiData
https://local.pharmacy.albertsons.com/#12060200,albertsons,Albertsons Pharmacy,,Las Vegas,NV,,US,+1 702-670-4960,https://local.pharmacy.albertsons.com/nv/las-vegas/6730-n-hualapai-way.html,,Albertsons,Q2831861
https://local.albertsons.com/#12060137,albertsons,Albertsons,,Las Vegas,NV,,US,+1 702-670-4942,https://local.albertsons.com/nv/las-vegas/6730-n-hualapai-way.html,,Albertsons,Q2831861
16442,asics_us,Red Rock Running Company,"7930 W. Tropical Parkway, Suite 150",Las Vegas,NV,,US,+1 702-870-4786,,Mo-Sa 10:00-19:00; Su 12:00-17:00,asics,Q327247
https://locations.atipt.com/las-vegas-nv-physical-therapy,ati_physical_therapy,ATI Physical Therapy Las Vegas 7182,,Las Vegas,NV,,US,+1 702-826-5749,https://locations.atipt.com/las-vegas-nv-physical-therapy,,ATI Physical Therapy,Q50039703
81557,att_us,LV GATEWAY - S326,,Las Vegas,NV,,US,+1 702-645-0129,https://www.att.com/stores/nevada/las-vegas/81557,Mo-Fr 10:00-20:00; Sa 09:00-20:00; Su 10:00-18:00,AT&T,Q298594
4434,autozone_us,AutoZone Auto Parts Las Vegas,,Las Vegas,NV,,US,+1 725-726-9728,https://www.autozone.com/locations/nv/las-vegas/9885-w-deer-springs-way.html,Mo-Su 07:30-21:00,AutoZone,Q4826087
https://www.banfield.com/locations/veterinarians/nv/las-vegas/lvd,banfield_pet_hospital,Las Vegas Durango,,Las Vegas,NV,,US,+1 702-307-2596,https://www.banfield.com/locations/veterinarians/nv/las-vegas/lvd,Mo-Sa 08:00-19:00; Su 08:00-17:00,Banfield Pet Hospital,Q2882416
https://locators.bankofamerica.com/nv/lasvegas/financial-centers-las-vegas-15652.html,bankofamerica,Bank of America Financial Center & Drive-Thru ATM | Deer Springs & Durango,,Las Vegas,NV,,US,+1 702-839-1433,https://locators.bankofamerica.com/nv/lasvegas/financial-centers-las-vegas-15652.html,Mo-Fr 09:00-17:00; Sa 09:00-14:00,Bank of America,Q487907
https://locators.bankofamerica.com/nv/lasvegas/atm-las-vegas-110385.html,bankofamerica,Bank of America Walk-Up ATM | Centennial Gateway,,Las Vegas,NV,,US,+1 844-401-8500,https://locators.bankofamerica.com/nv/lasvegas/atm-las-vegas-110385.html,,Bank of America,Q487907
BBW01730,bathandbodyworks_us,CENTENNIAL CENTER,,LAS VEGAS,NV,,US,+1 702-839-4041,,Mo-Sa 10:00-20:00; Su 11:00-18:00,Bath & Body Works,Q810773
532,batteriesplus,Batteries Plus,,Las Vegas,NV,,US,+1 702-665-4492,https://www.batteriesplus.com/store-locator/nv/lasvegas/batteries-plus-532,Mo-Fr 08:00-19:00; Sa 09:00-19:00; Su 10:00-17:00,Batteries Plus Bulbs,Q17005157
https://local.biglots.com/#13190274,biglots,Big Lots - Las Vegas: Centennial,,Las Vegas,NV,,US,+1 702-431-2770,https://local.biglots.com/nv/las-vegas/7781-w-tropical-pkwy,Mo-Sa 09:00-21:00; Su 09:00-19:00,Big Lots,Q4905973
189755,bluerhino,Lucky Spot,,Las Vegas,NV,,US,+1 702-685-7040,,,Blue Rhino,Q65681213
184140,bluerhino,Speedee Mart #125,,Las Vegas,NV,,US,+1 725-696-0222,,,Blue Rhino,Q65681213
87278,bluerhino,Smiths Food & Drug 332,,Las Vegas,NV,,US,+1 702-647-3566,,,Blue Rhino,Q65681213
150030,bluerhino,Smiths Food & Drug 332 - Fuel Site,,Las Vegas,NV,,US,+1 702-647-3566,,,Blue Rhino,Q65681213
155148,bluerhino,Walgreens #12539,,Las Vegas,NV,,US,+1 702-260-8242,,,Blue Rhino,Q65681213
156058,bluerhino,Walgreens #10782,,Las Vegas,NV,,US,+1 702-395-3282,,,Blue Rhino,Q65681213
15624,burgerking,Burger King,,Las Vegas,NV,,US,+1 702-458-1835,https://www.bk.com/store-locator/store/restaurant_9516,Mo-Su 06:00-22:00,Burger King,Q177054
1293,burlington_us,Burlington,,Las Vegas,NV,,US,+1 702-329-4308,https://stores.burlington.com/nv/las-vegas/1293,Mo-Th 09:00-22:00; Fr-Sa 09:00-23:30; Su 09:00-22:00,Burlington,Q4999220
81,cafe_zupas,Centennial,,Las Vegas,NV,,US,+1 702-560-6806,https://cafezupas.com/locationcopy/info/centennial,Mo-Th 10:00-21:00; Fr-Sa 10:00-22:00,Café Zupas,Q123687995
19350,camp_bow_wow,"Camp Bow Wow Centennial, NV",,Las Vegas,NV,,US,+1 725-222-7558,,,Camp Bow Wow,Q121322343
//locations.carters.com/nv/las-vegas/carters-las-vegas-centennial-nv,carters_us,Carter's Centennial,,Las Vegas,NV,,US,+1 702-515-0972,https://locations.carters.com/nv/las-vegas/carters-las-vegas-centennial-nv,Mo-Sa 10:00-19:00; Su 11:00-18:00,Carter's,Q5047083
2041397,chase_us,Durango and Dorrell - New branch,,Las Vegas,NV,,US,+1 702-839-0071,https://locator.chase.com/nv/las-vegas/7000-n-durango-dr,Mo-Fr 09:00-17:00; Sa 09:00-14:00,Chase,Q524629
380663,chevron,Chevron Station #380663,6890 HUALAPAI WAY,LAS VEGAS,NV,,US,+1 702-685-7040,,,Chevron,Q319642
379599,chevron,Chevron Station #379599,7560 OSO BLANCA ROAD,LAS VEGAS,NV,,US,+1 702-369-0904,,,Chevron,Q319642
nv_las-vegas_7170-n-durango-dr,chipotle, ,,Las Vegas,NV,,US,+1 702-656-9885,https://locations.chipotle.com/nv/las-vegas/7170-n-durango-dr,,Chipotle,Q465751
92484,citi,ATM Walgreens,,Las Vegas,NV,,US,,,,Citibank,Q857063
31901,citi,ATM 7ELEVEN-FCTI,,Las Vegas,NV,,US,,,,Citibank,Q857063
31894,citi,ATM 7ELEVEN-FCTI,,Las Vegas,NV,,US,,,,Citibank,Q857063
91867,citi,ATM Walgreens,,Las Vegas,NV,,US,,,,Citibank,Q857063
lasvegas/5941,claires,Shop Ear Piercings & Jewelry at Centennial Center,,LAS VEGAS,NV,,US,+1 702-645-6029,https://stores.claires.com/us/nv/lasvegas/5941.html,Mo-We 10:00-19:00; Th 09:00-19:00; Fr 07:00-19:00; Sa 10:00-19:00; Su 11:00-18:00,Claire's,Q2974996
20874,coldstone_creamery,Cold Stone Creamery,,Las Vegas,NV,,US,+1 702-685-4228,https://www.coldstonecreamery.com/stores/20874,,Cold Stone Creamery,Q1094923
13463063,daiso_us,Montecito Crossing,,Las Vegas,NV,,US,+1 725-485-3609,,Mo-Su 10:00-20:00,Daiso Japan,Q866991
327,daniels_jewelers_us,Centennial Centre,,Las Vegas,NV,,US,+1 725-212-4677,,Mo-Sa 11:00-19:00; Su 11:00-18:00,Daniel's Jewelers,Q120763875
7495,dominos_pizza_us,Domino's Pizza,,Las Vegas,NV,,US,+1 702-658-1181,https://pizza.dominos.com/nevada/las-vegas/6441-north-durango-drive-suite-110,Mo 11:00-24:00; Tu 10:00-24:00; We 11:00-24:00; Th 10:00-24:00; Fr 11:00-01:00; Sa 10:00-01:00; Su 10:00-24:00,Domino's,Q839466
350744,dunkin_us,Dunkin',,Las Vegas,NV,,US,+1 702-489-9461,https://locations.dunkindonuts.com/en/nv/las-vegas/6935-n-durango-dr/350744,Mo-Fr 04:30-20:00; Sa-Su 05:00-20:00,Dunkin',Q847743
DB329,dutchbros,DB LLC NV0304 Vegas Hualapai Way,,Las Vegas,NV,,US,,https://locations.dutchbros.com/dutch-bros-coffee-bc2f755758a9,Mo-Th 05:00-22:00; Fr-Sa 05:00-23:00; Su 05:00-22:00,Dutch Bros. Coffee,Q5317253
6770-n-durango-dr,einsteinbros,Durango Dr & Deer Springs Einstein Bros. Bagels,,Las Vegas,NV,,US,+1 702-655-6932,https://locations.einsteinbros.com/us/nv/las-vegas/6770-n-durango-dr,Mo-Fr 05:00-14:00; Sa-Su 06:00-14:00,Einstein Bros. Bagels,Q5349788
6043,elpolloloco,El Pollo Loco,,Las Vegas,NV,,US,+1 702-396-5101,,,El Pollo Loco,Q2353849
0249,european_wax_center_us,European Wax Center,,Las Vegas,NV,,US,+1 702-485-5700,https://locations.waxcenter.com/nv/lasvegas/las-vegas-centennial-hills-0249.html,Mo-Fr 08:00-20:00; Sa 08:00-18:00; Su 09:00-17:00,European Wax Center,Q5413426
7748,extra_space_storage,Las Vegas Self Storage at 7350 Oso Blanca Rd,,Las Vegas,NV,,US,+1 702-757-6052,https://www.extraspace.com/storage/facilities/us/nevada/las_vegas/7748/,Mo-Fr 09:30-18:00; Sa 09:00-17:30,Extra Space Storage,Q5422162
las-vegas-centennial,farmerboys,Las Vegas - W. Tropical Pkwy.,,Las Vegas ,NV,,US,+1 702-902-1900,https://www.farmerboys.com/locations/location-detail.php?loc=las-vegas-centennial,Mo-Su 06:00-22:00,Farmer Boys,Q5435711
355336,firestone_auto_care,Firestone Complete Auto Care,,Las Vegas,NV,,US,+1 702-726-9653,https://local.firestonecompleteautocare.com/nevada/las-vegas/6901-n-durango-dr/,,Firestone,Q420837
2022,first_cash,Cash America Pawn,,Las Vegas,NV,,US,+1 702-777-1011,,,Cash America,Q5048636
https://locations.fivebelow.com/nv/las-vegas/7971-w-tropical-pkwy,five_below,Five Below Centennial Center,,Las Vegas,NV,,US,,https://locations.fivebelow.com/nv/las-vegas/7971-w-tropical-pkwy,Mo-Sa 10:00-20:00; Su 11:00-18:00,Five Below,Q5455836
https://locations.fivebelow.com/nv/las-vegas/7060-north-durango-drive,five_below,Five Below Montecito Marketplace,,Las Vegas,NV,,US,,https://locations.fivebelow.com/nv/las-vegas/7060-north-durango-drive,Mo-Sa 10:00-20:00; Su 11:00-18:00,Five Below,Q5455836
5538,gamestop_us,Centennial Center,,LAS VEGAS,NV,,US,+1 702-395-3587,https://www.gamestop.com/search/?store=5538,Mo-Th 11:00-20:00; Fr-Sa 10:00-21:00; Su 12:00-20:00,GameStop,Q202210
eba68156-3641-e511-97d0-005056890337,goodwill,Goodwill Thrift Store and Donation Center - Centennial Hills,,Las Vegas,NV,,US,+1 702-214-2059,https://www.goodwill.org/locator/location/?store=ZWJhNjgxNTYtMzY0MS1lNTExLTk3ZDAtMDA1MDU2ODkwMzM3&lat=MzYuMjkxNQ==&lng=LTExNS4yODc3MQ==,,Goodwill,Q5583655
https://salons.greatclips.com/us/nv/las-vegas/7120-n-durango-dr,greatclips,Great Clips,,Las Vegas,NV,,US,+1 702-658-9000,https://salons.greatclips.com/us/nv/las-vegas/7120-n-durango-dr,Mo-Fr 10:00-19:00; Sa-Su 09:00-18:00,Great Clips,Q5598967
https://salons.greatclips.com/us/nv/las-vegas/6720-n-hualapai-way,greatclips,Great Clips,,Las Vegas,NV,,US,+1 702-655-0121,https://salons.greatclips.com/us/nv/las-vegas/6720-n-hualapai-way,Mo-Fr 08:00-21:00; Sa 08:00-19:00; Su 08:00-18:00,Great Clips,Q5598967
https://www.harborfreight.com/storelocator/5780-centennial-center-blvd-las-vegas-89149?number=3443,harborfreight,"Harbor Freight Tools Las Vegas Centennial Hills, NV",,Las Vegas,NV,,US,+1 702-850-6949,https://www.harborfreight.com/storelocator/5780-centennial-center-blvd-las-vegas-89149?number=3443,Mo-Sa 08:00-20:00; Su 09:00-18:00,Harbor Freight Tools,Q5654601
lasnwht-home2-suites-las-vegas-northwest,hilton,Home2 Suites by Hilton Las Vegas Northwest,,,NV,,US,+1 725-977-8906,https://www.hilton.com/ar/hotels/lasnwht-home2-suites-las-vegas-northwest/,,Home2 Suites by Hilton,Q5887912
1105,honey_baked,HoneyBaked of Las Vegas,,Las Vegas,NV,,US,+1 702-655-3079,https://www.honeybaked.com/stores/1105,,Honey Baked Ham,Q5893363
27849,h_r_block,H&R Block,,Las Vegas,NV,,US,+1 702-215-3131,https://www.hrblock.com/local-tax-offices/nevada/las-vegas/7991-w-tropical-pkwy/27849/,,H&R Block,Q5627799
64017,h_r_block,H&R Block,,Las Vegas,NV,,US,+1 702-396-7143,https://www.hrblock.com/local-tax-offices/nevada/las-vegas/montecito-marketplace/64017/,,H&R Block,Q5627799
nv_las-vegas_breakfast-5970-centennial-center-blvd-1617,ihop,IHOP Breakfast Restaurants Near You at 5970 Centennial Center Blvd,,Las Vegas,NV,,US,+1 702-515-1791,https://restaurants.ihop.com/en-us/nv/las-vegas/breakfast-5970-centennial-center-blvd-1617,,IHOP,Q1185675
204,innout,Las Vegas (Centennial),,Las Vegas,NV,,US,,http://locations.in-n-out.com/204,,In-N-Out Burger,Q1205312
https://office.jacksonhewitt.com/#27578108,jackson_hewitt,Jackson Hewitt,,Las Vegas,NV,,US,+1 702-444-3268,https://office.jacksonhewitt.com/tax-preparation-services-locations/en/nv/las-vegas/8060-west-tropical-pkwy/52884,Mo-Sa 11:00-19:00; Su 12:00-16:00,Jackson Hewitt,Q6117132
669,kohls_us,Kohl's,,Las Vegas,NV,,US,+1 702-655-2175,https://www.kohls.com/stores/nv/lasvegas-669.shtml,Mo-Sa 09:00-22:00; Su 09:00-21:00,Kohl's,Q967265
100823,little_free_library,NW Rural Preservation Area #100823 Las Vegas NV,,Las Vegas,NV,,US,,,,Little Free Library,Q6650101
84340,little_free_library,Chloe's Library #84340 Las Vegas NV,,Las Vegas,NV,,US,,,,Little Free Library,Q6650101
36545,little_free_library,Mary Killion #36545 Las Vegas NV,,Las Vegas,NV,,US,,,,Little Free Library,Q6650101
286231,marathon_petroleum_us,ARCO #42855 AMPM,,Las Vegas,NV,,US,+1 702-432-3006,,,Arco,Q304769
https://locations.massageenvy.com/#1774111,massage_envy,Massage Envy Centennial Hills M03-00167,,Las Vegas Las Vegas,NV,,US,+1 702-839-9997,https://locations.massageenvy.com/nevada/las-vegas/7140-n-durango-drive.html,Mo-Su 09:00-21:00,Massage Envy,Q10327170
https://locations.massageenvy.com/#1774018,massage_envy,Massage Envy Centennial Gateway M03-00185,,Las Vegas,NV,,US,+1 702-228-3689,https://locations.massageenvy.com/nevada/las-vegas/5643-centennial-center-blvd.html,Mo-Su 09:00-21:00,Massage Envy,Q10327170
https://locations.maurices.com/#11688908,maurices,maurices Centennial Center,,Las Vegas,NV,,US,+1 702-395-0588,https://locations.maurices.com/us/nv/las-vegas/7981-w-tropical-parkway,Mo-Fr 10:00-20:00; Sa 10:00-19:00; Su 11:00-18:00,maurices,Q6793571
5143127,mooyah,Las Vegas NV #308,"7080 N Durango Dr, Suite 150, Las Vegas, NV 89149, USA",Las Vegas,NV,,US,+1 702-268-7267,https://www.mooyah.com/locations/las-vegas-nv-308,Mo-Su 11:00-21:00,MOOYAH,Q6908759
NNA3912,nissan_europe,PLANET NISSAN,,LAS VEGAS,NV,,US,+1 702-876-8000,https://www.planet-nissan.com,Mo-Sa 09:00-21:00,Nissan,Q20165
https://locations.oreillyauto.com/nv/lasvegas/check-engine-light-testing-3565.html,oreilly,Your Las Vegas O'Reilly Auto Parts Store,,Las Vegas,NV,,US,+1 702-655-1679,https://locations.oreillyauto.com/nv/lasvegas/check-engine-light-testing-3565.html,Mo-Sa 07:30-22:00; Su 07:30-21:00,O'Reilly Auto Parts,Q7071951
https://locations.oreillyauto.com/nv/lasvegas/wiper-installation-3565.html,oreilly,Your Las Vegas O'Reilly Auto Parts Store,,Las Vegas,NV,,US,+1 702-655-1679,https://locations.oreillyauto.com/nv/lasvegas/wiper-installation-3565.html,Mo-Sa 07:30-22:00; Su 07:30-21:00,O'Reilly Auto Parts,Q7071951
https://locations.oreillyauto.com/nv/lasvegas/battery-testing-3565.html,oreilly,Your Las Vegas O'Reilly Auto Parts Store,,Las Vegas,NV,,US,+1 702-655-1679,https://locations.oreillyauto.com/nv/lasvegas/battery-testing-3565.html,Mo-Sa 07:30-22:00; Su 07:30-21:00,O'Reilly Auto Parts,Q7071951
https://locations.oreillyauto.com/nv/lasvegas/autopartes-3565.html,oreilly,Tu tienda O'Reilly Auto Parts en Las Vegas,,Las Vegas,NV,,US,+1 702-655-1679,https://locations.oreillyauto.com/nv/lasvegas/autopartes-3565.html,Mo-Sa 07:30-22:00; Su 07:30-21:00,O'Reilly Auto Parts,Q7071951
//locations.oshkosh.com/nv/las-vegas/oshkosh-las-vegas-centennial-nv,oshkosh_us,Oshkosh B'gosh Centennial,,Las Vegas,NV,,US,+1 702-515-0972,https://locations.oshkosh.com/nv/las-vegas/oshkosh-las-vegas-centennial-nv,Mo-Sa 10:00-19:00; Su 11:00-18:00,OshKosh B'gosh,Q1417347
112014,pandaexpress,Ann & I-95,,Las Vegas,NV,,US,+1 702-655-1637,https://www.pandaexpress.com/locations/nv/las-vegas/5620-centennial-center,Mo-Fr 09:00-22:00; Sa 09:30-22:30; Su 10:00-22:00,Panda Express,Q1358690
111651,pandaexpress,Montecito Crossings,,Las Vegas,NV,,US,+1 702-367-7868,https://www.pandaexpress.com/locations/nv/las-vegas/6630-n-durango-dr,Mo-Su 09:00-23:00,Panda Express,Q1358690
https://locations.papamurphys.com/#15430822,papamurphys,Pizza Takeout & Delivery,,Las Vegas,NV,,US,+1 702-268-8659,https://locations.papamurphys.com/nv/las-vegas/5655-centennial-center-blvd,Mo-Th 10:00-20:00; Fr-Sa 10:00-21:00; Su 10:00-20:00,Papa Murphy's,Q7132349
426,party_city,Centennial Gateway,,Las Vegas,NV,,US,+1 725-231-8645,https://stores.partycity.com/us/nv/lasvegas/party-store-pc426.html,,Party City,Q7140896
011726,penske,Storageone Rentals - Oso,,LAS VEGAS,NV,,US,+1 702-385-5400,https://www.pensketruckrental.com/locations/us/nevada/las_vegas/011726/,,Penske,Q81234570
https://stores.petco.com/#27960144,petco,Petco Centennial Hills,,Las Vegas,NV,,US,+1 702-395-1177,https://stores.petco.com/nv/lasvegas/pet-supplies-lasvegas-nv-1105.html,Mo-Sa 09:00-21:00; Su 10:00-19:00,Petco,Q7171798
0000893937,phillips_66_conoco_76,SPEEDEE MART 125,,LAS VEGAS,NV,,US,+1 725-696-0222,,,U76,Q1658320
nv_las-vegas_6894-n-hualapai-way,pizza_hut_us,6894 N Hualapai Way,,Las Vegas,NV,,US,+1 702-838-9011,https://locations.pizzahut.com/nv/las-vegas/6894-n-hualapai-way,,Pizza Hut,Q191615
restaurant_85086,popeyes_us_fr,Popeyes,"7065 North Durango Drive Las Vegas, Nevada 89149 - USA",Las Vegas,NV,,US,+1 702-645-0141,https://www.popeyes.com/store-locator/store/restaurant_85086,Mo-Su 10:00-21:00,Popeyes,Q1330910
home-depot-3305-14159,ppgpaints,HOME DEPOT 3305,,"Las Vegas, ",NV,,US,+1 702-839-5100,https://www.ppgpaints.com/store-locator/us/nevada/las-vegas-paint-stores/home-depot-3305-14159,,PPG Paints,Q83891559
https://www.publicstorage.com/self-storage-nv-las-vegas/5742.html,public_storage_us,Public Storage,,Las Vegas,NV,,US,+1 702-997-8576,https://www.publicstorage.com/self-storage-nv-las-vegas/5742.html,,Public Storage,Q1156045
542,ross_dress_for_less_us,Centennial Hill,,Las Vegas,NV,,US,+1 702-655-8444,,Mo-Th 09:00-22:00; Fr-Sa 09:00-22:30; Su 09:00-22:00,Ross Dress for Less,Q3442791
6257,sams_club,Las Vegas Sam's Club,,Las Vegas,NV,,US,+1 702-515-7200,https://www.samsclub.com/club/las-vegas-nv-sams-club/6257,Mo 10:00-20:00; Sa 09:00-20:00; Su 10:00-18:00,Sam's Club,Q1972120
41354,seven_eleven_ca_us,7-Eleven,,Las Vegas,NV,,US,+1 702-575-5227,https://www.7-eleven.com/locations/nv/las-vegas/6460-centennial-center-blvd-41354,,7-Eleven,Q259340
39138,seven_eleven_ca_us,7-11 Str   6446 N Durango Dr,,Las Vegas,NV,,US,+1 702-569-9543,https://www.7-eleven.com/locations/nv/las-vegas/6446-n-durango-dr-39138,,7-Eleven,Q259340
https://smashburger.com/locations/#64506674,smashburger,Smashburger,,Las Vegas,NV,,US,+1 702-462-5503,https://smashburger.com/locations/us/nv/las-vegas/5655-centennial-center-blvd,Mo-Th 10:00-22:00; Fr-Sa 10:00-23:00; Su 10:00-22:00,Smashburger,Q17061332
68,sola_salon_studios,Centennial - Ann & 95,,Las Vegas,NV,,US,+1 702-468-9529,https://www.solasalonstudios.com/locations/northwest-las-vegas-ann-95,,Sola Salon Studios,Q64337426
https://restaurants.subway.com/#14902113,subway,Subway,,Las Vegas Clark,NV,,US,+1 702-629-4952,https://restaurants.subway.com/united-states/nv/las-vegas/7171-n-hualapai-way,Mo-Fr 07:00-22:00; Sa-Su 08:00-22:00,Subway,Q244457
https://restaurants.subway.com/#14897504,subway,Subway Montecito Crossing,,Las Vegas Clark,NV,,US,+1 702-396-3272,https://restaurants.subway.com/united-states/nv/las-vegas/6770-durango-drive,,Subway,Q244457
https://www.sunautoservice.com/locations/nv/lasvegas/auto-repair-2055.html,sun_auto_service_us,Sun Auto Service,,Las Vegas,NV,,US,+1 702-216-6789,https://www.sunautoservice.com/locations/nv/lasvegas/auto-repair-2055.html,Mo-Fr 07:00-18:00; Sa 07:30-17:00,Sun Auto Service,Q118383798
83337,supercuts,Centennial Center,7920 W Tropical Pkwy Ste 140,Las Vegas,NV,,US,+1 702-515-0471,https://www.supercuts.com/checkin/83337,Mo-Sa 09:00-19:00; Su 10:00-18:00,Supercuts,Q7643239
https://locations.tacobell.com/#10769774,taco_bell,Taco Bell,,Las Vegas,NV,,US,+1 702-659-8616,https://locations.tacobell.com/nv/las-vegas/6898-n--hualapai-way.html,Mo-Th 07:00-03:00; Fr-Sa 07:00-04:00; Su 07:00-03:00,Taco Bell,Q752941
0281,tillys,Centennial Center,,Las Vegas,NV,,US,+1 702-529-0150,,Mo-Sa 10:00-09:00; Su 10:00-07:00,Tillys,Q7802889
081068,tjx,Las Vegas,7040 N. Durango,Las Vegas,NV,,US,+1 702-515-1120,,Mo-Sa 09:30-21:30; Su 10:00-20:00,TJ Maxx,Q10860683
28312,tjx,Las Vegas,7761 West Tropical Parkway,Las Vegas,NV,,US,+1 702-396-1901,,Mo-Sa 09:30-21:30; Su 10:00-20:00,HomeGoods,Q5887941
8065,tmobile_us,Durango & 215,,Las Vegas,NV,,US,+1 702-395-0413,https://www.t-mobile.com/store-locator/nv/las-vegas/durango-215,,T-Mobile,Q3511885
5B53,tmobile_us,Sam's Club Las Vegas NV,,Las Vegas,NV,,US,+1 702-401-8779,https://www.t-mobile.com/store-locator/nv/las-vegas/sams-club-las-vegas-nv,,T-Mobile,Q3511885
1204,total_wine_and_more_us,Las Vegas (Centennial),,Las Vegas,NV,,US,+1 702-515-1258,https://www.totalwine.com/store-info/1204,Mo-Th 08:00-22:00; Fr-Sa 08:00-23:00; Su 08:00-22:00,Total Wine & More,Q7828084
98,trader_joes_us,Trader Joe's Las Vegas - Centennial Hills (98),,Las Vegas,NV,,US,+1 702-396-3372,https://locations.traderjoes.com/nv/las-vegas/98/,Mo-Su 08:00-21:00,Trader Joe's,Q688825
lasvegas_oil-change-090100,valvoline_instant_oil_change,Valvoline,6050 Centennial Center Blvd ,Las Vegas,NV,,US,+1 702-395-3860,https://store.vioc.com/nv/lasvegas/oil-change-090100.html,,Valvoline Instant Oil Change,Q7912852
lasvegas_oil-change-090037,valvoline_instant_oil_change,Valvoline,7155 Grand Montecito Parkway ,Las Vegas,NV,,US,+1 702-395-3251,https://store.vioc.com/nv/lasvegas/oil-change-090037.html,,Valvoline Instant Oil Change,Q7912852
R00000251189,verizon_us,Centennial,,Las Vegas,NV,,US,+1 702-395-2211,https://www.verizon.com/stores/details/nevada/las-vegas/centennial-1071378/,Mo-Fr 10:00-20:00; Sa 09:00-19:00; Su 10:00-17:00,Verizon,Q919641
A00000163659,verizon_us,Victra Las Vegas N Durango Dr,,LAS VEGAS,NV,,US,+1 702-243-2601,https://www.verizon.com/stores/details/nevada/las-vegas/gowireless-las-vegas-n-durango-dr-1580922/,Mo-Fr 10:00-19:00; Sa 09:00-18:00; Su 12:00-17:00,Verizon,Q919641
,visa,,,LAS VEGAS,NV,,US,,,,,
,visa,,,LAS VEGAS,NV,,US,,,,,
,visa,,,LAS VEGAS,NV,,US,,,,,
,visa,,,LAS VEGAS,NV,,US,,,,,
,visa,,,LAS VEGAS,NV,,US,,,,,
,visa,,,LAS VEGAS,NV,,US,,,,,
,visa,,,LAS VEGAS,NV,,US,,,,,
,visa,,,LAS VEGAS,NV,,US,,,,,
,visa,,,LAS VEGAS,NV,,US,,,,,
,visa,,,LAS VEGAS,NV,,US,,,,,
,visa,,,LAS VEGAS,NV,,US,,,,,
,visa,,,LAS VEGAS,NV,,US,,,,,
,visa,,,LAS VEGAS,NV,,US,,,,,
,visa,,,LAS VEGAS,NV,,US,,,,,
,visa,,,LAS VEGAS,NV,,US,,,,,
,visa,,,LAS VEGAS,NV,,US,,,,,
,visa,,,LAS VEGAS,NV,,US,,,,,
,visa,,,LAS VEGAS,NV,,US,,,,,
,visa,,,LAS VEGAS,NV,,US,,,,,
,visa,,,LAS VEGAS,NV,,US,,,,,
,visa,,,LAS VEGAS,NV,,US,,,,,
,visa,,,LAS VEGAS,NV,,US,,,,,
,visa,,,LAS VEGAS,NV,,US,,,,,
,visa,,,LAS VEGAS,NV,,US,,,,,
,visa,,,LAS VEGAS,NV,,US,,,,,
,visa,,,LAS VEGAS,NV,,US,,,,,
,visa,,,LAS VEGAS,NV,,US,,,,,
,visa,,,LAS VEGAS,NV,,US,,,,,
,visa,,,LAS VEGAS,NV,,US,,,,,
,visa,,,LAS VEGAS,NV,,US,,,,,
,visa,,,LAS VEGAS,NV,,US,,,,,
,visa,,,LAS VEGAS,NV,,US,,,,,
,visa,,,LAS VEGAS,NV,,US,,,,,
,visa,,,LAS VEGAS,NV,,US,,,,,
,visa,,,LAS VEGAS,NV,,US,,,,,
,visa,,,LAS VEGAS,NV,,US,,,,,
,visa,,,LAS VEGAS,NV,,US,,,,,
,visa,,,LAS VEGAS,NV,,US,,,,,
,visa,,,LAS VEGAS,NV,,US,,,,,
,visa,,,LAS VEGAS,NV,,US,,,,,
,visa,,,LAS VEGAS,NV,,US,,,,,
,visa,,,LAS VEGAS,NV,,US,,,,,
,visa,,,LAS VEGAS,NV,,US,,,,,
,visa,,,LAS VEGAS,NV,,US,,,,,
,visa,,,LAS VEGAS,NV,,US,,,,,
,visa,,,LAS VEGAS,NV,,US,,,,,
,visa,,,LAS VEGAS,NV,,US,,,,,
,visa,,,LAS VEGAS,NV,,US,,,,,
,visa,,,LAS VEGAS,NV,,US,,,,,
,visa,,,LAS VEGAS,NV,,US,,,,,
1388,visionworks,Visionworks Centennial Center,,Las Vegas,NV,,US,+1 702-357-5684,https://locations.visionworks.com/ll/US/NV/Las-Vegas/7701-W-Tropical-Pkwy,Mo-Sa 10:00-18:30,Visionworks,Q5422607
https://locations.vitaminshoppe.com/nv/lasvegas/vitamins-supplements-las-vegas-nv-640.html,vitamin_shoppe,The Vitamin Shoppe® Durango,6640 N. Durango Drive ,Las Vegas,NV,,US,+1 702-396-1018,https://locations.vitaminshoppe.com/nv/lasvegas/vitamins-supplements-las-vegas-nv-640.html,Su 09:30-19:00; Mo 09:30-20:00; Tu 09:30-20:00; We 09:30-20:00; Th 09:30-20:00; Fr 09:30-20:00; Sa 09:00-20:00,The Vitamin Shoppe,Q7772938
https://www.walgreens.com/locator/walgreens-6825+n+durango+dr-las+vegas-nv-89149/id=12539,walgreens,Walgreens,,Las Vegas,NV,,US,+1 702-260-8242,https://www.walgreens.com/locator/walgreens-6825+n+durango+dr-las+vegas-nv-89149/id=12539,Mo-Su 07:00-23:00,Walgreens,Q1591889
https://www.walgreens.com/locator/walgreens-5610+centennial+center+blvd-las+vegas-nv-89149/id=10782,walgreens,Walgreens,,Las Vegas,NV,,US,+1 702-395-3282,https://www.walgreens.com/locator/walgreens-5610+centennial+center+blvd-las+vegas-nv-89149/id=10782,Mo-Su 08:00-21:00,Walgreens,Q1591889
7100__N__DURANGO__DR_LAS__VEGAS_NV_89149,wellsfargo,Wells Fargo,7100 N DURANGO DR,LAS VEGAS,NV,,US,+1 702-515-8560,https://www.wellsfargo.com/locator/bank/7100__N__DURANGO__DR_LAS__VEGAS_NV_89149/,Mo-Fr 09:00-17:00,Wells Fargo,Q744149
5960__CENTENNIAL__CENTER__BLVD_LAS__VEGAS_NV_89149,wellsfargo,Wells Fargo,5960 CENTENNIAL CENTER BLVD,LAS VEGAS,NV,,US,+1 702-839-7400,https://www.wellsfargo.com/locator/bank/5960__CENTENNIAL__CENTER__BLVD_LAS__VEGAS_NV_89149/,Mo-Fr 09:00-17:00,Wells Fargo,Q744149
e46c071447d5cb7ad049ae20517c5b1d,western_union,ALBERTSONS #3489,,Las Vegas,NV,,US,+1 702-670-4942,https://location.westernunion.com/us/nv/las-vegas/e46c071447d5cb7ad049ae20517c5b1d,Mo-Su 08:00-21:00,Western Union,Q861042
933969f29c1c8a2490f0996a481e3500,western_union,7-ELEVEN #39138,,Las Vegas,NV,,US,+1 702-569-9543,https://location.westernunion.com/us/nv/las-vegas/933969f29c1c8a2490f0996a481e3500,,Western Union,Q861042
4c39b6b5394f19e67e9a54b3b8003de1,western_union,WALMART #002884,,Las Vegas,NV,,US,+1 702-839-3620,https://location.westernunion.com/us/nv/las-vegas/4c39b6b5394f19e67e9a54b3b8003de1,Mo-Su 07:00-21:00,Western Union,Q861042
130868,wingstop,Wingstop Las Vegas W. Rome Blvd.,8675 W. Rome Blvd Ste 170,Las Vegas,NV,,US,+1 725-710-9464,,,Wingstop,Q8025339
