Ref,Spider,Name,Address,City,State,Zipcode,Country,Phone,Website,Hours,Brand,WikiData
7082,aaa,Milford Branch,,Milford,CT,,US,+1 203-283-8131,,,American Automobile Association,Q463436
https://stores.advanceautoparts.com/ct/milford/1422-boston-post-rd,advance_auto_parts_us,Advance Auto Parts,,Milford,CT,,US,+1 203-301-3305,https://stores.advanceautoparts.com/ct/milford/1422-boston-post-rd,Mo-Sa 07:30-21:00; Su 09:00-20:00,Advance Auto Parts,Q4686051
https://stores.aldi.us/#4421063,aldi_sud_us,ALDI  238 Boston Post Road,,Milford,CT,,US,+1 844-473-1067,https://stores.aldi.us/ct/milford/238-boston-post-road,"Mo-Su 08:30-20:00,09:00-20:00",ALDI,Q41171672
https://storelocations.ae.com/#1726127,american_eagle_outfitters,American Eagle Store Connecticut Post Mall,,Milford,CT,,US,+1 203-876-2347,https://storelocations.ae.com/us/ct/milford/1201-boston-post-road.html,Mo-Th 11:00-20:00; Fr-Sa 10:00-21:00; Su 11:00-18:00,American Eagle Store,Q2842931
9e1eae73-e11d-e611-80c5-005056aa8521,amf_bowling,Bowlero Milford,,Milford,CT,,US,+1 203-878-4658,https://www.bowlero.com/location/bowlero-milford,,Bowlero,Q17102967
https://stores.ashleyfurniture.com/store/us/connecticut/milford/9000794370/,ashley_furniture,"Ashley Store + Outlet Milford, CT",,Milford,CT,,US,+1 732-548-1200,https://stores.ashleyfurniture.com/store/us/connecticut/milford/9000794370/,,Ashley Furniture,Q4805437
12010,asics_us,DICK'S Sporting Goods  - Milford,1201 Boston Post Rd,Milford,CT,,US,+1 203-876-0477,,Mo-Sa 09:00-21:00; Su 10:00-19:00,asics,Q327247
42978,asics_us,REI - Milford,1587 Boston Post Rd,Milford,CT,,US,+1 203-783-0945,,Mo-Sa 10:00-20:00; Su 10:00-16:00,asics,Q327247
62107,asics_us,Finish Line,1201 Boston Post Rd,Milford,CT,,US,+1 203-878-0171,,,asics,Q327247
62108,asics_us,Bob's Stores Footwear & Apparel,195 Cherry St,Milford,CT,,US,+1 203-877-5000,,,asics,Q327247
9401,athleta,MILFORD MKTPLACE,,Milford,CT,,US,+1 203-701-6570,https://athleta.gap.com/stores/ct/milford/athleta-9401.html,Mo-Sa 10:00-18:00; Su 11:00-18:00,Athleta,Q105722424
1417,att_us,MILFORD STORE,,Milford,CT,,US,+1 203-301-6360,https://www.att.com/stores/connecticut/milford/1417,Mo-Sa 10:00-20:00; Su 11:00-18:00,AT&T,Q298594
81825,att_us,MILFORD MALL STORE,,Milford,CT,,US,+1 203-874-3000,https://www.att.com/stores/connecticut/milford/81825,Mo-Fr 11:00-20:00; Sa 10:00-21:00; Su 11:00-18:00,AT&T,Q298594
https://locations.auntieannes.com/#8804,auntie_annes,Auntie Anne's I-95 Service Plaza Milford SB,,Milford,CT,,US,+1 203-693-2004,https://locations.auntieannes.com/ct/milford/i-95-service-plaza-milford-sb,Mo-Su 10:00-20:00,Auntie Anne's,Q4822010
https://locations.auntieannes.com/#8765,auntie_annes,Auntie Anne's ,,Milford,CT,,US,+1 203-283-3399,https://locations.auntieannes.com/ct/milford/i-95-northbound-millford-turnpike-plaza,Mo-Su 11:00-19:00,Auntie Anne's,Q4822010
https://locations.auntieannes.com/#6035,auntie_annes,Auntie Anne's Connecticut Post Mall,,Milford,CT,,US,+1 203-283-9895,https://locations.auntieannes.com/ct/milford/1201-boston-post-road,Mo-Sa 11:00-19:00; Su 12:00-18:00,Auntie Anne's,Q4822010
3209,autozone_us,AutoZone Auto Parts Milford,,Milford,CT,,US,+1 203-882-1812,https://www.autozone.com/locations/ct/milford/875-bridgeport-ave.html,Mo-Sa 07:30-21:00; Su 08:00-20:00,AutoZone,Q4826087
https://locators.bankofamerica.com/ct/milford/financial-centers-milford-15742.html,bankofamerica,Bank of America Financial Center with Drive-Thru ATM & Teller Services | Post Center,,Milford,CT,,US,+1 203-878-5455,https://locators.bankofamerica.com/ct/milford/financial-centers-milford-15742.html,Mo-Fr 10:00-16:00,Bank of America,Q487907
https://locators.bankofamerica.com/ct/milford/financial-centers-milford-13410.html,bankofamerica,Bank of America Financial Center & Drive-Thru ATM | Milford Green,,Milford,CT,,US,+1 203-882-7030,https://locators.bankofamerica.com/ct/milford/financial-centers-milford-13410.html,Mo-Fr 10:00-16:00,Bank of America,Q487907
https://locators.bankofamerica.com/ct/milford/atm-milford-100101.html,bankofamerica,Bank of America Walk-Up ATM | Adams Iga Market,,Milford,CT,,US,+1 844-401-8500,https://locators.bankofamerica.com/ct/milford/atm-milford-100101.html,,Bank of America,Q487907
BBW00106,bathandbodyworks_us,CONNECTICUT POST MALL,,MILFORD,CT,,US,+1 203-882-8889,,Mo-Th 11:00-20:00; Fr-Sa 10:00-21:00; Su 11:00-18:00,Bath & Body Works,Q810773
https://local.biglots.com/#13190184,biglots,Big Lots - Milford,,Milford,CT,,US,+1 203-874-6326,https://local.biglots.com/ct/milford/56-turnpike-square,Mo-Sa 09:00-21:00; Su 09:00-19:00,Big Lots,Q4905973
151439,bluerhino,Walgreens #6503,,Milford,CT,,US,+1 203-876-7643,,,Blue Rhino,Q65681213
158529,bluerhino,Ocean State Job Lot # 315,,Milford,CT,,US,+1 203-878-9547,,,Blue Rhino,Q65681213
58671,bluerhino,Stop & Shop #647,,Milford,CT,,US,+1 203-876-0467,,,Blue Rhino,Q65681213
118696,bluerhino,Choe Food Mart,,Milford,CT,,US,+1 203-874-6803,,,Blue Rhino,Q65681213
72776,bluerhino,Cumberland Farms #4738,,Milford,CT,,US,+1 203-877-9302,,,Blue Rhino,Q65681213
98199,bluerhino,Walmart #5294,,Milford,CT,,US,+1 203-301-0559,,,Blue Rhino,Q65681213
157846,bluerhino,Stop & Shop #663 - Fuel Site,,Milford,CT,,US,+1 203-876-9815,,,Blue Rhino,Q65681213
58682,bluerhino,Stop & Shop #663,,Milford,CT,,US,+1 203-877-1841,,,Blue Rhino,Q65681213
103140,bluerhino,Lowe's #2658,,Milford,CT,,US,+1 203-701-3150,,,Blue Rhino,Q65681213
82826,bluerhino,Pilot Travel #255,,Milford,CT,,US,+1 203-876-1266,,,Blue Rhino,Q65681213
120362,bluerhino,Bozzuto's #425- Adams Supermarket,,Milford,CT,,US,+1 203-878-7363,,,Blue Rhino,Q65681213
//locations.carters.com/ct/milford/carters-milford-ct,carters_us,Carter's Milford,,Milford,CT,,US,+1 203-783-1218,https://locations.carters.com/ct/milford/carters-milford-ct,Mo-Sa 10:00-19:00; Su 11:00-18:00,Carter's,Q5047083
2038206,chase_us,Milford Ford St - New branch,,Milford,CT,,US,+1 203-878-4664,https://locator.chase.com/ct/milford/370-boston-post-rd,Mo-Fr 09:00-17:00; Sa 09:00-14:00,Chase,Q524629
2038194,chase_us,Milford - New branch,,Milford,CT,,US,+1 203-783-9812,https://locator.chase.com/ct/milford/1651-boston-post-rd,Mo-Fr 09:00-17:00,Chase,Q524629
001.005.0803,chilis,Milford,,Milford,CT,,US,+1 203-874-5140,https://www.chilis.com/locations/us/connecticut/milford/milford/,Mo-Th 11:00-23:00; Fr-Sa 11:00-24:00; Su 11:00-23:00,Chili's,Q1072948
ct_milford_1319-boston-post-rd,chipotle, ,,Milford,CT,,US,+1 203-877-1530,https://locations.chipotle.com/ct/milford/1319-boston-post-rd,,Chipotle,Q465751
ct-milford/cinemark-connecticut-post-14-and-imax,cinemark,Cinemark Connecticut Post 14 and IMAX,,Milford,CT,,US,+1 203-878-8037,https://www.cinemark.com/theatres/ct-milford/cinemark-connecticut-post-14-and-imax,,Cinemark,Q707530
17849,citi,I95 CT Turnpike NB Milford Exit 40,,Milford,CT,,US,,,,Citibank,Q857063
17851,citi,I95 CT Turnpike SB Milford Exit 41,,Milford,CT,,US,,,,Citibank,Q857063
45907,citi,ATM Costco,,Milford,CT,,US,,,,Citibank,Q857063
81475,citi,ATM Target,,Milford,CT,,US,,,,Citibank,Q857063
86619,citi,ATM Walgreens,,Milford,CT,,US,,,,Citibank,Q857063
53543,citi,ATM CVS,,Milford,CT,,US,,,,Citibank,Q857063
94405,citi,ATM Webster Bank,,Milford,CT,,US,,,,Citibank,Q857063
022724,citizens_us,Citizens Cherry St,,Milford,CT,,US,+1 203-301-5472,,Mo-Fr 09:00-16:00; Sa 09:00-12:00,Citizens,Q5122694
ATM-24,citizens_us,,,Milford,CT,,US,+1 203-301-5472,,24/7,Citizens,Q5122694
ATM-1398,citizens_us,,,Milford,CT,,US,,,,Citizens,Q5122694
ATM-1831,citizens_us,,,Milford,CT,,US,,,,Citizens,Q5122694
milford/5953,claires,Shop Ear Piercings & Jewelry at Wst-Connecticut Post,,MILFORD,CT,,US,+1 203-878-9432,https://stores.claires.com/us/ct/milford/5953.html,Mo-Th 11:00-20:00; Fr-Sa 10:00-21:00; Su 11:00-18:00,Claire's,Q2974996
520268,cumberland_farms_us,Cumberland Farms,,MILFORD,CT,,US,+1 203-877-9302,https://www.cumberlandfarms.com/find-us/generic-store-page/?id=004738,,Cumberland Farms,Q1143685
520454,cumberland_farms_us,Cumberland Farms,,MILFORD,CT,,US,+1 203-874-1300,https://www.cumberlandfarms.com/find-us/generic-store-page/?id=004756,,Cumberland Farms,Q1143685
17137,cvs_us,CVS Pharmacy,,Milford,CT,,US,+1 203-306-5064,https://www.cvs.com/store-locator/milford-ct-pharmacies/1191-boston-post-rd-milford-ct-06460/storeid=17137,"Mo-Fr 10:00-13:30,14:00-18:00; Sa 12:00-17:00",CVS Pharmacy,Q2078880
1241,cvs_us,CVS Pharmacy,,Milford,CT,,US,+1 203-877-8127,https://www.cvs.com/store-locator/milford-ct-pharmacies/734-bridgeport-ave-milford-ct-06460/storeid=1241,Mo-Sa 07:00-23:00; Su 08:00-22:00,CVS Pharmacy,Q2078880
71,cvs_us,CVS Pharmacy,,Milford,CT,,US,+1 203-783-9058,https://www.cvs.com/store-locator/milford-ct-pharmacies/989-boston-post-road-milford-ct-06460/storeid=71,Mo-Th 07:00-22:00; Fr-Sa 07:00-23:00; Su 08:00-22:00,CVS Pharmacy,Q2078880
282,dickssportinggoods,"DICK'S Sporting Goods Store in Milford, CT | 282",,Milford,CT,,US,+1 203-876-0477,https://stores.dickssportinggoods.com/ct/milford/282/,Mo-Sa 09:00-21:00; Su 10:00-19:00,Dick's Sporting Goods,Q5272601
8697,dollartree,DollarTree,,Milford,CT,,US,+1 203-701-5343,,Mo-Su 09:00-21:00,Dollar Tree,Q5289230
4025,dominos_pizza_us,Domino's Pizza,,Milford,CT,,US,+1 203-877-4040,https://pizza.dominos.com/connecticut/milford/57-turnpike-sq-plaza,Mo-Th 10:30-24:00; Fr-Sa 10:30-01:00; Su 10:30-24:00,Domino's,Q839466
304322,dunkin_us,Dunkin',,Milford,CT,,US,+1 203-874-9788,https://locations.dunkindonuts.com/en/ct/milford/1353-new-haven-ave/304322,Mo-Su 05:00-20:00,Dunkin',Q847743
310313,dunkin_us,Dunkin',,Milford,CT,,US,+1 203-878-3110,https://locations.dunkindonuts.com/en/ct/milford/214-woodmont-rd/310313,Mo-Su 05:00-20:00,Dunkin',Q847743
345455,dunkin_us,Dunkin',,Milford,CT,,US,+1 203-876-8600,https://locations.dunkindonuts.com/en/ct/milford/275-boston-post-rd/345455,Mo-Su 04:00-21:00,Dunkin',Q847743
356360,dunkin_us,Dunkin',,Milford,CT,,US,+1 203-882-8800,https://locations.dunkindonuts.com/en/ct/milford/364-bridgeport-avenue/356360,Mo-Su 04:00-20:00,Dunkin',Q847743
332403,dunkin_us,Dunkin',,Milford,CT,,US,+1 203-877-0480,https://locations.dunkindonuts.com/en/ct/milford/594-new-haven-ave/332403,Mo-Su 05:00-20:00,Dunkin',Q847743
338536,dunkin_us,Dunkin',,Milford,CT,,US,+1 203-878-8216,https://locations.dunkindonuts.com/en/ct/milford/859-boston-post-rd/338536,Mo-Su 05:00-20:00,Dunkin',Q847743
349418,dunkin_us,Dunkin',,Milford,CT,,US,+1 203-874-0237,https://locations.dunkindonuts.com/en/ct/milford/2-connecticut-tpke-w/349418,24/7,Dunkin',Q847743
349419,dunkin_us,Dunkin',,Milford,CT,,US,+1 203-874-0234,https://locations.dunkindonuts.com/en/ct/milford/1-connecticut-tpke-e/349419,24/7,Dunkin',Q847743
300284,dunkin_us,Dunkin',,Milford,CT,,US,+1 203-874-3189,https://locations.dunkindonuts.com/en/ct/milford/1338-boston-post-rd/300284,Mo-Su 05:00-20:00,Dunkin',Q847743
https://www.edwardjones.com/us-en/financial-advisor/jacquelyn-smith,edwardjones,Jacquelyn Smith,,Milford,CT,,US,+1 203-874-1262,https://www.edwardjones.com/us-en/financial-advisor/jacquelyn-smith,Mo-Fr 08:00-17:00,Edward Jones,Q5343830
520268,eg_america_us,Cumberland Farms,,MILFORD,CT,,US,+1 203-877-9302,https://www.cumberlandfarms.com/find-us/generic-store-page/?id=004738,,Cumberland Farms,Q1143685
520454,eg_america_us,Cumberland Farms,,MILFORD,CT,,US,+1 203-874-1300,https://www.cumberlandfarms.com/find-us/generic-store-page/?id=004756,,Cumberland Farms,Q1143685
E12439,enterprise,Milford Bridgeport Ave.,,Milford,CT,,US,+1 203-874-7440,,,Enterprise Rent-A-Car,Q17085454
E124CX,enterprise,Milford Boston Post Rd.,,Milford,CT,,US,+1 203-876-2620,,,Enterprise Rent-A-Car,Q17085454
1201-boston-post-rd,express,Connecticut Post,,Milford,CT,,US,+1 203-878-5567,https://stores.express.com/us/ct/milford/1201-boston-post-rd,Mo-Th 11:00-20:00; Fr-Sa 10:00-21:00; Su 11:00-18:00,Express,Q1384784
200321952,exxonmobil,BRIDGEPORT AVE GAS,,MILFORD,CT,,US,+1 203-283-5118,https://www.exxon.com/en/find-station/mobil-milford-ct-bridgeportavegas-200321952,Mo-Su 06:00-22:00,Mobil,Q109676002
200315079,exxonmobil,PLAINS ROAD MOBIL,,MILFORD,CT,,US,+1 860-928-1900,https://www.exxon.com/en/find-station/mobil-milford-ct-plainsroadmobil-200315079,Mo-Fr 06:00-00:00; Sa-Su 05:00-23:00,Mobil,Q109676002
200314218,exxonmobil,MILFORD TPKE W,,MILFORD,CT,,US,+1 203-245-8612,https://www.exxon.com/en/find-station/mobil-milford-ct-milfordtpkew-200314218,24/7,Mobil,Q109676002
200314217,exxonmobil,MILFORD TURNPIKE (E) MOBIL,,MILFORD,CT,,US,+1 203-874-0257,https://www.exxon.com/en/find-station/mobil-milford-ct-milfordturnpikeemobil-200314217,24/7,Mobil,Q109676002
200314214,exxonmobil,MILFORD BUCK STOP,,MILFORD,CT,,US,+1 203-878-2257,https://www.exxon.com/en/find-station/mobil-milford-ct-milfordbuckstop-200314214,24/7,Mobil,Q109676002
https://stores.finishline.com/ct/milford/connecticut-post-mall.html,finishline,Finish Line,,Milford,CT,,US,+1 203-878-0171,https://stores.finishline.com/ct/milford/connecticut-post-mall.html,Mo-Sa 11:00-19:00; Su 12:00-18:00,Finish Line,Q5450341
14281,firestone_auto_care,Firestone Complete Auto Care,,Milford,CT,,US,+1 203-951-3026,https://local.firestonecompleteautocare.com/connecticut/milford/1063-boston-post-rd/,,Firestone,Q420837
https://stores.footlocker.com/ct/milford/1201-boston-post-road-8480.html,footlocker,"Foot Locker in Milford: Milford, Connecticut | Approved | Own It",,Milford,CT,,US,+1 203-878-1858,https://stores.footlocker.com/ct/milford/1201-boston-post-road-8480.html,Mo-Th 11:00-20:00; Fr-Sa 10:00-21:00; Su 11:00-18:00,Foot Locker,Q63335
Motorcraft3531USAEnglish,ford,Stevens Ford Inc,,Connecticut,CT,,US,+1 203-876-6464,,,Ford,Q44294
Motorcraft3548USAEnglish,ford,Gabrielli Truck Sales of Milford,,Connecticut,CT,,US,+1 203-877-3281,,,Ford,Q44294
https://www.ford.com/dealerships/dealer-details/ct/milford/stevens-ford-inc/,ford_dealers_us,Stevens Ford Inc,,Milford,CT,,US,+1 203-951-5163,https://www.ford.com/dealerships/dealer-details/ct/milford/stevens-ford-inc/,Mo-Th 09:00-19:00; Fr 09:00-18:00; Sa 09:00-17:00; Su 11:00-16:00,Ford Motor Company,Q44294
https://www.ford.com/dealerships/dealer-details/ct/milford/gabrielli-truck-sales-of-milford/,ford_dealers_us,Gabrielli Truck Sales of Milford,,Milford,CT,,US,+1 203-877-3281,https://www.ford.com/dealerships/dealer-details/ct/milford/gabrielli-truck-sales-of-milford/,,Ford Motor Company,Q44294
https://locations.forever21.com/#35646987,forever21_us,Connecticut Post Mall,,Milford,CT,,US,+1 203-701-5349,https://locations.forever21.com/us/stores/ct/milford/1201-boston-post-rd,Mo-Fr 11:00-20:00; Sa 10:00-21:00; Su 11:00-18:00,Forever 21,Q1060537
4070,gamestop_us,Connecticut Post Mall,,MILFORD,CT,,US,+1 203-874-5057,https://www.gamestop.com/search/?store=4070,Mo-Th 11:00-20:00; Fr-Sa 10:00-21:00; Su 11:00-18:00,GameStop,Q202210
ee30972e-8d9b-e611-bbdb-005056890337,goodwill,Monroe Store ,,Monroe,CT,,US,+1 203-445-0884,https://www.goodwill.org/locator/location/?store=ZWUzMDk3MmUtOGQ5Yi1lNjExLWJiZGItMDA1MDU2ODkwMzM3&lat=NDEuMzAxNjk=&lng=LTczLjIyMzYy,,Goodwill,Q5583655
0e839d35-3fd3-e211-8d5d-0050568924e6,goodwill,Milford Store,,Milford,CT,,US,+1 203-878-6242,https://www.goodwill.org/locator/location/?store=MGU4MzlkMzUtM2ZkMy1lMjExLThkNWQtMDA1MDU2ODkyNGU2&lat=NDEuMjQ5Mg==&lng=LTczLjAyNDI1,,Goodwill,Q5583655
https://salons.greatclips.com/us/ct/milford/1379-new-haven-ave,greatclips,Great Clips,,Milford,CT,,US,+1 203-283-5442,https://salons.greatclips.com/us/ct/milford/1379-new-haven-ave,Mo-Fr 09:00-19:00; Sa 09:00-18:00; Su 09:00-17:00,Great Clips,Q5598967
3137,gulf_pr_us,305 MILFORD GULF,,Milford,CT,,US,+1 203-877-3004,https://www.gulfoil.com/305-milford-gulf,,Gulf Oil,Q5617505
US0112,hm,Connecticut Post Mall,,Milford,CT,,US,+1 855-466-7467,,Mo-Th 11:00-20:00; Fr-Sa 10:00-21:00; Su 11:00-18:00,H&M,Q188326
2620,honey_baked,HoneyBaked of Milford,,Milford,CT,,US,+1 203-874-4800,https://www.honeybaked.com/stores/2620,,Honey Baked Ham,Q5893363
7615,h_r_block,H&R Block,,Milford,CT,,US,+1 203-877-2882,https://www.hrblock.com/local-tax-offices/connecticut/milford/232-boston-post-rd/7615/,,H&R Block,Q5627799
Adam's IGA Supermarket #425,iga,Adam's IGA Supermarket #425,"1391 New Haven Ave., Milford, CT, 06460",Milford,CT,,US,+1 203-655-2077,http://www.adamssuperfood.com,,IGA,Q3146662
https://office.jacksonhewitt.com/#27578639,jackson_hewitt,Jackson Hewitt,,Milford,CT,,US,+1 203-533-4056,https://office.jacksonhewitt.com/tax-preparation-services-locations/en/ct/milford/1365-boston-post-road/55294,Mo-Sa 11:00-19:00; Su 12:00-16:00,Jackson Hewitt,Q6117132
https://stores.loft.com/ct/milford/1664-boston-post-road.html,loft_us,Loft,,Milford,CT,,US,+1 203-783-1979,https://stores.loft.com/ct/milford/1664-boston-post-road.html,,Loft,Q62075137
BDRRI,marriott,Residence Inn Milford,,Milford,CT,,US,+1 203-283-2100,https://www.marriott.com/BDRRI,,Residence Inn by Marriott,Q7315394
BDRSH,marriott,SpringHill Suites Milford,,Milford,CT,,US,+1 203-283-0200,https://www.marriott.com/BDRSH,,SpringHill Suites,Q7580351
https://locations.massageenvy.com/#1773580,massage_envy,Massage Envy Milford,,Milford Milford,CT,,US,+1 203-876-8900,https://locations.massageenvy.com/connecticut/milford/1640-boston-post-road.html,Mo-We 09:00-21:00; Th 09:00-20:00; Fr-Su 09:00-18:00,Massage Envy,Q10327170
16908,mattress_firm_us,Mattress Firm Direct Milford,,Milford,CT,,US,+1 203-783-1945,https://www.mattressfirm.com/en-us/stores/ct/milford/158009/,,Mattress Firm,Q6791878
https://locations.mtb.com/#3027926,mt_bank_us,M&T Bank,,,CT,,US,+1 203-783-4850,https://locations.mtb.com/ct/milford/bank-branches-and-atms-milford-ct-8309.html,Mo-Th 09:00-17:00; Fr 09:00-18:00; Sa 09:00-12:00,M&T Bank,Q3272257
https://locations.mtb.com/#3027864,mt_bank_us,M&T Bank,,,CT,,US,+1 203-877-8442,https://locations.mtb.com/ct/milford/bank-branches-and-atms-milford-ct-8253.html,Mo-Fr 09:00-17:00; Sa 09:00-12:00,M&T Bank,Q3272257
https://locations.mtb.com/#3027818,mt_bank_us,M&T Bank,,,CT,,US,+1 203-878-5199,https://locations.mtb.com/ct/milford/bank-branches-and-atms-milford-ct-8207.html,Mo-Th 09:00-17:00; Fr 09:00-18:00; Sa 09:00-12:00,M&T Bank,Q3272257
NNA06036,nissan_europe,NAPOLI NISSAN,,MILFORD,CT,,US,+1 203-877-5141,https://www.napolinissanct.com,Mo-Th 09:00-20:00; Fr 09:00-18:00; Sa 09:00-17:00; Su 11:00-16:00,Nissan,Q20165
1161,orangetheory_fitness,"Milford, CT",,Milford,CT,,US,+1 203-872-2876,,,Orangetheory Fitness,Q25005163
//locations.oshkosh.com/ct/milford/oshkosh-milford-ct,oshkosh_us,Oshkosh B'gosh Milford,,Milford,CT,,US,+1 203-783-1218,https://locations.oshkosh.com/ct/milford/oshkosh-milford-ct,Mo-Sa 10:00-19:00; Su 11:00-18:00,OshKosh B'gosh,Q1417347
255,pilot_flyingj,Pilot Travel Center,,Milford,CT,,US,+1 203-876-1266,https://locations.pilotflyingj.com/us/ct/milford/433-old-gate-lane,,Pilot,Q7194412
ct_milford_1201-boston-post-rd-ste-3000,pizza_hut_us,1201 Boston Post Rd  Ste. 3000,,Milford,CT,,US,,https://locations.pizzahut.com/ct/milford/1201-boston-post-rd-ste-3000,,Pizza Hut,Q191615
ct_milford_1191-boston-post-rd,pizza_hut_us,1191 Boston Post Rd.,,Milford,CT,,US,,https://locations.pizzahut.com/ct/milford/1191-boston-post-rd,,Pizza Hut,Q191615
restaurant_84477,popeyes_us_fr,Popeyes,"329 Old Gate Ln Milford, Connecticut 06460 - USA",Milford,CT,,US,+1 203-877-5200,https://www.popeyes.com/store-locator/store/restaurant_84477,Mo-Sa 10:00-22:00; Su 10:00-23:00,Popeyes,Q1330910
10367,rite_aid_us,Rite Aid #10367 Milford,,Milford,CT,,US,+1 203-874-0845,https://locations2.riteaid.com.yext-cdn.com/ct/milford/1387-new-haven-ave.html,Mo-Sa 08:00-21:00; Su 08:00-18:00,Rite Aid,Q3433273
1201-boston-post-rd,rue21,Westfield Connecticut Post Shopping Center,,Milford,CT,,US,,https://stores.rue21.com/ct/milford/1201-boston-post-rd.html,Mo-Th 11:00-20:00; Fr 11:00-21:00; Sa 10:00-21:00; Su 11:00-18:00,rue21,Q7377762
location-9044,sbarro,Milford I-95 North, CONNECTICUT TURNPIKE,MILFORD,CT,,US,,https://sbarro.com/locations/ct/milford/milford-i-95-north/,,Sbarro,Q2589409
327,shoprite,"ShopRite of Milford, CT",,Milford,CT,,US,+1 203-876-7868,https://www.shoprite.com/sm/planning/rsid/327,Mo-Su 07:00-22:00,ShopRite,Q7501097
5300122029016729772,sleep_number_us,Sleep Number,,Milford,CT,,US,,https://www.sleepnumber.com/stores/ct/milford/1615-boston-post-rd,Mo-Th 10:00-19:00; Fr-Sa 10:00-20:00; Su 11:00-19:00,Sleep Number,Q7447640
1371-boston-post-road,staples,"Staples Milford, CT",,Milford,CT,,US,,https://stores.staples.com/ct/milford/1371-boston-post-road,Mo-Fr 08:00-21:00; Sa 09:00-21:00; Su 10:00-19:00,Staples,Q785943
0647,stop_and_shop,Super Stop & Shop,855 Bridgeport Avenue,Milford,CT,,US,,,,Stop and Shop,Q3658429
0663,stop_and_shop,Super Stop & Shop,1360 East Town Road,Milford,CT,,US,,,,Stop and Shop,Q3658429
https://restaurants.subway.com/#14983959,subway,Subway Milford Southbound Service Pla,,Milford New Haven,CT,,US,+1 203-713-8002,https://restaurants.subway.com/united-states/ct/milford/i-95-west-southbound-2,Mo-Su 08:00-21:00,Subway,Q244457
https://restaurants.subway.com/#14911709,subway,Subway Adams Market Plaza,,Milford New Haven,CT,,US,+1 203-878-4059,https://restaurants.subway.com/united-states/ct/milford/1367-new-haven-ave,Mo-Su 08:00-21:00,Subway,Q244457
https://restaurants.subway.com/#14909015,subway,Subway Wal-Mart #5294,,Milford New Haven,CT,,US,+1 203-878-2221,https://restaurants.subway.com/united-states/ct/milford/1365-boston-post-road,Mo-Su 09:00-21:00,Subway,Q244457
https://restaurants.subway.com/#14893882,subway,Subway Liberty Rock Shopping Center,,Milford New Haven,CT,,US,+1 203-877-4082,https://restaurants.subway.com/united-states/ct/milford/609-bridgeport-ave,Mo-Sa 09:00-20:00; Su 10:00-20:00,Subway,Q244457
https://restaurants.subway.com/#14984028,subway,Subway Milford Northbound Service Pla,,Milford New Haven,CT,,US,+1 203-283-0732,https://restaurants.subway.com/united-states/ct/milford/i-95-east-northbound-1,Mo-Su 08:00-21:00,Subway,Q244457
https://restaurants.subway.com/#14896779,subway,Subway,,Milford New Haven,CT,,US,+1 203-878-2447,https://restaurants.subway.com/united-states/ct/milford/365-boston-post-rd,Mo-Fr 08:30-22:00; Sa 09:00-22:00; Su 10:00-21:00,Subway,Q244457
https://stores.sunglasshut.com/us/ct/milford/1201-boston-post-rd-6401,sunglass_hut_1,Sunglass Hut at Macy's,,Milford,CT,,US,+1 203-877-1250,https://stores.sunglasshut.com/us/ct/milford/1201-boston-post-rd-6401,Mo-Sa 10:00-21:00; Su 11:00-19:00,Sunglass Hut,Q136311
0549849800,sunoco_us,Sunoco,,MILFORD,CT,,US,+1 203-878-1660,,24/7,Sunoco,Q1423218
https://locations.tacobell.com/#6143053,taco_bell,Taco Bell,,Milford,CT,,US,+1 203-874-0630,https://locations.tacobell.com/ct/milford/543-bridgeport-ave.html,Mo-Th 07:00-02:00; Fr-Sa 07:00-03:00; Su 07:00-02:00,Taco Bell,Q752941
https://locations.tacobell.com/#6146245,taco_bell,Taco Bell,,Milford,CT,,US,+1 203-876-1627,https://locations.tacobell.com/ct/milford/1463-boston-post-rd.html,Mo-Th 07:00-01:00; Fr-Sa 07:00-02:00; Su 07:00-01:00,Taco Bell,Q752941
https://locations.tacobell.com/#23557822,taco_bell,Taco Bell,,Milford,CT,,US,+1 203-878-4019,https://locations.tacobell.com/ct/milford/1201-boston-post-rd.html,,Taco Bell,Q752941
0049,the_paper_store_us,The Paper Store,,Milford,CT,,US,+1 203-397-6799,https://locations.thepaperstore.com/milford-1660-boston-post-rd-06460-2776,Mo-Fr 10:00-19:00; Sa 09:00-19:00; Su 10:00-17:00,The Paper Store,Q65068381
28113,tjx,Milford,1391 Boston Post Rd,Milford,CT,,US,+1 203-878-1930,,Mo-Sa 09:30-21:30; Su 10:00-20:00,HomeGoods,Q5887941
10447,tjx,Milford,1413 Boston Post Road,Milford,CT,,US,+1 203-878-2382,,Mo-Sa 09:30-21:30; Su 10:00-20:00,Marshalls,Q15903261
1040,tmobile_us,Connecticut Post Mall,,Milford,CT,,US,+1 203-874-0534,https://www.t-mobile.com/store-locator/ct/milford/connecticut-post-mall,,T-Mobile,Q3511885
1503,total_wine_and_more_us,Milford,,Milford,CT,,US,+1 203-301-5035,https://www.totalwine.com/store-info/1503,Mo-Sa 08:00-22:00; Su 10:00-18:00,Total Wine & More,Q7828084
011266,uhaul,American Ladders And Scaffolds Inc,279 Woodmont Rd,Milford,CT,,US,+1 203-951-3121,,Mo-Fr 00:00-16:00,U-Haul,Q7862902
056516,uhaul,Hacienda Storage LLC,125 Old Gate Ln,Milford,CT,,US,+1 203-874-0372,,Mo-Fr 00:00-17:00; Sa 00:00-16:00; Su 00:00-15:00,U-Haul,Q7862902
0171,upsstore,Milford,167 Cherry St,Milford,CT,,US,+1 203-783-1876,https://locations.theupsstore.com/ct/milford/167-cherry-st,,UPS Store,Q7771029
1360778,usps,DEVON,,MILFORD,CT,,US,+1 203-876-6180,,"Mo-Fr 09:30-13:30,15:00-17:00",United States Postal Service,Q668687
1376769,usps,DOWNTOWN MILFORD,,MILFORD,CT,,US,+1 203-876-6180,,Mo-Fr 09:00-17:00,United States Postal Service,Q668687
1373103,usps,MILFORD,,MILFORD,CT,,US,+1 203-876-6180,,Mo-Fr 08:30-17:00; Sa 09:00-14:00,United States Postal Service,Q668687
0646000053,usps_collection_boxes,USPS COLLECTION BOX - BLUE BOX,70 TURNPIKE SQ,MILFORD,CT,,US,,,,United States Postal Service,Q668687
0646000044,usps_collection_boxes,USPS COLLECTION BOX - BLUE BOX,15 RESEARCH DR,MILFORD,CT,,US,,,,United States Postal Service,Q668687
0646000014,usps_collection_boxes,USPS COLLECTION BOX - BLUE BOX,1201 BOSTON POST RD,MILFORD,CT,,US,,,,United States Postal Service,Q668687
0646000071,usps_collection_boxes,USPS COLLECTION BOX - PO LOBBY,300 PEPES FARM RD,MILFORD,CT,,US,,,,United States Postal Service,Q668687
0646000010,usps_collection_boxes,USPS COLLECTION BOX - BLUE BOX,300 PEPES FARM RD,MILFORD,CT,,US,,,,United States Postal Service,Q668687
0646000056,usps_collection_boxes,USPS COLLECTION BOX - PO LOBBY,300 PEPES FARM RD,MILFORD,CT,,US,,,,United States Postal Service,Q668687
0646000062,usps_collection_boxes,USPS COLLECTION BOX - APC,300 PEPES FARM RD,MILFORD,CT,,US,,,,United States Postal Service,Q668687
0646000013,usps_collection_boxes,USPS COLLECTION BOX - BLUE BOX,215 CHERRY ST,MILFORD,CT,,US,,,,United States Postal Service,Q668687
0646000012,usps_collection_boxes,USPS COLLECTION BOX - BLUE BOX,167 CHERRY ST,MILFORD,CT,,US,,,,United States Postal Service,Q668687
0646000021,usps_collection_boxes,USPS COLLECTION BOX - BLUE BOX,587 NEW HAVEN AVE,MILFORD,CT,,US,,,,United States Postal Service,Q668687
0646000023,usps_collection_boxes,USPS COLLECTION BOX - BLUE BOX,714 BOSTON POST RD,MILFORD,CT,,US,,,,United States Postal Service,Q668687
0646000011,usps_collection_boxes,USPS COLLECTION BOX - BLUE BOX,51 CHERRY ST,MILFORD,CT,,US,,,,United States Postal Service,Q668687
0646000017,usps_collection_boxes,USPS COLLECTION BOX - BLUE BOX,1370 NEW HAVEN AVE,MILFORD,CT,,US,,,,United States Postal Service,Q668687
0646000045,usps_collection_boxes,USPS COLLECTION BOX - BLUE BOX,70 W RIVER ST,MILFORD,CT,,US,,,,United States Postal Service,Q668687
0646000072,usps_collection_boxes,USPS COLLECTION BOX - PO LOBBY,6 W RIVER ST,MILFORD,CT,,US,,,,United States Postal Service,Q668687
0646000001,usps_collection_boxes,USPS COLLECTION BOX - BLUE BOX,6 W RIVER ST,MILFORD,CT,,US,,,,United States Postal Service,Q668687
0646000057,usps_collection_boxes,USPS COLLECTION BOX - PO LOBBY,6 W RIVER ST,MILFORD,CT,,US,,,,United States Postal Service,Q668687
0646000007,usps_collection_boxes,USPS COLLECTION BOX - BLUE BOX,27 VILLAGE RD,MILFORD,CT,,US,,,,United States Postal Service,Q668687
0646000041,usps_collection_boxes,USPS COLLECTION BOX - BLUE BOX,7 JEPSON DR,MILFORD,CT,,US,,,,United States Postal Service,Q668687
0646000038,usps_collection_boxes,USPS COLLECTION BOX - BLUE BOX,100 BROAD ST,MILFORD,CT,,US,,,,United States Postal Service,Q668687
0646000050,usps_collection_boxes,USPS COLLECTION BOX - BLUE BOX,370 BOSTON POST RD,MILFORD,CT,,US,,,,United States Postal Service,Q668687
0646000040,usps_collection_boxes,USPS COLLECTION BOX - BLUE BOX,95 JEPSON DR,MILFORD,CT,,US,,,,United States Postal Service,Q668687
0646000039,usps_collection_boxes,USPS COLLECTION BOX - BLUE BOX,1 GOLDEN HILL ST,MILFORD,CT,,US,,,,United States Postal Service,Q668687
0646000047,usps_collection_boxes,USPS COLLECTION BOX - BLUE BOX,2044 BRIDGEPORT AVE,MILFORD,CT,,US,,,,United States Postal Service,Q668687
0646000034,usps_collection_boxes,USPS COLLECTION BOX - BLUE BOX,2047 BRIDGEPORT AVE,MILFORD,CT,,US,,,,United States Postal Service,Q668687
0646000019,usps_collection_boxes,USPS COLLECTION BOX - BLUE BOX,234 MELBA ST,MILFORD,CT,,US,,,,United States Postal Service,Q668687
0646000033,usps_collection_boxes,USPS COLLECTION BOX - BLUE BOX,949 BRIDGEPORT AVE,MILFORD,CT,,US,,,,United States Postal Service,Q668687
0646000061,usps_collection_boxes,USPS COLLECTION BOX - BLUE BOX,265 BIC DR,MILFORD,CT,,US,,,,United States Postal Service,Q668687
0646000032,usps_collection_boxes,USPS COLLECTION BOX - BLUE BOX,565 BRIDGEPORT AVE,MILFORD,CT,,US,,,,United States Postal Service,Q668687
0646000030,usps_collection_boxes,USPS COLLECTION BOX - BLUE BOX,100 VISCOUNT DR,MILFORD,CT,,US,,,,United States Postal Service,Q668687
0646000070,usps_collection_boxes,USPS COLLECTION BOX - PO LOBBY,548 NAUGATUCK AVE STE 1,MILFORD,CT,,US,,,,United States Postal Service,Q668687
0646000076,usps_collection_boxes,USPS COLLECTION BOX - BLUE BOX,548 NAUGATUCK AVE,MILFORD,CT,,US,,,,United States Postal Service,Q668687
milford_oil-change-ae1424,valvoline_instant_oil_change,Valvoline,826 Bridgeport Avenue ,Milford,CT,,US,+1 203-877-5883,https://store.vioc.com/ct/milford/oil-change-ae1424.html,,Valvoline Instant Oil Change,Q7912852
https://vcahospitals.com/baybrook,vca,VCA Baybrook Animal Hospital,,Milford,CT,,US,+1 203-882-8600,https://vcahospitals.com/baybrook,Mo-Fr 08:00-18:00; Sa 08:00-14:00,VCA,Q7906620
R00000253320,verizon_us,Milford,,Milford,CT,,US,+1 203-795-6259,https://www.verizon.com/stores/details/connecticut/milford/milford-1182134/,Mo-Sa 09:00-19:00; Su 10:00-17:00,Verizon,Q919641
,visa,,,MILFORD,CT,,US,,,,,
,visa,,,MILFORD,CT,,US,,,,,
,visa,,,MILFORD,CT,,US,,,,,
,visa,,,MILFORD,CT,,US,,,,,
,visa,,,MILFORD,CT,,US,,,,,
,visa,,,MILFORD,CT,,US,,,,,
,visa,,,MILFORD,CT,,US,,,,,
,visa,,,MILFORD,CT,,US,,,,,
,visa,,,MILFORD,CT,,US,,,,,
,visa,,,MILFORD,CT,,US,,,,,
,visa,,,MILFORD,CT,,US,,,,,
,visa,,,MILFORD,CT,,US,,,,,
,visa,,,MILFORD,CT,,US,,,,,
,visa,,,MILFORD,CT,,US,,,,,
,visa,,,MILFORD,CT,,US,,,,,
,visa,,,MILFORD,CT,,US,,,,,
,visa,,,MILFORD,CT,,US,,,,,
,visa,,,MILFORD,CT,,US,,,,,
,visa,,,MILFORD,CT,,US,,,,,
,visa,,,MILFORD,CT,,US,,,,,
,visa,,,MILFORD,CT,,US,,,,,
,visa,,,MILFORD,CT,,US,,,,,
,visa,,,MILFORD,CT,,US,,,,,
,visa,,,MILFORD,CT,,US,,,,,
,visa,,,MILFORD,CT,,US,,,,,
,visa,,,MILFORD,CT,,US,,,,,
,visa,,,MILFORD,CT,,US,,,,,
,visa,,,MILFORD,CT,,US,,,,,
https://locations.vitaminshoppe.com/ct/milford/vitamins-supplements-milford-ct-86.html,vitamin_shoppe,The Vitamin Shoppe® Milford ,1260-1270 Boston Post Rd ,Milford,CT,,US,+1 203-882-9231,https://locations.vitaminshoppe.com/ct/milford/vitamins-supplements-milford-ct-86.html,Su 10:00-19:00; Mo 09:30-20:30; Tu 09:30-20:30; We 09:30-20:30; Th 09:30-20:30; Fr 09:30-20:30; Sa 09:00-21:00,The Vitamin Shoppe,Q7772938
https://www.walgreens.com/locator/walgreens-541+bridgeport+ave-milford-ct-06460/id=6503,walgreens,Walgreens,,Milford,CT,,US,+1 203-876-7643,https://www.walgreens.com/locator/walgreens-541+bridgeport+ave-milford-ct-06460/id=6503,Mo-Su 07:00-23:00,Walgreens,Q1591889
https://www.walgreens.com/locator/walgreens-1083+boston+post+rd-milford-ct-06460/id=1451,walgreens,Walgreens,,Milford,CT,,US,+1 203-878-7265,https://www.walgreens.com/locator/walgreens-1083+boston+post+rd-milford-ct-06460/id=1451,Mo-Su 09:00-21:00,Walgreens,Q1591889
215__CHERRY__ST_MILFORD_CT_06460,wellsfargo,Wells Fargo,215 CHERRY ST,MILFORD,CT,,US,+1 203-878-6328,https://www.wellsfargo.com/locator/bank/215__CHERRY__ST_MILFORD_CT_06460/,Mo-Fr 09:00-17:00,Wells Fargo,Q744149
https://locations.wendys.com/#9254117,wendys,"Wendy's Milford I in Milford, CT",,Milford,CT,,US,+1 203-874-9556,https://locations.wendys.com/united-states/ct/milford/718-bridgeport-avenue,"Mo-Su 06:30-10:30,07:00-22:00",Wendy's,Q550258
https://locations.wendys.com/#9254116,wendys,"Wendy's Milford in Milford, CT",,Milford,CT,,US,+1 203-876-9428,https://locations.wendys.com/united-states/ct/milford/433-old-gate-lane,Mo-Su 05:00-10:30,Wendy's,Q550258
03e86b33071c6125a900ac949e688c40,western_union,BIG Y WORLD CLASS SUPERMAR#121,,Milford,CT,,US,+1 203-701-5013,https://location.westernunion.com/us/ct/milford/03e86b33071c6125a900ac949e688c40,Mo-Su 07:00-20:00,Western Union,Q861042
64638bf6b9df22627607f02e0f7d976b,western_union,7-ELEVEN #24840,,Milford,CT,,US,+1 203-878-7271,https://location.westernunion.com/us/ct/milford/64638bf6b9df22627607f02e0f7d976b,,Western Union,Q861042
bb3e2c7ac191e80aa4d184bfbcde385c,western_union,WALMART #005294,,Milford,CT,,US,+1 203-301-0559,https://location.westernunion.com/us/ct/milford/bb3e2c7ac191e80aa4d184bfbcde385c,Mo-Su 07:00-21:00,Western Union,Q861042
milford,whole_foods,Milford,1686 Boston Post Road,Milford,CT,,US,+1 203-874-0883,https://www.wholefoodsmarket.com/stores/milford,Mo-Su 08:00-21:00,Whole Foods,Q1809448
33,windsor_us,Connecticut Post Mall,,Milford,CT,,US,+1 203-647-1550,https://www.windsorstore.com/pages/ct-milford-connecticut-post-mall,,Windsor,Q72981668
