Ref,Spider,Name,Address,City,State,Zipcode,Country,Phone,Website,Hours,Brand,WikiData
36ddb33f-0d25-4b58-a0b4-d4722c613faf,cintas,"Manchester, NH","79 Dow St , Bow, NH 03304",Merrimack County,NH,,US,+1 603-717-7300,,Mo-Fr 08:00-17:00,Cintas,Q1092571
9c07b8f9-1fe3-4be5-8060-866c885d67f8,cintas,"Manchester, NH","324 Taylor Street , Manchester, NH 03103",Hillsborough County,NH,,US,+1 603-625-9722,,Mo-Fr 08:00-17:00,Cintas,Q1092571
4707235,circle_k,Circle K,,PORTSMOUTH,NH,,US,,https://www.circlek.com/store-locator/US/portsmouth/2470-lafayette-rd/4707235,,Circle K,Q3268010
4707223,circle_k,Circle K,,NORTH HAMPTON,NH,,US,,https://www.circlek.com/store-locator/US/north-hampton/73-lafayette-rd/4707223,,Circle K,Q3268010
4707264,circle_k,,,DOVER,NH,,US,,https://www.circlek.com/store-locator/US/dover/30-dover-point-rd/4707264,,Circle K,Q3268010
4707231,circle_k,Circle K,,SEABROOK,NH,,US,,https://www.circlek.com/store-locator/US/seabrook/361-lafayette-rd/4707231,,Circle K,Q3268010
4707225,circle_k,Circle K,,SOMERSWORTH,NH,,US,,https://www.circlek.com/store-locator/US/somersworth/425-high-st/4707225,,Circle K,Q3268010
4707226,circle_k,Circle K,,DOVER,NH,,US,,https://www.circlek.com/store-locator/US/dover/165-knox-marsh-rd/4707226,,Circle K,Q3268010
4707241,circle_k,Circle K,,DURHAM,NH,,US,,https://www.circlek.com/store-locator/US/durham/4a-dover-rd/4707241,,Circle K,Q3268010
4707265,circle_k,Circle K,,STRATHAM,NH,,US,,https://www.circlek.com/store-locator/US/stratham/44-portsmouth-ave/4707265,,Circle K,Q3268010
4707232,circle_k,Circle K,,STRATHAM,NH,,US,,https://www.circlek.com/store-locator/US/stratham/2-stratham-heights-rd/4707232,,Circle K,Q3268010
4707267,circle_k,Circle K,,NEWFIELDS,NH,,US,,https://www.circlek.com/store-locator/US/newfields/31-rt-108/4707267,,Circle K,Q3268010
4707228,circle_k,Circle K,,NEWMARKET,NH,,US,,https://www.circlek.com/store-locator/US/newmarket/78-exeter-rd/4707228,,Circle K,Q3268010
4707244,circle_k,Circle K,,ROCHESTER,NH,,US,,https://www.circlek.com/store-locator/US/rochester/357-gonic-rd/4707244,,Circle K,Q3268010
4707227,circle_k,Circle K,,BARRINGTON,NH,,US,,https://www.circlek.com/store-locator/US/barrington/580-franklin-pierce-hwy/4707227,,Circle K,Q3268010
4707216,circle_k,Circle K,,SANBORNVILLE,NH,,US,,https://www.circlek.com/store-locator/US/sanbornville/18-wakefield-rd/4707216,,Circle K,Q3268010
4707248,circle_k,Circle K,,FARMINGTON,NH,,US,,https://www.circlek.com/store-locator/US/farmington/449-nh-rt-11/4707248,,Circle K,Q3268010
4707206,circle_k,Circle K,,EPPING,NH,,US,,https://www.circlek.com/store-locator/US/epping/249-calef-hwy/4707206,,Circle K,Q3268010
4707213,circle_k,Circle K,,OSSIPEE,NH,,US,,https://www.circlek.com/store-locator/US/ossipee/885-rt-16/4707213,,Circle K,Q3268010
4707219,circle_k,Circle K,,CONWAY,NH,,US,,https://www.circlek.com/store-locator/US/conway/7-white-mountain-hwy/4707219,,Circle K,Q3268010
4707237,circle_k,Circle K,,NORTH CONWAY,NH,,US,,https://www.circlek.com/store-locator/US/north-conway/1500-white-mtn-hwy/4707237,,Circle K,Q3268010
4707209,circle_k,Circle K,,NORTHWOOD,NH,,US,,https://www.circlek.com/store-locator/US/northwood/185-1st-nh-tpke/4707209,,Circle K,Q3268010
4707212,circle_k,Circle K,,RAYMOND,NH,,US,,https://www.circlek.com/store-locator/US/raymond/49-rte-27/4707212,,Circle K,Q3268010
4707210,circle_k,Circle K,,GLEN,NH,,US,,https://www.circlek.com/store-locator/US/glen/1-us-rt-302/4707210,,Circle K,Q3268010
4707229,circle_k,Circle K,,BERLIN,NH,,US,,https://www.circlek.com/store-locator/US/berlin/83-pleasant-st/4707229,,Circle K,Q3268010
4707222,circle_k,Circle K,,BERLIN,NH,,US,,https://www.circlek.com/store-locator/US/berlin/318-glen-ave/4707222,,Circle K,Q3268010
4707217,circle_k,Circle K,,GORHAM,NH,,US,,https://www.circlek.com/store-locator/US/gorham/350-main-st/4707217,,Circle K,Q3268010
4707266,circle_k,Circle K,,HAMPSTEAD,NH,,US,,https://www.circlek.com/store-locator/US/hampstead/235-stage-rd/4707266,,Circle K,Q3268010
4707238,circle_k,Circle K,,SALEM,NH,,US,,https://www.circlek.com/store-locator/US/salem/238-n-broadway/4707238,,Circle K,Q3268010
4707234,circle_k,Circle K,,DERRY,NH,,US,,https://www.circlek.com/store-locator/US/derry/55-bypass-28/4707234,,Circle K,Q3268010
4707261,circle_k,Circle K,,HUDSON,NH,,US,,https://www.circlek.com/store-locator/US/hudson/329-derry-rd/4707261,,Circle K,Q3268010
4707260,circle_k,Circle K,,ALLENSTOWN,NH,,US,,https://www.circlek.com/store-locator/US/allenstown/24-allenstown-rd/4707260,,Circle K,Q3268010
4707262,circle_k,Circle K,,HOOKSETT,NH,,US,,https://www.circlek.com/store-locator/US/hooksett/6-bell-ave/4707262,,Circle K,Q3268010
4707242,circle_k,Circle K,,BELMONT,NH,,US,,https://www.circlek.com/store-locator/US/belmont/9-plummer-hill-rd/4707242,,Circle K,Q3268010
4707211,circle_k,Circle K,,LACONIA,NH,,US,,https://www.circlek.com/store-locator/US/laconia/535-union-ave/4707211,,Circle K,Q3268010
4707207,circle_k,Circle K,,HOOKSETT,NH,,US,,https://www.circlek.com/store-locator/US/hooksett/86-w-river-rd/4707207,,Circle K,Q3268010
4707203,circle_k,Circle K,,BELMONT,NH,,US,,https://www.circlek.com/store-locator/US/belmont/944-laconia-rd/4707203,,Circle K,Q3268010
4707259,circle_k,Circle K,,BEDFORD,NH,,US,,https://www.circlek.com/store-locator/US/bedford/4-technology-dr/4707259,,Circle K,Q3268010
4707258,circle_k,Circle K,,HOOKSETT,NH,,US,,https://www.circlek.com/store-locator/US/hooksett/28-w-river-rd/4707258,,Circle K,Q3268010
4707243,circle_k,,,MEREDITH,NH,,US,,https://www.circlek.com/store-locator/US/meredith/81-nh-rt-25/4707243,,Circle K,Q3268010
4707215,circle_k,Circle K,,CONCORD,NH,,US,,https://www.circlek.com/store-locator/US/concord/231-louden-rd/4707215,,Circle K,Q3268010
2656123,circle_k,Circle K,,MERRIMACK,NH,,US,,https://www.circlek.com/store-locator/US/merrimack/468-daniel-webster-hwy/2656123,,Circle K,Q3268010
4707263,circle_k,Circle K,,BEDFORD,NH,,US,,https://www.circlek.com/store-locator/US/bedford/8-white-ave/4707263,,Circle K,Q3268010
4707214,circle_k,Circle K,,BOW,NH,,US,,https://www.circlek.com/store-locator/US/bow/500-rt-3a/4707214,,Circle K,Q3268010
4707233,circle_k,Circle K,,GOFFSTOWN,NH,,US,,https://www.circlek.com/store-locator/US/goffstown/277-mast-rd/4707233,,Circle K,Q3268010
4707201,circle_k,Circle K,,CONCORD,NH,,US,,https://www.circlek.com/store-locator/US/concord/190-pleasant-st/4707201,,Circle K,Q3268010
4707224,circle_k,Circle K,,TILTON,NH,,US,,https://www.circlek.com/store-locator/US/tilton/90-laconia-rd/4707224,,Circle K,Q3268010
4707202,circle_k,Circle K,,CONCORD,NH,,US,,https://www.circlek.com/store-locator/US/concord/114-fisherville-rd/4707202,,Circle K,Q3268010
4707270,circle_k,Circle K,,FRANKLIN,NH,,US,,https://www.circlek.com/store-locator/US/franklin/901-central-st/4707270,,Circle K,Q3268010
4707208,circle_k,Circle K,,NEW HAMPTON,NH,,US,,https://www.circlek.com/store-locator/US/new-hampton/290-route-104/4707208,,Circle K,Q3268010
4707218,circle_k,Circle K,,ASHLAND,NH,,US,,https://www.circlek.com/store-locator/US/ashland/19-west-st/4707218,,Circle K,Q3268010
4707205,circle_k,Circle K,,BETHLEHEM,NH,,US,,https://www.circlek.com/store-locator/US/bethlehem/2164-main-st/4707205,,Circle K,Q3268010
4707220,circle_k,Circle K,,HOLDERNESS,NH,,US,,https://www.circlek.com/store-locator/US/holderness/95-nh-rt-175a/4707220,,Circle K,Q3268010
4707236,circle_k,Circle K,,MILFORD,NH,,US,,https://www.circlek.com/store-locator/US/milford/800-elm-st/4707236,,Circle K,Q3268010
4707221,circle_k,Circle K,,LITTLETON,NH,,US,,https://www.circlek.com/store-locator/US/littleton/336-cottage-st/4707221,,Circle K,Q3268010
4707239,circle_k,Circle K,,WARNER,NH,,US,,https://www.circlek.com/store-locator/US/warner/5-nichols-mill-ln/4707239,,Circle K,Q3268010
4707247,circle_k,Circle K,,ANDOVER,NH,,US,,https://www.circlek.com/store-locator/US/andover/718-main-st/4707247,,Circle K,Q3268010
4707230,circle_k,Circle K,,HILLSBOROUGH,NH,,US,,https://www.circlek.com/store-locator/US/hillsborough/295-w-main-st/4707230,,Circle K,Q3268010
2656285,circle_k,Circle K,,JAFFREY,NH,,US,,https://www.circlek.com/store-locator/US/jaffrey/62-river-st/2656285,,Circle K,Q3268010
4707240,circle_k,Circle K,,GRANTHAM,NH,,US,,https://www.circlek.com/store-locator/US/grantham/84-sawyer-brook-plz/4707240,,Circle K,Q3268010
4707204,circle_k,Circle K,,NEWPORT,NH,,US,,https://www.circlek.com/store-locator/US/newport/27-s-main-st/4707204,,Circle K,Q3268010
4707245,circle_k,Circle K,,HANOVER,NH,,US,,https://www.circlek.com/store-locator/US/hanover/73-main-st/4707245,,Circle K,Q3268010
4707257,circle_k,Circle K,,KEENE,NH,,US,,https://www.circlek.com/store-locator/US/keene/410-west-st/4707257,,Circle K,Q3268010
4707404,circle_k,Circle K,,SPRINGFIELD,NH,,US,,https://www.circlek.com/store-locator/US/springfield/14-missing-link-rd/4707404,,Circle K,Q3268010
nashua/5871,claires,Shop Ear Piercings & Jewelry at Pheasant Lane Mall,,NASHUA,NH,,US,+1 603-888-5138,https://stores.claires.com/us/nh/nashua/5871.html,Mo-Th 10:00-20:00; Fr-Sa 10:00-21:00; Su 11:00-18:00,Claire's,Q2974996
688RhW31FTXIWhiUrxgtQU,costa_coffee,Manchester - Boston Regional Airport,"1 Airport Road Manchester, NH 03103",,NH,,US,,,24/7,Smart Café,Q117448428
9b799630-2ef7-11ed-bf09-719ba2d0f459:Store,crumbl_cookies_us,Concord,"98 Fort Eddy Rd, Concord, New Hampshire 03301",,NH,,US,+1 603-602-8482,https://crumblcookies.com/nhconcord,Mo-Sa 08:00-22:00,Crumbl Cookies,Q106924414
4f5a98c0-5c18-11eb-bfcb-f57d12d60953:Store,crumbl_cookies_us,Nashua,"256A Daniel Webster Hwy, Nashua, New Hampshire 03060",,NH,,US,+1 603-821-0889,https://crumblcookies.com/nhnashua,Mo-Th 08:00-22:00,Crumbl Cookies,Q106924414
585c2890-ec22-11eb-aecc-35b416ffa504:Store,crumbl_cookies_us,North Nashua,"2 Cellu Dr, unit 101, Nashua, New Hampshire 03063",,NH,,US,+1 603-821-0058,https://crumblcookies.com/northnashua,Mo-Th 08:00-22:00,Crumbl Cookies,Q106924414
8827d3f0-ca2e-11eb-abcc-2174c788a267:Store,crumbl_cookies_us,Portsmouth,"45 Gosling Rd STE 5c, Newington, New Hampshire 03801",,NH,,US,+1 603-617-3338,https://crumblcookies.com/nhportsmouth,Mo-Sa 08:00-22:00,Crumbl Cookies,Q106924414
c9aca320-e696-11ec-b53f-7f615e0afc61:Store,crumbl_cookies_us,Rochester,"150 Marketplace Blvd, Unit 11, Rochester, New Hampshire 03867",,NH,,US,+1 603-403-3991,https://crumblcookies.com/nhrochester,Mo-Sa 08:00-22:00,Crumbl Cookies,Q106924414
65a41100-3364-11ec-9165-dfdd0a925af1:Store,crumbl_cookies_us,Salem,"55 Central Street Unit D, Salem, New Hampshire 03079",,NH,,US,+1 603-681-6522,https://crumblcookies.com/nhsalem,Mo-Sa 08:00-22:00,Crumbl Cookies,Q106924414
1289,edible_arrangements,Edible Arrangements - 1626,"300 Main Street, Nashua, NH 03060",Hillsborough County,NH,,US,+1 603-886-2790,https://www.ediblearrangements.com/stores/300-main-street-nashua-nh-03060,Mo-Sa 09:00-19:00; Su 09:00-15:00,Edible Arrangements,Q5337996
778,edible_arrangements,Edible Arrangements - 1012,"236 N Broadway, Salem, NH 03079",Rockingham County,NH,,US,+1 603-894-0288,https://www.ediblearrangements.com/stores/236-n-brdway-salem-nh-03079,Mo-Sa 09:00-19:00; Su 09:00-15:00,Edible Arrangements,Q5337996
44744918,francescas_us,Mall of New Hampshire #409,"1500 South Willow Street,Manchester, NH 03103",,NH,,US,+1 603-657-1033,,,Francesca's,Q72982331
44744746,francescas_us,Merrimack Premium Outlets #2066,"80 Premium Outlets Blvd 673,Merrimack, NH 03054",,NH,,US,+1 603-420-1009,,,Francesca's,Q72982331
44744745,francescas_us,Outlet at Settlers Green Streetside #2064,"1699 White Mountain Highway L20,North Conway, NH 03860",,NH,,US,+1 603-733-1015,,,Francesca's,Q72982331
44744841,francescas_us,The Mall at Rockingham Park #269,"99 Rockingham Park Blvd. E135,Salem, NH 03079",,NH,,US,+1 603-952-2155,,,Francesca's,Q72982331
23986,irving_oil,Irving,"4 Executive Dr, Hudson, New Hampshire 03051",Hillsborough County,NH,,US,+1 603-783-5290,https://www.irvingoil.com/location/irving-oil-23986,,Irving,Q1673286
23991,irving_oil,Irving,"4 Executive Dr, Hudson, New Hampshire 03051",Hillsborough County,NH,,US,+1 603-783-5290,https://www.irvingoil.com/en-CA/location/irving-oil-23991,,Irving,Q1673286
24811,irving_oil,Irving,"650 Park Ave, Keene, New Hampshire 03431",Cheshire County,NH,,US,+1 603-357-4999,https://www.irvingoil.com/location/irving-oil-24811,,Irving,Q1673286
24836,irving_oil,Irving,"765 NH-10, West Swanzey, New Hampshire 03469",Cheshire County,NH,,US,+1 603-355-5225,https://www.irvingoil.com/location/irving-oil-24836,,Irving,Q1673286
25936,irving_oil,Irving,"249 CALEF HWY, EPPING, New Hampshire 03042",Rockingham County,NH,,US,+1 603-679-8041,https://www.irvingoil.com/location/irving-oil-25936,,Irving,Q1673286
26321,irving_oil,Irving,"51 ROUTE 27, RAYMOND, New Hampshire 03077",Rockingham County,NH,,US,+1 603-895-6425,https://www.irvingoil.com/location/irving-oil-26321,,Irving,Q1673286
26326,irving_oil,Irving,"290 ROUTE 104, NEW HAMPTON, New Hampshire 03256",Grafton County,NH,,US,+1 603-744-9037,https://www.irvingoil.com/location/irving-oil-26326,,Irving,Q1673286
26331,irving_oil,Irving,"500 ROUTE 3A, I-93 EXIT 12S, BOW JUNCTION, New Hampshire 03304",Merrimack County,NH,,US,+1 603-228-6175,https://www.irvingoil.com/location/irving-oil-26331,,Irving,Q1673286
26336,irving_oil,Irving,"350 MAIN STREET, GORHAM, New Hampshire 03581",Coos County,NH,,US,+1 603-466-2178,https://www.irvingoil.com/location/irving-oil-26336,,Irving,Q1673286
26341,irving_oil,Irving,"32 Route 103 West at I-89, WARNER, New Hampshire 03278",Merrimack County,NH,,US,+1 603-456-3017,https://www.irvingoil.com/location/irving-oil-26341,,Irving,Q1673286
26351,irving_oil,Irving,"14 MISSING LINK RD, I-91 EXIT 7, SPRINGFIELD, Vermont 05156",Sullivan County,NH,,US,+1 802-885-2266,https://www.irvingoil.com/location/irving-oil-26351,,Irving,Q1673286
26506,irving_oil,Irving,"1474 Route 9, Spofford, New Hampshire 03462",Cheshire County,NH,,US,+1 603-363-4545,https://www.irvingoil.com/location/irving-oil-26506,,Irving,Q1673286
26516,irving_oil,Irving,"220 Newport Rd., New London, New Hampshire 03257",Merrimack County,NH,,US,+1 603-526-4994,https://www.irvingoil.com/location/irving-oil-26516,,Irving,Q1673286
26521,irving_oil,Irving,"1281 Route 11, Georges Mills, New Hampshire 03751",Sullivan County,NH,,US,+1 603-763-5051,https://www.irvingoil.com/location/irving-oil-26521,,Irving,Q1673286
26536,irving_oil,Irving,"193 Main Street, Andover, New Hampshire 03216",Merrimack County,NH,,US,+1 603-735-5406,https://www.irvingoil.com/location/irving-oil-26536,,Irving,Q1673286
26591,irving_oil,Irving,"119 Mechanic St, Lebanon, New Hampshire 03766",Grafton County,NH,,US,+1 603-443-9900,https://www.irvingoil.com/location/irving-oil-26591,,Irving,Q1673286
26601,irving_oil,Irving,"28 W River Rd, Hooksett, New Hampshire 03106",Merrimack County,NH,,US,+1 603-665-9316,https://www.irvingoil.com/location/irving-oil-26601,,Irving,Q1673286
26606,irving_oil,Irving,"28 Center St., Route 28, Wolfeboro, New Hampshire 03894",Carroll County,NH,,US,+1 603-569-9883,https://www.irvingoil.com/location/irving-oil-26606,,Irving,Q1673286
26611,irving_oil,Irving,"24 Allenstown Rd, Allenstown, New Hampshire 03275",Merrimack County,NH,,US,+1 603-485-8060,https://www.irvingoil.com/location/irving-oil-26611,,Irving,Q1673286
26616,irving_oil,Irving,"4 Technology Dr, Bedford, New Hampshire 03110",Hillsborough County,NH,,US,+1 603-627-5991,https://www.irvingoil.com/location/irving-oil-26616,,Irving,Q1673286
26621,irving_oil,Irving,"6 Bell Ave, Hooksett, New Hampshire 03106",Merrimack County,NH,,US,+1 603-222-2276,https://www.irvingoil.com/location/irving-oil-26621,,Irving,Q1673286
26626,irving_oil,Irving,"329 Derry Rd, Hudson, New Hampshire 03051",Hillsborough County,NH,,US,+1 603-595-5962,https://www.irvingoil.com/location/irving-oil-26626,,Irving,Q1673286
26631,irving_oil,Irving,"25 Main St, Errol, New Hampshire 03579",Coos County,NH,,US,+1 603-482-7777,https://www.irvingoil.com/location/irving-oil-26631,,Irving,Q1673286
26636,irving_oil,Irving,"8 White Ave, Bedford, New Hampshire 03110",Hillsborough County,NH,,US,+1 603-623-8250,https://www.irvingoil.com/location/irving-oil-26636,,Irving,Q1673286
26641,irving_oil,Irving,"611 Lancaster Rd, Groveton, New Hampshire 03582",Coos County,NH,,US,+1 603-636-1500,https://www.irvingoil.com/location/irving-oil-26641,,Irving,Q1673286
26646,irving_oil,Irving,"285 Old Candia Rd, Candia, New Hampshire 03034",Rockingham County,NH,,US,+1 603-483-4888,https://www.irvingoil.com/location/irving-oil-26646,,Irving,Q1673286
26651,irving_oil,Irving,"190 Pleasant St, Concord, New Hampshire 03301",Merrimack County,NH,,US,+1 603-228-3388,https://www.irvingoil.com/location/irving-oil-26651,,Irving,Q1673286
26656,irving_oil,Irving,"530 West River Rd, Hooksett, New Hampshire 03106",Merrimack County,NH,,US,+1 603-210-5300,https://www.irvingoil.com/location/irving-oil-26656,,Irving,Q1673286
26661,irving_oil,Irving,"944 Laconia Rd, Belmont, New Hampshire 03220",Belknap County,NH,,US,+1 603-267-6838,https://www.irvingoil.com/location/irving-oil-26661,,Irving,Q1673286
26666,irving_oil,Irving,"114 Fisherville Rd, Concord, New Hampshire 03301",Merrimack County,NH,,US,+1 603-226-0260,https://www.irvingoil.com/location/irving-oil-26666,,Irving,Q1673286
26671,irving_oil,Irving,"27 S Main St, Newport, New Hampshire 03773",Sullivan County,NH,,US,+1 603-863-2757,https://www.irvingoil.com/location/irving-oil-26671,,Irving,Q1673286
26676,irving_oil,Irving,"2164 Main St, Bethlehem, New Hampshire 03574",Grafton County,NH,,US,+1 603-869-5774,https://www.irvingoil.com/location/irving-oil-26676,,Irving,Q1673286
26681,irving_oil,Irving,"290 Route 104, New Hampton, New Hampshire 03256",Grafton County,NH,,US,+1 603-744-9037,https://www.irvingoil.com/location/irving-oil-26681,,Irving,Q1673286
26686,irving_oil,Irving,"249 Calef Hwy, Epping, New Hampshire 03042",Rockingham County,NH,,US,+1 603-679-8041,https://www.irvingoil.com/location/irving-oil-26686,,Irving,Q1673286
26691,irving_oil,Irving,"86 W River Rd, Hooksett, New Hampshire 03106",Merrimack County,NH,,US,+1 603-627-3270,https://www.irvingoil.com/location/irving-oil-26691,,Irving,Q1673286
26696,irving_oil,Irving,"185 1st NH Turnpike, Northwood, New Hampshire 03261",Rockingham County,NH,,US,+1 603-942-8353,https://www.irvingoil.com/location/irving-oil-26696,,Irving,Q1673286
26706,irving_oil,Irving,"Junction Route 16 & 302, Glen, New Hampshire 03838",Carroll County,NH,,US,+1 603-383-6707,https://www.irvingoil.com/location/irving-oil-26706,,Irving,Q1673286
26711,irving_oil,Irving,"535 Union Ave, Laconia, New Hampshire 03246",Belknap County,NH,,US,+1 603-528-7756,https://www.irvingoil.com/location/irving-oil-26711,,Irving,Q1673286
26921,irving_oil,Irving,"885 Route 16, Ossipee, New Hampshire 03864",Carroll County,NH,,US,+1 603-539-2221,https://www.irvingoil.com/location/irving-oil-26921,,Irving,Q1673286
26936,irving_oil,Irving,"51 Route 27, Raymond, New Hampshire 03077",Rockingham County,NH,,US,+1 603-895-6425,https://www.irvingoil.com/location/irving-oil-26936,,Irving,Q1673286
27031,irving_oil,Irving,"500 Route 3A, I-93 Exit 12S, Bow, New Hampshire 03304",Merrimack County,NH,,US,+1 603-228-6175,https://www.irvingoil.com/location/irving-oil-27031,,Irving,Q1673286
27036,irving_oil,Irving,"231 Loudon Rd, Concord, New Hampshire 03301",Merrimack County,NH,,US,+1 603-224-1904,https://www.irvingoil.com/location/irving-oil-27036,,Irving,Q1673286
27041,irving_oil,Irving,"18 Wakefield Rd, Sanbornville, New Hampshire 03872",Carroll County,NH,,US,+1 603-473-8800,https://www.irvingoil.com/location/irving-oil-27041,,Irving,Q1673286
27101,irving_oil,Irving,"14 Missing Link Rd, I-91 Exit 7, Springfield, Vermont 05156",Sullivan County,NH,,US,+1 802-885-2266,https://www.irvingoil.com/location/irving-oil-27101,,Irving,Q1673286
27141,irving_oil,Irving,"2470 Lafayette Rd, Portsmouth, New Hampshire 03801",Rockingham County,NH,,US,+1 603-436-6595,https://www.irvingoil.com/location/irving-oil-27141,,Irving,Q1673286
27146,irving_oil,Irving,"238 N Broadway, Salem, New Hampshire 03079",Rockingham County,NH,,US,+1 603-898-0234,https://www.irvingoil.com/location/irving-oil-27146,,Irving,Q1673286
27151,irving_oil,Irving,"792 Elm St, Milford, New Hampshire 03055",Hillsborough County,NH,,US,+1 603-673-3102,https://www.irvingoil.com/location/irving-oil-27151,,Irving,Q1673286
27156,irving_oil,Irving,"1500 White Mountain Hwy, North Conway, New Hampshire 03860",Carroll County,NH,,US,+1 603-356-2733,https://www.irvingoil.com/location/irving-oil-27156,,Irving,Q1673286
27161,irving_oil,Irving,"32 Rte 103 W, Warner, New Hampshire 03278",Merrimack County,NH,,US,+1 603-456-3017,https://www.irvingoil.com/location/irving-oil-27161,,Irving,Q1673286
27166,irving_oil,Irving,"84 Route 10 South, Grantham, New Hampshire 03753",Sullivan County,NH,,US,+1 603-863-5142,https://www.irvingoil.com/location/irving-oil-27166,,Irving,Q1673286
27171,irving_oil,Irving,"9 Plummer Hill Rd, Belmont, New Hampshire 03220",Belknap County,NH,,US,+1 603-524-1466,https://www.irvingoil.com/location/irving-oil-27171,,Irving,Q1673286
27186,irving_oil,Irving,"81 Nh Route 25, Meredith, New Hampshire 03253",Belknap County,NH,,US,+1 603-279-5129,https://www.irvingoil.com/location/irving-oil-27186,,Irving,Q1673286
27191,irving_oil,Irving,"201 Gonic Rd, Rochester, New Hampshire 03839",Strafford County,NH,,US,+1 603-335-3598,https://www.irvingoil.com/location/irving-oil-27191,,Irving,Q1673286
27331,irving_oil,Irving,"73 Main Street, Hanover, New Hampshire 03755",Grafton County,NH,,US,+1 603-643-9750,https://www.irvingoil.com/location/irving-oil-27331,,Irving,Q1673286
27341,irving_oil,Irving,"718 Main St, Andover, New Hampshire 03216",Merrimack County,NH,,US,+1 603-735-5578,https://www.irvingoil.com/location/irving-oil-27341,,Irving,Q1673286
27426,irving_oil,Irving,"171 Silver St, Dover, New Hampshire 03820",Strafford County,NH,,US,+1 603-742-2109,https://www.irvingoil.com/location/irving-oil-27426,,Irving,Q1673286
27436,irving_oil,Irving,"220 Lebanon St, Hanover, New Hampshire 03755",Grafton County,NH,,US,+1 603-643-1526,https://www.irvingoil.com/location/irving-oil-27436,,Irving,Q1673286
27441,irving_oil,Irving,"249 Route 10 N, Grantham, New Hampshire 03753",Sullivan County,NH,,US,+1 603-863-5471,https://www.irvingoil.com/location/irving-oil-27441,,Irving,Q1673286
27631,irving_oil,Irving,"350 Main St, Gorham, New Hampshire 03581",Coos County,NH,,US,+1 603-466-2178,https://www.irvingoil.com/location/irving-oil-27631,,Irving,Q1673286
27636,irving_oil,Irving,"19 West St, Ashland, New Hampshire 03217",Grafton County,NH,,US,+1 603-968-7810,https://www.irvingoil.com/location/irving-oil-27636,,Irving,Q1673286
27641,irving_oil,Irving,"318 Glen Ave, Berlin, New Hampshire 03570",Coos County,NH,,US,+1 603-752-1469,https://www.irvingoil.com/location/irving-oil-27641,,Irving,Q1673286
27646,irving_oil,Irving,"7 White Mountain Hwy, Conway, New Hampshire 03818",Carroll County,NH,,US,+1 603-447-6209,https://www.irvingoil.com/location/irving-oil-27646,,Irving,Q1673286
27651,irving_oil,Irving,"73 Lafayette Rd, North Hampton, New Hampshire 03862",Rockingham County,NH,,US,+1 603-964-7754,https://www.irvingoil.com/location/irving-oil-27651,,Irving,Q1673286
27656,irving_oil,Irving,"95 Nh Route 175A, Holderness, New Hampshire 03245",Grafton County,NH,,US,+1 603-536-2983,https://www.irvingoil.com/location/irving-oil-27656,,Irving,Q1673286
27661,irving_oil,Irving,"336 Cottage St, Littleton, New Hampshire 03561",Grafton County,NH,,US,+1 603-444-0827,https://www.irvingoil.com/location/irving-oil-27661,,Irving,Q1673286
27666,irving_oil,Irving,"425 High St, Somersworth, New Hampshire 03878",Strafford County,NH,,US,+1 603-692-4512,https://www.irvingoil.com/location/irving-oil-27666,,Irving,Q1673286
27671,irving_oil,Irving,"78 Exeter Rd, Newmarket, New Hampshire 03857",Rockingham County,NH,,US,+1 603-659-5182,https://www.irvingoil.com/location/irving-oil-27671,,Irving,Q1673286
27676,irving_oil,Irving,"90 Laconia Rd, Tilton, New Hampshire 03276",Belknap County,NH,,US,+1 603-286-7618,https://www.irvingoil.com/location/irving-oil-27676,,Irving,Q1673286
27681,irving_oil,Irving,"83 Pleasant St, Berlin, New Hampshire 03570",Coos County,NH,,US,+1 603-752-1423,https://www.irvingoil.com/location/irving-oil-27681,,Irving,Q1673286
27686,irving_oil,Irving,"165 Knox Marsh Rd, Dover, New Hampshire 03820",Strafford County,NH,,US,+1 603-742-0395,https://www.irvingoil.com/location/irving-oil-27686,,Irving,Q1673286
27691,irving_oil,Irving,"143 Route 9, Barrington, New Hampshire 03825",Strafford County,NH,,US,+1 603-664-5503,https://www.irvingoil.com/location/irving-oil-27691,,Irving,Q1673286
27696,irving_oil,Irving,"361 Lafayette Rd, Seabrook, New Hampshire 03874",Rockingham County,NH,,US,+1 603-474-1005,https://www.irvingoil.com/location/irving-oil-27696,,Irving,Q1673286
27701,irving_oil,Irving,"295 W Main St, Hillsborough, New Hampshire 03244",Hillsborough County,NH,,US,+1 603-464-4612,https://www.irvingoil.com/location/irving-oil-27701,,Irving,Q1673286
27706,irving_oil,Irving,"2267 Route 302 E, Bretton Woods, New Hampshire 03595",Grafton County,NH,,US,+1 603-278-5555,https://www.irvingoil.com/location/irving-oil-27706,,Irving,Q1673286
27711,irving_oil,Irving,"2 Stratham Heights Rd, Stratham, New Hampshire 03885",Rockingham County,NH,,US,+1 603-772-1827,https://www.irvingoil.com/location/irving-oil-27711,,Irving,Q1673286
27716,irving_oil,Irving,"277 Mast Rd, Goffstown, New Hampshire 03045",Hillsborough County,NH,,US,+1 603-497-5860,https://www.irvingoil.com/location/irving-oil-27716,,Irving,Q1673286
27736,irving_oil,Irving,"55 Bypass 28, Derry, New Hampshire 03038",Rockingham County,NH,,US,+1 603-432-6664,https://www.irvingoil.com/location/irving-oil-27736,,Irving,Q1673286
27806,irving_oil,Irving,"408 Mayhew Turnpike, Bridgewater, New Hampshire 03222",Grafton County,NH,,US,+1 603-744-8616,https://www.irvingoil.com/location/irving-oil-27806,,Irving,Q1673286
27826,irving_oil,Irving,"124 Rockingham Rd, Londonderry, New Hampshire 03053",Rockingham County,NH,,US,+1 603-965-4931,https://www.irvingoil.com/location/irving-oil-27826,,Irving,Q1673286
27831,irving_oil,Irving,"20 Roundstone Dr, Manchester, New Hampshire 03103",Hillsborough County,NH,,US,+1 603-935-7913,https://www.irvingoil.com/location/irving-oil-27831,,Irving,Q1673286
27841,irving_oil,Irving,"58 Washington St, Claremont, New Hampshire 03743",Sullivan County,NH,,US,+1 603-542-9764,https://www.irvingoil.com/location/irving-oil-27841,,Irving,Q1673286
27921,irving_oil,Irving,"44 Portsmouth Ave, Stratham, New Hampshire 03885",Rockingham County,NH,,US,+1 603-772-3378,https://www.irvingoil.com/location/irving-oil-27921,,Irving,Q1673286
27926,irving_oil,Irving,"462 US Route 202, Rindge, New Hampshire 03461",Cheshire County,NH,,US,+1 603-899-3355,https://www.irvingoil.com/location/irving-oil-27926,,Irving,Q1673286
27936,irving_oil,Irving,"410 West St, Keene, New Hampshire 03431",Cheshire County,NH,,US,+1 603-355-0137,https://www.irvingoil.com/location/irving-oil-27936,,Irving,Q1673286
27946,irving_oil,Irving,"467 US Route 3, Lincoln, New Hampshire 03251",Grafton County,NH,,US,+1 603-745-2267,https://www.irvingoil.com/location/irving-oil-27946,,Irving,Q1673286
27951,irving_oil,Irving,"764 Presidential Hwy, Jefferson, New Hampshire 03583",Coos County,NH,,US,+1 603-586-7722,https://www.irvingoil.com/location/irving-oil-27951,,Irving,Q1673286
27961,irving_oil,Irving,"79 N Main St, Lisbon, New Hampshire 03585",Grafton County,NH,,US,+1 603-838-5581,https://www.irvingoil.com/location/irving-oil-27961,,Irving,Q1673286
27971,irving_oil,Irving,"48 Concord Rd, Lee, New Hampshire 03824",Strafford County,NH,,US,+1 603-397-5318,https://www.irvingoil.com/location/irving-oil-27971,,Irving,Q1673286
29006,irving_oil,Irving,"5 Ayers Village Rd, Methuen, Massachusetts 01844",Rockingham County,NH,,US,+1 978-291-8800,https://www.irvingoil.com/location/irving-oil-29006,,Irving,Q1673286
29106,irving_oil,Irving,"70 NH-118, Canaan, New Hampshire 03741",Grafton County,NH,,US,+1 603-523-9011,https://www.irvingoil.com/location/irving-oil-29106,,Irving,Q1673286
29141,irving_oil,Irving,"297 U.S. 4, Enfield, New Hampshire 03748",Grafton County,NH,,US,+1 603-632-1230,https://www.irvingoil.com/location/irving-oil-29141,,Irving,Q1673286
29146,irving_oil,Irving,"1044 NH-119, Rindge, New Hampshire 03461",Cheshire County,NH,,US,+1 603-899-9998,https://www.irvingoil.com/location/irving-oil-29146,,Irving,Q1673286
29336,irving_oil,Irving,"235 Stage Rd, Hampstead, New Hampshire 03841",Rockingham County,NH,,US,+1 978-361-0830,https://www.irvingoil.com/location/irving-oil-29336,,Irving,Q1673286
29346,irving_oil,Irving,"25 Springer Rd, Hooksett, New Hampshire 03106",Merrimack County,NH,,US,+1 603-210-5305,https://www.irvingoil.com/location/irving-oil-29346,,Irving,Q1673286
29406,irving_oil,Irving,"4A Dover Rd, Durham, New Hampshire 03824",Strafford County,NH,,US,+1 603-868-1634,https://www.irvingoil.com/location/irving-oil-29406,,Irving,Q1673286
29451,irving_oil,Irving,"449 Route 11, Farmington, New Hampshire 03835",Strafford County,NH,,US,+1 603-755-2969,https://www.irvingoil.com/location/irving-oil-29451,,Irving,Q1673286
30296,irving_oil,Irving,"2122 Route 3, Campton, New Hampshire 03223",Grafton County,NH,,US,+1 603-726-7033,https://www.irvingoil.com/location/irving-oil-30296,,Irving,Q1673286
30416,irving_oil,Irving,"301 Vermont 131, Ascutney, Vermont 05030",Sullivan County,NH,,US,+1 802-674-4559,https://www.irvingoil.com/location/irving-oil-30416,,Irving,Q1673286
30421,irving_oil,Irving,"2930 U.S. 5, Thetford, Vermont 05043",Grafton County,NH,,US,+1 802-785-2116,https://www.irvingoil.com/location/irving-oil-30421,,Irving,Q1673286
30426,irving_oil,Irving,"151 Heater Rd, Lebanon, New Hampshire 03766",Grafton County,NH,,US,+1 603-448-5510,https://www.irvingoil.com/location/irving-oil-30426,,Irving,Q1673286
30446,irving_oil,Irving,"484 Tenney Mountain Highway, Plymouth, New Hampshire 03264",Grafton County,NH,,US,+1 603-210-5815,https://www.irvingoil.com/location/irving-oil-30446,,Irving,Q1673286
30476,irving_oil,Irving,"11 Whittier Highway, Moultonborough, New Hampshire 03254",Carroll County,NH,,US,+1 603-253-9277,https://www.irvingoil.com/location/irving-oil-30476,,Irving,Q1673286
31116,irving_oil,Irving,"1805 South Willow Street, Manchester, New Hampshire 03103",Hillsborough County,NH,,US,+1 603-210-2801,https://www.irvingoil.com/location/irving-oil-31116,,Irving,Q1673286
31506,irving_oil,Irving,"421 South Stark Hwy, South Weare, New Hampshire 03281",Hillsborough County,NH,,US,+1 603-529-7137,https://www.irvingoil.com/location/irving-oil-31506,,Irving,Q1673286
31711,irving_oil,Irving,"31 NH Route 108, Newfields, New Hampshire 03856",Rockingham County,NH,,US,+1 603-772-0075,https://www.irvingoil.com/location/irving-oil-31711,,Irving,Q1673286
33026,irving_oil,Irving,"119 Plaistow Rd, Plaistow, New Hampshire 03865",Rockingham County,NH,,US,+1 603-378-9368,https://www.irvingoil.com/location/irving-oil-33026,,Irving,Q1673286
33031,irving_oil,Irving,"9 US Route 5 S, Fairlee, Vermont 05045",Grafton County,NH,,US,+1 802-333-9790,https://www.irvingoil.com/location/irving-oil-33031,,Irving,Q1673286
33041,irving_oil,Irving,"346 Whittier Hwy, Moultonborough, New Hampshire 03254",Carroll County,NH,,US,+1 603-253-9300,https://www.irvingoil.com/location/irving-oil-33041,,Irving,Q1673286
33331,irving_oil,Irving,"904 Route 106 North, Loudon, New Hampshire 03307",Belknap County,NH,,US,+1 603-825-5590,https://www.irvingoil.com/location/irving-oil-33331,,Irving,Q1673286
33626,irving_oil,Irving,"910 Suncook Valley Highway South, Epsom, New Hampshire 03234",Merrimack County,NH,,US,+1 603-210-2207,https://www.irvingoil.com/location/irving-oil-33626,,Irving,Q1673286
33631,irving_oil,Irving,"901 Central Street, Franklin, New Hampshire 03235",Merrimack County,NH,,US,+1 603-671-3993,https://www.irvingoil.com/location/irving-oil-33631,,Irving,Q1673286
33691,irving_oil,Irving,"30 Dover Point Road, Dover, New Hampshire 03820",Strafford County,NH,,US,+1 603-842-6717,https://www.irvingoil.com/location/irving-oil-33691,,Irving,Q1673286
3218,leonidas,Crémeux French Patisserie,,Merrimack,NH,,US,+1 603-521-8628,https://www.leonidas.com/en/shops/merrimack/cremeux-french-patisserie,Tu-Sa 09:00-18:00,Leonidas,Q80335
406,leslies_poolmart_us,Leslie's Pool Supplies,"100 CAHILL AVE, MANCHESTER, NH, 03103-4000",,NH,,US,+1 603-622-7482,https://lesliespool.com/location/manchester-newhampshire-cahill-ave-406.html,Mo-Sa 10:00-18:00; Su 12:00-17:00,Leslie's Poolmart,Q6530568
3105,petsmart,Plaistow Nh,"11 Plaistow Rd Bldg 11 Suite F PLAISTOW, NH 03865",,NH,,US,+1 603-797-9254,https://www.petsmart.com/stores/us/nh/plaistow-store3105.html,Mo-Sa 09:00-20:00; Su 10:00-19:00,PetSmart,Q3307147
3092,petsmart,North Conway NH,"120 North South Road NORTH CONWAY, NH 03860",,NH,,US,+1 603-730-9229,https://www.petsmart.com/stores/us/nh/north-conway-store3092.html,Mo-Sa 09:00-20:00; Su 10:00-19:00,PetSmart,Q3307147
2333,petsmart,Rochester,"160 Washington St., Suite 701 Rochester, NH 03839",,NH,,US,+1 603-833-2117,https://www.petsmart.com/stores/us/nh/rochester-store2333.html,Mo-Sa 09:00-20:00; Su 10:00-19:00,PetSmart,Q3307147
2390,petsmart,Seabrook,"700 Lafayette Rd. Unit #211 Seabrook, NH 03874",,NH,,US,+1 603-814-3027,https://www.petsmart.com/stores/us/nh/seabrook-store2390.html,Mo-Sa 09:00-21:00; Su 10:00-19:00,PetSmart,Q3307147
1166,petsmart,Salem,"290 S Broadway Salem, NH 03079",,NH,,US,+1 603-898-8232,https://www.petsmart.com/stores/us/nh/salem-store1166.html,Mo-Sa 09:00-21:00; Su 10:00-19:00,PetSmart,Q3307147
2208,petsmart,Epping,"11 Brickyard Square Ste 11 Epping, NH 03042",,NH,,US,+1 603-734-9022,https://www.petsmart.com/stores/us/nh/epping-store2208.html,Mo-Sa 09:00-21:00; Su 10:00-19:00,PetSmart,Q3307147
1593,petsmart,Concord,"299 Loudon Rd Concord, NH 03301",,NH,,US,+1 603-224-1028,https://www.petsmart.com/stores/us/nh/concord-store1593.html,Mo-Sa 09:00-21:00; Su 10:00-19:00,PetSmart,Q3307147
1494,petsmart,North Nashua,"4 Cellu Dr Nashua, NH 03063",,NH,,US,+1 603-595-6460,https://www.petsmart.com/stores/us/nh/nashua-store1494.html,Mo-Sa 09:00-21:00; Su 10:00-19:00,PetSmart,Q3307147
1869,petsmart,Manchester,"777 South Willow Street Manchester, NH 03103",,NH,,US,+1 603-668-9848,https://www.petsmart.com/stores/us/nh/manchester-store1869.html,Mo-Sa 09:00-21:00; Su 10:00-19:00,PetSmart,Q3307147
winnipesaukee-lumber-38440,ppgpaints,WINNIPESAUKEE LUMBER,,"Wolfeboro, ",NH,,US,,https://www.ppgpaints.com/store-locator/us/new-hampshire/wolfeboro-paint-stores/winnipesaukee-lumber-38440,,PPG Paints,Q83891559
lebanon-paint-and-decorating-37968,ppgpaints,LEBANON PAINT & DECORATING,,"West Lebanon, ",NH,,US,,https://www.ppgpaints.com/store-locator/us/new-hampshire/west-lebanon-paint-stores/lebanon-paint-and-decorating-37968,,PPG Paints,Q83891559
-lbma-perras-ace-38153,ppgpaints,(LBMA) PERRAS ACE,,"Lancaster, ",NH,,US,,https://www.ppgpaints.com/store-locator/us/new-hampshire/lancaster-paint-stores/-lbma-perras-ace-38153,,PPG Paints,Q83891559
wicked-awesome-wallpaper-and-paint-37806,ppgpaints,WICKED AWESOME WALLPAPER & PAINT,,"Hampton, ",NH,,US,,https://www.ppgpaints.com/store-locator/us/new-hampshire/hampton-paint-stores/wicked-awesome-wallpaper-and-paint-37806,,PPG Paints,Q83891559
-lbma-percy-tackle-inc-dba-ll-cote-37997,ppgpaints,(LBMA) PERCY TACKLE INC DBA L.L. COTE,,"Errol, ",NH,,US,,https://www.ppgpaints.com/store-locator/us/new-hampshire/errol-paint-stores/-lbma-percy-tackle-inc-dba-ll-cote-37997,,PPG Paints,Q83891559
lindsey-paint-39284,ppgpaints,LINDSEY PAINT,,"Conway, ",NH,,US,,https://www.ppgpaints.com/store-locator/us/new-hampshire/conway-paint-stores/lindsey-paint-39284,,PPG Paints,Q83891559
lmc-belletetes-andover-265400-39209,ppgpaints,LMC-BELLETETES - ANDOVER #265400,,"Andover, ",NH,,US,,https://www.ppgpaints.com/store-locator/us/new-hampshire/andover-paint-stores/lmc-belletetes-andover-265400-39209,,PPG Paints,Q83891559
https://www.questdiagnostics.com/locations/detail.html/EWA/03102/75/1,quest_diagnostics,Quest Diagnostics - Manchester,"195 Mcgregor Street, Ste 25 Center Entrance, Manchester, NH 03102",Hillsborough County,NH,,US,+1 603-626-1249,https://www.questdiagnostics.com/locations/detail.html/EWA/03102/75/1,Mo-Fr 06:00-15:00,Quest Diagnostics,Q7271456
https://www.questdiagnostics.com/locations/detail.html/2GM/03045/75/1,quest_diagnostics,Quest Diagnostics - Goffstown,"89 S Mast St, Goffstown, NH 03045",Hillsborough County,NH,,US,+1 603-497-7599,https://www.questdiagnostics.com/locations/detail.html/2GM/03045/75/1,"Mo-Fr 07:00-12:00,12:30-15:30",Quest Diagnostics,Q7271456
https://www.questdiagnostics.com/locations/detail.html/AHKV/03053/75/1,quest_diagnostics,Quest Diagnostics - Londonderry,"50 Michels Way, Suite 207, Londonderry, NH 03053",Rockingham County,NH,,US,+1 603-851-6901,https://www.questdiagnostics.com/locations/detail.html/AHKV/03053/75/1,Mo-We 07:00-20:00; Th-Fr 07:00-17:00; Sa 06:30-15:00,Quest Diagnostics,Q7271456
https://www.questdiagnostics.com/locations/detail.html/AGMW/03874/75/1,quest_diagnostics,Quest Diagnostics - Seabrook Mobile Trailer,"21 Chevy Chase Road, Seabrook, NH 03874",Rockingham County,NH,,US,+1 866-697-8378,https://www.questdiagnostics.com/locations/detail.html/AGMW/03874/75/1,"Mo-Fr 07:30-12:00,12:30-16:00",Quest Diagnostics,Q7271456
https://www.questdiagnostics.com/locations/detail.html/U1K/03878/75/1,quest_diagnostics,Quest Diagnostics - Somersworth - Employer Drug Testing Not Offered,"5 Clark Way, Route 108, Somersworth, NH 03878",Strafford County,NH,,US,+1 603-692-0280,https://www.questdiagnostics.com/locations/detail.html/U1K/03878/75/1,"Mo-Fr 09:00-12:00,13:00-14:30",Quest Diagnostics,Q7271456
https://www.questdiagnostics.com/locations/detail.html/GOB/03801/75/1,quest_diagnostics,Quest Diagnostics - Portsmouth - Employer Drug Testing Not Offered,"200 Griffin Rd, Ste 12, Portsmouth, NH 03801",Rockingham County,NH,,US,+1 603-431-3294,https://www.questdiagnostics.com/locations/detail.html/GOB/03801/75/1,Mo-Fr 07:00-14:00,Quest Diagnostics,Q7271456
https://www.questdiagnostics.com/locations/detail.html/C3M/03110/75/1,quest_diagnostics,Quest Diagnostics - Bedford NH,"160 South River Road, Bedford, NH 03110",Hillsborough County,NH,,US,+1 603-621-0110,https://www.questdiagnostics.com/locations/detail.html/C3M/03110/75/1,Mo-Th 07:00-19:00; Fr 07:00-17:00,Quest Diagnostics,Q7271456
https://www.questdiagnostics.com/locations/detail.html/V5V/03079/75/1,quest_diagnostics,Quest Diagnostics - Stiles Rd,"8 Stiles Rd, Ste 111, Salem, NH 03079",Rockingham County,NH,,US,+1 603-890-6053,https://www.questdiagnostics.com/locations/detail.html/V5V/03079/75/1,Mo-Fr 06:30-17:00; Sa 07:00-11:00,Quest Diagnostics,Q7271456
https://www.questdiagnostics.com/locations/detail.html/M8F/03743/75/1,quest_diagnostics,Quest Diagnostics - Claremont NH,"214 Washington St, Ste A, Claremont, NH 03743",Sullivan County,NH,,US,+1 603-504-3750,https://www.questdiagnostics.com/locations/detail.html/M8F/03743/75/1,"Mo-Fr 07:00-11:00,12:00-16:00",Quest Diagnostics,Q7271456
https://www.questdiagnostics.com/locations/detail.html/GH2/03431/75/1,quest_diagnostics,Quest Diagnostics - Keene,"391 West Street, Keene, NH 03431",Cheshire County,NH,,US,+1 603-352-6631,https://www.questdiagnostics.com/locations/detail.html/GH2/03431/75/1,"Mo-Fr 07:00-12:00,13:00-15:30",Quest Diagnostics,Q7271456
https://www.questdiagnostics.com/locations/detail.html/YTS/03038/75/1,quest_diagnostics,Quest Diagnostics - Derry - Employer Drug Testing Not Offered,"14 Tsienneto Rd, Building A, 2Nd Floor, Derry, NH 03038",Rockingham County,NH,,US,+1 603-425-7614,https://www.questdiagnostics.com/locations/detail.html/YTS/03038/75/1,Mo-Fr 06:00-16:00,Quest Diagnostics,Q7271456
https://www.questdiagnostics.com/locations/detail.html/YED/03249/75/1,quest_diagnostics,Quest Diagnostics - Gilford,"14 Country Club Rd, Next Door To The Big Apple Gas Station., Gilford, NH 03249",Belknap County,NH,,US,+1 603-524-5946,https://www.questdiagnostics.com/locations/detail.html/YED/03249/75/1,"Mo-Fr 07:00-12:00,13:00-16:00",Quest Diagnostics,Q7271456
https://www.questdiagnostics.com/locations/detail.html/YFC/03038/75/1,quest_diagnostics,Quest Diagnostics - Derry - Employer Drug Testing Not Offered,"6 Tsienneto Road, Suite LL102, Derry, NH 03038",Rockingham County,NH,,US,+1 603-437-3870,https://www.questdiagnostics.com/locations/detail.html/YFC/03038/75/1,Mo-Th 06:00-20:00; Fr 06:00-17:00,Quest Diagnostics,Q7271456
https://www.questdiagnostics.com/locations/detail.html/TKE/03031/75/1,quest_diagnostics,Quest Diagnostics - Amherst - Employer Drug Testing Not Offered,"282 State Route 101, Suite 1, Amherst, NH 03031",Hillsborough County,NH,,US,+1 603-249-5306,https://www.questdiagnostics.com/locations/detail.html/TKE/03031/75/1,"Mo-Fr 07:00-12:00,13:00-15:30",Quest Diagnostics,Q7271456
https://www.questdiagnostics.com/locations/detail.html/JNX/03060/75/1,quest_diagnostics,Quest Diagnostics - Main Street Nashua,"300 Main St, Suite 301B. Next To Work Out World, Nashua, NH 03060",Hillsborough County,NH,,US,+1 603-578-0323,https://www.questdiagnostics.com/locations/detail.html/JNX/03060/75/1,Mo-Fr 07:00-16:00; Sa 07:00-11:00,Quest Diagnostics,Q7271456
https://www.questdiagnostics.com/locations/detail.html/QCN/03301/75/1,quest_diagnostics,Quest Diagnostics - Concord,"280 Pleasant St, Entrance In Back Of Building, Concord, NH 03301",Merrimack County,NH,,US,+1 603-223-0307,https://www.questdiagnostics.com/locations/detail.html/QCN/03301/75/1,"Mo-Fr 07:00-11:30,12:30-15:00",Quest Diagnostics,Q7271456
location-8845,sbarro,Mall at Rockingham,99 Rockingham Park Blvd,SALEM,NH,,US,,https://sbarro.com/locations/nh/salem/mall-at-rockingham/,,Sbarro,Q2589409
location-8843,sbarro,Mall of New Hampshire,"1500 S WILLOW ST, SPC F111",MANCHESTER,NH,,US,,https://sbarro.com/locations/nh/manchester/mall-of-new-hampshire/,,Sbarro,Q2589409
location-8844,sbarro,Pheasant Lane Mall,310 Daniel Webster Hwy,NASHUA,NH,,US,,https://sbarro.com/locations/nh/nashua/pheasant-lane-mall/,,Sbarro,Q2589409
location-8742,sbarro,Dartmouth-Hitchcock Medical Center,1 Medical Center Dr ,LEBANON,NH,,US,,https://sbarro.com/locations/nh/lebanon/dartmouth-hitchcock-medical-center/,,Sbarro,Q2589409
tuscan-village-nh,shake_shack,Tuscan Village,"100 Via Toscana; Salem,  03079",Rockingham County,NH,,US,,https://shakeshack.com/location/tuscan-village-nh,,Shake Shack,Q1058722
https://www.statefarm.com/agent/us/nh/portsmouth/aileen-dugan-5g69h1ys000,state_farm_us,Aileen Dugan,,,NH,,US,+1 603-433-3114,https://www.statefarm.com/agent/us/nh/portsmouth/aileen-dugan-5g69h1ys000,,State Farm,Q2007336
https://www.statefarm.com/agent/us/nh/londonderry/ron-bechard-w3jr71ys000,state_farm_us,Ron Bechard,,,NH,,US,+1 603-434-0400,https://www.statefarm.com/agent/us/nh/londonderry/ron-bechard-w3jr71ys000,,State Farm,Q2007336
https://www.statefarm.com/agent/us/nh/dover/sam-haddadin-lwff41ys000,state_farm_us,Sam Haddadin,,,NH,,US,+1 603-742-2220,https://www.statefarm.com/agent/us/nh/dover/sam-haddadin-lwff41ys000,,State Farm,Q2007336
https://www.statefarm.com/agent/us/nh/auburn/steve-hare-75cgz41d000,state_farm_us,Steve Hare,,,NH,,US,+1 603-395-9353,https://www.statefarm.com/agent/us/nh/auburn/steve-hare-75cgz41d000,,State Farm,Q2007336
https://www.statefarm.com/agent/us/nh/hampstead/chris-murray-0g9lv99pjgf,state_farm_us,Chris Murray,,,NH,,US,+1 603-329-5666,https://www.statefarm.com/agent/us/nh/hampstead/chris-murray-0g9lv99pjgf,,State Farm,Q2007336
https://www.statefarm.com/agent/us/nh/plaistow/kevin-herrmann-9gdhc1ys000,state_farm_us,Kevin Herrmann,,,NH,,US,+1 603-382-9500,https://www.statefarm.com/agent/us/nh/plaistow/kevin-herrmann-9gdhc1ys000,,State Farm,Q2007336
https://www.statefarm.com/agent/us/nh/nashua/peter-schuler-rn3wp1ys000,state_farm_us,Peter Schuler,,,NH,,US,+1 603-882-4190,https://www.statefarm.com/agent/us/nh/nashua/peter-schuler-rn3wp1ys000,,State Farm,Q2007336
https://www.statefarm.com/agent/us/nh/durham/kyle-woodruff-cbff58h7qgf,state_farm_us,Kyle Woodruff,,,NH,,US,+1 603-397-0022,https://www.statefarm.com/agent/us/nh/durham/kyle-woodruff-cbff58h7qgf,,State Farm,Q2007336
https://www.statefarm.com/agent/us/nh/north-conway/diane-reo-pt2mz1ys000,state_farm_us,Diane Reo,,,NH,,US,+1 603-356-0550,https://www.statefarm.com/agent/us/nh/north-conway/diane-reo-pt2mz1ys000,,State Farm,Q2007336
https://www.statefarm.com/agent/us/nh/rochester/kevin-ryan-7x5wd2mc000,state_farm_us,Kevin Ryan,,,NH,,US,+1 603-332-5200,https://www.statefarm.com/agent/us/nh/rochester/kevin-ryan-7x5wd2mc000,,State Farm,Q2007336
https://www.statefarm.com/agent/us/nh/bow/aron-compton-yj5279h23gf,state_farm_us,Aron Compton,,,NH,,US,+1 603-406-2417,https://www.statefarm.com/agent/us/nh/bow/aron-compton-yj5279h23gf,,State Farm,Q2007336
https://www.statefarm.com/agent/us/nh/stratham/jean-sousa-kgsmc1ys000,state_farm_us,Jean Sousa,,,NH,,US,+1 603-772-0888,https://www.statefarm.com/agent/us/nh/stratham/jean-sousa-kgsmc1ys000,,State Farm,Q2007336
https://www.statefarm.com/agent/us/nh/lebanon/benjamin-russo-7d25vbhjwak,state_farm_us,Benjamin Russo,,,NH,,US,+1 603-298-7834,https://www.statefarm.com/agent/us/nh/lebanon/benjamin-russo-7d25vbhjwak,,State Farm,Q2007336
https://www.statefarm.com/agent/us/nh/nashua/marc-plamondon-lj4wn2g4000,state_farm_us,Marc Plamondon,,,NH,,US,+1 603-882-2122,https://www.statefarm.com/agent/us/nh/nashua/marc-plamondon-lj4wn2g4000,,State Farm,Q2007336
https://www.statefarm.com/agent/us/nh/epping/chris-chapman-7pbqc6ngral,state_farm_us,Chris Chapman,,,NH,,US,+1 603-679-3276,https://www.statefarm.com/agent/us/nh/epping/chris-chapman-7pbqc6ngral,,State Farm,Q2007336
https://www.statefarm.com/agent/us/nh/tilton/shannon-greenwood-dkzq495l6ge,state_farm_us,Shannon Greenwood,,,NH,,US,+1 603-729-3187,https://www.statefarm.com/agent/us/nh/tilton/shannon-greenwood-dkzq495l6ge,,State Farm,Q2007336
https://www.statefarm.com/agent/us/nh/lincoln/lynne-warren-tml2y8fvtal,state_farm_us,Lynne Warren,,,NH,,US,+1 603-745-4700,https://www.statefarm.com/agent/us/nh/lincoln/lynne-warren-tml2y8fvtal,,State Farm,Q2007336
https://www.statefarm.com/agent/us/nh/salem/dave-newman-vwtmw1ys000,state_farm_us,Dave Newman,,,NH,,US,+1 603-893-5200,https://www.statefarm.com/agent/us/nh/salem/dave-newman-vwtmw1ys000,,State Farm,Q2007336
https://www.statefarm.com/agent/us/nh/manchester/ed-ibanez-xqxl11ys000,state_farm_us,Ed Ibanez,,,NH,,US,+1 603-622-1314,https://www.statefarm.com/agent/us/nh/manchester/ed-ibanez-xqxl11ys000,,State Farm,Q2007336
https://www.statefarm.com/agent/us/nh/rochester/peggy-lynch-zsnxl1ys000,state_farm_us,Peggy Lynch,,,NH,,US,+1 603-332-1191,https://www.statefarm.com/agent/us/nh/rochester/peggy-lynch-zsnxl1ys000,,State Farm,Q2007336
https://www.statefarm.com/agent/us/nh/merrimack/jarica-mazerall-d2qf77hq8ge,state_farm_us,Jarica Mazerall,,,NH,,US,+1 603-420-8901,https://www.statefarm.com/agent/us/nh/merrimack/jarica-mazerall-d2qf77hq8ge,,State Farm,Q2007336
https://www.statefarm.com/agent/us/nh/rochester/michael-testa-5y1yl87sxgf,state_farm_us,Michael Testa,,,NH,,US,+1 603-332-4444,https://www.statefarm.com/agent/us/nh/rochester/michael-testa-5y1yl87sxgf,,State Farm,Q2007336
https://www.statefarm.com/agent/us/nh/peterborough/caleb-dupuy-57xy6b7t0al,state_farm_us,Caleb Dupuy,,,NH,,US,+1 603-924-9811,https://www.statefarm.com/agent/us/nh/peterborough/caleb-dupuy-57xy6b7t0al,,State Farm,Q2007336
https://www.statefarm.com/agent/us/nh/concord/rich-yacyshyn-5g6h31ys000,state_farm_us,Rich Yacyshyn,,,NH,,US,+1 603-224-5298,https://www.statefarm.com/agent/us/nh/concord/rich-yacyshyn-5g6h31ys000,,State Farm,Q2007336
https://www.statefarm.com/agent/us/nh/hudson/joe-ashooh-qz7kd9134al,state_farm_us,Joe Ashooh,,,NH,,US,+1 603-595-8400,https://www.statefarm.com/agent/us/nh/hudson/joe-ashooh-qz7kd9134al,,State Farm,Q2007336
https://www.statefarm.com/agent/us/nh/amherst/pete-ackerson-vgddd1ys000,state_farm_us,Pete Ackerson,,,NH,,US,+1 603-673-0221,https://www.statefarm.com/agent/us/nh/amherst/pete-ackerson-vgddd1ys000,,State Farm,Q2007336
https://www.statefarm.com/agent/us/nh/nashua/miguel-bisono-wqmc26hgkal,state_farm_us,Miguel Bisono,,,NH,,US,+1 603-888-0600,https://www.statefarm.com/agent/us/nh/nashua/miguel-bisono-wqmc26hgkal,,State Farm,Q2007336
https://www.statefarm.com/agent/us/nh/manchester/dick-lombardi-2jkxb1ys000,state_farm_us,Dick Lombardi,,,NH,,US,+1 603-623-4675,https://www.statefarm.com/agent/us/nh/manchester/dick-lombardi-2jkxb1ys000,,State Farm,Q2007336
https://www.statefarm.com/agent/us/nh/windham/jessica-t-oneill-rn43z1ys000,state_farm_us,Jessica O'Neill,,,NH,,US,+1 603-432-4500,https://www.statefarm.com/agent/us/nh/windham/jessica-t-oneill-rn43z1ys000,,State Farm,Q2007336
https://www.statefarm.com/agent/us/nh/pelham/patrick-shea-vvxbp9z6kge,state_farm_us,Patrick Shea,,,NH,,US,+1 603-635-4862,https://www.statefarm.com/agent/us/nh/pelham/patrick-shea-vvxbp9z6kge,,State Farm,Q2007336
https://www.statefarm.com/agent/us/nh/bedford/kyle-wallace-sv1wx1ys000,state_farm_us,Kyle Wallace,,,NH,,US,+1 603-622-2918,https://www.statefarm.com/agent/us/nh/bedford/kyle-wallace-sv1wx1ys000,,State Farm,Q2007336
https://www.statefarm.com/agent/us/nh/north-hampton/tony-leclerc-3dfhc1ys000,state_farm_us,Tony LeClerc,,,NH,,US,+1 603-964-5556,https://www.statefarm.com/agent/us/nh/north-hampton/tony-leclerc-3dfhc1ys000,,State Farm,Q2007336
https://www.statefarm.com/agent/us/nh/seabrook/shane-stpierre-1f4t7955tal,state_farm_us,Shane St Pierre,,,NH,,US,+1 603-814-3111,https://www.statefarm.com/agent/us/nh/seabrook/shane-stpierre-1f4t7955tal,,State Farm,Q2007336
https://www.statefarm.com/agent/us/nh/amherst/tom-peters-3kwbq3xg000,state_farm_us,Tom Peters,,,NH,,US,+1 603-889-4333,https://www.statefarm.com/agent/us/nh/amherst/tom-peters-3kwbq3xg000,,State Farm,Q2007336
https://www.statefarm.com/agent/us/nh/dover/chris-chapman-r4h487v2xge,state_farm_us,Chris Chapman,,,NH,,US,+1 603-742-6855,https://www.statefarm.com/agent/us/nh/dover/chris-chapman-r4h487v2xge,,State Farm,Q2007336
https://www.statefarm.com/agent/us/nh/nashua/briana-dossantos-f90x39205ge,state_farm_us,Briana Dos Santos,,,NH,,US,+1 603-484-4999,https://www.statefarm.com/agent/us/nh/nashua/briana-dossantos-f90x39205ge,,State Farm,Q2007336
https://www.statefarm.com/agent/us/nh/hooksett/jamie-reynolds-lpxrz92d0ge,state_farm_us,Jamie Reynolds,,,NH,,US,+1 603-232-7895,https://www.statefarm.com/agent/us/nh/hooksett/jamie-reynolds-lpxrz92d0ge,,State Farm,Q2007336
https://www.statefarm.com/agent/us/nh/manchester/tony-capraro-37qjy4tswak,state_farm_us,Tony Capraro III,,,NH,,US,+1 603-623-3537,https://www.statefarm.com/agent/us/nh/manchester/tony-capraro-37qjy4tswak,,State Farm,Q2007336
https://www.statefarm.com/agent/us/nh/keene/greg-carlson-m20gd26l000,state_farm_us,Greg Carlson,,,NH,,US,+1 603-352-4081,https://www.statefarm.com/agent/us/nh/keene/greg-carlson-m20gd26l000,,State Farm,Q2007336
https://www.statefarm.com/agent/us/nh/concord/ben-russo-t4jjh7h68al,state_farm_us,Ben Russo,,,NH,,US,+1 603-225-2200,https://www.statefarm.com/agent/us/nh/concord/ben-russo-t4jjh7h68al,,State Farm,Q2007336
https://www.statefarm.com/agent/us/nh/manchester/joe-ashooh-ydvqc4tz3ak,state_farm_us,Joe Ashooh,,,NH,,US,+1 603-624-1000,https://www.statefarm.com/agent/us/nh/manchester/joe-ashooh-ydvqc4tz3ak,,State Farm,Q2007336
https://www.statefarm.com/agent/us/nh/concord/louis-chan-ylr901ys000,state_farm_us,Louis Chan,,,NH,,US,+1 603-224-9576,https://www.statefarm.com/agent/us/nh/concord/louis-chan-ylr901ys000,,State Farm,Q2007336
https://www.statefarm.com/agent/us/nh/derry/nicolas-harriman-2ly917yybal,state_farm_us,Nick Harriman,,,NH,,US,+1 603-818-8688,https://www.statefarm.com/agent/us/nh/derry/nicolas-harriman-2ly917yybal,,State Farm,Q2007336
https://www.statefarm.com/agent/us/nh/raymond/jason-hodgdon-gg0sr5lcdal,state_farm_us,Jason Hodgdon,,,NH,,US,+1 603-244-3964,https://www.statefarm.com/agent/us/nh/raymond/jason-hodgdon-gg0sr5lcdal,,State Farm,Q2007336
https://www.statefarm.com/agent/us/nh/hooksett/rene-leclerc-wflxn1ys000,state_farm_us,Rene LeClerc,,,NH,,US,+1 603-668-0009,https://www.statefarm.com/agent/us/nh/hooksett/rene-leclerc-wflxn1ys000,,State Farm,Q2007336
https://www.statefarm.com/agent/us/nh/littleton/brad-bailey-gffrc4twvak,state_farm_us,Brad Bailey,,,NH,,US,+1 603-444-4420,https://www.statefarm.com/agent/us/nh/littleton/brad-bailey-gffrc4twvak,,State Farm,Q2007336
https://www.statefarm.com/agent/us/nh/derry/alisha-jussaume-hb9kx9148al,state_farm_us,Alisha Jussaume,,,NH,,US,+1 603-432-9521,https://www.statefarm.com/agent/us/nh/derry/alisha-jussaume-hb9kx9148al,,State Farm,Q2007336
https://www.statefarm.com/agent/us/nh/henniker/deb-chabot-5tx2zbl0cak,state_farm_us,Deb Chabot,,,NH,,US,+1 603-406-2496,https://www.statefarm.com/agent/us/nh/henniker/deb-chabot-5tx2zbl0cak,,State Farm,Q2007336
https://www.statefarm.com/agent/us/nh/goffstown/deb-chabot-gycb432b000,state_farm_us,Deb Chabot,,,NH,,US,+1 603-384-1384,https://www.statefarm.com/agent/us/nh/goffstown/deb-chabot-gycb432b000,,State Farm,Q2007336
https://www.statefarm.com/agent/us/nh/derry/john-darak-4cnb61ys000,state_farm_us,"John Darak, Jr",,,NH,,US,+1 603-434-0467,https://www.statefarm.com/agent/us/nh/derry/john-darak-4cnb61ys000,,State Farm,Q2007336
https://www.statefarm.com/agent/us/nh/keene/ed-kingsbury-mr94c1ys000,state_farm_us,Ed Kingsbury Jr,,,NH,,US,+1 603-352-3458,https://www.statefarm.com/agent/us/nh/keene/ed-kingsbury-mr94c1ys000,,State Farm,Q2007336
https://www.statefarm.com/agent/us/nh/hollis/max-thorp-c72bs9hvmal,state_farm_us,Max Thorp,,,NH,,US,+1 603-400-1366,https://www.statefarm.com/agent/us/nh/hollis/max-thorp-c72bs9hvmal,,State Farm,Q2007336
https://www.statefarm.com/agent/us/nh/milford/kevin-hale-yps4t8nf8ak,state_farm_us,Kevin Hale,,,NH,,US,+1 603-732-9400,https://www.statefarm.com/agent/us/nh/milford/kevin-hale-yps4t8nf8ak,,State Farm,Q2007336
https://www.statefarm.com/agent/us/nh/epsom/mariah-m-mcclay-g7dtk8lzvge,state_farm_us,Mariah McClay,,,NH,,US,+1 603-736-7011,https://www.statefarm.com/agent/us/nh/epsom/mariah-m-mcclay-g7dtk8lzvge,,State Farm,Q2007336
https://www.statefarm.com/agent/us/nh/manchester/cody-fait-64dzk7f5sal,state_farm_us,Cody Fait,,,NH,,US,+1 603-606-8177,https://www.statefarm.com/agent/us/nh/manchester/cody-fait-64dzk7f5sal,,State Farm,Q2007336
https://www.statefarm.com/agent/us/nh/merrimack/dan-bantham-2f64v1ys000,state_farm_us,Dan Bantham,,,NH,,US,+1 603-429-2008,https://www.statefarm.com/agent/us/nh/merrimack/dan-bantham-2f64v1ys000,,State Farm,Q2007336
https://www.statefarm.com/agent/us/nh/laconia/mike-testa-3pcbb20x000,state_farm_us,Mike Testa,,,NH,,US,+1 603-524-7733,https://www.statefarm.com/agent/us/nh/laconia/mike-testa-3pcbb20x000,,State Farm,Q2007336
https://www.statefarm.com/agent/us/nh/manchester/john-annick-txmbx1ys000,state_farm_us,John Annick,,,NH,,US,+1 603-622-8600,https://www.statefarm.com/agent/us/nh/manchester/john-annick-txmbx1ys000,,State Farm,Q2007336
https://www.statefarm.com/agent/us/nh/claremont/sean-singleton-p1ygv9q94ge,state_farm_us,Sean Singleton,,,NH,,US,+1 603-690-9011,https://www.statefarm.com/agent/us/nh/claremont/sean-singleton-p1ygv9q94ge,,State Farm,Q2007336
https://www.statefarm.com/agent/us/nh/londonderry/jamie-reynolds-80hxj4gc000,state_farm_us,Jamie Reynolds,,,NH,,US,+1 603-537-9999,https://www.statefarm.com/agent/us/nh/londonderry/jamie-reynolds-80hxj4gc000,,State Farm,Q2007336
https://www.statefarm.com/agent/us/nh/keene/craig-vickers-sjcdh7053ak,state_farm_us,Craig Vickers,,,NH,,US,+1 603-352-3650,https://www.statefarm.com/agent/us/nh/keene/craig-vickers-sjcdh7053ak,,State Farm,Q2007336
https://www.statefarm.com/agent/us/nh/bedford/jacob-l-bramel-6fjx385plge,state_farm_us,Jacob L. Bramel,,,NH,,US,+1 603-606-8186,https://www.statefarm.com/agent/us/nh/bedford/jacob-l-bramel-6fjx385plge,,State Farm,Q2007336
https://www.statefarm.com/agent/us/nh/salem/brian-bosies-plc4h1ys000,state_farm_us,Brian Bosies,,,NH,,US,+1 603-898-5220,https://www.statefarm.com/agent/us/nh/salem/brian-bosies-plc4h1ys000,,State Farm,Q2007336
https://www.statefarm.com/agent/us/nh/salem/ed-ibanez-mvf869vkgak,state_farm_us,Ed Ibanez,,,NH,,US,+1 603-212-7034,https://www.statefarm.com/agent/us/nh/salem/ed-ibanez-mvf869vkgak,,State Farm,Q2007336
https://www.tanger.com/tilton/location,tanger,Tanger Outlets,,Belknap County,NH,,US,,https://www.tanger.com/tilton/location,,Tanger Outlets,Q7682888
https://www.goodfeet.com/locations/nh/manchester,the_good_feet_store,The Good Feet Store Manchester,"655 South Willow Street, Suite 116 Manchester NH 03103",Hillsborough County,NH,,US,+1 603-945-1460,https://www.goodfeet.com/locations/nh/manchester,Mo-Sa 10:00-18:00; Su 12:00-17:00,The Good Feet Store,Q122031157
2838,us_army_national_guard,Manchester Recruiting Office,"1059 Canal Street, Manchester, NH 03101",,NH,,US,+1 603-340-3688,,,US Army National Guard,Q928670
2839,us_army_national_guard,Rochester Recruiting Office,"106 Brock St, Rochester, NH 03867",,NH,,US,+1 603-731-5504,,,US Army National Guard,Q928670
2840,us_army_national_guard,Portsmouth Recruiting Office,"803 McGee Dr, Portsmouth, NH 03824",,NH,,US,+1 603-491-5348,,,US Army National Guard,Q928670
2841,us_army_national_guard,Somersworth Recruiting Office,"15 Blackwater Rd, Somersworth, NH 03878",,NH,,US,+1 603-731-5511,,,US Army National Guard,Q928670
2842,us_army_national_guard,Concord Recruiting Office,"4 Pembroke Rd, Concord, NH 03301",,NH,,US,+1 603-731-5508,,,US Army National Guard,Q928670
2843,us_army_national_guard,Nashua Recruiting Office," 154 Daniel Webster Hwy, Nashua, NH 03060",,NH,,US,+1 603-724-7944,,,US Army National Guard,Q928670
2844,us_army_national_guard,Plymouth Recruiting Office,"19 Armory Rd, Plymouth, NH 03264",,NH,,US,+1 603-724-0762,,,US Army National Guard,Q928670
2845,us_army_national_guard,Hillsboro Recruiting Office,"140 W Main St, Hillsboro, NH 03244",,NH,,US,+1 603-545-5131,,,US Army National Guard,Q928670
,visa,,,EXETER,NH,,US,,,,,
,visa,,,GILFORD,NH,,US,,,,,
,visa,,,ASHLAND,NH,,US,,,,,
,visa,,,WATERVILLE VALLEY,NH,,US,,,,,
,visa,,,CAMPTON,NH,,US,,,,,
