Ref,Spider,Name,Address,City,State,Zipcode,Country,Phone,Website,Hours,Brand,WikiData
6955,aaa,Vestal Office,,Vestal,NY,,US,+1 607-722-7255,,,American Automobile Association,Q463436
https://stores.advanceautoparts.com/ny/vestal/200-n-main-st,advance_auto_parts_us,Advance Auto Parts,,Vestal,NY,,US,+1 607-785-7834,https://stores.advanceautoparts.com/ny/vestal/200-n-main-st,Mo-Sa 07:30-21:00; Su 09:00-20:00,Advance Auto Parts,Q4686051
https://stores.aldi.us/#4421184,aldi_sud_us,ALDI  134 Vestal Parkway West,,Vestal,NY,,US,+1 877-465-1050,https://stores.aldi.us/ny/vestal/134-vestal-parkway-west,"Mo-Su 08:30-20:00,09:00-20:00",ALDI,Q41171672
https://restaurants.applebees.com/en-us/ny/vestal/3701-vestal-parkway-east-92097,applebees,Connect with this Applebee's,,Vestal,NY,,US,+1 607-729-4311,https://restaurants.applebees.com/en-us/ny/vestal/3701-vestal-parkway-east-92097,Mo-Tu 11:00-23:00; We-Sa 11:00-24:00; Su 11:00-22:00,Applebees,Q621532
11767,asics_us,DICK'S Sporting Goods  - Vestal ,2433 Vestal Pkwy E,Vestal,NY,,US,+1 607-797-5220,,Mo-Sa 09:00-21:00; Su 10:00-19:00,asics,Q327247
2936,att_us,VESTAL STORE,,Vestal,NY,,US,+1 607-766-0548,https://www.att.com/stores/new-york/vestal/2936,Mo-Sa 10:00-20:00; Su 10:00-18:00,AT&T,Q298594
https://awrestaurants.com/locations/new-york/vestal/1919-vestal-parkway-e/,awrestaurants,A&W Restaurant,,Vestal,NY,,US,+1 607-786-3500,https://awrestaurants.com/locations/new-york/vestal/1919-vestal-parkway-e/,Mo-Th 10:30-20:30; Fr-Sa 10:30-21:00; Su 10:30-20:00,A&W Restaurants,Q277641
BBW01854,bathandbodyworks_us,SHOPPES AT VESTAL,,VESTAL,NY,,US,+1 607-785-9501,,Mo-Sa 10:00-20:00; Su 10:00-18:00,Bath & Body Works,Q810773
https://stores.bestbuy.com/ny/vestal/3209-vestal-pkwy-e-1380.html,bestbuy,Best Buy Vestal,,Vestal,NY,,US,+1 607-777-1489,https://stores.bestbuy.com/ny/vestal/3209-vestal-pkwy-e-1380.html,,Best Buy,Q533415
https://local.biglots.com/#13190705,biglots,Big Lots - Vestal,,Vestal,NY,,US,+1 607-748-9669,https://local.biglots.com/ny/vestal/150-vestal-pkwy-w,Mo-Sa 09:00-21:00; Su 09:00-19:00,Big Lots,Q4905973
46449,blaze_pizza,Blaze Pizza Vestal,,Vestal,NY,,US,+1 347-431-0493,https://blazepizza.olo.com/menu/blaze-pizza-vestal-ny-vestal-parkway/,,Blaze Pizza,Q23016666
8318,bluerhino,Walmart #1835 - Supercenter,,Vestal (Binghampton),NY,,US,+1 607-798-1011,,,Blue Rhino,Q65681213
3797,bluerhino,Lowe's #202,,Vestal,NY,,US,+1 607-770-9800,,,Blue Rhino,Q65681213
149680,bluerhino,Speedway #7726,,Vestal,NY,,US,+1 607-766-0342,,,Blue Rhino,Q65681213
03741,brookdale_us,Brookdale Castle Gardens,,Vestal,NY,,US,+1 607-748-5700,https://www.brookdale.com/en/communities/brookdale-castle-gardens.html,,Brookdale,Q4974387
11070,brookdale_us,Brookdale Vestal West,,Vestal,NY,,US,+1 607-771-1700,https://www.brookdale.com/en/communities/brookdale-vestal-west.html,,Brookdale,Q4974387
440,burlington_us,Burlington,,Vestal,NY,,US,+1 607-797-4707,https://stores.burlington.com/ny/vestal/440,Mo-Th 09:00-22:00; Fr-Sa 09:00-23:00; Su 09:00-22:00,Burlington,Q4999220
24317,cadillac,MATTHEWS CADILLAC,,Vestal,NY,,US,+1 607-584-5354,https://www.matthewscadillac.com,Mo-Fr 09:00-18:00; Sa 09:00-16:00,Cadillac,Q27436
//locations.carters.com/ny/vestal/carters-vestal-ny,carters_us,Carter's Vestal,,Vestal,NY,,US,+1 607-797-2519,https://locations.carters.com/ny/vestal/carters-vestal-ny,Mo-Sa 10:00-19:00; Su 11:00-18:00,Carter's,Q5047083
20964710,chase_us,Binghamton Vestal Pkwy - New branch,,Vestal,NY,,US,+1 607-621-4783,https://locator.chase.com/ny/vestal/4700-vestal-pkwy-e,Mo-Fr 09:00-17:00; Sa 09:00-14:00,Chase,Q524629
15089,chevrolet,MATTHEWS CHEVROLET,,Vestal,NY,,US,+1 607-821-7550,https://www.matthewschevyvestal.com,Mo-Fr 09:00-18:00; Sa 09:00-16:00,Chevrolet,Q29570
001.005.1582,chilis,Vestal,,Vestal,NY,,US,+1 607-729-4759,https://www.chilis.com/locations/us/new-york/vestal/vestal/,Mo-Th 11:00-23:00; Fr-Sa 11:00-24:00; Su 11:00-23:00,Chili's,Q1072948
ny_vestal_4698-vestal-pkwy-e,chipotle, ,,Vestal,NY,,US,+1 607-797-2528,https://locations.chipotle.com/ny/vestal/4698-vestal-pkwy-e,,Chipotle,Q465751
https://locations.chuckecheese.com/us/ny/vestal/3901-vestal-pkwy.-e.,chuckecheese,Chuck E. Cheese,,Vestal,NY,,US,+1 607-729-7233,https://locations.chuckecheese.com/us/ny/vestal/3901-vestal-pkwy.-e.,Mo-Th 11:00-21:00; Fr 11:00-22:00; Sa 10:00-22:00; Su 11:00-21:00,Chuck E. Cheese,Q2438391
47824,citi,ATM CVS,,Vestal,NY,,US,,,,Citibank,Q857063
82308,citi,ATM Target,,Vestal,NY,,US,,,,Citibank,Q857063
78143,citi,ATM Speedway,,Vestal,NY,,US,,,,Citibank,Q857063
880079,citizens_us,Citizens Vestal - East,,Vestal,NY,,US,+1 607-723-5760,,Mo-Th 09:00-16:00; Fr 09:00-17:00; Sa 09:00-12:00,Citizens,Q5122694
ATM-566,citizens_us,,,Vestal,NY,,US,+1 607-723-5760,,24/7,Citizens,Q5122694
22203,coldstone_creamery,Cold Stone Creamery,,Vestal,NY,,US,+1 607-217-7126,https://www.coldstonecreamery.com/stores/22203,,Cold Stone Creamery,Q1094923
,credit_union_us,SEFCU  a division of Broadview,,Vestal,NY,,US,+1 607-766-9741,,Mo-Fr 08:30-05:00; Sa 09:00-01:00,,
,credit_union_us,Visions FCU,,Vestal,NY,,US,+1 800-242-2120,,Mo-Fr 09:00-05:00,,
16441,cvs_us,CVS Pharmacy,,Vestal,NY,,US,+1 607-729-6204,https://www.cvs.com/store-locator/vestal-ny-pharmacies/3112-vestal-pkwy-e-vestal-ny-13850/storeid=16441,"Mo-Fr 09:00-13:30,14:00-19:00; Sa 09:00-13:30,14:00-17:00; Su 11:00-13:30,14:00-17:00",CVS Pharmacy,Q2078880
565,cvs_us,CVS Pharmacy,,Vestal,NY,,US,+1 607-748-7421,https://www.cvs.com/store-locator/vestal-ny-pharmacies/138-vestal-parkway-west-vestal-ny-13850/storeid=565,Mo-Su 08:00-21:00,CVS Pharmacy,Q2078880
248193,dennys,Denny's,,Vestal,NY,,US,+1 607-798-9660,https://locations.dennys.com/NY/VESTAL/248193,Mo-Su 05:00-24:00,Denny's,Q1189695
5487,dickssportinggoods,"DICK'S Sporting Goods at Vestal, NY | 5487",,Vestal,NY,,US,+1 607-797-5220,https://stores.dickssportinggoods.com/ny/vestal/5487/,Mo-Sa 09:00-21:00; Su 10:00-19:00,Dick's Sporting Goods,Q5272601
22475,dollar_general,Dollar General,,Vestal,NY,,US,+1 607-444-1249,https://www.dollargeneral.com/store-directory/ny/vestal/22475,Mo-Su 08:00-22:00,Dollar General,Q145168
Town Square Mall,dsw,DSW,,Vestal,NY,,US,+1 607-238-2652,https://stores.dsw.com/usa/ny/vestal/dsw-designer-shoe-warehouse-town-square-mall.html,Mo-Sa 10:00-20:00; Su 11:00-18:00,Designer Shoe Warehouse,Q5206207
353170,dunkin_us,Dunkin',,Vestal,NY,,US,+1 607-798-1871,https://locations.dunkindonuts.com/en/ny/vestal/2405-vestal-pkwy-e/353170,Mo-Su 06:00-19:00,Dunkin',Q847743
355098,dunkin_us,Dunkin',,Vestal,NY,,US,+1 607-777-3904,https://locations.dunkindonuts.com/en/ny/vestal/4400-vestal-pkwy-e/355098,Mo-Fr 07:00-20:00; Sa-Su 10:00-18:00,Dunkin',Q847743
300476,dunkin_us,Dunkin',,Vestal,NY,,US,+1 607-797-0421,https://locations.dunkindonuts.com/en/ny/vestal/3000-vestal-pky-e/300476,Mo-Su 05:00-20:00,Dunkin',Q847743
344007,dunkin_us,Dunkin',,Vestal,NY,,US,+1 607-754-1064,https://locations.dunkindonuts.com/en/ny/vestal/201-vestal-pkwy-west/344007,Mo-We 05:00-20:00; Th 05:00-19:00; Fr-Su 05:00-20:00,Dunkin',Q847743
345346,dunkin_us,Dunkin',,Vestal,NY,,US,+1 607-217-7377,https://locations.dunkindonuts.com/en/ny/vestal/4005-vestal-pkwy/345346,Mo-Su 05:00-19:00,Dunkin',Q847743
https://www.edwardjones.com/us-en/financial-advisor/mitchell-vestel,edwardjones,Mitchell C Vestel,,Vestal,NY,,US,+1 607-748-0131,https://www.edwardjones.com/us-en/financial-advisor/mitchell-vestel,,Edward Jones,Q5343830
E12964,enterprise,Binghamton,,Vestal,NY,,US,+1 607-797-0900,,,Enterprise Rent-A-Car,Q17085454
E1297T,enterprise,Vestal Truck Rental,,Vestal,NY,,US,+1 607-729-2520,,,Enterprise Rent-A-Car,Q17085454
646067,firestone_auto_care,Firestone Complete Auto Care,,Vestal,NY,,US,+1 607-821-3458,https://local.firestonecompleteautocare.com/new-york/vestal/111-vestal-pkwy-e/,,Firestone,Q420837
https://locations.fivebelow.com/ny/vestal/2505-vestal-parkway-east,five_below,Five Below Town Square Mall,,Vestal,NY,,US,,https://locations.fivebelow.com/ny/vestal/2505-vestal-parkway-east,Mo-Sa 10:00-20:00; Su 11:00-18:00,Five Below,Q5455836
https://restaurants.fiveguys.com/#15553424,five_guys_us,Five Guys University Plaza,,Vestal,NY,,US,+1 607-770-7005,https://restaurants.fiveguys.com/4700-vestal-pkwy-e,"Mo-Su 11:00-21:30,11:00-22:00",Five Guys,Q1131810
Motorcraft3944USAEnglish,ford,Feduke Ford Inc,,New York,NY,,US,+1 607-754-5533,,,Ford,Q44294
Motorcraft3946USAEnglish,ford,Feduke Ford-Lincoln,,New York,NY,,US,,,,Ford,Q44294
https://www.ford.com/dealerships/dealer-details/ny/vestal/williams-ford-of-binghamton/,ford_dealers_us,Williams Ford of Binghamton,,Vestal,NY,,US,+1 607-309-4095,https://www.ford.com/dealerships/dealer-details/ny/vestal/williams-ford-of-binghamton/,Mo-Tu 08:30-19:00; We 08:30-18:00; Th 08:30-19:00; Fr 08:30-18:00; Sa 08:30-17:00,Ford Motor Company,Q44294
7363,fresenius_kidney_care_us,Fresenius Kidney Care Vestal,,Vestal,NY,,US,+1 800-881-5101,https://www.freseniuskidneycare.com/dialysis-centers/new-york/7363,Mo 06:00-23:00; Tu 06:00-17:00; We 06:00-23:00; Th 06:00-17:00; Fr 06:00-23:00; Sa 06:00-17:00,,
6365,gamestop_us,Vestal Plaza,,Vestal,NY,,US,+1 607-797-2385,https://www.gamestop.com/search/?store=6365,Mo-Th 12:00-20:00; Fr-Sa 10:00-21:00; Su 12:00-19:00,GameStop,Q202210
binghamton_robert-pearlman,geico,Robert Pearlman,,Vestal,NY,,US,+1 607-621-4850,https://www.geico.com/insurance-agents/new-york/binghamton/robert-pearlman/,,GEICO,Q1498689
https://stores.gnc.com/#24058330,gnc,GNC University Plaza In Vestal,,,NY,,US,+1 607-729-2390,https://stores.gnc.com/all-stores-new-york/vestal/4706-vestal-parkway,Mo-Sa 10:00-20:00; Su 11:00-18:00,GNC,Q4808595
6d3a64a9-0c3a-e211-bd7d-005056934050,goodwill,Vestal Store & Donation Center,,Vestal,NY,,US,+1 607-797-3414,https://www.goodwill.org/locator/location/?store=NmQzYTY0YTktMGMzYS1lMjExLWJkN2QtMDA1MDU2OTM0MDUw&lat=NDIuMDk4NTc=&lng=LTc1Ljk4MzEz,,Goodwill,Q5583655
5014,gulf_pr_us,SKYLARK GULF,,Vestal,NY,,US,+1 704-224-1026,https://www.gulfoil.com/skylark-gulf,,Gulf Oil,Q5617505
https://www.harborfreight.com/storelocator/124-sycamore-st-vestal-13850?number=355,harborfreight,"Harbor Freight Tools Vestal, NY",,Vestal,NY,,US,+1 607-798-1780,https://www.harborfreight.com/storelocator/124-sycamore-st-vestal-13850?number=355,Mo-Sa 08:00-20:00; Su 09:00-18:00,Harbor Freight Tools,Q5654601
bgmvpru-tru-binghamton-vestal,hilton,Tru by Hilton Binghamton Vestal,,,NY,,US,+1 607-644-9111,https://www.hilton.com/ar/hotels/bgmvpru-tru-binghamton-vestal/,,Tru by Hilton,Q24907770
bgmvehw-homewood-suites-binghamton-vestal-ny,hilton,"Homewood Suites by Hilton Binghamton/Vestal, NY",,,NY,,US,+1 607-296-4800,https://www.hilton.com/ar/hotels/bgmvehw-homewood-suites-binghamton-vestal-ny/,,Homewood Suites by Hilton,Q5890701
30384,h_r_block,H&R Block,,Vestal,NY,,US,+1 607-770-7482,https://www.hrblock.com/local-tax-offices/new-york/vestal/town-square-mall/30384/,,H&R Block,Q5627799
ny_vestal_breakfast-3720-vestal-pkwy-east-4695,ihop,IHOP Breakfast Restaurants Near You at 3720 Vestal Pkwy East,,Vestal,NY,,US,+1 607-644-9051,https://restaurants.ihop.com/en-us/ny/vestal/breakfast-3720-vestal-pkwy-east-4695,,IHOP,Q1185675
https://office.jacksonhewitt.com/#27579295,jackson_hewitt,Jackson Hewitt,,Vestal,NY,,US,+1 607-622-8337,https://office.jacksonhewitt.com/tax-preparation-services-locations/en/ny/vestal/2405-vestal-parkway-east/51835,Mo-Sa 11:00-19:00; Su 12:00-16:00,Jackson Hewitt,Q6117132
https://locations.jimmyjohns.com/ny/vestal/sandwiches-4152.html,jimmy_johns,Jimmy John's,,Vestal,NY,,US,+1 607-304-2380,https://locations.jimmyjohns.com/ny/vestal/sandwiches-4152.html,,Jimmy John's,Q1689380
2579,joann_us,JOANN Fabric and Crafts,,Vestal,NY,,US,+1 607-408-5327,https://stores.joann.com/ny/vestal/2579/,Mo-Sa 09:00-21:00; Su 10:00-18:00,JOANN,Q6203968
https://locations.kfc.com/#11249571,kfc,Chicken Nuggets Near Vestal,,Vestal,NY,,US,,https://locations.kfc.com/ny/vestal/4010-vestal-parkway-east/chickennugget,Mo-Su 10:30-22:00,KFC,Q524757
299,kohls_us,Kohl's,,Vestal,NY,,US,+1 607-766-6070,https://www.kohls.com/stores/ny/vestal-299.shtml,Mo-Sa 09:00-22:00; Su 09:00-21:00,Kohl's,Q967265
https://stores.loft.com/ny/vestal/1308-vestal-parkway-east.html,loft_us,Loft,,Vestal,NY,,US,+1 607-757-2539,https://stores.loft.com/ny/vestal/1308-vestal-parkway-east.html,,Loft,Q62075137
BGMVS,marriott,Courtyard Binghamton,,Vestal,NY,,US,+1 607-644-1000,https://www.marriott.com/BGMVS,,Courtyard by Marriott,Q1053170
BGMNY,marriott,Residence Inn Binghamton,,Vestal,NY,,US,+1 607-770-8500,https://www.marriott.com/BGMNY,,Residence Inn by Marriott,Q7315394
https://locations.maurices.com/#1006719554,maurices,maurices Shops At Vestal,,Vestal,NY,,US,+1 607-246-7572,https://locations.maurices.com/us/ny/vestal/2317-vestal-pkwy-e,Mo-Sa 10:00-20:00; Su 11:00-18:00,maurices,Q6793571
3132,mightyflame,MIRABITO STORES #76,,VESTAL,NY,,US,+1 607-770-0921,,,Mighty Flame,
3144,mightyflame,MIRABITO STORES #89,,VESTAL,NY,,US,+1 607-754-2982,,,Mighty Flame,
3148,mightyflame,MIRABITO STORES #101,,VESTAL,NY,,US,+1 607-770-9805,,,Mighty Flame,
https://locations.moes.com/#389,moes,Moe's Southwest Grill,,Vestal,NY,,US,+1 607-729-6100,https://locations.moes.com/ny/vestal/3612-vestal-parkway-east,Mo-Su 10:30-21:00,Moe's Southwest Grill,Q6889938
71459648,moneygram,WAL-MART - #1835,,VESTAL,NY,,US,+1 607-798-1011,,Mo-Su 07:00-21:00,MoneyGram,Q1944412
https://locations.mtb.com/#25081345,mt_bank_us,M&T Bank,,,NY,,US,+1 607-757-2622,https://locations.mtb.com/ny/vestal/bank-branches-and-atms-vestal-ny-442.html,Mo-Th 09:00-16:00; Fr 09:00-17:00; Sa 09:00-12:00,M&T Bank,Q3272257
https://locations.mtb.com/#25083066,mt_bank_us,M&T Bank,,,NY,,US,+1 607-772-2321,https://locations.mtb.com/ny/vestal/bank-branches-and-atms-vestal-ny-3628.html,Mo-Th 09:00-16:00; Fr 09:00-17:00; Sa 09:00-12:00,M&T Bank,Q3272257
NNA5789,nissan_europe,MATTHEWS NISSAN,,VESTAL,NY,,US,+1 607-729-3511,https://www.matthewsnissanny.com,Mo-Fr 09:00-18:00; Sa 09:00-16:00,Nissan,Q20165
//locations.oshkosh.com/ny/vestal/oshkosh-vestal-ny,oshkosh_us,Oshkosh B'gosh Vestal,,Vestal,NY,,US,+1 607-797-2519,https://locations.oshkosh.com/ny/vestal/oshkosh-vestal-ny,Mo-Sa 10:00-19:00; Su 11:00-18:00,OshKosh B'gosh,Q1417347
https://locations.outback.com/#15501985,outbacksteakhouse,Outback Steakhouse,,Vestal,NY,,US,+1 607-766-9915,https://locations.outback.com/new-york/vestal/3140-vestal-parkway-east,Mo-Th 11:00-21:30; Fr-Sa 11:00-22:00; Su 11:00-21:00,Outback Steakhouse,Q1064893
005137,penske,Hillcrest Carstar Collision,,VESTAL,NY,,US,+1 607-217-6005,https://www.pensketruckrental.com/locations/us/new_york/vestal/005137/,,Penske,Q81234570
ny_vestal_3112-vestal-pkwy-e,pizza_hut_us,3112 Vestal Pkwy E,,Vestal,NY,,US,,https://locations.pizzahut.com/ny/vestal/3112-vestal-pkwy-e,,Pizza Hut,Q191615
6366,sams_club,Vestal Sam's Club,,Vestal,NY,,US,+1 607-770-6200,https://www.samsclub.com/club/vestal-ny-sams-club/6366,Mo 10:00-20:00; Sa 09:00-20:00; Su 10:00-18:00,Sam's Club,Q1972120
584,shoe_carnival_us,Shoe Carnival,,Vestal,NY,,US,+1 607-729-4715,https://stores.shoecarnival.com/ny/vestal/shoe-store-vestal-ny-584.html,Mo-Sa 10:00-21:00; Su 11:00-19:00,Shoe Carnival,Q7500007
7850117325405926044,sleep_number_us,Sleep Number,,Vestal,NY,,US,,https://www.sleepnumber.com/stores/ny/vestal/2549-vestal-pkwy-east,Mo-Th 10:00-19:00; Fr-Sa 10:00-20:00; Su 11:00-19:00,Sleep Number,Q7447640
3701-vestal-parkway-east,staples,"Staples Vestal, NY",,Vestal,NY,,US,,https://stores.staples.com/ny/vestal/3701-vestal-parkway-east,Mo-Fr 08:00-21:00; Sa 09:00-20:00; Su 10:00-18:00,Staples,Q785943
https://restaurants.subway.com/#14904374,subway,Subway,,Vestal Broome,NY,,US,+1 607-729-7257,https://restaurants.subway.com/united-states/ny/vestal/3801-vestal-parkway,Mo-Su 08:30-21:30,Subway,Q244457
https://restaurants.subway.com/#14901037,subway,Subway,,Vestal Broome,NY,,US,+1 607-748-8299,https://restaurants.subway.com/united-states/ny/vestal/160-vestal-pkwy-west,Mo-Su 07:30-20:30,Subway,Q244457
35061,sweetfrog_us,sweetFrog Store 35061,,Vestal,NY,,US,+1 607-296-4013,https://www.sweetfrog.com/stores/frozen-yogurt-vestal/35061,Mo-Th 13:00-21:00; Fr-Su 12:00-21:00,sweetFrog,Q16952110
https://locations.tacobell.com/#7506239,taco_bell,Taco Bell,,Vestal,NY,,US,+1 607-729-7039,https://locations.tacobell.com/ny/vestal/2507-vestal-pkwy-east.html,Mo-We 07:00-02:00; Th-Sa 07:00-03:00; Su 07:00-02:00,Taco Bell,Q752941
28214,tjx,Vestal,2317 Vestal Pkwy E,Vestal,NY,,US,+1 607-785-5534,,Mo-Sa 09:30-21:30; Su 10:00-20:00,HomeGoods,Q5887941
08770,tjx,Vestal,2413 Vestal Parkway East,Vestal,NY,,US,+1 607-770-7031,,Mo-Sa 09:30-21:30; Su 10:00-20:00,TJ Maxx,Q10860683
6B86,tmobile_us,Sam's Club Vestal NY,,Vestal,NY,,US,+1 607-595-7795,https://www.t-mobile.com/store-locator/ny/vestal/sams-club-vestal-ny,,T-Mobile,Q3511885
478G,tmobile_us,Vestal Pkwy E & Annetta St,,Vestal,NY,,US,+1 607-940-0025,https://www.t-mobile.com/store-locator/ny/vestal/vestal-pkwy-e-annetta-st,,T-Mobile,Q3511885
15762,true_value_us,Home Central,,Vestal,NY,,US,+1 607-785-3307,http://www.homecentralstores.com/,,True Value,Q7847545
4652,upsstore,Vestal,3439 Vestal Pkwy E,Vestal,NY,,US,+1 607-644-9124,https://locations.theupsstore.com/ny/vestal/3439-vestal-pkwy-e,,UPS Store,Q7771029
1385898,usps,VESTAL,,VESTAL,NY,,US,+1 607-798-1772,,Mo-Fr 08:30-17:30; Sa 08:30-12:00,United States Postal Service,Q668687
1385000046,usps_collection_boxes,USPS COLLECTION BOX - BLUE BOX,400 PLAZA DR,VESTAL,NY,,US,,,,United States Postal Service,Q668687
1385000040,usps_collection_boxes,USPS COLLECTION BOX - EXPRESS,4400 VESTAL PKWY E,VESTAL,NY,,US,,,,United States Postal Service,Q668687
1385000049,usps_collection_boxes,USPS COLLECTION BOX - BLUE BOX,4400 VESTAL PKWY E,VESTAL,NY,,US,,,,United States Postal Service,Q668687
1385000012,usps_collection_boxes,USPS COLLECTION BOX - BLUE BOX,4104 VESTAL RD,VESTAL,NY,,US,,,,United States Postal Service,Q668687
1385000048,usps_collection_boxes,USPS COLLECTION BOX - BLUE BOX,4100 VESTAL RD,VESTAL,NY,,US,,,,United States Postal Service,Q668687
1385000011,usps_collection_boxes,USPS COLLECTION BOX - BLUE BOX,3701 VESTAL PKWY E,VESTAL,NY,,US,,,,United States Postal Service,Q668687
1385000008,usps_collection_boxes,USPS COLLECTION BOX - BLUE BOX,408 COMMERCE RD,VESTAL,NY,,US,,,,United States Postal Service,Q668687
1385000050,usps_collection_boxes,USPS COLLECTION BOX - APC,117 RANO BLVD,VESTAL,NY,,US,,,,United States Postal Service,Q668687
1385000001,usps_collection_boxes,USPS COLLECTION BOX - BLUE BOX,117 RANO BLVD,VESTAL,NY,,US,,,,United States Postal Service,Q668687
1385000004,usps_collection_boxes,USPS COLLECTION BOX - PO LOBBY,117 RANO BLVD,VESTAL,NY,,US,,,,United States Postal Service,Q668687
1385000056,usps_collection_boxes,USPS COLLECTION BOX - PO LOBBY,117 RANO BLVD,VESTAL,NY,,US,,,,United States Postal Service,Q668687
1385000014,usps_collection_boxes,USPS COLLECTION BOX - BLUE BOX,100 RANO BLVD,VESTAL,NY,,US,,,,United States Postal Service,Q668687
1385000039,usps_collection_boxes,USPS COLLECTION BOX - BLUE BOX,2405 VESTAL PKWY E,VESTAL,NY,,US,,,,United States Postal Service,Q668687
1385000034,usps_collection_boxes,USPS COLLECTION BOX - BLUE BOX,320 VESTAL PKWY E,VESTAL,NY,,US,,,,United States Postal Service,Q668687
1385000032,usps_collection_boxes,USPS COLLECTION BOX - BLUE BOX,333 CLAYTON AVE,VESTAL,NY,,US,,,,United States Postal Service,Q668687
1385000027,usps_collection_boxes,USPS COLLECTION BOX - BLUE BOX,300 MAIN ST,VESTAL,NY,,US,,,,United States Postal Service,Q668687
1385000030,usps_collection_boxes,USPS COLLECTION BOX - BLUE BOX,101 HAZEL DR,VESTAL,NY,,US,,,,United States Postal Service,Q668687
1385000020,usps_collection_boxes,USPS COLLECTION BOX - BLUE BOX,146 VESTAL PKWY W,VESTAL,NY,,US,,,,United States Postal Service,Q668687
1385000025,usps_collection_boxes,USPS COLLECTION BOX - BLUE BOX,155 FRONT ST,VESTAL,NY,,US,,,,United States Postal Service,Q668687
1385000037,usps_collection_boxes,USPS COLLECTION BOX - BLUE BOX,605 VESTAL PKWY W,VESTAL,NY,,US,,,,United States Postal Service,Q668687
vestal_oil-change-020008,valvoline_instant_oil_change,Valvoline,100 Vestal Parkway East ,Vestal,NY,,US,+1 607-754-1458,https://store.vioc.com/ny/vestal/oil-change-020008.html,,Valvoline Instant Oil Change,Q7912852
https://vcahospitals.com/southern-tier,vca,VCA Southern Tier Animal Hospital,,Vestal,NY,,US,+1 607-754-7164,https://vcahospitals.com/southern-tier,Mo-Fr 08:00-18:00,VCA,Q7906620
R00000002040,verizon_us,Vestal,,Vestal,NY,,US,+1 607-763-1000,https://www.verizon.com/stores/details/new-york/vestal/vestal-202864/,Mo-Sa 09:00-19:00; Su 10:00-17:00,Verizon,Q919641
,visa,,,VESTAL,NY,,US,,,,,
,visa,,,VESTAL,NY,,US,,,,,
,visa,,,VESTAL,NY,,US,,,,,
,visa,,,VESTAL,NY,,US,,,,,
,visa,,,VESTAL,NY,,US,,,,,
,visa,,,VESTAL,NY,,US,,,,,
,visa,,,VESTAL,NY,,US,,,,,
,visa,,,VESTAL,NY,,US,,,,,
,visa,,,VESTAL,NY,,US,,,,,
,visa,,,VESTAL,NY,,US,,,,,
,visa,,,VESTAL,NY,,US,,,,,
,visa,,,VESTAL,NY,,US,,,,,
,visa,,,VESTAL,NY,,US,,,,,
,visa,,,VESTAL,NY,,US,,,,,
,visa,,,VESTAL,NY,,US,,,,,
,visa,,,VESTAL,NY,,US,,,,,
,visa,,,VESTAL,NY,,US,,,,,
,visa,,,VESTAL,NY,,US,,,,,
,visa,,,VESTAL,NY,,US,,,,,
,visa,,,VESTAL,NY,,US,,,,,
,visa,,,VESTAL,NY,,US,,,,,
,visa,,,VESTAL,NY,,US,,,,,
,visa,,,VESTAL,NY,,US,,,,,
,visa,,,VESTAL,NY,,US,,,,,
,visa,,,VESTAL,NY,,US,,,,,
,visa,,,VESTAL,NY,,US,,,,,
,visa,,,VESTAL,NY,,US,,,,,
,visa,,,VESTAL,NY,,US,,,,,
,visa,,,VESTAL,NY,,US,,,,,
,visa,,,VESTAL,NY,,US,,,,,
,visa,,,VESTAL,NY,,US,,,,,
,visa,,,VESTAL,NY,,US,,,,,
,visa,,,VESTAL,NY,,US,,,,,
,visa,,,VESTAL,NY,,US,,,,,
,visa,,,VESTAL,NY,,US,,,,,
,visa,,,VESTAL,NY,,US,,,,,
,visa,,,VESTAL,NY,,US,,,,,
,visa,,,VESTAL,NY,,US,,,,,
,visa,,,VESTAL,NY,,US,,,,,
,visa,,,VESTAL,NY,,US,,,,,
,visa,,,VESTAL,NY,,US,,,,,
,visa,,,VESTAL,NY,,US,,,,,
,visa,,,VESTAL,NY,,US,,,,,
,visa,,,VESTAL,NY,,US,,,,,
,visa,,,VESTAL,NY,,US,,,,,
,visa,,,VESTAL,NY,,US,,,,,
,visa,,,VESTAL,NY,,US,,,,,
,visa,,,VESTAL,NY,,US,,,,,
,visa,,,VESTAL,NY,,US,,,,,
,visa,,,VESTAL,NY,,US,,,,,
,visa,,,VESTAL,NY,,US,,,,,
1022,visionworks,Empire Visionworks,,Vestal,NY,,US,+1 607-729-1212,https://locations.visionworks.com/ll/US/NY/Vestal/3900-Vestal-Pkwy-E,Mo-Fr 09:00-19:00; Sa 09:00-18:00,Visionworks,Q5422607
https://locations.vitaminshoppe.com/ny/vestal/vitamins-supplements-vestal-ny-841.html,vitamin_shoppe,The Vitamin Shoppe® Vestal ,2545 Vestal Parkway ,Vestal,NY,,US,+1 607-729-4960,https://locations.vitaminshoppe.com/ny/vestal/vitamins-supplements-vestal-ny-841.html,Su 10:30-18:00; Mo 10:00-20:00; Tu 10:00-20:00; We 10:00-20:00; Th 10:00-20:00; Fr 10:00-20:00; Sa 10:30-20:00,The Vitamin Shoppe,Q7772938
https://locations.wendys.com/#9256209,wendys,"Wendy's Vestal in Vestal, NY",,Vestal,NY,,US,+1 607-798-7474,https://locations.wendys.com/united-states/ny/vestal/3737-vestal-pkwy,"Mo-Su 06:30-10:30,08:00-22:00",Wendy's,Q550258
5986213ebe5164fff834a736b283f7c5,western_union,WALMART #001835,,Vestal,NY,,US,+1 607-798-1011,https://location.westernunion.com/us/ny/vestal/5986213ebe5164fff834a736b283f7c5,Mo-Su 07:00-21:00,Western Union,Q861042
