Ref,Spider,Name,Address,City,State,Zipcode,Country,Phone,Website,Hours,Brand,WikiData
https://stores.advanceautoparts.com/nh/seabrook/738-lafayette-rd,advance_auto_parts_us,Advance Auto Parts,,Seabrook,NH,,US,+1 603-474-0929,https://stores.advanceautoparts.com/nh/seabrook/738-lafayette-rd,Mo-Sa 07:30-21:00; Su 09:00-20:00,Advance Auto Parts,Q4686051
https://stores.ashleyfurniture.com/store/us/new-hampshire/seabrook/9000344759/,ashley_furniture,"Ashley Store Seabrook, NH",,Seabrook,NH,,US,+1 603-814-4305,https://stores.ashleyfurniture.com/store/us/new-hampshire/seabrook/9000344759/,,Ashley Furniture,Q4805437
12201,asics_us,DICK'S Sporting Goods  - Seabrook,700 Lafayette Rd ste 212,Seabrook,NH,,US,+1 603-760-7369,,Mo-Sa 09:00-21:00; Su 10:00-19:00,asics,Q327247
5202,autozone_us,AutoZone Auto Parts Seabrook,,Seabrook,NH,,US,+1 603-474-8204,https://www.autozone.com/locations/nh/seabrook/519-lafayette-rd.html,Mo-Sa 07:30-20:00; Su 08:30-19:00,AutoZone,Q4826087
https://locators.bankofamerica.com/nh/seabrook/atm-seabrook-105306.html,bankofamerica,Bank of America Walk-Up ATM | Staples Plaza,,Seabrook,NH,,US,+1 844-401-8500,https://locators.bankofamerica.com/nh/seabrook/atm-seabrook-105306.html,,Bank of America,Q487907
BBW01792,bathandbodyworks_us,SEACOAST SHOPPING CENTER,,SEABROOK,NH,,US,+1 603-474-1798,,Mo-Th 10:00-19:00; Fr-Sa 10:00-20:00; Su 11:00-18:00,Bath & Body Works,Q810773
0381,bjswholesale,Seabrook,,Seabrook,NH,,US,+1 603-474-4701,https://www.bjs.com/mapDetail;city=0381,Mo-Sa 08:00-21:00,BJ's Wholesale,Q4835754
160916,bluerhino,AL Prime Gas Station #313,,Seabrook,NH,,US,+1 603-474-8338,,,Blue Rhino,Q65681213
44585,bluerhino,Seabrook One Stop,,Seabrook,NH,,US,+1 603-474-8598,,,Blue Rhino,Q65681213
3619,bluerhino,Walmart #1762 - Supercenter,,Seabrook,NH,,US,+1 603-474-2037,,,Blue Rhino,Q65681213
84143,bluerhino,Lowe's #1979,,Seabrook,NH,,US,+1 603-760-4017,,,Blue Rhino,Q65681213
240207,bluerhino,Circle K #4707231,,Seabrook,NH,,US,+1 603-474-1005,,,Blue Rhino,Q65681213
164146,bluerhino,Ocean State Job Lot #414,,Seabrook,NH,,US,+1 603-474-0430,,,Blue Rhino,Q65681213
112775,bluerhino,Seacoast One Stop,,Seabrook,NH,,US,+1 603-760-7237,,,Blue Rhino,Q65681213
128313,bluerhino,Catalano's Market,,Seabrook,NH,,US,+1 603-760-2836,,,Blue Rhino,Q65681213
25708,burgerking,Burger King,,Seabrook,NH,,US,+1 603-474-0424,https://www.bk.com/store-locator/store/restaurant_72428,Mo-Sa 06:00-22:00; Su 07:00-22:00,Burger King,Q177054
//locations.carters.com/nh/seabrook/carters-seabrook-nh,carters_us,Carter's Seabrook,,Seabrook,NH,,US,+1 603-474-0465,https://locations.carters.com/nh/seabrook/carters-seabrook-nh,Mo-Sa 10:00-19:00; Su 11:00-18:00,Carter's,Q5047083
001.005.1148,chilis,Seabrook,,Seabrook,NH,,US,+1 603-474-3597,https://www.chilis.com/locations/us/new-hampshire/seabrook/seabrook/,Mo-Th 11:00-22:00; Fr-Sa 11:00-23:00; Su 11:00-22:00,Chili's,Q1072948
60495,citi,ATM Jims Tattoo,,Seabrook,NH,,US,,,,Citibank,Q857063
42517,citi,ATM Circle K,,Seabrook,NH,,US,,,,Citibank,Q857063
52153,citi,ATM CVS,,Seabrook,NH,,US,,,,Citibank,Q857063
ATM-1374,citizens_us,,,Seabrook,NH,,US,,,,Citizens,Q5122694
ATM-2319,citizens_us,,,Seabrook,NH,,US,,,,Citizens,Q5122694
,credit_union_us,Merrimack Valley CU,,Seabrook,NH,,US,+1 800-356-0067,,Mo-Fr 08:30-05:00,,
,credit_union_us,Service FCU,,Seabrook,NH,,US,+1 603-474-0950,,Mo-We 09:00-05:00; Th-Fr 09:00-06:00; Sa 09:00-03:00,,
503,cvs_us,CVS Pharmacy,,Seabrook,NH,,US,+1 603-474-9511,https://www.cvs.com/store-locator/seabrook-nh-pharmacies/628-lafayette-rd-seabrook-nh-03874/storeid=503,Mo-Su 08:00-22:00,CVS Pharmacy,Q2078880
1125,dickssportinggoods,"DICK'S Sporting Goods Store in Seabrook, NH | 1125",,Seabrook,NH,,US,+1 603-760-7369,https://stores.dickssportinggoods.com/nh/seabrook/1125/,Mo-Sa 09:00-21:00; Su 10:00-19:00,Dick's Sporting Goods,Q5272601
336177,dunkin_us,Dunkin',,Seabrook,NH,,US,+1 603-474-1136,https://locations.dunkindonuts.com/en/nh/seabrook/720-lafayette-rd/336177,Mo-We 05:00-21:00; Th 05:00-19:00; Fr 05:00-20:00; Sa-Su 05:00-21:00,Dunkin',Q847743
330194,dunkin_us,Dunkin',,Seabrook,NH,,US,+1 603-474-5303,https://locations.dunkindonuts.com/en/nh/seabrook/443-lafayette-rd/330194,24/7,Dunkin',Q847743
330226,dunkin_us,Dunkin',,Seabrook,NH,,US,+1 603-474-7946,https://locations.dunkindonuts.com/en/nh/seabrook/12-ocean-blvd/330226,Mo-Su 04:30-20:00,Dunkin',Q847743
100623,electrify_america,"Walmart 1762 - Seabrook, NH",,Seabrook,NH,,US,,,,Electrify America,Q59773555
7502,extra_space_storage,Seabrook Self Storage at 233 State Route 107,,Seabrook,NH,,US,+1 603-617-4299,https://www.extraspace.com/storage/facilities/us/new_hampshire/seabrook/7502/,Mo-Fr 09:30-18:00; Sa 09:00-17:30,Extra Space Storage,Q5422162
200327637,exxonmobil,O'KEEFE'S GENERAL STORE INC,,SEABROOK,NH,,US,+1 603-474-0119,https://www.exxon.com/en/find-station/mobil-seabrook-nh-okeefesgeneralstoreinc-200327637,24/7,Mobil,Q109676002
https://locations.fivebelow.com/nh/seabrook/700-lafayette-rd,five_below,Five Below Seabrook Town Center,,Seabrook,NH,,US,,https://locations.fivebelow.com/nh/seabrook/700-lafayette-rd,Mo-Sa 10:00-20:00; Su 11:00-18:00,Five Below,Q5455836
https://restaurants.fiveguys.com/#15553051,five_guys_us,Five Guys Southgate Shopping Center,,Seabrook,NH,,US,+1 603-760-7042,https://restaurants.fiveguys.com/380-lafayette-rd,"Mo-Su 11:00-21:30,11:00-22:00",Five Guys,Q1131810
Motorcraft4280USAEnglish,ford,New England Parts Warehouse,,New Jersey,NH,,US,+1 603-474-0691,,,Ford,Q44294
7736,gamestop_us,Seabrook Town Center,,Seabrook,NH,,US,+1 603-474-1043,https://www.gamestop.com/search/?store=7736,Mo-Th 12:00-20:00; Fr-Sa 10:00-21:00; Su 11:00-19:00,GameStop,Q202210
https://stores.gnc.com/#24059016,gnc,GNC Seabrook Commons,,,NH,,US,+1 603-474-0127,https://stores.gnc.com/all-stores-new-hampshire/seabrook/700-lafayette-rd,Mo-Sa 10:00-19:00; Su 11:00-18:00,GNC,Q4808595
dcb77526-f2ea-e511-a94f-005056890337,goodwill,Seabrook Retail Store,,Seabrook,NH,,US,+1 603-474-0980,https://www.goodwill.org/locator/location/?store=ZGNiNzc1MjYtZjJlYS1lNTExLWE5NGYtMDA1MDU2ODkwMzM3&lat=NDIuODkxNDE=&lng=LTcwLjg3MDE0,,Goodwill,Q5583655
https://salons.greatclips.com/us/nh/seabrook/570-lafayette-rd,greatclips,Great Clips,,Seabrook,NH,,US,+1 603-814-4191,https://salons.greatclips.com/us/nh/seabrook/570-lafayette-rd,Mo-Fr 09:00-19:00; Sa 09:00-18:00; Su 09:00-15:00,Great Clips,Q5598967
nh_seabrook_breakfast-570-lafayette-rd-3504,ihop,IHOP Breakfast Restaurants Near You at 570 Lafayette Rd,,Seabrook,NH,,US,+1 603-474-0512,https://restaurants.ihop.com/en-us/nh/seabrook/breakfast-570-lafayette-rd-3504,,IHOP,Q1185675
https://office.jacksonhewitt.com/#27578034,jackson_hewitt,Jackson Hewitt,,Seabrook,NH,,US,+1 603-760-7530,https://office.jacksonhewitt.com/tax-preparation-services-locations/en/nh/seabrook/700-lafayette-road/51762,Mo-Sa 11:00-19:00; Su 10:00-17:00,Jackson Hewitt,Q6117132
824,joann_us,JOANN Fabric and Crafts,,Seabrook,NH,,US,+1 603-474-3593,https://stores.joann.com/nh/seabrook/824/,Mo-Sa 09:00-19:00; Su 10:00-18:00,JOANN,Q6203968
https://locations.kfc.com/#11247328,kfc,Chicken Nuggets Near Seabrook,,Seabrook,NH,,US,,https://locations.kfc.com/nh/seabrook/306-lafayette-road/chickennugget,Mo-Su 10:30-23:00,KFC,Q524757
1255,kohls_us,Kohl's,,Seabrook,NH,,US,+1 603-474-2258,https://www.kohls.com/stores/nh/seabrook-1255.shtml,Mo-Sa 09:00-21:00; Su 09:00-20:00,Kohl's,Q967265
16961,mattress_firm_us,Mattress Firm Seabrook,,Seabrook,NH,,US,+1 603-474-3040,https://www.mattressfirm.com/en-us/stores/nh/seabrook/120001/,,Mattress Firm,Q6791878
https://locations.maurices.com/#11687980,maurices,maurices Seabrook Commons,,Seabrook,NH,,US,+1 603-474-0825,https://locations.maurices.com/us/nh/seabrook/700-lafayette-road,Mo-Th 11:00-20:00; Fr 10:00-20:00; Sa 11:00-19:00; Su 11:00-18:00,maurices,Q6793571
71464918,moneygram,WAL-MART - #1762,,SEABROOK,NH,,US,+1 603-474-2037,,Mo-Su 07:00-21:00,MoneyGram,Q1944412
//locations.oshkosh.com/nh/seabrook/oshkosh-seabrook-nh,oshkosh_us,Oshkosh B'gosh Seabrook,,Seabrook,NH,,US,+1 603-474-0465,https://locations.oshkosh.com/nh/seabrook/oshkosh-seabrook-nh,Mo-Sa 10:00-19:00; Su 11:00-18:00,OshKosh B'gosh,Q1417347
011142,penske,Home Depot #3404,,SEABROOK,NH,,US,+1 603-474-1452,https://www.pensketruckrental.com/locations/us/new_hampshire/seabrook/011142/,,Penske,Q81234570
home-depot-3404-9549,ppgpaints,HOME DEPOT 3404,,"Seabrook, ",NH,,US,+1 603-474-0150,https://www.ppgpaints.com/store-locator/us/new-hampshire/seabrook-paint-stores/home-depot-3404-9549,,PPG Paints,Q83891559
https://www.publicstorage.com/self-storage-nh-seabrook/5255.html,public_storage_us,Public Storage,,Seabrook,NH,,US,+1 603-825-5501,https://www.publicstorage.com/self-storage-nh-seabrook/5255.html,,Public Storage,Q1156045
536-lafayette-rd,staples,"Staples Seabrook, NH",,Seabrook,NH,,US,,https://stores.staples.com/nh/seabrook/536-lafayette-rd,Mo-Fr 08:00-21:00; Sa 09:00-20:00; Su 10:00-18:00,Staples,Q785943
https://restaurants.subway.com/#14902127,subway,Subway Wal-Mart #1762,,Seabrook Rockingham,NH,,US,+1 603-474-2256,https://restaurants.subway.com/united-states/nh/seabrook/700-lafayette-road,Mo-Su 08:30-21:30,Subway,Q244457
80946,supercuts,Seabrook Commons,700 Lafayette Rd Ste 105,Seabrook,NH,,US,+1 603-814-1268,https://www.supercuts.com/checkin/80946,Mo 09:00-17:00; Tu 09:00-15:00; Th-Su 09:00-17:00,Supercuts,Q7643239
https://locations.tacobell.com/#6144359,taco_bell,Taco Bell,,Seabrook,NH,,US,+1 603-474-5101,https://locations.tacobell.com/nh/seabrook/306-lafayette-road.html,,Taco Bell,Q752941
0086,the_paper_store_us,The Paper Store,,Seabrook,NH,,US,+1 978-388-8002,https://locations.thepaperstore.com/amesbury-100-macy-st-01913,Mo-Th 09:00-19:00; Fr-Sa 09:00-20:00; Su 10:00-18:00,The Paper Store,Q65068381
28724,tjx,Seabrook,700 Lafayette Rd,Seabrook,NH,,US,+1 603-474-1130,,Mo-Sa 09:30-21:30; Su 10:00-20:00,HomeGoods,Q5887941
0868,tjx,Seabrook,380 Lafayette Road,Seabrook,NH,,US,+1 603-474-7444,,Mo-Sa 09:30-21:30; Su 10:00-20:00,TJ Maxx,Q10860683
4444,tmobile_us,"Seabrook, NH",,Seabrook,NH,,US,+1 603-760-2811,https://www.t-mobile.com/store-locator/nh/seabrook/seabrook-nh,,T-Mobile,Q3511885
https://www.asurion.com/repairs/tech/locations/seabrook,ubreakifix,uBreakiFix - Phone and Computer Repair - Seabrook,,Seabrook,NH,,US,+1 603-760-3078,https://www.asurion.com/repairs/tech/locations/seabrook,Mo-Sa 10:00-19:00,Asurion Tech Repair & Solutions,Q4811938
1510,upsstore,Seabrook,380 Lafayette Rd Unit 11,Seabrook,NH,,US,+1 603-474-2420,https://locations.theupsstore.com/nh/seabrook/380-lafayette-rd,,UPS Store,Q7771029
1381062,usps,SEABROOK,,SEABROOK,NH,,US,+1 603-474-5950,,Mo-Fr 08:30-17:00; Sa 08:30-12:00,United States Postal Service,Q668687
0387400002,usps_collection_boxes,USPS COLLECTION BOX - BLUE BOX,720 LAFAYETTE RD,SEABROOK,NH,,US,,,,United States Postal Service,Q668687
0387400007,usps_collection_boxes,USPS COLLECTION BOX - BLUE BOX,8 BATCHELDER RD,SEABROOK,NH,,US,,,,United States Postal Service,Q668687
0387400014,usps_collection_boxes,USPS COLLECTION BOX - BLUE BOX,207 OCEAN BLVD,SEABROOK,NH,,US,,,,United States Postal Service,Q668687
0387400001,usps_collection_boxes,USPS COLLECTION BOX - BLUE BOX,169 WALTON RD,SEABROOK,NH,,US,,,,United States Postal Service,Q668687
0387400003,usps_collection_boxes,USPS COLLECTION BOX - BLUE BOX,19 MAIN ST,SEABROOK,NH,,US,,,,United States Postal Service,Q668687
0387400008,usps_collection_boxes,USPS COLLECTION BOX - PO LOBBY,19 MAIN ST,SEABROOK,NH,,US,,,,United States Postal Service,Q668687
0387400013,usps_collection_boxes,USPS COLLECTION BOX - PO LOBBY,19 MAIN ST,SEABROOK,NH,,US,,,,United States Postal Service,Q668687
A00000245563,verizon_us,Cellular Sales Seabrook Lafayette Rd,,SEABROOK,NH,,US,+1 603-814-1259,https://www.verizon.com/stores/details/new-hampshire/seabrook/cellular-sales-seabrook-lafayette-rd-1771122/,Mo-Sa 09:00-21:00; Su 11:00-19:00,Verizon,Q919641
,visa,,,SEABROOK,NH,,US,,,,,
,visa,,,SEABROOK,NH,,US,,,,,
,visa,,,SEABROOK,NH,,US,,,,,
,visa,,,SEABROOK,NH,,US,,,,,
,visa,,,SEABROOK,NH,,US,,,,,
,visa,,,SEABROOK,NH,,US,,,,,
,visa,,,SEABROOK,NH,,US,,,,,
,visa,,,SEABROOK,NH,,US,,,,,
,visa,,,SEABROOK,NH,,US,,,,,
,visa,,,SEABROOK,NH,,US,,,,,
,visa,,,SEABROOK,NH,,US,,,,,
,visa,,,SEABROOK,NH,,US,,,,,
,visa,,,SEABROOK,NH,,US,,,,,
,visa,,,SEABROOK,NH,,US,,,,,
,visa,,,SEABROOK,NH,,US,,,,,
,visa,,,SEABROOK,NH,,US,,,,,
,visa,,,SEABROOK,NH,,US,,,,,
,visa,,,SEABROOK,NH,,US,,,,,
,visa,,,SEABROOK,NH,,US,,,,,
,visa,,,SEABROOK,NH,,US,,,,,
https://locations.vitaminshoppe.com/nh/seabrook/vitamins-supplements-seabrook-nh-828.html,vitamin_shoppe,The Vitamin Shoppe® Seabrook ,652 Lafayette Road ,Seabrook,NH,,US,+1 603-474-0126,https://locations.vitaminshoppe.com/nh/seabrook/vitamins-supplements-seabrook-nh-828.html,Su 10:00-18:00; Mo 09:30-19:00; Tu 09:30-19:00; We 09:30-19:00; Th 09:30-19:00; Fr 09:30-19:00; Sa 09:30-19:00,The Vitamin Shoppe,Q7772938
https://locations.wendys.com/#9255580,wendys,"Wendy's Seabrook Town in Seabrook, NH",,Seabrook,NH,,US,+1 603-474-0402,https://locations.wendys.com/united-states/nh/seabrook/570-lafayette-rd-unit,"Mo-Su 06:30-10:30,07:00-22:00",Wendy's,Q550258
c1dd02561fc22f6b36ff5b8c9bf81709,western_union,WALMART #001762,,Seabrook,NH,,US,+1 603-474-2037,https://location.westernunion.com/us/nh/seabrook/c1dd02561fc22f6b36ff5b8c9bf81709,Mo-Su 07:00-21:00,Western Union,Q861042
3923,xfinity,Xfinity,,Seabrook,NH,,US,,https://www.xfinity.com/local/nh/seabrook/700-lafayette-rd.html,Mo-Sa 09:00-20:00; Su 10:00-18:00,Xfinity,Q5151002
