Ref,Spider,Name,Address,City,State,Zipcode,Country,Phone,Website,Hours,Brand,WikiData
US214132,adidas,"adidas Outlet Store, Pleasant Prairie, Pleasant Prairie Premium",,Pleasant Prairie,WI,,US,+1 262-857-2064,https://www.adidas.co.uk/storefront/US214132-pleasant-prairie-11211-120th-avenue-adidas-outlet-store-pleasant-prairie-pleasant-prairie-premium,,Adidas,Q3895
https://storelocations.ae.com/#12726742,american_eagle_outfitters,Aerie Outlet Pleasant Praire Premium Outlet,,Pleasant Prairie,WI,,US,+1 262-891-9140,https://storelocations.ae.com/us/wi/pleasant-prairie/11601-108th-street.html,Mo-Sa 10:00-19:00; Su 11:00-18:00,Aerie Outlet,Q2842931
https://storelocations.ae.com/#1726243,american_eagle_outfitters,American Eagle Outlet Pleasant Praire Premium Outlet,,Pleasant Prairie,WI,,US,+1 262-857-6928,https://storelocations.ae.com/us/wi/pleasant-prairie/11211-120th-ave.html,Mo-Sa 10:00-19:00; Su 11:00-18:00,American Eagle Outlet,Q2842931
https://stores.anntaylor.com/factory/us/wi/pleasant-prairie/11211-120th-ave.html,anntaylor,Ann Taylor Factory Store,,Pleasant Prairie,WI,,US,+1 262-857-8220,https://stores.anntaylor.com/factory/us/wi/pleasant-prairie/11211-120th-ave.html,Mo-Sa 10:00-19:00; Su 11:00-18:00,Ann Taylor,Q4766699
12014,asics_us,DICK'S Sporting Goods  - Kenosha,9899 76th St,Kenosha,WI,,US,+1 262-697-5764,,Mo-Sa 09:00-21:00; Su 10:00-19:00,asics,Q327247
85304,att_us,PLEASANT PRAIRIE,,Pleasant Prairie,WI,,US,+1 262-697-7100,https://www.att.com/stores/wisconsin/pleasant-prairie/85304,Mo-Fr 10:00-20:00; Sa 10:00-19:00; Su 10:00-18:00,AT&T,Q298594
BBW01852,bathandbodyworks_us,PLEASANT PRAIRIE PREMIUM OUTLETS,,PLEASANT PRAIRIE,WI,,US,+1 262-857-7051,,Mo-Sa 10:00-19:00; Su 11:00-18:00,Bath & Body Works,Q810773
561,batteriesplus,Shop our Pleasant Prairie store,,Pleasant Prairie,WI,,US,+1 262-653-0958,https://www.batteriesplus.com/store-locator/wi/pleasantprairie/batteries-plus-561,Mo-Sa 08:00-20:00; Su 09:00-18:00,Batteries Plus Bulbs,Q17005157
154918,bluerhino,Walgreens #7965,,PLEASANT PRAIRIE (KENOSHA),WI,,US,+1 262-857-9484,,,Blue Rhino,Q65681213
TG006171,bmo,Target,,Pleasant Prairie,WI,,US,,,,BMO,Q4835981
CW000724,bmo,Costco,,Pleasant Prairie,WI,,US,,,,BMO,Q4835981
25807544424775315800100000000000,bp,BP,,Pleasant Prairie,WI,,US,+1 262-857-6898,,Mo-Su 06:00-19:00,BP,Q152057
14771140117205315800100000000000,bp,BP,,Pleasant Prairie,WI,,US,+1 262-694-9120,,Mo-Su 04:00-24:00,BP,Q152057
125,cafe_zupas,Pleasant Prairie,,Pleasant Prairie,WI,,US,+1 262-324-4100,https://cafezupas.com/locationcopy/info/pleasant-prairie,Mo-Th 10:00-21:00; Fr-Sa 10:00-22:00,Café Zupas,Q123687995
70,calvin_klein_ca_us,Calvin Klein,,Pleasant Prairie,WI,,US,+1 262-857-4200,https://www.calvinklein.us/en,,Calvin Klein,Q1068628
//locations.carters.com/wi/pleasant-prairie/carters-pleasant-prairie-wi,carters_us,Carter's Pleasant Prairie Carters,,Pleasant Prairie,WI,,US,+1 262-857-6881,https://locations.carters.com/wi/pleasant-prairie/carters-pleasant-prairie-wi,Mo-Sa 10:00-19:00; Su 11:00-18:00,Carter's,Q5047083
2038823,chase_us,Pleasant Prairie - New branch,,Pleasant Prairie,WI,,US,+1 262-697-2280,https://locator.chase.com/wi/pleasant-prairie/9900-39th-ave,Mo-Fr 09:00-17:00; Sa 09:00-13:00,Chase,Q524629
8865068,chase_us,FREESTANDING 2ND FL - 674114,,PLEASANT PRAIRIE,WI,,US,+1 800-935-9935,https://locator.chase.com/wi/pleasant-prairie/12100-uline-pl,,Chase,Q524629
wi_pleasant-prairie_9370-76th-st,chipotle, ,,Pleasant Prairie,WI,,US,+1 262-697-4071,https://locations.chipotle.com/wi/pleasant-prairie/9370-76th-st,,Chipotle,Q465751
62190,citi,ATM Kwik Trip #1091-1,,Pleasant Prairie,WI,,US,,,,Citibank,Q857063
62191,citi,ATM Kwik Trip #1091-2,,Pleasant Prairie,WI,,US,,,,Citibank,Q857063
62192,citi,ATM Kwik Trip #1091-2-c,,Pleasant Prairie,WI,,US,,,,Citibank,Q857063
62568,citi,ATM Kwik Trip #230-2,,Pleasant Prairie,WI,,US,,,,Citibank,Q857063
62567,citi,ATM Kwik Trip #230-1,,Pleasant Prairie,WI,,US,,,,Citibank,Q857063
62494,citi,ATM Kwik Trip #172-1,,Pleasant Prairie,WI,,US,,,,Citibank,Q857063
62495,citi,ATM Kwik Trip #172-2,,Pleasant Prairie,WI,,US,,,,Citibank,Q857063
46268,citi,ATM Costco,,Pleasant Prairie,WI,,US,,,,Citibank,Q857063
83224,citi,ATM Target,,Pleasant Prairie,WI,,US,,,,Citibank,Q857063
92805,citi,ATM Walgreens,,Pleasant Prairie,WI,,US,,,,Citibank,Q857063
62628,citi,ATM Kwik Trip #296-1,,Pleasant Prairie,WI,,US,,,,Citibank,Q857063
62629,citi,ATM Kwik Trip #296-2,,Pleasant Prairie,WI,,US,,,,Citibank,Q857063
pleasantprairie/607,claires,Shop Ear Piercings & Jewelry at Pleasant Prairie Premium Outlets,,PLEASANT PRAIRIE,WI,,US,+1 262-857-4366,https://stores.claires.com/us/wi/pleasantprairie/607.html,Mo-Sa 10:00-19:00; Su 11:00-18:00,Claire's,Q2974996
https://www.coach.com/stores/#17277330,coach_us,COACH Outlet,,Pleasant Prairie,WI,,US,+1 815-581-8441,https://www.coach.com/stores/outlets/wi/pleasant-prairie/11601-108th-street,Mo-Sa 10:00-19:00; Su 11:00-18:00,Coach,Q727697
8292,cousins_subs_us,Pleasant Prairie - 77th St.,,Pleasant Prairie,WI,,US,+1 262-697-9330,https://www.cousinssubs.com/order/cousins-subs-pleasant-prairie-77th-st-target,,Cousins Subs,Q5178843
134,culvers_us,"Culver's of Pleasant Prairie, WI - Corporate Dr",,Pleasant Prairie,WI,,US,+1 262-857-2663,http://www.culvers.com/restaurants/pleasant-prairie,Mo-Fr 10:00-22:00; Su 10:00-22:00,Culver's,Q1143589
17326,cvs_us,CVS Pharmacy,,Pleasant Prairie,WI,,US,+1 262-842-1171,https://www.cvs.com/store-locator/pleasant-prairie-wi-pharmacies/9777-76th-st-pleasant-prairie-wi-53158/storeid=17326,"Mo-Fr 09:00-13:30,14:00-19:00; Sa 09:00-13:30,14:00-17:00; Su 11:00-13:30,14:00-17:00",CVS Pharmacy,Q2078880
753,dickssportinggoods,"DICK'S Sporting Goods Store in Kenosha, WI | 753",,Kenosha,WI,,US,+1 262-697-5764,https://stores.dickssportinggoods.com/wi/kenosha/753/,Mo-Sa 09:00-21:00; Su 10:00-19:00,Dick's Sporting Goods,Q5272601
0562,european_wax_center_us,European Wax Center,,Pleasant Prairie,WI,,US,+1 262-214-0408,https://locations.waxcenter.com/wi/pleasantprairie/pleasant-prairie-the-corners-at-prairie-ridge-0562.html,Mo-We 09:00-19:00; Th-Fr 08:00-20:00; Sa 09:00-15:00; Su 10:00-15:00,European Wax Center,Q5413426
11211-120th-ave,express,Pleasant Prairie Premium,,Pleasant Prairie,WI,,US,+1 262-891-0607,https://stores.expressfactoryoutlet.com/us/wi/pleasant-prairie/11211-120th-ave,Mo-Sa 10:00-19:00; Su 11:00-18:00,Express Factory Outlet,Q1384784
1000001481,extra_space_storage,Pleasant Prairie Self Storage at 9001 Wilmot Rd,,Pleasant Prairie,WI,,US,+1 262-771-1045,https://www.extraspace.com/storage/facilities/us/wisconsin/pleasant_prairie/1000001481/,Mo-Fr 09:30-18:00; Sa 09:00-17:30,Extra Space Storage,Q5422162
200319643,exxonmobil,PANTRY 41,,PLEASANT PRAIRIE,WI,,US,+1 262-857-3972,https://www.exxon.com/en/find-station/mobil-pleasantprairie-wi-pantry41-200319643,24/7,Mobil,Q109676002
https://local.fedex.com/#25201569,fedex,,,Pleasant Prairie,WI,,US,+1 800-463-3339,https://local.fedex.com/en-us/wi/pleasant-prairie/tpyyw,,FedEx,Q459477
https://locations.fivebelow.com/wi/pleasant-prairie/11211-120th-ave,five_below,Five Below Pleasant Prairie Premium Outlets,,Pleasant Prairie,WI,,US,,https://locations.fivebelow.com/wi/pleasant-prairie/11211-120th-ave,Mo-Sa 10:00-20:00; Su 11:00-18:00,Five Below,Q5455836
https://restaurants.fiveguys.com/#15553227,five_guys_us,Five Guys Pleasant Prairie,,Pleasant Prairie,WI,,US,+1 262-564-5625,https://restaurants.fiveguys.com/9330-76th-street,"Mo-Su 11:00-21:30,11:00-22:00",Five Guys,Q1131810
7460,fossil,Fossil Outlet,,Pleasant Prairie,WI,,US,+1 262-857-7100,,Mo-Th 10:00-19:00; Fr-Sa 10:00-20:00; Su 12:00-18:00,Fossil,Q356212
https://stores.factory.jcrew.com/#832809,j_crew_us,J.Crew Factory,,Pleasant Prairie,WI,,US,+1 262-857-9093,https://stores.factory.jcrew.com/us/wi/pleasant-prairie/11211-120th-ave,Mo-Sa 10:00-19:00; Su 11:00-18:00,J. Crew,Q5370765
https://www.katespade.com/stores/#18467885,kate_spade_ca_us,Kate Spade Outlet Pleasant Prairie Premium,,Pleasant Prairie,WI,,US,+1 262-218-4003,https://www.katespade.com/stores/us/wi/pleasant-prairie/11211-120th-avenue,Mo-Sa 10:00-19:00; Su 11:00-18:00,Kate Spade New York,Q6375797
302057,kindercare,Pleasant Prairie KinderCare,,Pleasant Prairie,WI,,US,,https://www.kindercare.com/our-centers/pleasant-prairie/wi/302057,,KinderCare Learning Centers,Q6410551
https://stores.loft.com/outlet/us/wi/pleasant-prairie/11211-120th-ave.html,loft_us,Loft,,Pleasant Prairie,WI,,US,+1 262-857-4043,https://stores.loft.com/outlet/us/wi/pleasant-prairie/11211-120th-ave.html,,Loft,Q62075137
Pleasant Prairie Premium Outlet Pop Up,lululemon,Lululemon,"11211 120th Ave, Pleasant Prairie, WI, US, 53158",Pleasant Prairie,WI,,US,+1 262-300-5481,https://shop.lululemon.com/stores/us/pleasant-prairie/pleasant-prairie-premium-outlet-pop-up,Mo-Sa 10:00-19:00; Su 11:00-18:00,Lululemon,Q6702957
MKEKN,marriott,Fairfield Inn & Suites Kenosha Pleasant Prairie,,Pleasant Prairie,WI,,US,+1 262-455-7795,https://www.marriott.com/MKEKN,,Fairfield by Marriott,Q5430314
https://locations.massageenvy.com/#9728894,massage_envy,Massage Envy Pleasant Prairie,,Pleasant Prairie Pleasant Prairie,WI,,US,+1 262-289-3689,https://locations.massageenvy.com/wisconsin/pleasant-prairie/9160-a-76th-street.html,Mo-Fr 09:00-21:00; Sa 09:00-20:00,Massage Envy,Q10327170
18581,mattress_firm_us,Mattress Firm Pleasant Prairie,,Pleasant Prairie,WI,,US,+1 262-697-8955,https://www.mattressfirm.com/en-us/stores/wi/pleasant-prairie/059102/,,Mattress Firm,Q6791878
https://locations.maurices.com/#11688383,maurices,maurices Shoppes At Prairie Ridge,,Pleasant Prairie,WI,,US,+1 262-697-4166,https://locations.maurices.com/us/wi/pleasant-prairie/10347-77th-street,Mo-Sa 10:00-20:00; Su 11:00-18:00,maurices,Q6793571
https://locations.michaelkors.com/us/wi/pleasant-prairie/11601-108th-st.html,michaelkors,Michael Kors Outlet PLEASANT PRAIRIE,,Pleasant Prairie,WI,,US,+1 262-857-9900,https://locations.michaelkors.com/us/wi/pleasant-prairie/11601-108th-st.html,Mo-Sa 10:00-19:00; Su 11:00-18:00,Michael Kors,Q19572998
https://locations.michaelkors.com/fr/us/wi/pleasant-prairie/11601-108th-st.html,michaelkors,Michael Kors Outlet PLEASANT PRAIRIE,,Pleasant Prairie,WI,,US,+1 262-857-9900,https://locations.michaelkors.com/fr/us/wi/pleasant-prairie/11601-108th-st.html,Mo-Sa 10:00-19:00; Su 11:00-18:00,Michael Kors,Q19572998
https://locations.modpizza.com/#23558125,modpizza,MOD Pizza Hwy 50 & 94th Ave,,Pleasant Prairie,WI,,US,+1 262-484-4060,https://locations.modpizza.com/usa/wi/pleasant-prairie/9250-76th-st,Mo-We 10:30-22:00; Th-Sa 10:30-23:00; Su 10:30-22:00,MOD Pizza,Q19903469
112260,pandaexpress,Hwy 50 & 104th,,Pleasant Prairie,WI,,US,+1 262-697-6017,https://www.pandaexpress.com/locations/wi/pleasant-prairie/9800-76-th-st,Mo-Th 10:00-21:30; Fr 10:00-22:00; Sa-Su 10:00-21:30,Panda Express,Q1358690
us2716d873,pandora,About Pandora Jewelry at 3852 Pandora @ Pleasant Prairie Premium Outlets,,Pleasant Prairie,WI,,US,+1 262-205-4256,https://stores.pandora.net/wi/pleasantprairie/pandora-jewelry-us2716d873.html,Mo-Sa 10:00-19:00; Su 11:00-18:00,Pandora,Q2241604
wi_pleasant-prairie_9777-76th-st,pizza_hut_us,9777 76th St.,,Pleasant Prairie,WI,,US,,https://locations.pizzahut.com/wi/pleasant-prairie/9777-76th-st,,Pizza Hut,Q191615
137013,potbelly_sandwich,Kenosha - Drive Thru,,Pleasant Prairie,WI,,US,+1 262-842-0246,,Mo-Th 09:00-21:00; Fr-Sa 09:00-22:00; Su 09:00-21:00,Potbelly Sandwich Shop,Q7234777
rustoleum-corporation-38627,ppgpaints,RUSTOLEUM CORPORATION,,"Pleasant Prairie, ",WI,,US,,https://www.ppgpaints.com/store-locator/us/wisconsin/pleasant-prairie-paint-stores/rustoleum-corporation-38627,,PPG Paints,Q83891559
https://www.premiumoutlets.com/outlet/pleasant-prairie/about,premium_outlets,Pleasant Prairie Premium Outlets®,,Pleasant Prairie,WI,,US,+1 262-857-3061,https://www.premiumoutlets.com/outlet/pleasant-prairie,,Premium Outlets,
1335,simonmalls,Pleasant Prairie Premium Outlets®,,Pleasant Prairie,WI,,US,+1 262-857-2101,https://www.simon.com/mall/pleasant-prairie,Mo-Sa 10:00-19:00; Su 11:00-18:00,Premium Outlets,Q2287759
4809681783338537356,sleep_number_us,Sleep Number,,Pleasant Prairie,WI,,US,,https://www.sleepnumber.com/stores/wi/pleasant-prairie/9250-76th-st,Mo-Th 10:00-19:00; Fr-Sa 10:00-20:00; Su 11:00-19:00,Sleep Number,Q7447640
TNFUS00073,the_north_face,The North Face Pleasant Prairie Premium Outlets,,Pleasant Prairie,WI,,US,+1 262-857-1188,,Mo-Sa 10:00-19:00; Su 11:00-18:00,The North Face,Q152784
2SRZ,tmobile_us,77th St & 76th St,,Pleasant Prairie,WI,,US,+1 262-597-2624,https://www.t-mobile.com/store-locator/wi/pleasant-prairie/77th-st-76th-st,,T-Mobile,Q3511885
1C22,tmobile_us,Costco Pleasant Prairie WI,,Pleasant Prairie,WI,,US,+1 262-744-9904,https://www.t-mobile.com/store-locator/wi/pleasant-prairie/costco-pleasant-prairie-wi,,T-Mobile,Q3511885
https://www.ubreakifix.com/locations/kenosha,ubreakifix,uBreakiFix Kenosha,,Pleasant Prairie,WI,,US,+1 262-612-8925,https://www.ubreakifix.com/locations/kenosha,Mo-Sa 10:00-19:00; Su 12:00-17:00,uBreakiFix,Q53685733
19,under_armour,Under Armour Factory House,,Pleasant Prairie,WI,,US,+1 262-891-4400,https://store-locations.underarmour.com/wi/pleasant-prairie/19,,Under Armour,Q2031485
1438340,usps,PLEASANT PRAIRIE,,PLEASANT PRAIRIE,WI,,US,+1 262-694-6013,,Mo-Fr 09:00-17:30; Sa 09:00-15:00,United States Postal Service,Q668687
1438543,usps,KENOSHA CARRIER ANNEX,,PLEASANT PRAIRIE,WI,,US,+1 262-694-4724,,,United States Postal Service,Q668687
5315800007,usps_collection_boxes,USPS COLLECTION BOX - BLUE BOX,7801 88TH AVE,PLEASANT PR,WI,,US,,,,United States Postal Service,Q668687
5315800009,usps_collection_boxes,USPS COLLECTION BOX - BLUE BOX,8500 104TH AVE,PLEASANT PR,WI,,US,,,,United States Postal Service,Q668687
5315800006,usps_collection_boxes,USPS COLLECTION BOX - BLUE BOX,10350 82ND ST,PLEASANT PR,WI,,US,,,,United States Postal Service,Q668687
5315800008,usps_collection_boxes,USPS COLLECTION BOX - PO LOBBY,4225 101ST ST,PLEASANT PR,WI,,US,,,,United States Postal Service,Q668687
5315800011,usps_collection_boxes,USPS COLLECTION BOX - PO LOBBY,4225 101ST ST,PLEASANT PR,WI,,US,,,,United States Postal Service,Q668687
5315800003,usps_collection_boxes,USPS COLLECTION BOX - BLUE BOX,4225 101ST ST,PLEASANT PR,WI,,US,,,,United States Postal Service,Q668687
USA559,vans,Vans Store - Pleasant Prairie Premium Outlets,,Pleasant Prairie,WI,,US,+1 262-857-4173,https://www.vans.com/en-us/stores/wi/pleasant-prairie/usa559,Mo-Th 11:00-19:00; Fr-Sa 10:00-20:00; Su 11:00-18:00,Vans,Q1135366
R00000140342,verizon_us,Pleasant Prairie,,Pleasant Prairie,WI,,US,+1 262-697-8533,https://www.verizon.com/stores/details/wisconsin/pleasant-prairie/pleasant-prairie-325183/,Mo-Fr 10:00-20:00; Sa 09:00-18:00; Su 10:00-17:00,Verizon,Q919641
,visa,,,PLEASANT PRAIRIE,WI,,US,,,,,
,visa,,,PLEASANT PRAIRIE,WI,,US,,,,,
,visa,,,PLEASANT PRAIRIE,WI,,US,,,,,
,visa,,,PLEASANT PRAIRIE,WI,,US,,,,,
,visa,,,PLEASANT PRAIRIE,WI,,US,,,,,
,visa,,,PLEASANT PRAIRIE,WI,,US,,,,,
,visa,,,PLEASANT PRAIRIE,WI,,US,,,,,
,visa,,,PLEASANT PRAIRIE,WI,,US,,,,,
,visa,,,PLEASANT PRAIRIE,WI,,US,,,,,
,visa,,,PLEASANT PRAIRIE,WI,,US,,,,,
,visa,,,PLEASANT PRAIRIE,WI,,US,,,,,
,visa,,,PLEASANT PRAIRIE,WI,,US,,,,,
,visa,,,PLEASANT PRAIRIE,WI,,US,,,,,
,visa,,,PLEASANT PRAIRIE,WI,,US,,,,,
,visa,,,PLEASANT PRAIRIE,WI,,US,,,,,
,visa,,,PLEASANT PRAIRIE,WI,,US,,,,,
,visa,,,PLEASANT PRAIRIE,WI,,US,,,,,
,visa,,,PLEASANT PRAIRIE,WI,,US,,,,,
,visa,,,PLEASANT PRAIRIE,WI,,US,,,,,
,visa,,,KENOSHA,WI,,US,,,,,
,visa,,,PLEASANT PRAIRIE,WI,,US,,,,,
,visa,,,PLEASANT PRAIRIE,WI,,US,,,,,
,visa,,,PLEASANT PRAIRIE,WI,,US,,,,,
,visa,,,PLEASANT PRAIRIE,WI,,US,,,,,
,visa,,,PLEASANT PRAIRIE,WI,,US,,,,,
,visa,,,PLEASANT PRAIRIE (KENOSHA),WI,,US,,,,,
,visa,,,PLEASANT PRAIRIE,WI,,US,,,,,
https://www.walgreens.com/locator/walgreens-7520+118th+ave-pleasant+prairie-wi-53158/id=7965,walgreens,Walgreens,,Pleasant Prairie,WI,,US,+1 262-857-9484,https://www.walgreens.com/locator/walgreens-7520+118th+ave-pleasant+prairie-wi-53158/id=7965,Mo-Su 07:00-22:00,Walgreens,Q1591889
1640,whitehouseblackmarket,Pleasant Prairie Premium Outlets,"11601 108th Street, Ste 585",Pleasant Prairie,WI,,US,+1 262-857-3040,,Mo-Th 10:00-19:00; Fr-Sa 10:00-20:00; Su 12:00-18:00,White House Black Market,Q7994858
