Ref,Spider,Name,Address,City,State,Zipcode,Country,Phone,Website,Hours,Brand,WikiData
https://stores.advanceautoparts.com/ct/vernon/535-talcottville-rd,advance_auto_parts_us,Advance Auto Parts,,Vernon,CT,,US,+1 860-870-8500,https://stores.advanceautoparts.com/ct/vernon/535-talcottville-rd,Mo-Sa 07:30-21:00; Su 09:00-20:00,Advance Auto Parts,Q4686051
498801,afcurgentcare,American Family Care Vernon,,Vernon,CT,,US,+1 860-986-7600,https://www.afcurgentcare.com/vernon/,Mo-Fr 08:00-20:00; Sa-Su 08:00-17:00,AFC Urgent Care,Q110552174
https://stores.aldi.us/#4421043,aldi_sud_us,ALDI  360 Talcottville Rd.,,Vernon,CT,,US,+1 833-473-7043,https://stores.aldi.us/ct/vernon/360-talcottville-rd,"Mo-Su 08:30-20:00,09:00-20:00",ALDI,Q41171672
5070,autozone_us,AutoZone Auto Parts Vernon Rockville,,Vernon Rockville,CT,,US,+1 860-875-0741,https://www.autozone.com/locations/ct/vernon-rockville/184-talcottville-rd.html,Mo-Sa 07:30-20:00; Su 08:00-20:00,AutoZone,Q4826087
https://locators.bankofamerica.com/ct/vernon/financial-centers-vernon-13297.html,bankofamerica,Bank of America Financial Center & Drive-Thru ATM | Vernon Circle,,Vernon,CT,,US,+1 860-896-2386,https://locators.bankofamerica.com/ct/vernon/financial-centers-vernon-13297.html,Mo-Fr 09:00-17:00; Sa 09:00-14:00,Bank of America,Q487907
118021,bluerhino,Stop & Shop #2614,,Rockville,CT,,US,+1 860-871-0498,,,Blue Rhino,Q65681213
151908,bluerhino,Walgreens #1977,,Vernon,CT,,US,+1 860-896-1485,,,Blue Rhino,Q65681213
151749,bluerhino,Walgreens #6992,,Vernon Rockville,CT,,US,+1 860-871-6064,,,Blue Rhino,Q65681213
147135,bluerhino,Cumberland Farms #4755,,Vernon,CT,,US,+1 860-870-0780,,,Blue Rhino,Q65681213
55218,bluerhino,Stop & Shop #613,,Vernon,CT,,US,+1 860-871-0897,,,Blue Rhino,Q65681213
160760,bluerhino,Cumberland Farms #4764,,Vernon,CT,,US,+1 860-870-4284,,,Blue Rhino,Q65681213
24269,cadillac,SCRANTON CADILLAC OF VERNON,,Vernon,CT,,US,+1 860-872-9145,https://www.ctcadillacdealer.com,Mo-Th 09:00-20:00; Fr-Sa 09:00-18:00,Cadillac,Q27436
1019274042,chase_us,Vernon Tri City Plaza - New branch,,Vernon,CT,,US,+1 860-375-9365,https://locator.chase.com/ct/vernon/35-talcottville-rd,Mo-Fr 09:00-17:00; Sa 09:00-14:00,Chase,Q524629
11666,chevrolet,VERNON CHEVROLET,,Vernon,CT,,US,+1 860-646-6464,https://www.VERNONchevrolet.com,Mo-Fr 09:00-18:00; Sa 09:00-16:00,Chevrolet,Q29570
33433,citi,ATM 7ELEVEN-FCTI,,Vernon,CT,,US,,,,Citibank,Q857063
47913,citi,ATM CVS,,Vernon,CT,,US,,,,Citibank,Q857063
59022,citi,ATM HARRYS MARKET,,Farmington,CT,,US,,,,Citibank,Q857063
94615,citi,ATM Webster Bank,,Vernon,CT,,US,,,,Citibank,Q857063
94614,citi,ATM Webster Bank,,Vernon,CT,,US,,,,Citibank,Q857063
91699,citi,ATM Walgreens,,Vernon Rockville,CT,,US,,,,Citibank,Q857063
26744,citi,ATM 7ELEVEN-FCTI,,Rockville,CT,,US,,,,Citibank,Q857063
88424,citi,ATM Walgreens,,Vernon Rockville,CT,,US,,,,Citibank,Q857063
49146,citi,ATM CVS,,Vernon Rockville,CT,,US,,,,Citibank,Q857063
ATM-1650,citizens_us,,,Vernon,CT,,US,,,,Citizens,Q5122694
ATM-1807,citizens_us,,,Vernon,CT,,US,,,,Citizens,Q5122694
520098,cumberland_farms_us,Cumberland Farms,,VERNON,CT,,US,+1 860-870-0780,https://www.cumberlandfarms.com/find-us/generic-store-page/?id=004755,,Cumberland Farms,Q1143685
520498,cumberland_farms_us,Cumberland Farms,,VERNON,CT,,US,+1 860-870-4284,https://www.cumberlandfarms.com/find-us/generic-store-page/?id=004764,,Cumberland Farms,Q1143685
231,cvs_us,CVS Pharmacy,,Vernon,CT,,US,+1 860-871-1661,https://www.cvs.com/store-locator/vernon-ct-pharmacies/142-talcottville-road-vernon-ct-06066/storeid=231,24/7,CVS Pharmacy,Q2078880
2109,cvs_us,CVS Pharmacy,,Vernon Rockville,CT,,US,+1 860-870-6765,https://www.cvs.com/store-locator/vernon-rockville-ct-pharmacies/22-windsor-avenue-vernon-rockville-ct-06066/storeid=2109,Mo-Su 08:00-22:00,CVS Pharmacy,Q2078880
3909,dollartree,DollarTree,,Vernon,CT,,US,+1 860-454-2016,,Mo-Sa 09:00-21:00; Su 10:00-20:00,Dollar Tree,Q5289230
25361,dollar_general,Dollar General,,Vernon,CT,,US,+1 860-858-1187,https://www.dollargeneral.com/store-directory/ct/vernon/25361,Mo-Su 08:00-22:00,Dollar General,Q145168
3928,dominos_pizza_us,Domino's Pizza,,Vernon,CT,,US,+1 860-870-4545,https://pizza.dominos.com/connecticut/vernon/36-windsor-avenue,Mo-Th 10:30-24:00; Fr-Sa 10:30-01:00; Su 10:30-24:00,Domino's,Q839466
342517,dunkin_us,Dunkin',,Vernon,CT,,US,+1 860-871-0398,https://locations.dunkindonuts.com/en/ct/vernon/520-talcottville-rd/342517,Mo-Su 05:00-20:00,Dunkin',Q847743
300973,dunkin_us,Dunkin',,Vernon Rockville,CT,,US,+1 860-871-5798,https://locations.dunkindonuts.com/en/ct/vernon-rockville/83-talcottville-rd/300973,Mo-Su 04:00-21:00,Dunkin',Q847743
334690,dunkin_us,Dunkin',,Vernon Rockville,CT,,US,+1 860-870-9986,https://locations.dunkindonuts.com/en/ct/vernon-rockville/38-windsor-ave/334690,Mo-Su 04:00-22:00,Dunkin',Q847743
351605,dunkin_us,Dunkin',,Vernon,CT,,US,+1 860-454-7136,https://locations.dunkindonuts.com/en/ct/vernon/444-hartford-tpke/351605,24/7,Dunkin',Q847743
343783,dunkin_us,Dunkin',,Vernon,CT,,US,+1 860-875-1130,https://locations.dunkindonuts.com/en/ct/vernon/30-lafayette-square/343783,Mo-Su 04:00-23:00,Dunkin',Q847743
https://www.edwardjones.com/us-en/financial-advisor/mark-wolverton,edwardjones,Mark I Wolverton,,Vernon Rockville,CT,,US,+1 860-871-4171,https://www.edwardjones.com/us-en/financial-advisor/mark-wolverton,Mo-Fr 08:00-16:30,Edward Jones,Q5343830
520098,eg_america_us,Cumberland Farms,,VERNON,CT,,US,+1 860-870-0780,https://www.cumberlandfarms.com/find-us/generic-store-page/?id=004755,,Cumberland Farms,Q1143685
520498,eg_america_us,Cumberland Farms,,VERNON,CT,,US,+1 860-870-4284,https://www.cumberlandfarms.com/find-us/generic-store-page/?id=004764,,Cumberland Farms,Q1143685
E14843,enterprise,Vernon,,Vernon,CT,,US,+1 860-875-4470,,,Enterprise Rent-A-Car,Q17085454
9423,firestone_auto_care,Firestone Complete Auto Care,,Vernon Rockville,CT,,US,+1 860-896-7643,https://local.firestonecompleteautocare.com/connecticut/vernon-rockville/327-hartford-turnpike/,,Firestone,Q420837
https://locations.fivebelow.com/ct/vernon/35-talcottville-rd,five_below,Five Below Vernon,,Vernon,CT,,US,,https://locations.fivebelow.com/ct/vernon/35-talcottville-rd,Mo-Sa 10:00-20:00; Su 11:00-18:00,Five Below,Q5455836
Motorcraft3857USAEnglish,ford,Ray Seraphin Ford Inc,,Connecticut,CT,,US,+1 860-875-3369,,,Ford,Q44294
https://www.ford.com/dealerships/dealer-details/ct/rockville/ray-seraphin-ford-inc/,ford_dealers_us,Ray Seraphin Ford Inc,,Rockville,CT,,US,+1 860-375-5644,https://www.ford.com/dealerships/dealer-details/ct/rockville/ray-seraphin-ford-inc/,Mo-Th 09:00-19:00; Fr 09:00-18:00; Sa 09:00-17:00,Ford Motor Company,Q44294
https://stores.gnc.com/#24058300,gnc,GNC Tri-City Plaza In Vernon,,,CT,,US,+1 860-870-8817,https://stores.gnc.com/all-stores-connecticut/vernon/35-talcottville-road,Mo-Sa 09:00-20:00; Su 11:00-18:00,GNC,Q4808595
https://www.goodyearautoservice.com/en_US/location/Vernon-Rockville-CT-06066-US-000900629,goodyear_us,"Goodyear Auto Service - Vernon, Vernon Rockville, CT | Oil, Brakes & Repairs | #000900629",,Vernon Rockville,CT,,US,+1 860-646-0101,https://www.goodyearautoservice.com/en_US/location/Vernon-Rockville-CT-06066-US-000900629,Mo-Sa 07:30-18:30; Su 08:00-17:00,Goodyear,Q620875
3638,gulf_pr_us,41 VERNON GULF,,Vernon Rockville,CT,,US,+1 860-621-5800,https://www.gulfoil.com/41-vernon-gulf,,Gulf Oil,Q5617505
5022,gulf_pr_us,TALCOTTVILLE GULF,,Vernon Rockville,CT,,US,+1 860-874-5722,https://www.gulfoil.com/talcottville-gulf,,Gulf Oil,Q5617505
https://www.harborfreight.com/storelocator/35-talcottville-rd-ste-14-vernon-06066?number=321,harborfreight,"Harbor Freight Tools Vernon, CT",,Vernon,CT,,US,+1 860-896-1563,https://www.harborfreight.com/storelocator/35-talcottville-rd-ste-14-vernon-06066?number=321,Mo-Sa 08:00-20:00; Su 09:00-18:00,Harbor Freight Tools,Q5654601
https://locations.us.homesense.com/#2936,homesense,Homesense,,Vernon,CT,,US,+1 631-727-5281,https://locations.us.homesense.com//ct/vernon,Mo-Sa 09:30-21:30; Su 10:00-20:00,HomeSense,Q16844433
7676,h_r_block,H&R Block,,Vernon,CT,,US,+1 860-871-8803,https://www.hrblock.com/local-tax-offices/connecticut/vernon/35-talcottville-rd/7676/,,H&R Block,Q5627799
https://locations.kfc.com/#11250082,kfc,Chicken Nuggets Near Vernon Rockville,,Vernon Rockville,CT,,US,,https://locations.kfc.com/ct/vernon-rockville/328-hartford-turnpike/chickennugget,Mo-Th 11:00-22:00; Fr-Sa 11:00-23:00; Su 11:00-22:00,KFC,Q524757
302048,kindercare,Vernon Kindercare,,Vernon,CT,,US,,https://www.kindercare.com/our-centers/vernon/ct/302048,,KinderCare Learning Centers,Q6410551
https://locations.moes.com/#1185,moes,Moe's Southwest Grill,,Vernon,CT,,US,+1 860-870-0123,https://locations.moes.com/ct/vernon/35-talcottville-rd,Mo-Su 10:30-21:00,Moe's Southwest Grill,Q6889938
https://locations.mtb.com/#15636648,mt_bank_us,M&T Bank,,,CT,,US,+1 860-291-3894,https://locations.mtb.com/ct/vernon/bank-branches-and-atms-vernon-ct-8345.html,Mo-Th 09:00-17:00; Fr 09:00-18:00; Sa 09:00-12:00,M&T Bank,Q3272257
https://locations.mtb.com/#15636646,mt_bank_us,M&T Bank,,,CT,,US,+1 860-291-3833,https://locations.mtb.com/ct/vernon/bank-branches-and-atms-vernon-ct-8344.html,Mo-Th 09:00-17:00; Fr 09:00-18:00; Sa 09:00-12:00,M&T Bank,Q3272257
https://locations.mtb.com/#3027937,mt_bank_us,M&T Bank,,,CT,,US,+1 860-871-3150,https://locations.mtb.com/ct/vernon/bank-branches-and-atms-vernon-ct-8319.html,Mo-Fr 09:00-17:00; Sa 09:00-12:00,M&T Bank,Q3272257
400-1-talcottville-rd,my_eye_dr,,,Vernon,CT,,US,+1 860-870-5800,https://locations.myeyedr.com/ct/vernon/400-1-talcottville-rd,,MyEyeDr.,Q117864710
https://locations.oreillyauto.com/ct/vernon/wiper-installation-5276.html,oreilly,Your Vernon O'Reilly Auto Parts Store,,Vernon,CT,,US,+1 860-896-5593,https://locations.oreillyauto.com/ct/vernon/wiper-installation-5276.html,Mo-Sa 07:30-21:00; Su 08:00-20:00,O'Reilly Auto Parts,Q7071951
https://locations.oreillyauto.com/ct/vernon/battery-testing-5276.html,oreilly,Your Vernon O'Reilly Auto Parts Store,,Vernon,CT,,US,+1 860-896-5593,https://locations.oreillyauto.com/ct/vernon/battery-testing-5276.html,Mo-Sa 07:30-21:00; Su 08:00-20:00,O'Reilly Auto Parts,Q7071951
https://locations.oreillyauto.com/ct/vernon/check-engine-light-testing-5276.html,oreilly,Your Vernon O'Reilly Auto Parts Store,,Vernon,CT,,US,+1 860-896-5593,https://locations.oreillyauto.com/ct/vernon/check-engine-light-testing-5276.html,Mo-Sa 07:30-21:00; Su 08:00-20:00,O'Reilly Auto Parts,Q7071951
https://locations.oreillyauto.com/ct/vernon/autopartes-5276.html,oreilly,Tu tienda O'Reilly Auto Parts en Vernon,,Vernon,CT,,US,+1 860-896-5593,https://locations.oreillyauto.com/ct/vernon/autopartes-5276.html,Mo-Sa 07:30-21:00; Su 08:00-20:00,O'Reilly Auto Parts,Q7071951
090176,penske,Vernon Storage,,VERNON,CT,,US,+1 860-875-1542,https://www.pensketruckrental.com/locations/us/connecticut/vernon/090176/,,Penske,Q81234570
81428,ritasitalianice,Rita’s of Vernon CT,,Vernon,CT,,US,+1 860-648-1833,https://www.ritasice.com/location/ritas-of-vernon-ct/,,Rita's Italian Ice,Q7336456
350,shoprite,ShopRite of Vernon at Tri City Plaza,,Vernon,CT,,US,+1 860-454-2264,https://www.shoprite.com/sm/planning/rsid/350,Mo-Su 07:00-22:00,ShopRite,Q7501097
35-talcottville-road,staples,"Staples Vernon, CT",,Vernon,CT,,US,,https://stores.staples.com/ct/vernon/35-talcottville-road,Mo-Fr 08:00-21:00; Sa 09:00-20:00; Su 10:00-18:00,Staples,Q785943
2614,stop_and_shop,Stop & Shop,50 Windsorville Road,Rockville,CT,,US,,,,Stop and Shop,Q3658429
0613,stop_and_shop,Super Stop & Shop,10 Pitkin Road,Vernon,CT,,US,,,,Stop and Shop,Q3658429
https://restaurants.subway.com/#14897814,subway,Subway,,Vernon Tolland,CT,,US,+1 860-649-9440,https://restaurants.subway.com/united-states/ct/vernon/53-hartford-tpke,Mo-Su 08:30-21:30,Subway,Q244457
https://restaurants.subway.com/#14910235,subway,Subway,,Vernon Tolland,CT,,US,+1 860-875-6868,https://restaurants.subway.com/united-states/ct/vernon/69-windsor-ave,Mo-Th 08:00-21:00; Fr 08:00-21:30; Sa 08:00-21:00; Su 08:00-20:30,Subway,Q244457
https://restaurants.subway.com/#14895552,subway,Subway Shell Gas Station/C-Store,,Vernon Tolland,CT,,US,+1 860-875-2299,https://restaurants.subway.com/united-states/ct/vernon/520-talcottville-road,Mo-Sa 08:00-20:00; Su 09:00-20:00,Subway,Q244457
https://restaurants.subway.com/#14895527,subway,Subway Layfayette Square,,Vernon Tolland,CT,,US,+1 860-871-9273,https://restaurants.subway.com/united-states/ct/vernon/30-hyde-ave,Mo-Fr 07:30-21:00; Sa 08:00-21:00; Su 09:00-20:00,Subway,Q244457
81918,supercuts,Supercuts,444 Hartford Tpke Ste C,Vernon,CT,,US,+1 860-375-8375,https://www.supercuts.com/checkin/81918,Mo-Fr 09:00-19:00; Sa 08:00-17:00; Su 10:00-16:00,Supercuts,Q7643239
https://locations.tacobell.com/#6146611,taco_bell,Taco Bell,,Vernon Rockville,CT,,US,+1 860-872-2557,https://locations.tacobell.com/ct/vernon-rockville/129-talcottville-rd.html,Mo-Su 08:00-01:00,Taco Bell,Q752941
https://locations.tccrocks.com/ct/vernon-rockville/129a-talcottville-rd.html,tcc_us,TCC Vernon Rockville,,Vernon Rockville,CT,,US,+1 860-648-0229,https://locations.tccrocks.com/ct/vernon-rockville/129a-talcottville-rd.html,Mo-Sa 10:00-19:00; Su 11:00-18:00,Verizon,Q919641
28111,tjx,Vernon,35 Talcottville Rd,Vernon,CT,,US,+1 860-644-9896,,Mo-Sa 09:30-21:30; Su 10:00-20:00,HomeGoods,Q5887941
08722,tjx,Vernon,35 Talcottville Road ,Vernon,CT,,US,+1 860-644-9896,,Mo-Sa 09:30-21:30; Su 10:00-20:00,TJ Maxx,Q10860683
2195,upsstore,Vernon,35 Talcottville Rd Ste 31,Vernon,CT,,US,+1 860-871-7499,https://locations.theupsstore.com/ct/vernon/35-talcottville-rd,,UPS Store,Q7771029
1384226,usps,TALCOTTVILLE,,VERNON ROCKVILLE,CT,,US,+1 860-649-1667,,Mo-Fr 08:30-17:00; Sa 08:30-12:00,United States Postal Service,Q668687
1385867,usps,VERNON ROCKVILLE,,VERNON ROCKVILLE,CT,,US,+1 860-872-7311,,Mo-Fr 08:00-17:00; Sa 09:00-13:00,United States Postal Service,Q668687
0606600025,usps_collection_boxes,USPS COLLECTION BOX - BLUE BOX,30 LAFAYETTE SQ,VERNON,CT,,US,,,,United States Postal Service,Q668687
0606600031,usps_collection_boxes,USPS COLLECTION BOX - BLUE BOX,69 BROOKLYN ST,VERNON,CT,,US,,,,United States Postal Service,Q668687
0606600033,usps_collection_boxes,USPS COLLECTION BOX - BLUE BOX,2 PARK PL,VERNON,CT,,US,,,,United States Postal Service,Q668687
0606600032,usps_collection_boxes,USPS COLLECTION BOX - BLUE BOX,25 PARK ST,VERNON,CT,,US,,,,United States Postal Service,Q668687
0606600007,usps_collection_boxes,USPS COLLECTION BOX - BLUE BOX,134 BOLTON RD,VERNON,CT,,US,,,,United States Postal Service,Q668687
0606600001,usps_collection_boxes,USPS COLLECTION BOX - BLUE BOX,141 UNION ST,VERNON,CT,,US,,,,United States Postal Service,Q668687
0606600053,usps_collection_boxes,USPS COLLECTION BOX - PO LOBBY,141 UNION ST,VERNON,CT,,US,,,,United States Postal Service,Q668687
0606600069,usps_collection_boxes,USPS COLLECTION BOX - PO LOBBY,141 UNION ST,VERNON,CT,,US,,,,United States Postal Service,Q668687
0606600062,usps_collection_boxes,USPS COLLECTION BOX - BLUE BOX,351 MERLINE RD,VERNON,CT,,US,,,,United States Postal Service,Q668687
0606600022,usps_collection_boxes,USPS COLLECTION BOX - BLUE BOX,375 HARTFORD TPKE,VERNON,CT,,US,,,,United States Postal Service,Q668687
0606600020,usps_collection_boxes,USPS COLLECTION BOX - BLUE BOX,281 HARTFORD TPKE,VERNON,CT,,US,,,,United States Postal Service,Q668687
0606600058,usps_collection_boxes,USPS COLLECTION BOX - BLUE BOX,243 HARTFORD TPKE,VERNON,CT,,US,,,,United States Postal Service,Q668687
0606600015,usps_collection_boxes,USPS COLLECTION BOX - BLUE BOX,35 TALCOTTVILLE RD,VERNON,CT,,US,,,,United States Postal Service,Q668687
0606600054,usps_collection_boxes,USPS COLLECTION BOX - PO LOBBY,54 HARTFORD TPKE,VERNON,CT,,US,,,,United States Postal Service,Q668687
0606600017,usps_collection_boxes,USPS COLLECTION BOX - BLUE BOX,54 HARTFORD TPKE,VERNON,CT,,US,,,,United States Postal Service,Q668687
0606600068,usps_collection_boxes,USPS COLLECTION BOX - PO LOBBY,54 HARTFORD TPKE STE 1,VERNON,CT,,US,,,,United States Postal Service,Q668687
https://vcahospitals.com/vernon,vca,VCA Animal Hospital of Vernon,,Vernon,CT,,US,+1 860-872-7351,https://vcahospitals.com/vernon,Mo 08:00-18:00; Tu-We 08:00-17:00; Th 08:00-18:00; Fr 08:00-17:00,VCA,Q7906620
A00000028841,verizon_us,TCC Vernon,,Vernon Rockville,CT,,US,+1 860-872-7244,https://www.verizon.com/stores/details/connecticut/vernon-rockville/tcc-vernon-1797722/,Mo-Sa 10:00-19:00; Su 11:00-18:00,Verizon,Q919641
,visa,,,ROCKVILLE,CT,,US,,,,,
,visa,,,VERNON-ROCKVILLE,CT,,US,,,,,
,visa,,,ROCKVILLE,CT,,US,,,,,
,visa,,,VERNON,CT,,US,,,,,
,visa,,,VERNON-ROCKVILLE,CT,,US,,,,,
,visa,,,ROCKVILLE,CT,,US,,,,,
,visa,,,VERNON ROCKVILLE,CT,,US,,,,,
,visa,,,VERNON,CT,,US,,,,,
,visa,,,VERNON,CT,,US,,,,,
,visa,,,VERNON,CT,,US,,,,,
,visa,,,VERNON ROCKVILLE,CT,,US,,,,,
,visa,,,VERNON,CT,,US,,,,,
,visa,,,VERNON,CT,,US,,,,,
,visa,,,VERNON,CT,,US,,,,,
,visa,,,VERNON,CT,,US,,,,,
,visa,,,VERNON,CT,,US,,,,,
https://www.walgreens.com/locator/walgreens-188+union+st-vernon+rockville-ct-06066/id=1977,walgreens,Walgreens,,Vernon Rockville,CT,,US,+1 860-896-1485,https://www.walgreens.com/locator/walgreens-188+union+st-vernon+rockville-ct-06066/id=1977,Mo-Su 07:00-22:00,Walgreens,Q1591889
https://www.walgreens.com/locator/walgreens-529+talcottville+rd-vernon+rockville-ct-06066/id=6992,walgreens,Walgreens,,Vernon Rockville,CT,,US,+1 860-871-6068,https://www.walgreens.com/locator/walgreens-529+talcottville+rd-vernon+rockville-ct-06066/id=6992,Mo-Su 07:00-24:00,Walgreens,Q1591889
https://locations.wendys.com/#11340805,wendys,"Wendy's Vernon Ct in Vernon Rockville, CT",,Vernon Rockville,CT,,US,+1 860-288-1439,https://locations.wendys.com/united-states/ct/vernon-rockville/145-talcottville-road,"Mo-Su 06:30-10:30,06:30-22:00",Wendy's,Q550258
7f6104aa5c243cea1bd06cb1315dc384,western_union,STOP & SHOP #613,,Vernon Rockville,CT,,US,+1 860-871-0897,https://location.westernunion.com/us/ct/vernon-rockville/7f6104aa5c243cea1bd06cb1315dc384,Mo-Su 08:00-21:00,Western Union,Q861042
15879,wingstop,Wingstop Vernon Talcottville Rd,"35 Talcottville Rd, Ste 19B",Vernon,CT,,US,+1 860-870-9464,,,Wingstop,Q8025339
4376,xfinity,Xfinity,,Vernon,CT,,US,,https://www.xfinity.com/local/ct/vernon/35-talcottville-rd.html,Mo-Sa 09:00-20:00; Su 10:00-18:00,Xfinity,Q5151002
