Ref,Spider,Name,Address,City,State,Zipcode,Country,Phone,Website,Hours,Brand,WikiData
https://stores.advanceautoparts.com/de/milford/642-n-dupont-blvd,advance_auto_parts_us,Advance Auto Parts,,Milford,DE,,US,+1 302-424-2442,https://stores.advanceautoparts.com/de/milford/642-n-dupont-blvd,Mo-Sa 07:30-21:00; Su 09:00-20:00,Advance Auto Parts,Q4686051
https://stores.aldi.us/#68022357,aldi_sud_us,ALDI  696 N Dupont Blvd,,Milford,DE,,US,+1 888-471-1168,https://stores.aldi.us/de/milford/696-n-dupont-blvd,Mo-Su 09:00-20:00,ALDI,Q41171672
https://restaurants.applebees.com/en-us/de/milford/698-b.-north-dupont-boulevard-80058,applebees,Connect with this Applebee's,,Milford,DE,,US,+1 302-424-0954,https://restaurants.applebees.com/en-us/de/milford/698-b.-north-dupont-boulevard-80058,Mo-Th 11:30-23:00; Fr-Sa 11:30-24:00; Su 11:30-23:00,Applebees,Q621532
15537,asics_us,Hibbett Sports,949 N DuPont Highway,Milford,DE,,US,+1 302-424-7533,,,asics,Q327247
https://locations.atipt.com/milford-de,ati_physical_therapy,ATI Physical Therapy Milford 427,,Milford,DE,,US,+1 302-422-6670,https://locations.atipt.com/milford-de,,ATI Physical Therapy,Q50039703
https://locations.auntieannes.com/#4995,auntie_annes,Auntie Anne's Milford Walmart,,Milford,DE,,US,+1 302-424-3525,https://locations.auntieannes.com/de/milford/939-n-dupont-hwy,Mo-Sa 10:00-20:00; Su 10:00-17:00,Auntie Anne's,Q4822010
1153,autozone_us,AutoZone Auto Parts Milford,,Milford,DE,,US,+1 302-424-7900,https://www.autozone.com/locations/de/milford/914-n-dupont-blvd.html,Mo-Sa 07:30-21:00; Su 07:30-20:00,AutoZone,Q4826087
https://local.biglots.com/#13190448,biglots,Big Lots - Milford,,Milford,DE,,US,+1 302-424-7904,https://local.biglots.com/de/milford/631-n-dupont-blvd,Mo-Sa 09:00-21:00; Su 10:00-19:00,Big Lots,Q4905973
199597,bluerhino,Royal Farms #51,,Milford,DE,,US,+1 302-424-0279,,,Blue Rhino,Q65681213
190857,bluerhino,84 Lumber #1010 - Orgill #064717,,Milford,DE,,US,+1 302-422-2180,,,Blue Rhino,Q65681213
159452,bluerhino,Milford Dash In #11262,,Milford,DE,,US,+1 302-424-4401,,,Blue Rhino,Q65681213
106181,bluerhino,Market Place,,Milford,DE,,US,+1 302-422-3631,,,Blue Rhino,Q65681213
153604,bluerhino,Walgreens #11132,,Milford,DE,,US,+1 302-424-6300,,,Blue Rhino,Q65681213
209342,bluerhino,Sweet Mart,,Milford,DE,,US,+1 302-422-4965,,,Blue Rhino,Q65681213
44473,bluerhino,Best Ace Hardware,,Milford,DE,,US,+1 302-424-5414,,,Blue Rhino,Q65681213
241589,bluerhino,Milford Convenient Deli & Smoke Shop,,Milford,DE,,US,+1 484-802-1452,,,Blue Rhino,Q65681213
205926,bluerhino,Rite Aid #03749,,Milford,DE,,US,+1 302-422-3341,,,Blue Rhino,Q65681213
139169,bluerhino,Mike's Food Mart,,Milford,DE,,US,+1 302-422-4960,,,Blue Rhino,Q65681213
609,bluerhino,Walmart #1741,,Milford,DE,,US,+1 302-422-4456,,,Blue Rhino,Q65681213
11741,bluerhino,Food Lion #1294,,Milford,DE,,US,+1 302-424-0462,,,Blue Rhino,Q65681213
176701,bluerhino,Royal Farms #142,,Milford,DE,,US,+1 302-422-8242,,,Blue Rhino,Q65681213
78928,bluerhino,Lynch Heights Fuel Corp.,,Milford,DE,,US,+1 302-422-9195,,,Blue Rhino,Q65681213
36493_01,bmw_group,I. G. Burton BMW,,Milford,DE,,US,+1 302-424-3042,https://www.igburtonbmw.com,,BMW,Q26678
86645163646301996300100000000000,bp,BP,,Milford,DE,,US,+1 302-422-3631,,24/7,BP,Q152057
3932,buffalo_wild_wings_us,"Milford, DE",,Milford,DE,,US,+1 302-491-7048,https://www.buffalowildwings.com/locations/us/de/milford/104-silicato-parkway/sports-bar-1753,Mo-Th 11:00-23:00; Fr-Sa 11:00-24:00; Su 11:00-23:00,Buffalo Wild Wings,Q509255
14460,burgerking,Burger King,,Milford,DE,,US,+1 302-424-2272,https://www.bk.com/store-locator/store/restaurant_8591,Mo-Su 05:30-23:00,Burger King,Q177054
https://stores.catofashions.com/#26560127,cato_us,Cato,,,DE,,US,+1 302-422-0282,https://stores.catofashions.com/de/milford/672-north-dupont-blvd,Mo-Sa 10:00-19:00; Su 13:00-17:00,Cato,Q16956136
14086,chevrolet,"I. G. BURTON & COMPANY, INC.",,Milford,DE,,US,+1 302-839-1126,https://www.igburtonchevymilford.com,Mo-Fr 09:00-19:30; Sa 09:00-17:00,Chevrolet,Q29570
70397,citi,ATM PNC AT WAWA,,Milford,DE,,US,,,,Citibank,Q857063
70398,citi,ATM PNC AT WAWA,,Milford,DE,,US,,,,Citibank,Q857063
66845,citi,ATM One Stop Market,,Milford,DE,,US,,,,Citibank,Q857063
65514,citi,ATM Mike Liqour Mart,,Milford,DE,,US,,,,Citibank,Q857063
74471,citi,ATM Royal Farms #0142 - 1,,Milford,DE,,US,,,,Citibank,Q857063
74852,citi,ATM Royal Farms 2,,Milford,DE,,US,,,,Citibank,Q857063
73957,citi,ATM Royal Farms,,Milford,DE,,US,,,,Citibank,Q857063
74472,citi,ATM Royal Farms #0142 - 2,,Milford,DE,,US,,,,Citibank,Q857063
51999,citi,ATM CVS,,Milford,DE,,US,,,,Citibank,Q857063
92332,citi,ATM Walgreens,,Milford,DE,,US,,,,Citibank,Q857063
74291,citi,ATM Royal Farms #0051 - 1,,Milford,DE,,US,,,,Citibank,Q857063
74116,citi,ATM Royal Farms,,Milford,DE,,US,,,,Citibank,Q857063
75027,citi,ATM Royal Farms 2,,Milford,DE,,US,,,,Citibank,Q857063
74292,citi,ATM Royal Farms #0051 - 2,,Milford,DE,,US,,,,Citibank,Q857063
080325,citizens_us,Citizens Milford,,Milford,DE,,US,+1 302-422-5010,,Mo-Fr 09:00-16:00; Sa 09:00-12:00,Citizens,Q5122694
ATM-148,citizens_us,,,Milford,DE,,US,+1 302-422-5010,,24/7,Citizens,Q5122694
10222,cvs_us,CVS Pharmacy,,Milford,DE,,US,+1 302-424-8401,https://www.cvs.com/store-locator/milford-de-pharmacies/601-n-dupont-blvd-milford-de-19963/storeid=10222,Mo-Th 09:00-20:00; Fr-Sa 09:00-21:00; Su 10:00-19:00,CVS Pharmacy,Q2078880
4435,dominos_pizza_us,Domino's Pizza,,Milford,DE,,US,+1 302-424-4444,https://pizza.dominos.com/delaware/milford/105-aerenson-drive,Mo-Th 10:30-23:00; Fr-Sa 10:30-24:00; Su 10:30-23:00,Domino's,Q839466
356967,dunkin_us,Dunkin',,Milford,DE,,US,+1 302-544-9159,https://locations.dunkindonuts.com/en/de/milford/675a-n-dupont-blvd/356967,Mo-Su 04:30-22:00,Dunkin',Q847743
1010,eightyfour_lumber_us,MILFORD,,MILFORD,DE,,US,+1 302-422-2180,https://www.84lumber.com/store-locator/store-detail/?storeId=1010,Mo-Fr 07:00-18:00; Sa 08:00-15:00; Su 09:00-15:00,84 Lumber,Q4644779
E11757,enterprise,Milford i.g. Burton Collision Center,,Milford,DE,,US,+1 302-422-4034,,,Enterprise Rent-A-Car,Q17085454
200319783,exxonmobil,COUNTRY CORNERS MARKET #7,,MILFORD,DE,,US,+1 302-335-5202,https://www.exxon.com/en/find-station/exxon-milford-de-countrycornersmarket7-200319783,Mo-Su 05:00-23:00,Exxon,Q109675651
200319782,exxonmobil,COUNTRY CORNERS MARKET #8,,MILFORD,DE,,US,+1 302-422-6576,https://www.exxon.com/en/find-station/exxon-milford-de-countrycornersmarket8-200319782,Mo-Su 06:00-22:00,Exxon,Q109675651
https://local.fedex.com/#25198879,fedex,,,Milford,DE,,US,+1 800-463-3339,https://local.fedex.com/en-us/de/milford/bnebh,,FedEx,Q459477
https://local.fedex.com/#27753671,fedex,FedEx Authorized ShipCenter,,Milford,DE,,US,+1 302-422-2200,https://local.fedex.com/en-us/de/milford/57840,,FedEx,Q459477
24104,firestone_auto_care,Firestone Complete Auto Care,,Milford,DE,,US,+1 302-393-5025,https://local.firestonecompleteautocare.com/delaware/milford/103-causey-ave/,,Firestone,Q420837
Motorcraft2663USAEnglish,ford,Hertrich's Ford Lincoln of Milford,,Delaware,DE,,US,+1 302-422-8071,,,Ford,Q44294
https://www.ford.com/dealerships/dealer-details/de/milford/hertrich-ford-of-milford/,ford_dealers_us,Hertrich Ford of Milford,,Milford,DE,,US,+1 302-424-8491,https://www.ford.com/dealerships/dealer-details/de/milford/hertrich-ford-of-milford/,Mo-Fr 08:00-20:00; Sa 08:00-17:00,Ford Motor Company,Q44294
8411,fresenius_kidney_care_us,Fresenius Kidney Care Milford,,Milford,DE,,US,+1 800-881-5101,https://www.freseniuskidneycare.com/dialysis-centers/delaware/8411,Mo-Sa 06:00-17:30,,
5400,gamestop_us,Milford Landing,,MILFORD,DE,,US,+1 302-424-3079,https://www.gamestop.com/search/?store=5400,Mo-Th 12:00-19:00; Fr-Sa 11:00-21:00; Su 11:00-18:00,GameStop,Q202210
https://stores.gnc.com/#24058213,gnc,GNC Milford Commons,,,DE,,US,+1 302-424-0700,https://stores.gnc.com/all-stores-delaware/milford/959-north-dupont-highway,Mo-Sa 10:00-19:00; Su 11:00-18:00,GNC,Q4808595
eb82f55d-458a-e111-8dde-005056934050,goodwill,Milford Store & Donation Center,,Milford,DE,,US,+1 302-422-2566,https://www.goodwill.org/locator/location/?store=ZWI4MmY1NWQtNDU4YS1lMTExLThkZGUtMDA1MDU2OTM0MDUw&lat=MzguOTE5MzU=&lng=LTc1LjQzNzg4,,Goodwill,Q5583655
https://salons.greatclips.com/us/de/milford/646-n-dupont-blvd,greatclips,Great Clips,,Milford,DE,,US,+1 302-422-4247,https://salons.greatclips.com/us/de/milford/646-n-dupont-blvd,Mo-Fr 09:00-19:00; Sa 08:00-17:00; Su 09:00-17:00,Great Clips,Q5598967
https://www.harborfreight.com/storelocator/650-n-dupont-blvd-milford-19963?number=3453,harborfreight,"Harbor Freight Tools Milford, DE",,Milford,DE,,US,+1 302-265-4464,https://www.harborfreight.com/storelocator/650-n-dupont-blvd-milford-19963?number=3453,Mo-Sa 08:00-20:00; Su 09:00-18:00,Harbor Freight Tools,Q5654601
dovmfhx-hampton-milford,hilton,Hampton Inn Milford,,,DE,,US,+1 302-422-4320,https://www.hilton.com/ar/hotels/dovmfhx-hampton-milford/,,Hampton by Hilton,Q5646230
8260,h_r_block,H&R Block,,Milford,DE,,US,+1 302-422-6100,https://www.hrblock.com/local-tax-offices/delaware/milford/915-n-dupont-hwy/8260/,,H&R Block,Q5627799
https://office.jacksonhewitt.com/#27575556,jackson_hewitt,Jackson Hewitt,,Milford,DE,,US,+1 302-389-5314,https://office.jacksonhewitt.com/tax-preparation-services-locations/en/de/milford/999-n-dupont-blvd/51741,Mo 10:00-20:00; Tu-Th 11:00-19:00; Fr-Sa 10:00-20:00; Su 10:00-16:00,Jackson Hewitt,Q6117132
https://office.jacksonhewitt.com/#27577414,jackson_hewitt,Jackson Hewitt,,Milford,DE,,US,+1 302-424-4266,https://office.jacksonhewitt.com/tax-preparation-services-locations/en/de/milford/623-n-dupont-highway/10601,Mo-Fr 10:00-18:00; Sa 10:00-14:00,Jackson Hewitt,Q6117132
https://locations.kfc.com/#11248972,kfc,Chicken Nuggets Near Milford,,Milford,DE,,US,,https://locations.kfc.com/de/milford/649-n-dupont-blvd/chickennugget,Mo-Th 10:30-23:00; Fr-Sa 10:30-24:00; Su 10:30-23:00,KFC,Q524757
0319,mattress_warehouse_us,Mattress Warehouse,,Milford,DE,,US,+1 302-491-4919,https://stores.mattresswarehouse.com/mattress-warehouse-of-milford-b611edd2fce9?utm_campaign=yext&utm_medium=organic&utm_source=local,Mo-Sa 10:00-20:00; Su 11:00-18:00,Mattress Warehouse,Q61995079
5536,michaels,"MILFORD, DE",,Milford,DE,,US,+1 302-660-4965,https://locations.michaels.com/de/milford/5536,,Michaels,Q6835667
https://locations.mtb.com/#25083199,mt_bank_us,M&T Bank,,,DE,,US,+1 302-855-2160,https://locations.mtb.com/de/milford/bank-branches-and-atms-milford-de-7047.html,Mo-Th 09:00-17:00; Fr 09:00-18:00; Sa 09:00-12:00,M&T Bank,Q3272257
1197-airport-rd,my_eye_dr,,,Milford,DE,,US,+1 302-422-2020,https://locations.myeyedr.com/de/milford/1197-airport-rd,,MyEyeDr.,Q117864710
https://locations.papajohns.com/#10691191,papa_johns,Papa John's,,Milford,DE,,US,+1 302-422-5525,https://locations.papajohns.com/united-states/de/19963/milford/941-north-dupont-blvd,Mo-Su 11:00-23:00,Papa John's Pizza,Q2759586
529010,penske,Penske Milford,,MILFORD,DE,,US,+1 302-422-2058,https://www.pensketruckrental.com/locations/us/delaware/milford/529010/,,Penske,Q81234570
restaurant_84458,popeyes_us_fr,Popeyes,"697 N Dupont Blvd Milford, Delaware 19963 - USA",Milford,DE,,US,+1 302-725-5138,https://www.popeyes.com/store-locator/store/restaurant_84458,Mo-Su 10:30-20:00,Popeyes,Q1330910
1152,rentacenter,Rent-A-Center,,Milford,DE,,US,+1 302-422-1230,https://locations.rentacenter.com/delaware/milford/678-n-dupont-blvd/,Mo-Sa 10:00-18:00,Rent-A-Center,Q7313497
117891,ritasitalianice,Rita’s of Milford DE,,Milford,DE,,US,+1 302-265-2555,https://www.ritasice.com/location/ritas-of-milford-de-2/,,Rita's Italian Ice,Q7336456
03749,rite_aid_us,Rite Aid #03749 Milford,,Milford,DE,,US,+1 302-422-3341,https://locations2.riteaid.com.yext-cdn.com/de/milford/677-north-dupont-blvd.html,Mo-Sa 08:00-22:00; Su 08:00-20:00,Rite Aid,Q3433273
4391,ruby_tuesday_us,Ruby Tuesday,945 N DUPONT BLVD MILFORD DE 19963,Milford,DE,,US,+1 302-424-8049,,Mo-Th 11:00-22:00; Fr-Sa 11:00-23:00; Su 11:00-22:00,Ruby Tuesday,Q7376400
https://restaurants.subway.com/#14914668,subway,Subway,,Milford Sussex,DE,,US,+1 302-424-4140,https://restaurants.subway.com/united-states/de/milford/901-dupont-boulevard,Mo-Su 09:00-21:00,Subway,Q244457
81976,supercuts,Cypress Hall,28257 Lexus Dr Ste 4,Milford,DE,,US,+1 302-422-8448,https://www.supercuts.com/checkin/81976,Mo-Fr 10:00-18:00; Sa 09:00-17:00; Su 10:00-17:00,Supercuts,Q7643239
https://locations.tacobell.com/#8958087,taco_bell,Taco Bell,,Milford,DE,,US,+1 302-422-7522,https://locations.tacobell.com/de/milford/649-n--dupont-blvd-.html,Mo-Th 10:00-23:00; Fr-Sa 10:00-24:00; Su 10:00-22:00,Taco Bell,Q752941
4SBN,tmobile_us,Aerenson Dr & N Dupont Blvd,,Milford,DE,,US,+1 302-393-2060,https://www.t-mobile.com/store-locator/de/milford/aerenson-dr-n-dupont-blvd,,T-Mobile,Q3511885
054097,uhaul,Milford Shell,8 S Dupont Blvd,Milford,DE,,US,+1 302-725-0782,,Mo-Tu 00:00-21:00; We 00:00-21:00; Th-Sa 00:00-21:00,U-Haul,Q7862902
1373085,usps,MILFORD,,MILFORD,DE,,US,+1 302-422-5618,,Mo-Fr 08:30-17:00; Sa 09:00-13:00,United States Postal Service,Q668687
1996300012,usps_collection_boxes,USPS COLLECTION BOX - BLUE BOX,939 N DUPONT BLVD,MILFORD,DE,,US,,,,United States Postal Service,Q668687
1996300008,usps_collection_boxes,USPS COLLECTION BOX - BLUE BOX,915 N WALNUT ST,MILFORD,DE,,US,,,,United States Postal Service,Q668687
1996300009,usps_collection_boxes,USPS COLLECTION BOX - BLUE BOX,615 N DUPONT BLVD,MILFORD,DE,,US,,,,United States Postal Service,Q668687
1996300010,usps_collection_boxes,USPS COLLECTION BOX - BLUE BOX,658 N DUPONT BLVD,MILFORD,DE,,US,,,,United States Postal Service,Q668687
1996300004,usps_collection_boxes,USPS COLLECTION BOX - BLUE BOX,1 NW FRONT ST,MILFORD,DE,,US,,,,United States Postal Service,Q668687
1996300017,usps_collection_boxes,USPS COLLECTION BOX - PO LOBBY,110 CAUSEY AVE,MILFORD,DE,,US,,,,United States Postal Service,Q668687
1996300000,usps_collection_boxes,USPS COLLECTION BOX - BLUE BOX,110 CAUSEY AVE,MILFORD,DE,,US,,,,United States Postal Service,Q668687
1996300001,usps_collection_boxes,USPS COLLECTION BOX - BLUE BOX,201 S WALNUT ST,MILFORD,DE,,US,,,,United States Postal Service,Q668687
1996300024,usps_collection_boxes,USPS COLLECTION BOX - PO LOBBY,110 CAUSEY AVE,MILFORD,DE,,US,,,,United States Postal Service,Q668687
1996300014,usps_collection_boxes,USPS COLLECTION BOX - BLUE BOX,40 S MAPLE AVE,MILFORD,DE,,US,,,,United States Postal Service,Q668687
1996300007,usps_collection_boxes,USPS COLLECTION BOX - BLUE BOX,1029 S WALNUT ST,MILFORD,DE,,US,,,,United States Postal Service,Q668687
milford_oil-change-ba0030,valvoline_instant_oil_change,Valvoline,600 North Dupont Blvd ,Milford,DE,,US,+1 302-725-4061,https://store.vioc.com/de/milford/oil-change-ba0030.html,,Valvoline Instant Oil Change,Q7912852
A00000041297,verizon_us,Wireless Zone Milford N Dupont Blvd,,Milford,DE,,US,+1 302-424-1900,https://www.verizon.com/stores/details/delaware/milford/wireless-zone-milford-n-dupont-hwy-1664522/,Mo-Sa 10:00-20:00; Su 11:00-17:00,Verizon,Q919641
,visa,,,MILLSBORO,DE,,US,,,,,
,visa,,,MILFORD,DE,,US,,,,,
,visa,,,MILFORD,DE,,US,,,,,
,visa,,,MILFORD,DE,,US,,,,,
,visa,,,MILFORD,DE,,US,,,,,
,visa,,,MILFORD,DE,,US,,,,,
,visa,,,MILFORD,DE,,US,,,,,
,visa,,,MILFORD,DE,,US,,,,,
,visa,,,MILFORD,DE,,US,,,,,
,visa,,,MILFORD,DE,,US,,,,,
,visa,,,MILFORD,DE,,US,,,,,
,visa,,,MILFORD,DE,,US,,,,,
,visa,,,MILFORD,DE,,US,,,,,
,visa,,,MILFORD,DE,,US,,,,,
,visa,,,MILFORD,DE,,US,,,,,
,visa,,,MILFORD,DE,,US,,,,,
,visa,,,MILFORD,DE,,US,,,,,
,visa,,,MILFORD,DE,,US,,,,,
,visa,,,MILFORD,DE,,US,,,,,
,visa,,,MILFORD,DE,,US,,,,,
,visa,,,MILFORD,DE,,US,,,,,
,visa,,,MILFORD,DE,,US,,,,,
,visa,,,MILFORD,DE,,US,,,,,
,visa,,,MILFORD,DE,,US,,,,,
,visa,,,MILFORD,DE,,US,,,,,
,visa,,,MILFORD,DE,,US,,,,,
,visa,,,MILFORD,DE,,US,,,,,
,visa,,,MILFORD,DE,,US,,,,,
,visa,,,MILFORD,DE,,US,,,,,
,visa,,,MILFORD,DE,,US,,,,,
,visa,,,MILFORD,DE,,US,,,,,
,visa,,,MILFORD,DE,,US,,,,,
,visa,,,MILFORD,DE,,US,,,,,
,visa,,,MILFORD,DE,,US,,,,,
,visa,,,MILFORD,DE,,US,,,,,
,visa,,,MILFORD,DE,,US,,,,,
,visa,,,MILFORD,DE,,US,,,,,
,visa,,,MILFORD,DE,,US,,,,,
,visa,,,MILFORD,DE,,US,,,,,
,visa,,,MILFORD,DE,,US,,,,,
,visa,,,DOVER,DE,,US,,,,,
https://www.walgreens.com/locator/walgreens-648+nw+front+st-milford-de-19963/id=11132,walgreens,Walgreens,,Milford,DE,,US,+1 302-424-6300,https://www.walgreens.com/locator/walgreens-648+nw+front+st-milford-de-19963/id=11132,Mo-Su 07:00-22:00,Walgreens,Q1591889
bb62669c30381d1aef6f3150f6d6633c,western_union,MINI STORE XELA,,Milford,DE,,US,+1 302-422-0400,https://location.westernunion.com/us/de/milford/bb62669c30381d1aef6f3150f6d6633c,Mo-Su 08:30-21:30,Western Union,Q861042
539774709cbc0e7b470210efddda5508,western_union,SWEET MART,,Milford,DE,,US,+1 570-677-1251,https://location.westernunion.com/us/de/milford/539774709cbc0e7b470210efddda5508,Mo-Su 06:30-21:30,Western Union,Q861042
57201b7c269f84a5e29d69bb5291bb3a,western_union,N & Y MULTISERVICES LLC,,Milford,DE,,US,+1 302-430-2281,https://location.westernunion.com/us/de/milford/57201b7c269f84a5e29d69bb5291bb3a,Mo-Su 08:00-20:00,Western Union,Q861042
