Ref,Spider,Name,Address,City,State,Zipcode,Country,Phone,Website,Hours,Brand,WikiData
https://local.pharmacy.vons.com/#5674028,albertsons,Vons Pharmacy,,Las Vegas,NV,,US,+1 702-407-2524,https://local.pharmacy.vons.com/nv/las-vegas/7405-s-durango-dr.html,,Vons,Q7941609
https://local.fuel.vons.com/#9073548,albertsons,Vons Fuel Station,,Las Vegas,NV,,US,+1 702-263-4568,https://local.fuel.vons.com/nv/las-vegas/7305-s-durango-dr.html,Mo-Su 04:00-24:00,Vons,Q7941609
https://local.vons.com/#5605236,albertsons,Vons,,Las Vegas,NV,,US,+1 702-263-4568,https://local.vons.com/nv/las-vegas/7405-s-durango-dr.html,,Vons,Q7941609
595,att_us,LV RHODES RANCH S. DURANGO - S358,,Las Vegas,NV,,US,+1 702-270-0077,https://www.att.com/stores/nevada/las-vegas/595,Mo-Sa 10:00-20:00; Su 10:00-18:00,AT&T,Q298594
https://www.banfield.com/locations/veterinarians/nv/las-vegas/svy,banfield_pet_hospital,Spring Valley,,Las Vegas,NV,,US,+1 702-263-3819,https://www.banfield.com/locations/veterinarians/nv/las-vegas/svy,Mo-Tu 08:00-19:00; We 08:00-18:00; Th-Fr 08:00-19:00; Sa 08:00-18:00; Su 08:00-17:00,Banfield Pet Hospital,Q2882416
https://locators.bankofamerica.com/nv/lasvegas/financial-centers-las-vegas-13022.html,bankofamerica,Bank of America Financial Center & Drive-Thru ATM | Warm Springs & Durango,,Las Vegas,NV,,US,+1 702-654-4081,https://locators.bankofamerica.com/nv/lasvegas/financial-centers-las-vegas-13022.html,Mo-Fr 10:00-16:00,Bank of America,Q487907
https://stores.bestbuy.com/nv/las-vegas/6950-arroyo-crossing-pkwy-1044.html,bestbuy,Best Buy Sw Las Vegas,,Las Vegas,NV,,US,+1 702-260-8707,https://stores.bestbuy.com/nv/las-vegas/6950-arroyo-crossing-pkwy-1044.html,,Best Buy,Q533415
189645,bluerhino,Smiths Food & Drug 371- Fuel Site,,Las Vegas,NV,,US,+1 702-341-7474,,,Blue Rhino,Q65681213
182236,bluerhino,Green Valley Grocery #59,,Las Vegas,NV,,US,+1 702-586-7671,,,Blue Rhino,Q65681213
213504,bluerhino,Green Valley Grocery #88,,Las Vegas,NV,,US,+1 702-463-8137,,,Blue Rhino,Q65681213
178613,bluerhino,Smiths Food & Drug 315,,Las Vegas,NV,,US,+1 702-505-4941,,,Blue Rhino,Q65681213
189345,bluerhino,Smiths Food & Drug 315 - Fuel Site,,Las Vegas,NV,,US,+1 702-505-4941,,,Blue Rhino,Q65681213
213458,bluerhino,Green Valley Grocery #86,,Las Vegas,NV,,US,+1 702-929-3700,,,Blue Rhino,Q65681213
195103,bluerhino,Green Valley Grocery #65,,Las Vegas,NV,,US,+1 702-754-1956,,,Blue Rhino,Q65681213
16795,burgerking,Burger King,,Las Vegas,NV,,US,+1 702-269-6520,https://www.bk.com/store-locator/store/restaurant_10539,Mo-Su 06:00-22:00,Burger King,Q177054
2041378,chase_us,Warm Springs and Durango - New branch,,Las Vegas,NV,,US,+1 702-558-2881,https://locator.chase.com/nv/las-vegas/8565-w-warm-springs-rd,Mo-Fr 09:00-17:00; Sa 09:00-14:00,Chase,Q524629
2041391,chase_us,Rainbow and 215 - New branch,,Las Vegas,NV,,US,+1 702-617-0468,https://locator.chase.com/nv/las-vegas/6920-arroyo-crossing-pwky,Mo-Fr 09:00-17:00; Sa 09:00-14:00,Chase,Q524629
305174,chevron,Chevron Station #305174,8096 S DURANGO BLVD,LAS VEGAS,NV,,US,+1 702-309-8096,,,Chevron,Q319642
374515,chevron,Chevron Station #374515,7095 S DURANGO DR.,LAS VEGAS,NV,,US,+1 702-212-7095,,,Chevron,Q319642
210067,chevron,Chevron Station #210067,6480 S DURANGO DRIVE,LAS VEGAS,NV,,US,+1 702-269-0385,,,Chevron,Q319642
305685,chevron,Chevron Station #305685,7325 S JONES BLVD,LAS VEGAS,NV,,US,+1 702-307-7325,,,Chevron,Q319642
nv_las-vegas_7340-arroyo-crossing-pkwy,chipotle, ,,Las Vegas,NV,,US,+1 702-361-0203,https://locations.chipotle.com/nv/las-vegas/7340-arroyo-crossing-pkwy,,Chipotle,Q465751
26687,citi,ATM 7ELEVEN-FCTI,,Las Vegas,NV,,US,,,,Citibank,Q857063
31359,citi,ATM 7ELEVEN-FCTI,,Las Vegas,NV,,US,,,,Citibank,Q857063
52625,citi,ATM CVS,,Las Vegas,NV,,US,,,,Citibank,Q857063
93214,citi,ATM Walgreens,,Las Vegas,NV,,US,,,,Citibank,Q857063
76186,citi,ATM Smith's,,Las Vegas,NV,,US,,,,Citibank,Q857063
32444,citi,ATM 7ELEVEN-FCTI,,Las Vegas,NV,,US,,,,Citibank,Q857063
52629,citi,ATM CVS,,Las Vegas,NV,,US,,,,Citibank,Q857063
48982,citi,ATM CVS,,Henderson,NV,,US,,,,Citibank,Q857063
20386,coldstone_creamery,Cold Stone Creamery,,Las Vegas,NV,,US,+1 702-469-8521,https://www.coldstonecreamery.com/stores/20386,,Cold Stone Creamery,Q1094923
5942,cvs_us,CVS Pharmacy,,Las Vegas,NV,,US,+1 702-407-2933,https://www.cvs.com/store-locator/las-vegas-nv-pharmacies/7285-s-durango-dr-las-vegas-nv-89113/storeid=5942,Mo-Fr 07:00-23:00; Sa-Su 08:00-23:00,CVS Pharmacy,Q2078880
334,daniels_jewelers_us,Arroyo Market Square,,Las Vegas,NV,,US,+1 725-254-1919,,Mo-Sa 11:00-19:00; Su 12:00-18:00,Daniel's Jewelers,Q120763875
nevada-las-vegas,deloitte,Deloitte - Las Vegas,,Las Vegas,NV,,US,+1 702-893-3100,https://www2.deloitte.com/us/en/footerlinks/office-locator/nevada/las-vegas.html,,Deloitte,Q491748
249661,dennys,Denny's,,Las Vegas,NV,,US,+1 725-286-3830,https://locations.dennys.com/NV/LAS-VEGAS/249661,24/7,Denny's,Q1189695
8561,dollartree,DollarTree,,Las Vegas,NV,,US,+1 702-680-6915,,Mo-Su 09:00-21:00,Dollar Tree,Q5289230
350472,dunkin_us,Dunkin',,Las Vegas,NV,,US,+1 702-260-4818,https://locations.dunkindonuts.com/en/nv/las-vegas/7250-s-durango-dr/350472,Mo-Fr 05:00-19:00; Sa-Su 06:00-19:00,Dunkin',Q847743
DB363,dutchbros,Vegas 6410 Rainbow Blvd,,Las Vegas,NV,,US,,https://locations.dutchbros.com/dutch-bros-coffee-6364b896cc92,Mo-Su 05:00-23:00,Dutch Bros. Coffee,Q5317253
DB576,dutchbros,Warm Springs,,Las Vegas,NV,,US,,https://locations.dutchbros.com/dutch-bros-coffee-11fd1c25bd9d,Mo-Th 05:00-22:00; Fr-Sa 05:00-23:00; Su 05:00-22:00,Dutch Bros. Coffee,Q5317253
https://www.edwardjones.com/us-en/financial-advisor/jeanne-burmeister,edwardjones,Jeanne S Burmeister,,Las Vegas,NV,,US,+1 702-871-4633,https://www.edwardjones.com/us-en/financial-advisor/jeanne-burmeister,Mo-Fr 08:00-16:00,Edward Jones,Q5343830
210157,electrify_america,"Walmart 4356 (SW Las Vegas, NV)",,Las Vegas,NV,,US,,,,Electrify America,Q59773555
E15417,enterprise,Las Vegas Durango & Warm Springs,,Las Vegas,NV,,US,+1 702-266-9882,,,Enterprise Rent-A-Car,Q17085454
4290,fresenius_kidney_care_us,Fresenius Kidney Care South Rainbow,,Las Vegas,NV,,US,+1 800-881-5101,https://www.freseniuskidneycare.com/dialysis-centers/nevada/4290,Mo-Sa 03:30-23:30,,
5867,gamestop_us,Arroyo Comons,,Las Vegas,NV,,US,+1 702-260-6937,https://www.gamestop.com/search/?store=5867,Mo-Th 12:00-20:00; Fr-Sa 10:00-20:00; Su 12:00-18:00,GameStop,Q202210
las-vegas_marco-vargas,geico,Marco Vargas,,Las Vegas,NV,,US,+1 725-228-4700,https://www.geico.com/insurance-agents/nevada/las-vegas/marco-vargas/,,GEICO,Q1498689
https://stores.gnc.com/#24058593,gnc,GNC Arroyo Marketplace,,,NV,,US,+1 702-407-1133,https://stores.gnc.com/all-stores-nevada/las-vegas/7290-arroyo-crossing-pkwy,Mo-Sa 09:00-19:00; Su 10:00-18:00,GNC,Q4808595
https://salons.greatclips.com/us/nv/las-vegas/7345-s-durango-dr,greatclips,Great Clips,,Las Vegas,NV,,US,+1 702-895-8555,https://salons.greatclips.com/us/nv/las-vegas/7345-s-durango-dr,Mo-Fr 08:00-21:00; Sa-Su 08:00-19:00,Great Clips,Q5598967
27870,h_r_block,H&R Block,,Las Vegas,NV,,US,+1 702-316-1983,https://www.hrblock.com/local-tax-offices/nevada/las-vegas/7345-s-durango-dr/27870/,,H&R Block,Q5627799
nv_las-vegas_breakfast-7305-south-rainbow-suite-100-3757,ihop,IHOP Breakfast Restaurants Near You at 7305 South Rainbow Suite 100,,Las Vegas,NV,,US,+1 725-204-9115,https://restaurants.ihop.com/en-us/nv/las-vegas/breakfast-7305-south-rainbow-suite-100-3757,,IHOP,Q1185675
https://locations.jackinthebox.com/us/nv/las-vegas/7025-s-durango-dr,jackinthebox,Jack in the Box,,Las Vegas,NV,,US,+1 702-269-6283,https://locations.jackinthebox.com/us/nv/las-vegas/7025-s-durango-dr,Mo 06:00-23:00; Tu 06:00-04:00; We-Sa 04:00-04:00; Su 04:00-23:00,Jack in the Box,Q1538507
https://office.jacksonhewitt.com/#27577795,jackson_hewitt,Jackson Hewitt,,Las Vegas,NV,,US,+1 702-727-4031,https://office.jacksonhewitt.com/tax-preparation-services-locations/en/nv/las-vegas/7200-arroyo-crossing-parkway/54356,Mo-Sa 11:00-19:00; Su 12:00-16:00,Jackson Hewitt,Q6117132
https://locations.jamba.com/#103491-Jamba,jambajuice,Jamba Durango & Warm Springs,,Las Vegas,NV,,US,+1 702-640-0694,https://locations.jamba.com/nv/las-vegas/7210-south-durango-dr,Mo-Sa 07:00-20:00; Su 08:00-19:00,Jamba Juice,Q3088784
arroyo-crossing-parkway-deli,jasonsdeli,Arroyo Crossing Parkway Deli,"7305 Arroyo Crossing Pkwy, Las Vegas, Nevada 89113",Las Vegas,NV,,US,+1 702-270-0060,https://www.jasonsdeli.com/restaurants/arroyo-crossing-parkway-deli,Mo-Su 10:00-22:00,Jason's Deli,Q16997641
301920,kindercare,Rhodes Ranch KinderCare,,Las Vegas,NV,,US,,https://www.kindercare.com/our-centers/las-vegas/nv/301920,,KinderCare Learning Centers,Q6410551
133256,little_free_library,Quail Ridge Library #133256 Las Vegas NV,,Las Vegas,NV,,US,,,,Little Free Library,Q6650101
https://locations.maurices.com/#11688906,maurices,maurices The Arroyo Mkt. Sqr.,,Las Vegas,NV,,US,+1 702-263-4898,https://locations.maurices.com/us/nv/las-vegas/7235-arroyo-crsng-pkwy,Mo-Th 11:00-20:00; Fr-Sa 10:00-20:00; Su 11:00-18:00,maurices,Q6793571
075624,penske,Home Depot #3308,,LAS VEGAS,NV,,US,+1 702-597-1895,https://www.pensketruckrental.com/locations/us/nevada/las_vegas/075624/,,Penske,Q81234570
https://stores.petco.com/#27959956,petco,Petco Las Vegas Warm Springs,,Las Vegas,NV,,US,+1 702-791-7038,https://stores.petco.com/nv/lasvegas/pet-supplies-lasvegas-nv-1177.html,Mo 09:00-21:00; Tu 09:00-20:00; We-Sa 09:00-21:00; Su 10:00-19:00,Petco,Q7171798
0000878414,phillips_66_conoco_76,GVG 86,,LAS VEGAS,NV,,US,+1 702-929-3700,,,U76,Q1658320
restaurant_83877,popeyes_us_fr,Popeyes,"7110 S Durango Dr Las Vegas, Nevada 89113 - USA",Las Vegas,NV,,US,+1 702-791-1097,https://www.popeyes.com/store-locator/store/restaurant_83877,Mo-Su 10:30-21:00,Popeyes,Q1330910
home-depot-3308-14162,ppgpaints,HOME DEPOT 3308,,"Las Vegas, ",NV,,US,+1 702-270-6446,https://www.ppgpaints.com/store-locator/us/nevada/las-vegas-paint-stores/home-depot-3308-14162,,PPG Paints,Q83891559
https://locations.qdoba.com/us/nv/enterprise/6965-s-rainbow-blvd.html,qdoba,QDOBA Rainbow,,Enterprise,NV,,US,+1 702-754-0544,https://locations.qdoba.com/us/nv/enterprise/6965-s-rainbow-blvd.html,Mo-Su 10:30-22:00,Qdoba,Q1363885
1123,ross_dress_for_less_us,Southern Beltway,,Las Vegas,NV,,US,+1 702-492-7786,,Mo-Sa 09:00-23:00; Su 09:00-22:00,Ross Dress for Less,Q3442791
4983,sams_club,Las Vegas Sam's Club,,Las Vegas,NV,,US,+1 702-260-9003,https://www.samsclub.com/club/las-vegas-nv-sams-club/4983,Mo 10:00-20:00; Sa 09:00-20:00; Su 10:00-18:00,Sam's Club,Q1972120
34040,seven_eleven_ca_us,7-11 Str   7325 S Buffalo,,Las Vegas,NV,,US,+1 702-263-0731,https://www.7-eleven.com/locations/nv/las-vegas/7325-s-buffalo-34040,,7-Eleven,Q259340
33240,seven_eleven_ca_us,7-11 Str   5725 S. Durango Dr.,,Las Vegas,NV,,US,+1 702-792-2227,https://www.7-eleven.com/locations/nv/las-vegas/5725-s.-durango-dr.-33240,,7-Eleven,Q259340
39841,seven_eleven_ca_us,Bcp Str    7110 Durango Dr,,Las Vegas,NV,,US,+1 702-454-5505,https://www.7-eleven.com/locations/nv/las-vegas/7110-durango-dr-39841,,7-Eleven,Q259340
https://stations.sinclairoil.com/nv/las-vegas/7110-s-durango-dr,sinclair_us,Sinclair Gas Station,,Las Vegas,NV,,US,+1 702-454-5505,https://stations.sinclairoil.com/nv/las-vegas/7110-s-durango-dr,24/7,Sinclair,Q1290900
32279,smilebrands,Hospitality Dental,4955 S. Durango Drive,Las Vegas,NV,,US,+1 702-933-7275,https://hospitalitydentallv.com,,Smile Brands Inc.,Q108286823
https://restaurants.subway.com/#14905206,subway,Subway,,Las Vegas Clark,NV,,US,+1 702-629-5454,https://restaurants.subway.com/united-states/nv/las-vegas/7040-s-durango-drive,Mo-Su 08:00-22:00,Subway,Q244457
https://restaurants.subway.com/#14915326,subway,Subway The Tarkanian Professional Ctr,,Las Vegas Clark,NV,,US,+1 702-492-0200,https://restaurants.subway.com/united-states/nv/las-vegas/8110-w-warm-springs-blvd,Mo-Su 07:00-23:00,Subway,Q244457
https://www.sunautoservice.com/locations/nv/lasvegas/auto-repair-2058.html,sun_auto_service_us,Sun Auto Service,,Las Vegas,NV,,US,+1 702-222-4253,https://www.sunautoservice.com/locations/nv/lasvegas/auto-repair-2058.html,Mo-Fr 07:00-18:00; Sa 07:30-17:00,Sun Auto Service,Q118383798
https://locations.tacobell.com/#6141911,taco_bell,Taco Bell,,Las Vegas,NV,,US,+1 702-262-9080,https://locations.tacobell.com/nv/las-vegas/8520-w--warm-springs-road.html,Mo-Su 07:00-03:00,Taco Bell,Q752941
https://locations.tacobell.com/#6142975,taco_bell,Taco Bell,,Las Vegas,NV,,US,+1 702-252-0319,https://locations.tacobell.com/nv/las-vegas/5645-s-rainbow-blvd.html,Mo-Su 07:00-03:00,Taco Bell,Q752941
28462,tjx,Las Vegas,8435 West Warm Springs,Las Vegas,NV,,US,+1 702-361-3692,,Mo-Sa 09:30-21:30; Su 10:00-20:00,HomeGoods,Q5887941
081124,tjx,Las Vegas,8435 West Warm Springs,Las Vegas,NV,,US,+1 702-361-3692,,Mo-Sa 09:30-21:30; Su 10:00-20:00,TJ Maxx,Q10860683
6B38,tmobile_us,Sam's Club Las Vegas NV,,Las Vegas,NV,,US,+1 702-403-2910,https://www.t-mobile.com/store-locator/nv/las-vegas/sams-club-las-vegas-nv,,T-Mobile,Q3511885
https://www.asurion.com/repairs/tech/locations/southwestlasvegas,ubreakifix,uBreakiFix by Asurion - South West Las Vegas,,Las Vegas,NV,,US,+1 725-269-3100,https://www.asurion.com/repairs/tech/locations/southwestlasvegas,Mo-Sa 10:00-19:00; Su 12:00-17:00,Asurion Tech Repair & Solutions,Q4811938
"Durango Outpatient Surgery Center, Las Vegas, Nevada",united_surgical_partners_international,Durango Outpatient Surgery Center,8530 West Sunset Road Suite 100,Las Vegas,NV,,US,+1 702-789-5700,na,,United Surgical Partners International,Q7893575
"Sunset Ridge Surgery Center, Las Vegas, Nevada",united_surgical_partners_international,Sunset Ridge Surgery Center,8352 West Warm Springs Suite 100,Las Vegas,NV,,US,+1 702-445-6993,na,,United Surgical Partners International,Q7893575
1442445,usps,WESTRIDGE,,LAS VEGAS,NV,,US,+1 702-871-1175,,Mo-Fr 08:30-17:00; Sa 09:00-15:00,United States Postal Service,Q668687
8911300001,usps_collection_boxes,USPS COLLECTION BOX - BLUE BOX,8363 W SUNSET RD,LAS VEGAS,NV,,US,,,,United States Postal Service,Q668687
8911300000,usps_collection_boxes,USPS COLLECTION BOX - BLUE BOX,4955 S DURANGO DR,LAS VEGAS,NV,,US,,,,United States Postal Service,Q668687
8911300005,usps_collection_boxes,USPS COLLECTION BOX - APC,7925 W RUSSELL RD,LAS VEGAS,NV,,US,,,,United States Postal Service,Q668687
8911300003,usps_collection_boxes,USPS COLLECTION BOX - PO LOBBY,7925 W RUSSELL RD,LAS VEGAS,NV,,US,,,,United States Postal Service,Q668687
8911300010,usps_collection_boxes,USPS COLLECTION BOX - PO LOBBY,7925 W RUSSELL RD,LAS VEGAS,NV,,US,,,,United States Postal Service,Q668687
8911300002,usps_collection_boxes,USPS COLLECTION BOX - BLUE BOX,7925 W RUSSELL RD,LAS VEGAS,NV,,US,,,,United States Postal Service,Q668687
,visa,,,HENDERSON,NV,,US,,,,,
,visa,,,HENDERSON,NV,,US,,,,,
,visa,,,LAS VEGAS,NV,,US,,,,,
,visa,,,LAS VEGAS,NV,,US,,,,,
,visa,,,LAS VEGAS,NV,,US,,,,,
,visa,,,LAS VEGAS,NV,,US,,,,,
,visa,,,LAS VEGAS,NV,,US,,,,,
,visa,,,LAS VEGAS,NV,,US,,,,,
,visa,,,LAS VEGAS,NV,,US,,,,,
,visa,,,LAS VEGAS,NV,,US,,,,,
,visa,,,LAS VEGAS,NV,,US,,,,,
,visa,,,LAS VEGAS,NV,,US,,,,,
,visa,,,LAS VEGAS COUNTY,NV,,US,,,,,
,visa,,,LAS VEGAS COUNTY,NV,,US,,,,,
,visa,,,LAS VEGAS,NV,,US,,,,,
,visa,,,LAS VEGAS,NV,,US,,,,,
,visa,,,LAS VEGAS,NV,,US,,,,,
,visa,,,LAS VEGAS,NV,,US,,,,,
,visa,,,LAS VEGAS,NV,,US,,,,,
,visa,,,LAS VEGAS,NV,,US,,,,,
,visa,,,LAS VEGAS,NV,,US,,,,,
,visa,,,LAS VEGAS,NV,,US,,,,,
,visa,,,LAS VEGAS,NV,,US,,,,,
,visa,,,LAS VEGAS,NV,,US,,,,,
,visa,,,LAS VEGAS,NV,,US,,,,,
,visa,,,LAS VEGAS,NV,,US,,,,,
,visa,,,LAS VEGAS,NV,,US,,,,,
,visa,,,LAS VEGAS,NV,,US,,,,,
,visa,,,LAS VEGAS,NV,,US,,,,,
,visa,,,LAS VEGAS,NV,,US,,,,,
,visa,,,LAS VEGAS,NV,,US,,,,,
,visa,,,LAS VEGAS,NV,,US,,,,,
,visa,,,LAS VEGAS,NV,,US,,,,,
,visa,,,LAS VEGAS,NV,,US,,,,,
,visa,,,LAS VEGAS,NV,,US,,,,,
,visa,,,LAS VEGAS,NV,,US,,,,,
,visa,,,LAS VEGAS,NV,,US,,,,,
,visa,,,LAS VEGAS,NV,,US,,,,,
,visa,,,LAS VEGAS,NV,,US,,,,,
,visa,,,LAS VEGAS,NV,,US,,,,,
,visa,,,LAS VEGAS,NV,,US,,,,,
,visa,,,LAS VEGAS,NV,,US,,,,,
,visa,,,LAS VEGAS,NV,,US,,,,,
,visa,,,LAS VEGAS,NV,,US,,,,,
,visa,,,LAS VEGAS,NV,,US,,,,,
,visa,,,LAS VEGAS,NV,,US,,,,,
,visa,,,LAS VEGAS,NV,,US,,,,,
,visa,,,LAS VEGAS,NV,,US,,,,,
,visa,,,LAS VEGAS,NV,,US,,,,,
,visa,,,LAS VEGAS,NV,,US,,,,,
,visa,,,LAS VEGAS,NV,,US,,,,,
,visa,,,LAS VEGAS,NV,,US,,,,,
,visa,,,LAS VEGAS,NV,,US,,,,,
,visa,,,LAS VEGAS,NV,,US,,,,,
,visa,,,LAS VEGAS,NV,,US,,,,,
,visa,,,LAS VEGAS,NV,,US,,,,,
,visa,,,LAS VEGAS,NV,,US,,,,,
,visa,,,LAS VEGAS,NV,,US,,,,,
https://locations.vitaminshoppe.com/nv/lasvegas/vitamins-supplements-las-vegas-nv-802.html,vitamin_shoppe,The Vitamin Shoppe® Las Vegas (Rainbow),7040 S. Rainbow Blvd Suite #100,Las Vegas,NV,,US,+1 702-534-1663,https://locations.vitaminshoppe.com/nv/lasvegas/vitamins-supplements-las-vegas-nv-802.html,Su 11:00-19:00; Mo 10:00-20:00; Tu 10:00-20:00; We 10:00-20:00; Th 10:00-20:00; Fr 10:00-20:00; Sa 10:00-20:00,The Vitamin Shoppe,Q7772938
https://www.walgreens.com/locator/walgreens-8595+w+warm+springs+rd-las+vegas-nv-89113/id=10215,walgreens,Walgreens,,Las Vegas,NV,,US,+1 702-262-6456,https://www.walgreens.com/locator/walgreens-8595+w+warm+springs+rd-las+vegas-nv-89113/id=10215,Mo-Su 07:00-23:00,Walgreens,Q1591889
7290__S__DURANGO__DR_LAS__VEGAS_NV_89113,wellsfargo,Wells Fargo,7290 S DURANGO DR,LAS VEGAS,NV,,US,+1 702-495-4160,https://www.wellsfargo.com/locator/bank/7290__S__DURANGO__DR_LAS__VEGAS_NV_89113/,Mo-Fr 09:00-17:00,Wells Fargo,Q744149
https://locations.wendys.com/#13307745,wendys,"Wendy's 7395 S. Rainbow in Las Vegas, NV",,Las Vegas,NV,,US,+1 702-331-2299,https://locations.wendys.com/united-states/nv/las-vegas/7395-south-rainbow-road,"Mo-Su 06:30-10:30,07:30-22:00",Wendy's,Q550258
8774d7997b196dd19e5c112aa7e33c61,western_union,7-ELEVEN #34040,,Las Vegas,NV,,US,+1 702-263-0731,https://location.westernunion.com/us/nv/las-vegas/8774d7997b196dd19e5c112aa7e33c61,,Western Union,Q861042
a914499ea402ae2bed82a0159b0ec5ac,western_union,WALMART #004356,,Las Vegas,NV,,US,+1 702-270-6003,https://location.westernunion.com/us/nv/las-vegas/a914499ea402ae2bed82a0159b0ec5ac,Mo-Sa 08:00-20:00; Su 10:00-18:00,Western Union,Q861042
7057171e5cb04bdccb362dfb877defd3,western_union,DAMO ZEMEDA FAMILY TRADING LLC,,Las Vegas,NV,,US,+1 702-934-4075,https://location.westernunion.com/us/nv/las-vegas/7057171e5cb04bdccb362dfb877defd3,Mo-Su 09:00-18:00,Western Union,Q861042
