Ref,Spider,Name,Address,City,State,Zipcode,Country,Phone,Website,Hours,Brand,WikiData
https://local.pharmacy.jewelosco.com/#5673005,albertsons,Jewel-Osco Pharmacy,,Countryside,IL,,US,+1 708-354-5300,https://local.pharmacy.jewelosco.com/il/countryside/5545-s-brainard-ave.html,Mo-Fr 08:00-22:00; Sa 09:00-18:00; Su 09:00-17:00,Jewel-Osco,Q3178470
https://local.jewelosco.com/#5603805,albertsons,Jewel-Osco,,Countryside,IL,,US,+1 708-352-0120,https://local.jewelosco.com/il/countryside/5545-s-brainard-ave.html,"Mo-Fr 06:00-24:00,08:00-22:00; Sa 06:00-24:00,09:00-18:00; Su 06:00-24:00,09:00-17:00",Jewel-Osco,Q3178470
https://stores.aldi.us/#4421259,aldi_sud_us,ALDI  9430 Joliet Rd,,Hodgkins,IL,,US,+1 833-462-1060,https://stores.aldi.us/il/hodgkins/9430-joliet-rd,Mo-Su 08:30-20:00,ALDI,Q41171672
https://restaurants.applebees.com/en-us/il/hodgkins/9380-joliet-road-88038,applebees,Connect with this Applebee's,,Hodgkins,IL,,US,+1 708-387-7350,https://restaurants.applebees.com/en-us/il/hodgkins/9380-joliet-road-88038,Mo-Su 11:00-24:00,Applebees,Q621532
https://locations.arbys.com/il/countryside/5656-s-la-grange-rd.html,arbys_us,"Arby's Fast-Food Drive Through Near You in Countryside, IL",,Countryside,IL,,US,+1 708-354-1910,https://locations.arbys.com/il/countryside/5656-s-la-grange-rd.html,Mo-Th 10:00-21:30; Fr-Sa 10:00-22:30; Su 10:00-21:30,Arby's,Q630866
https://locations.atipt.com/la-grange-il-physical-therapy,ati_physical_therapy,ATI Physical Therapy La Grange 287,,La Grange,IL,,US,+1 708-698-5680,https://locations.atipt.com/la-grange-il-physical-therapy,,ATI Physical Therapy,Q50039703
https://locations.atipt.com/countryside-il,ati_physical_therapy,ATI Physical Therapy Countryside 193,,Countryside,IL,,US,+1 708-352-1362,https://locations.atipt.com/countryside-il,,ATI Physical Therapy,Q50039703
103463,att_us,LAGRANGE STORE,,Lagrange,IL,,US,+1 708-354-6672,https://www.att.com/stores/illinois/lagrange/103463,Mo-Fr 10:00-20:00; Sa 10:00-19:00; Su 10:00-18:00,AT&T,Q298594
1903,autozone_us,AutoZone Auto Parts Hodgkins,,Hodgkins,IL,,US,+1 708-937-1364,https://www.autozone.com/locations/il/hodgkins/6247-s--la-grange-rd-.html,Mo-Sa 07:30-21:00; Su 09:00-20:00,AutoZone,Q4826087
https://www.avis.com/en/locations/us/il/countryside/avcou,avis,Avis U S A Countryside,,Countryside,IL,,US,+1 708-582-8000,https://www.avis.com/en/locations/us/il/countryside/avcou,Mo-Fr 08:00-18:00; Sa 08:00-13:00; Su 08:00-12:00,Avis,Q791136
https://www.banfield.com/locations/veterinarians/il/countryside/csd,banfield_pet_hospital,Countryside,,Countryside,IL,,US,+1 708-579-3340,https://www.banfield.com/locations/veterinarians/il/countryside/csd,Mo-Tu 08:00-18:00; We 00:00-24:00; Th-Fr 08:00-18:00; Sa 09:00-18:00; Su 00:00-24:00,Banfield Pet Hospital,Q2882416
https://locators.bankofamerica.com/il/lagrange/financial-centers-la-grange-16433.html,bankofamerica,Bank of America Financial Center & Walk-Up ATM | La Grange,,La Grange,IL,,US,+1 708-352-3900,https://locators.bankofamerica.com/il/lagrange/financial-centers-la-grange-16433.html,Mo-Fr 09:00-17:00; Sa 09:00-14:00,Bank of America,Q487907
https://locations.baskinrobbins.com/il/hodgkins/9400-joliet-rd-310404-br,baskin_robbins_us,Baskin-Robbins™,,Hodgkins,IL,,US,+1 708-442-8412,https://locations.baskinrobbins.com/il/hodgkins/9400-joliet-rd-310404-br,24/7,Baskin-Robbins,Q584601
BBW02625,bathandbodyworks_us,QUARRY SHOPPING CENTER,,HODGKINS,IL,,US,+1 708-215-2103,,Mo-Sa 10:00-20:00; Su 10:00-18:00,Bath & Body Works,Q810773
https://stores.bestbuy.com/il/countryside/11-countryside-plz-324.html,bestbuy,Best Buy Countryside,,Countryside,IL,,US,+1 708-352-5777,https://stores.bestbuy.com/il/countryside/11-countryside-plz-324.html,,Best Buy,Q533415
151717,bluerhino,Walgreens #4874,,Indian Head Park,IL,,US,+1 708-588-1253,,,Blue Rhino,Q65681213
240538,bluerhino,Circle K #4706737,,Countryside,IL,,US,+1 708-354-0155,,,Blue Rhino,Q65681213
198915,bluerhino,Hortons Ace Hardware #12009,,LaGrange,IL,,US,+1 708-352-2110,,,Blue Rhino,Q65681213
90387186573306052500100000000000,bp,BP,,Countryside,IL,,US,+1 708-482-1050,,24/7,BP,Q152057
98578704973006052500100000000000,bp,Amoco,,Countryside,IL,,US,+1 708-469-7170,,24/7,BP,Q152057
28050829091966052500100000000000,bp,BP,,Hodgkins,IL,,US,+1 708-485-2855,,24/7,BP,Q152057
55567001822226052500100000000000,bp,BP,,McCook,IL,,US,+1 708-447-2200,,24/7,BP,Q152057
845,buffalo_wild_wings_us,"Buffalo Wild Wings GO - Hodgkins, IL -  The Quarry",,Hodgkins,IL,,US,+1 708-573-0630,https://www.buffalowildwings.com/locations/us/il/hodgkins/9404-joliet-road/sports-bar-1682,Mo-Th 11:00-23:00; Fr-Sa 11:00-24:00; Su 11:00-23:00,Buffalo Wild Wings,Q509255
37001,cadillac,ETTLESON CADILLAC,,LaGrange,IL,,US,+1 708-328-8013,https://www.ettlesoncadillac.com,Mo-Fr 09:00-19:00; Sa 09:00-17:00,Cadillac,Q27436
2041476,chase_us,La Grange - New branch,,La Grange,IL,,US,+1 708-579-4400,https://locator.chase.com/il/la-grange/14-s-la-grange-rd,Mo-Fr 09:00-17:00; Sa 09:00-14:00,Chase,Q524629
1021516444,chase_us,Joliet Road and Main Drive - New branch,,Hodgkins,IL,,US,+1 708-215-2122,https://locator.chase.com/il/hodgkins/9340-joliet-rd,Mo-Fr 09:00-17:00; Sa 09:00-14:00,Chase,Q524629
11349,chevrolet,ADVANTAGE CHEVROLET,,Hodgkins,IL,,US,+1 708-231-4618,https://www.hodgkinschevrolet.com,Mo-Fr 09:00-20:00; Sa 09:00-18:00,Chevrolet,Q29570
il_la-grange_40-n-la-grange-rd,chipotle, ,,La Grange,IL,,US,+1 708-588-9630,https://locations.chipotle.com/il/la-grange/40-n-la-grange-rd,,Chipotle,Q465751
il_countryside_5801-s-la-grange-rd,chipotle, ,,Countryside,IL,,US,+1 708-582-6192,https://locations.chipotle.com/il/countryside/5801-s-la-grange-rd,,Chipotle,Q465751
32025,citi,ATM 7ELEVEN-FCTI,,Indian Head Pk,IL,,US,,,,Citibank,Q857063
92388,citi,ATM Walgreens,,Indian Head Park,IL,,US,,,,Citibank,Q857063
20951,coldstone_creamery,Cold Stone Creamery,,La Grange,IL,,US,+1 708-354-2600,https://www.coldstonecreamery.com/stores/20951,,Cold Stone Creamery,Q1094923
5Xzjko2IBvJQzC6D2GZdQ4,corepower_yoga_us,La Grange,,La Grange,IL,,US,,https://www.corepoweryoga.com/yoga-studios/il/chicago/la-grange,,Corepower Yoga,Q21015663
la-grange,corner_bakery_cafe,La Grange,,La Grange,IL,,US,+1 708-579-5410,https://cornerbakerycafe.com/location/la-grange,Mo-Su 07:00-21:00,Corner Bakery Cafe,Q5171598
,credit_union_us,NuMark CU,,New Lenox,IL,,US,+1 815-729-3211,,Mo-Tu 08:00-05:00; We 09:00-05:00; Th-Fr 08:00-05:00; Sa 09:00-01:00,,
,credit_union_us,NuMark CU,,Countryside,IL,,US,+1 815-729-3211,,Mo-Tu 08:00-05:00; We 09:00-05:00; Th-Fr 08:00-05:00; Sa 09:00-01:00,,
16287,cvs_us,CVS Pharmacy,,Hodgkins,IL,,US,+1 708-387-2361,https://www.cvs.com/store-locator/hodgkins-il-pharmacies/9250-joliet-rd-hodgkins-il-60525/storeid=16287,"Mo-Fr 09:00-13:30,14:00-19:00; Sa 09:00-13:30,14:00-17:00; Su 11:00-13:30,14:00-17:00",CVS Pharmacy,Q2078880
https://locations.us.express.dhl.com/#8427403,dhl_express_us_ca,DHL Express ServicePoint Next to McCook water tower,,,IL,,US,+1 800-225-5345,https://locations.us.express.dhl.com/il/mccook/8401-w.-47th-street,Mo-Fr 10:00-19:00,DHL,Q489815
2970,dominos_pizza_us,Domino's Pizza,,Countryside,IL,,US,+1 708-580-4900,https://pizza.dominos.com/illinois/countryside/5410-lagrange-rd,Mo-Th 10:00-24:00; Fr-Sa 10:00-02:00; Su 10:00-24:00,Domino's,Q839466
310404,dunkin_us,Dunkin',,Hodgkins,IL,,US,+1 708-442-8412,https://locations.dunkindonuts.com/en/il/hodgkins/9400-joliet-rd/310404,24/7,Dunkin',Q847743
341144,dunkin_us,Dunkin',,Mc Cook,IL,,US,+1 708-442-9083,https://locations.dunkindonuts.com/en/il/mc-cook/8147-west-joliet-rd/341144,Mo-Fr 04:00-19:00; Sa 05:00-16:00; Su 06:00-12:00,Dunkin',Q847743
https://www.edwardjones.com/us-en/financial-advisor/bob-burns,edwardjones,Bob Burns,,La Grange,IL,,US,+1 708-354-1250,https://www.edwardjones.com/us-en/financial-advisor/bob-burns,Mo-Fr 08:00-16:00,Edward Jones,Q5343830
200017,electrify_america,"Target T0843 - Hodgkins, IL",,Hodgkins,IL,,US,,,,Electrify America,Q59773555
E11527,enterprise,La Grange,,Countryside,IL,,US,+1 708-352-9005,,,Enterprise Rent-A-Car,Q17085454
0852,european_wax_center_us,European Wax Center,,La Grange,IL,,US,+1 708-469-7628,https://locations.waxcenter.com/il/lagrange/la-grange-0852.html,Mo-Fr 09:00-20:00; Sa 08:00-17:00; Su 08:00-16:00,European Wax Center,Q5413426
200323071,exxonmobil,7-ELEVEN 32683,,INDIAN HEAD PARK,IL,,US,+1 708-784-9474,https://www.exxon.com/en/find-station/mobil-indianheadpark-il-7eleven32683-200323071,24/7,Mobil,Q109676002
200323001,exxonmobil,7-ELEVEN 32927,,LA GRANGE,IL,,US,+1 708-354-7536,https://www.exxon.com/en/find-station/exxon-lagrange-il-7eleven32927-200323001,24/7,Exxon,Q109675651
200314641,exxonmobil,55TH AND LAGRANGE MART,,COUNTRYSIDE,IL,,US,+1 708-354-0009,https://www.exxon.com/en/find-station/mobil-countryside-il-55thandlagrangemart-200314641,24/7,Mobil,Q109676002
https://local.fedex.com/#25201410,fedex,,,La Grange,IL,,US,+1 800-463-3339,https://local.fedex.com/en-us/il/la-grange/rf8y9,,FedEx,Q459477
https://local.fedex.com/#25199834,fedex,,,La Grange Highlands,IL,,US,+1 800-463-3339,https://local.fedex.com/en-us/il/la-grange-highlands/rb3kz,,FedEx,Q459477
https://local.fedex.com/#25477335,fedex,,,Countryside,IL,,US,+1 800-463-3339,https://local.fedex.com/en-us/il/countryside/bdfis,,FedEx,Q459477
https://locations.53.com/#3034613,fifththirdbank,Fifth Third Bank Countryside IL,,Countryside,IL,,US,+1 708-482-5900,https://locations.53.com/il/countryside/600-west-plainfield.html,Mo-Th 09:00-17:30; Fr 09:00-18:00; Sa 09:00-14:00,Fifth Third Bank,Q1411810
9245,firestone_auto_care,Firestone Complete Auto Care,,Countryside,IL,,US,+1 708-340-7199,https://local.firestonecompleteautocare.com/illinois/countryside/5600-south-la-grange-road/,,Firestone,Q420837
https://locations.fivebelow.com/il/countryside/30-countryside-plz,five_below,Five Below Countryside Plaza,,Countryside,IL,,US,,https://locations.fivebelow.com/il/countryside/30-countryside-plz,Mo-Sa 10:00-20:00; Su 11:00-18:00,Five Below,Q5455836
Motorcraft3824USAEnglish,ford,"Westfield Ford, Inc.",,Illinois,IL,,US,+1 708-354-8600,,,Ford,Q44294
Motorcraft3834USAEnglish,ford,Factory Motor Parts,,Illinois,IL,,US,+1 708-387-2060,,,Ford,Q44294
https://www.ford.com/dealerships/dealer-details/il/la-grange/westfield-ford-inc/,ford_dealers_us,"Westfield Ford, Inc.",,La Grange,IL,,US,+1 224-442-2770,https://www.ford.com/dealerships/dealer-details/il/la-grange/westfield-ford-inc/,Mo-Fr 09:00-20:00; Sa 09:00-18:00,Ford Motor Company,Q44294
6050,gamestop_us,Quarry Outlot,,Hodgkins,IL,,US,+1 708-485-3321,https://www.gamestop.com/search/?store=6050,Mo-Th 12:00-20:00; Fr-Sa 11:00-21:00; Su 11:00-20:00,GameStop,Q202210
https://stores.gnc.com/#24059104,gnc,GNC The Quarry Shopping Center,,,IL,,US,+1 708-485-7290,https://stores.gnc.com/all-stores-illinois/hodgkins/9320-joliet-road,Mo-Sa 10:00-19:00; Su 11:00-18:00,GNC,Q4808595
https://salons.greatclips.com/us/il/countryside/5555-s-brainard-ave,greatclips,Great Clips,,Countryside,IL,,US,+1 708-352-2900,https://salons.greatclips.com/us/il/countryside/5555-s-brainard-ave,Mo-Fr 09:00-19:00; Sa 09:00-17:00; Su 09:00-15:00,Great Clips,Q5598967
https://salons.greatclips.com/us/il/la-grange/1-n-la-grange-rd,greatclips,Great Clips,,La Grange,IL,,US,+1 708-579-2170,https://salons.greatclips.com/us/il/la-grange/1-n-la-grange-rd,Mo-Fr 09:00-19:00; Sa 09:00-18:00; Su 10:00-16:00,Great Clips,Q5598967
13466,h_r_block,H&R Block,,Countryside,IL,,US,+1 708-482-4067,https://www.hrblock.com/local-tax-offices/illinois/countryside/36-countryside-plaza/13466/,,H&R Block,Q5627799
https://locations.ironmountain.com/il/countryside/193/,iron_mountain,"Iron Mountain in 5320 Dansher Rd, Countryside, Illinois | Secure Shredding, Scanning, IT Asset Disposition, & Records Management",,Countryside,IL,,US,+1 800-899-4766,https://locations.ironmountain.com/il/countryside/193/,,Iron Mountain Incorporated,Q1673079
https://office.jacksonhewitt.com/#27579951,jackson_hewitt,Jackson Hewitt,,Hodgkins,IL,,US,+1 708-627-3067,https://office.jacksonhewitt.com/tax-preparation-services-locations/en/il/hodgkins/9450-joliet-rd/51892,Mo-Sa 11:00-19:00; Su 12:00-16:00,Jackson Hewitt,Q6117132
https://locations.jimmyjohns.com/il/countryside/sandwiches-608.html,jimmy_johns,Jimmy John's,,Countryside,IL,,US,+1 708-352-5400,https://locations.jimmyjohns.com/il/countryside/sandwiches-608.html,,Jimmy John's,Q1689380
73,kohls_us,Kohl's,,Hodgkins,IL,,US,+1 708-352-8242,https://www.kohls.com/stores/il/hodgkins-73.shtml,Mo-Sa 09:00-22:00; Su 09:00-21:00,Kohl's,Q967265
https://locations.massageenvy.com/#1773367,massage_envy,Massage Envy La Grange,,La Grange,IL,,US,+1 708-354-3689,https://locations.massageenvy.com/illinois/la-grange/1-n-la-grange-rd.html,Mo-Su 08:00-21:00,Massage Envy,Q10327170
17468,mattress_firm_us,Mattress Firm Countryside - Joliet Road,,Countryside,IL,,US,+1 708-354-4610,https://www.mattressfirm.com/en-us/stores/il/countryside/119002/,,Mattress Firm,Q6791878
3206,menards,HODGKINS,"6100 EAST AVE, HODGKINS, IL 60525",HODGKINS,IL,,US,,https://www.menards.com/main/storeDetails.html?store=3206,,Menards,Q1639897
1769,mightyflame,FULLERS MARKET & LUBE,,COUNTRYSIDE,IL,,US,+1 708-482-8777,,,Mighty Flame,
1055,national_seating_mobility,Chicago,,Countryside,IL,,US,+1 630-495-3751,,,National Seating & Mobility,Q116770969
NNA5856,nissan_europe,COUNTRYSIDE NISSAN,,COUNTRYSIDE,IL,,US,+1 708-352-9200,https://www.countrysidenissan.com,Mo-We 08:30-21:00; Th 09:00-21:00; Fr 08:30-20:00; Sa 08:30-18:00,Nissan,Q20165
https://locations.noodles.com/il/la-grange/1-east-burlington-avenue.html,noodles_and_company_us,Noodles & Company La Grange,,La Grange,IL,,US,+1 708-579-1100,https://locations.noodles.com/il/la-grange/1-east-burlington-avenue.html,Mo-We 10:30-21:00; Th-Sa 10:30-22:00; Su 10:30-21:00,Noodles and Company,Q7049673
1456,orangetheory_fitness,"La Grange, IL",,La Grange,IL,,US,+1 708-793-7003,,,Orangetheory Fitness,Q25005163
https://locations.oreillyauto.com/il/countryside/wiper-installation-4342.html,oreilly,Your Countryside O'Reilly Auto Parts Store,,Countryside,IL,,US,+1 708-579-0013,https://locations.oreillyauto.com/il/countryside/wiper-installation-4342.html,Mo-Sa 07:30-21:00; Su 09:00-20:00,O'Reilly Auto Parts,Q7071951
https://locations.oreillyauto.com/il/countryside/check-engine-light-testing-4342.html,oreilly,Your Countryside O'Reilly Auto Parts Store,,Countryside,IL,,US,+1 708-579-0013,https://locations.oreillyauto.com/il/countryside/check-engine-light-testing-4342.html,Mo-Sa 07:30-21:00; Su 09:00-20:00,O'Reilly Auto Parts,Q7071951
https://locations.oreillyauto.com/il/countryside/battery-testing-4342.html,oreilly,Your Countryside O'Reilly Auto Parts Store,,Countryside,IL,,US,+1 708-579-0013,https://locations.oreillyauto.com/il/countryside/battery-testing-4342.html,Mo-Sa 07:30-21:00; Su 09:00-20:00,O'Reilly Auto Parts,Q7071951
https://locations.oreillyauto.com/il/countryside/autopartes-4342.html,oreilly,Tu tienda O'Reilly Auto Parts en Countryside,,Countryside,IL,,US,+1 708-579-0013,https://locations.oreillyauto.com/il/countryside/autopartes-4342.html,Mo-Sa 07:30-21:00; Su 09:00-20:00,O'Reilly Auto Parts,Q7071951
111718,pandaexpress,La Grange & 60th,,Countryside,IL,,US,+1 708-352-2060,https://www.pandaexpress.com/locations/il/countryside/185-countryside-plaza,Mo-Th 09:30-22:00; Fr-Sa 09:30-22:30; Su 10:00-21:30,Panda Express,Q1358690
5119,party_city,Countryside Plaza A2 & 3,,Countryside,IL,,US,+1 708-571-0309,https://stores.partycity.com/us/il/countryside/party-store-pc5119.html,,Party City,Q7140896
620026,penske,Cubesmart #0868,,COUNTRYSIDE,IL,,US,+1 708-579-9515,https://www.pensketruckrental.com/locations/us/illinois/countryside/620026/,,Penske,Q81234570
il_hodgkins_9250-joliet-rd,pizza_hut_us,9250 Joliet Rd,,Hodgkins,IL,,US,,https://locations.pizzahut.com/il/hodgkins/9250-joliet-rd,,Pizza Hut,Q191615
restaurant_82971,popeyes_us_fr,Popeyes,"5711 S La Grange Rd Countryside, Illinois 60525 - USA",Countryside,IL,,US,+1 708-579-6800,https://www.popeyes.com/store-locator/store/restaurant_82971,Mo-Su 10:30-21:00,Popeyes,Q1330910
home-depot-1983-13490,ppgpaints,HOME DEPOT 1983,,"Countryside, ",IL,,US,+1 708-352-1550,https://www.ppgpaints.com/store-locator/us/illinois/countryside-paint-stores/home-depot-1983-13490,,PPG Paints,Q83891559
6384,sams_club,Hodgkins Sam's Club,,Hodgkins,IL,,US,+1 708-387-7030,https://www.samsclub.com/club/hodgkins-il-sams-club/6384,Mo 10:00-20:00; Sa 09:00-20:00; Su 10:00-18:00,Sam's Club,Q1972120
https://restaurants.subway.com/#14905869,subway,Subway,,Countryside Cook,IL,,US,+1 708-482-7823,https://restaurants.subway.com/united-states/il/countryside/5501-w-plainfield-rd,Mo-Fr 07:30-21:00; Sa 07:30-20:00; Su 09:00-20:00,Subway,Q244457
https://locations.tacobell.com/#6142984,taco_bell,Taco Bell,,Countryside,IL,,US,+1 708-354-5535,https://locations.tacobell.com/il/countryside/5611-s-la-grange-rd.html,Mo-Th 07:00-02:00; Fr-Sa 07:00-03:00; Su 07:00-01:00,Taco Bell,Q752941
1060,tjx,Countryside,5555 Brainard Avenue,Countryside,IL,,US,+1 708-352-7740,,Mo-Sa 09:30-21:30; Su 10:00-20:00,Marshalls,Q15903261
28120,tjx,Countryside,5555 S. Brainard St,Countryside,IL,,US,+1 708-354-5113,,Mo-Sa 09:30-21:30; Su 10:00-20:00,HomeGoods,Q5887941
08337,tjx,Countryside,5555 S Brainard Ave.,Countryside,IL,,US,+1 708-354-5113,,Mo-Sa 09:30-21:30; Su 10:00-20:00,TJ Maxx,Q10860683
3PSE,tmobile_us,La Grange Rd & Locust Ave,,La Grange,IL,,US,+1 708-352-4200,https://www.t-mobile.com/store-locator/il/la-grange/la-grange-rd-locust-ave,,T-Mobile,Q3511885
2781,tmobile_us,Lagrange Rd & Joliet,,Countryside,IL,,US,+1 708-352-2461,https://www.t-mobile.com/store-locator/il/countryside/lagrange-rd-joliet,,T-Mobile,Q3511885
5B29,tmobile_us,Sam's Club Hodgkins IL,,Hodgkins,IL,,US,+1 708-965-7513,https://www.t-mobile.com/store-locator/il/hodgkins/sams-club-hodgkins-il,,T-Mobile,Q3511885
2012,tonys_fresh_market_us,Countryside,,Countryside,IL,,US,+1 708-286-6041,https://www.tonysfreshmarket.com/stores/countryside,Mo-Su 07:00-22:00,Tony's Fresh Market,Q118594253
685,trader_joes_us,Trader Joe's La Grange (685),,La Grange,IL,,US,+1 708-579-0838,https://locations.traderjoes.com/il/la-grange/685/,Mo-Su 08:00-21:00,Trader Joe's,Q688825
100242,two_men_and_truck,La Grange,21 South La Grange Road,La Grange,IL,,US,+1 708-460-6685,https://twomenandatruck.com/movers/il/chicago/la-grange,,Two Men and a Truck,Q7859087
https://www.ubreakifix.com/locations/lagrange,ubreakifix,uBreakiFix La Grange,,La Grange,IL,,US,+1 708-603-2196,https://www.ubreakifix.com/locations/lagrange,Mo-Sa 10:00-19:00; Su 12:00-17:00,uBreakiFix,Q53685733
1494,upsstore,La Grange,106 W Calendar Ct,La Grange,IL,,US,+1 708-354-8772,https://locations.theupsstore.com/il/la-grange/106-w-calendar-ct,,UPS Store,Q7771029
5117,upsstore,Brookside Plaza,6688 Joliet Rd,Indian Head Park,IL,,US,+1 708-784-9315,https://locations.theupsstore.com/il/indian-head-park/6688-joliet-rd,,UPS Store,Q7771029
1369371,usps,LA GRANGE,,LA GRANGE,IL,,US,+1 708-352-3611,,Mo-Fr 08:30-18:30; Sa 08:30-15:00,United States Postal Service,Q668687
6052500072,usps_collection_boxes,USPS COLLECTION BOX - BLUE BOX,8990 LYONS ST,LA GRANGE,IL,,US,,,,United States Postal Service,Q668687
6052500091,usps_collection_boxes,USPS COLLECTION BOX - BLUE BOX,6704 JOLIET RD,LA GRANGE,IL,,US,,,,United States Postal Service,Q668687
6052500081,usps_collection_boxes,USPS COLLECTION BOX - BLUE BOX,6925 JOLIET RD,LA GRANGE,IL,,US,,,,United States Postal Service,Q668687
6052500117,usps_collection_boxes,USPS COLLECTION BOX - BLUE BOX,201 ACACIA DR,LA GRANGE,IL,,US,,,,United States Postal Service,Q668687
6052500112,usps_collection_boxes,USPS COLLECTION BOX - BLUE BOX,5545 S BRAINARD AVE,LA GRANGE,IL,,US,,,,United States Postal Service,Q668687
6052500098,usps_collection_boxes,USPS COLLECTION BOX - BLUE BOX,5218 DANSHER RD,LA GRANGE,IL,,US,,,,United States Postal Service,Q668687
6052500094,usps_collection_boxes,USPS COLLECTION BOX - BLUE BOX,5 E 49TH ST,LA GRANGE,IL,,US,,,,United States Postal Service,Q668687
6052500049,usps_collection_boxes,USPS COLLECTION BOX - BLUE BOX,701 W BURLINGTON AVE,LA GRANGE,IL,,US,,,,United States Postal Service,Q668687
6052500076,usps_collection_boxes,USPS COLLECTION BOX - BLUE BOX,121 W HILLGROVE AVE,LA GRANGE,IL,,US,,,,United States Postal Service,Q668687
6052500078,usps_collection_boxes,USPS COLLECTION BOX - BLUE BOX,121 W HILLGROVE AVE,LA GRANGE,IL,,US,,,,United States Postal Service,Q668687
6052500079,usps_collection_boxes,USPS COLLECTION BOX - EXPRESS,121 W HILLGROVE AVE,LA GRANGE,IL,,US,,,,United States Postal Service,Q668687
6052500114,usps_collection_boxes,USPS COLLECTION BOX - PO LOBBY,121 W HILLGROVE AVE,LA GRANGE,IL,,US,,,,United States Postal Service,Q668687
6052500118,usps_collection_boxes,USPS COLLECTION BOX - APC,121 W HILLGROVE AVE,LA GRANGE,IL,,US,,,,United States Postal Service,Q668687
6052500130,usps_collection_boxes,USPS COLLECTION BOX - PO LOBBY,121 W HILLGROVE AVE,LA GRANGE,IL,,US,,,,United States Postal Service,Q668687
lagrangehighlands_oil-change-gr0022,valvoline_instant_oil_change,Valvoline,5501 Willow Springs Road ,La Grange Highlands,IL,,US,+1 708-579-5170,https://store.vioc.com/il/lagrangehighlands/oil-change-gr0022.html,,Valvoline Instant Oil Change,Q7912852
R00000140840,verizon_us,Hodgkins,,Hodgkins,IL,,US,+1 708-387-0554,https://www.verizon.com/stores/details/illinois/hodgkins/hodgkins-320494/,Mo-Sa 09:00-19:00; Su 10:00-17:00,Verizon,Q919641
,visa,,,LAGRANGE,IL,,US,,,,,
,visa,,,MCCOOK,IL,,US,,,,,
,visa,,,MCCOOK,IL,,US,,,,,
,visa,,,MCCOOK,IL,,US,,,,,
,visa,,,MCCOOK,IL,,US,,,,,
,visa,,,MCCOOK,IL,,US,,,,,
,visa,,,MCCOOK,IL,,US,,,,,
,visa,,,MCCOOK,IL,,US,,,,,
,visa,,,HODGKINS,IL,,US,,,,,
,visa,,,HODGKINS,IL,,US,,,,,
,visa,,,HODGKINS,IL,,US,,,,,
,visa,,,HODGKINS,IL,,US,,,,,
,visa,,,HODGKINS,IL,,US,,,,,
,visa,,,HODGKINS,IL,,US,,,,,
,visa,,,HODGEKINS,IL,,US,,,,,
,visa,,,HODGKINS,IL,,US,,,,,
,visa,,,LA GRANGE,IL,,US,,,,,
,visa,,,LA GRANGE,IL,,US,,,,,
,visa,,,COUNTRYSIDE,IL,,US,,,,,
,visa,,,COUNTRYSIDE,IL,,US,,,,,
,visa,,,COUNTRYSIDE,IL,,US,,,,,
,visa,,,COUNTRYSIDE,IL,,US,,,,,
,visa,,,COUNTRYSIDE,IL,,US,,,,,
,visa,,,COUNTRYSIDE,IL,,US,,,,,
,visa,,,COUNTRYSIDE,IL,,US,,,,,
,visa,,,COUNTRY SIDE,IL,,US,,,,,
,visa,,,COUNTRYSIDE,IL,,US,,,,,
,visa,,,COUNTRYSIDE,IL,,US,,,,,
,visa,,,LA GRANGE,IL,,US,,,,,
,visa,,,COUNTRYSIDE,IL,,US,,,,,
,visa,,,COUNTRYSIDE,IL,,US,,,,,
,visa,,,CHICAGO,IL,,US,,,,,
,visa,,,COUNTRYSIDE,IL,,US,,,,,
,visa,,,LA GRANGE,IL,,US,,,,,
,visa,,,COUNTRYSIDE,IL,,US,,,,,
,visa,,,COUNTRYSIDE,IL,,US,,,,,
,visa,,,COUNTRYSIDE,IL,,US,,,,,
,visa,,,COUNTRYSIDE,IL,,US,,,,,
,visa,,,LA GRANGE,IL,,US,,,,,
,visa,,,COUNTRYSIDE,IL,,US,,,,,
,visa,,,LA GRANGE,IL,,US,,,,,
,visa,,,LA GRANGE,IL,,US,,,,,
,visa,,,LA GRANGE,IL,,US,,,,,
,visa,,,LAGRANGE,IL,,US,,,,,
,visa,,,LA GRANGE,IL,,US,,,,,
,visa,,,LA GRANGE,IL,,US,,,,,
,visa,,,LA GRANGE,IL,,US,,,,,
,visa,,,COUNTRYSIDE,IL,,US,,,,,
,visa,,,COUNTRYSIDE,IL,,US,,,,,
,visa,,,COUNTRYSIDE,IL,,US,,,,,
,visa,,,LA GRANGE,IL,,US,,,,,
,visa,,,LA GRANGE,IL,,US,,,,,
,visa,,,COUNTRYSIDE,IL,,US,,,,,
,visa,,,LA GRANGE,IL,,US,,,,,
,visa,,,LA GRANGE,IL,,US,,,,,
,visa,,,COUNTRYSIDE,IL,,US,,,,,
,visa,,,COUNTRYSIDE,IL,,US,,,,,
,visa,,,COUNTRYSIDE,IL,,US,,,,,
,visa,,,COUNTRYSIDE,IL,,US,,,,,
,visa,,,COUNTRYSIDE,IL,,US,,,,,
,visa,,,COUNTRYSIDE,IL,,US,,,,,
,visa,,,COUNTRYSIDE,IL,,US,,,,,
,visa,,,COUNTRYSIDE,IL,,US,,,,,
,visa,,,LAGRANGE,IL,,US,,,,,
,visa,,,LA GRANGE,IL,,US,,,,,
,visa,,,COUNTRYSIDE,IL,,US,,,,,
,visa,,,COUNTRYSIDE,IL,,US,,,,,
,visa,,,COUNTRYSIDE,IL,,US,,,,,
,visa,,,COUNTRYSIDE,IL,,US,,,,,
,visa,,,HODGKINS,IL,,US,,,,,
,visa,,,COUNTRYSIDE,IL,,US,,,,,
,visa,,,COUNTRYSIDE,IL,,US,,,,,
,visa,,,COUNTRYSIDE,IL,,US,,,,,
,visa,,,COUNTRYSIDE,IL,,US,,,,,
,visa,,,COUNTRYSIDE,IL,,US,,,,,
,visa,,,LA GRANGE,IL,,US,,,,,
,visa,,,LAGRANGE,IL,,US,,,,,
,visa,,,COUNTRYSIDE,IL,,US,,,,,
,visa,,,INDIAN HEAD PARK,IL,,US,,,,,
,visa,,,COUNTRYSIDE,IL,,US,,,,,
,visa,,,COUNTRYSIDE,IL,,US,,,,,
,visa,,,COUNTRYSIDE,IL,,US,,,,,
,visa,,,COUNTRYSIDE,IL,,US,,,,,
,visa,,,LAGRANGE,IL,,US,,,,,
,visa,,,INDIAN HEAD PK,IL,,US,,,,,
,visa,,,LA GRANGE,IL,,US,,,,,
,visa,,,INDIAN HEAD PARK,IL,,US,,,,,
,visa,,,LA GRANGE,IL,,US,,,,,
,visa,,,LA GRANGE,IL,,US,,,,,
,visa,,,LA GRANGE,IL,,US,,,,,
,visa,,,LA GRANGE,IL,,US,,,,,
,visa,,,WAUKEGAN,IL,,US,,,,,
,visa,,,COUNTRYSIDE,IL,,US,,,,,
,visa,,,INDIAN HEAD PARK,IL,,US,,,,,
,visa,,,INDIAN HEAD PARK,IL,,US,,,,,
,visa,,,INDIAN HEAD PARK,IL,,US,,,,,
https://locations.vitaminshoppe.com/il/lagrange/vitamins-supplements-la-grange-il-641.html,vitamin_shoppe,The Vitamin Shoppe® Countryside ,6005 S. LaGrange Road ,La Grange,IL,,US,+1 708-352-1832,https://locations.vitaminshoppe.com/il/lagrange/vitamins-supplements-la-grange-il-641.html,Su 10:00-19:00; Mo 10:00-20:30; Tu 10:00-20:30; We 10:00-20:30; Th 10:00-20:30; Fr 10:00-20:30; Sa 09:00-20:00,The Vitamin Shoppe,Q7772938
https://www.walgreens.com/locator/walgreens-6600+willow+springs+rd-la+grange+highlands-il-60525/id=4874,walgreens,Walgreens,,La Grange Highlands,IL,,US,+1 708-588-1253,https://www.walgreens.com/locator/walgreens-6600+willow+springs+rd-la+grange+highlands-il-60525/id=4874,Mo-Fr 07:00-23:00; Sa-Su 07:00-22:00,Walgreens,Q1591889
https://www.walgreens.com/locator/walgreens-2+n+la+grange+rd-la+grange-il-60525/id=5670,walgreens,Walgreens,,La Grange,IL,,US,+1 708-352-3116,https://www.walgreens.com/locator/walgreens-2+n+la+grange+rd-la+grange-il-60525/id=5670,Mo-Sa 07:00-23:00; Su 07:00-22:00,Walgreens,Q1591889
https://locations.wendys.com/#9251788,wendys,"Wendy's Countryside in Countryside, IL",,Countryside,IL,,US,+1 708-354-4720,https://locations.wendys.com/united-states/il/countryside/9941-w-55th-st,"Mo-Fr 06:30-10:30,06:30-22:00; Sa-Su 06:30-11:00,06:30-22:00",Wendy's,Q550258
5854abcd899fc2d0a736c562595af385,western_union,7-ELEVEN #32927,,La Grange,IL,,US,+1 708-354-7536,https://location.westernunion.com/us/il/la-grange/5854abcd899fc2d0a736c562595af385,,Western Union,Q861042
8c0fcbd7c59e730c66de869b32cea394,western_union,TONY'S FINER FOODS COUNTRYSIDE,,Countryside,IL,,US,+1 708-286-6041,https://location.westernunion.com/us/il/countryside/8c0fcbd7c59e730c66de869b32cea394,Mo-Su 07:00-22:00,Western Union,Q861042
93e4f0ae887d776fdf4dae13e019ef5c,western_union,7-ELEVEN #32683,,Indian Head Park,IL,,US,+1 708-784-9474,https://location.westernunion.com/us/il/indian-head-park/93e4f0ae887d776fdf4dae13e019ef5c,,Western Union,Q861042
1e7c67042e3c03e7913c1cd5ae26ce8f,western_union,WALMART #001892,,Hodgkins,IL,,US,+1 708-387-2090,https://location.westernunion.com/us/il/hodgkins/1e7c67042e3c03e7913c1cd5ae26ce8f,Mo-Su 07:00-21:00,Western Union,Q861042
