Ref,Spider,Name,Address,City,State,Zipcode,Country,Phone,Website,Hours,Brand,WikiData
https://stores.advanceautoparts.com/md/california/45098-worth-ave,advance_auto_parts_us,Advance Auto Parts,,California,MD,,US,+1 301-862-2035,https://stores.advanceautoparts.com/md/california/45098-worth-ave,Mo-Sa 07:30-21:00; Su 09:00-20:00,Advance Auto Parts,Q4686051
https://stores.aldi.us/#4420162,aldi_sud_us,ALDI  44755 Oak Crest Road,,California,MD,,US,+1 855-480-7047,https://stores.aldi.us/md/california/44755-oak-crest-road,"Mo-Su 08:30-20:00,09:00-20:00",ALDI,Q41171672
https://restaurants.applebees.com/en-us/md/california/45480-miramar-way-79073,applebees,Connect with this Applebee's,,California,MD,,US,+1 301-862-1573,https://restaurants.applebees.com/en-us/md/california/45480-miramar-way-79073,Mo-Su 11:00-24:00,Applebees,Q621532
1120,autozone_us,AutoZone Auto Parts California,,California,MD,,US,+1 301-862-3250,https://www.autozone.com/locations/md/california/22707-three-notch-rd.html,Mo-Sa 07:30-21:00; Su 08:00-20:00,AutoZone,Q4826087
https://www.avis.com/en/locations/us/md/bae-systems-only-california/jc0,avis,Avis U S A BAE Systems Only/California,,BAE Systems Only/California,MD,,US,+1 301-863-7373,https://www.avis.com/en/locations/us/md/bae-systems-only-california/jc0,Mo-Fr 07:00-19:00; Sa-Su 09:00-17:00,Avis,Q791136
BBW01457,bathandbodyworks_us,FIRST COLONY CENTER,,CALIFORNIA,MD,,US,+1 301-737-2975,,Mo-Sa 09:00-20:00; Su 10:00-19:00,Bath & Body Works,Q810773
950,batteriesplus,Shop our California store today,,California,MD,,US,+1 301-737-2306,https://www.batteriesplus.com/store-locator/md/california/batteries-plus-950,Mo-Sa 08:00-19:00; Su 10:00-18:00,Batteries Plus Bulbs,Q17005157
https://stores.bestbuy.com/md/california/45235-worth-ave-1003.html,bestbuy,Best Buy Lexington Park,,California,MD,,US,+1 301-737-6252,https://stores.bestbuy.com/md/california/45235-worth-ave-1003.html,,Best Buy,Q533415
0317,bjswholesale,Lexington Park,,California,MD,,US,+1 301-862-0100,https://www.bjs.com/mapDetail;city=0317,Mo-Sa 08:00-21:00,BJ's Wholesale,Q4835754
216474,bluerhino,Harris Teeter #488 - Fuel Center,,California,MD,,US,+1 240-794-4630,,,Blue Rhino,Q65681213
209942,bluerhino,Harris Teeter #487,,California,MD,,US,+1 301-737-2393,,,Blue Rhino,Q65681213
44910,bluerhino,Lowe's #719,,California,MD,,US,+1 301-737-0232,,,Blue Rhino,Q65681213
61132,bluerhino,Giant Food #359 - GL,,California,MD,,US,+1 240-725-5198,,,Blue Rhino,Q65681213
2405,bluerhino,Walmart #1981,,California,MD,,US,+1 301-737-4420,,,Blue Rhino,Q65681213
47156,bobevans_us,California,,California,MD,,US,+1 301-866-1677,https://www.bobevans.com/locations/california,Mo-Su 07:00-21:00,Bob Evans,Q4932386
1002349527,chase_us,California Worth Ave - New branch,,California,MD,,US,+1 301-994-6120,https://locator.chase.com/md/california/45210-worth-ave,Mo-Fr 09:00-17:00; Sa 09:00-13:00,Chase,Q524629
16161,chevrolet,LEXINGTON PARK MOTORS,,California,MD,,US,+1 301-475-2355,https://www.leonardtownchevy.com,Mo-Sa 09:00-20:00,Chevrolet,Q29570
49241,citi,ATM CVS,,California,MD,,US,,,,Citibank,Q857063
54402,citi,ATM Educational Systems FCU,,California,MD,,US,,,,Citibank,Q857063
68321,citi,ATM PNC AT SHEETZ,,California,MD,,US,,,,Citibank,Q857063
82625,citi,ATM Target,,California,MD,,US,,,,Citibank,Q857063
58111,citi,ATM Giant Food,,California,MD,,US,,,,Citibank,Q857063
58930,citi,ATM Harris Teeter,,California,MD,,US,,,,Citibank,Q857063
69492,citi,ATM PNC AT WAWA,,California,MD,,US,,,,Citibank,Q857063
ATM-2090,citizens_us,,,California,MD,,US,,,,Citizens,Q5122694
california/6111,claires,Shop Ear Piercings & Jewelry at Claires Walmart Californi,,CALIFORNIA,MD,,US,+1 301-737-6082,https://stores.claires.com/us/md/california/6111.html,Mo-Th 12:00-20:00; Fr-Sa 11:00-20:00; Su 11:00-18:00,Claire's,Q2974996
23568,coldstone_creamery,Cold Stone Creamery,,California,MD,,US,+1 240-237-8296,https://www.coldstonecreamery.com/stores/23568,,Cold Stone Creamery,Q1094923
1522,cvs_us,CVS Pharmacy,,California,MD,,US,+1 301-863-5992,https://www.cvs.com/store-locator/california-md-pharmacies/22565-three-notch-rd-california-md-20619/storeid=1522,Mo-Th 08:00-22:00; Fr-Sa 08:00-23:00; Su 08:00-22:00,CVS Pharmacy,Q2078880
16606,cvs_us,CVS Pharmacy,,California,MD,,US,+1 301-862-5342,https://www.cvs.com/store-locator/california-md-pharmacies/45155-first-colony-way-california-md-20619/storeid=16606,"Mo-Fr 09:00-13:30,14:00-20:00; Sa 10:00-13:30,14:00-17:00; Su 10:00-13:30,14:00-18:00",CVS Pharmacy,Q2078880
6066,dominos_pizza_us,Domino's Pizza,,California,MD,,US,+1 301-245-7900,https://pizza.dominos.com/maryland/california/23415-three-notch-road,Mo-Th 10:00-24:00; Fr-Sa 10:00-01:00; Su 10:00-24:00,Domino's,Q839466
Wildewood Shopping Center,dsw,DSW,,California,MD,,US,+1 301-880-8001,https://stores.dsw.com/usa/md/california/dsw-designer-shoe-warehouse-wildewood-shopping-center.html,Mo-Sa 10:00-20:00; Su 11:00-19:00,Designer Shoe Warehouse,Q5206207
344712,dunkin_us,Dunkin',,California,MD,,US,+1 301-866-1712,https://locations.dunkindonuts.com/en/md/california/22861-three-notch-rd/344712,Mo-Su 05:00-21:00,Dunkin',Q847743
https://www.edwardjones.com/us-en/financial-advisor/jeff-linger,edwardjones,Jeff Linger,,California,MD,,US,+1 301-863-0116,https://www.edwardjones.com/us-en/financial-advisor/jeff-linger,Mo-Th 09:00-16:00; Fr 09:00-15:00,Edward Jones,Q5343830
https://locations.fivebelow.com/md/california/45033-worth-ave,five_below,Five Below First Colony Center,,California,MD,,US,,https://locations.fivebelow.com/md/california/45033-worth-ave,Mo-Sa 10:00-20:00; Su 11:00-18:00,Five Below,Q5455836
https://restaurants.fiveguys.com/#15553680,five_guys_us,Five Guys California,,California,MD,,US,+1 301-863-6111,https://restaurants.fiveguys.com/45250-b-worth-avenue,"Mo-Su 11:00-21:30,11:00-22:00",Five Guys,Q1131810
https://www.ford.com/dealerships/dealer-details/md/california/lexington-park-ford/,ford_dealers_us,Lexington Park Ford,,California,MD,,US,+1 240-661-6606,https://www.ford.com/dealerships/dealer-details/md/california/lexington-park-ford/,Mo-Sa 09:00-20:00,Ford Motor Company,Q44294
8770,fresenius_kidney_care_us,Fresenius Kidney Care Lexington Park,,California,MD,,US,+1 800-881-5101,https://www.freseniuskidneycare.com/dialysis-centers/maryland/8770,Mo 05:00-21:00; Tu 05:00-16:00; We 05:00-21:00; Th 05:00-16:00; Fr 05:00-21:00; Sa 05:00-16:00,,
3637,gamestop_us,South Plaza,,CALIFORNIA,MD,,US,+1 240-895-0246,https://www.gamestop.com/search/?store=3637,Mo-Th 12:00-20:00; Fr-Sa 10:00-21:00; Su 12:00-19:00,GameStop,Q202210
0359,giantfood,Giant Food First Colony,,California,MD,,US,+1 240-725-5198,https://stores.giantfood.com/md/california/45101-first-colony-way,Mo-Sa 06:00-23:00; Su 06:00-22:00,Giant Food,Q5558336
https://stores.gnc.com/#24057583,gnc,GNC Wildwood Shopping Center,,,MD,,US,+1 301-737-2821,https://stores.gnc.com/all-stores-maryland/california/23415-three-notch-road,Mo-Sa 10:00-19:00; Su 10:00-18:00,GNC,Q4808595
https://salons.greatclips.com/us/md/california/44940-st.-andrews-church-rd,greatclips,Great Clips,,California,MD,,US,+1 240-237-8315,https://salons.greatclips.com/us/md/california/44940-st.-andrews-church-rd,Mo-Fr 09:00-20:00; Sa 09:00-18:00; Su 10:00-18:00,Great Clips,Q5598967
https://www.harborfreight.com/storelocator/45315-alton-ln-suite-16050-california-20619?number=3486,harborfreight,"Harbor Freight Tools California, MD",,California,MD,,US,+1 240-317-4334,https://www.harborfreight.com/storelocator/45315-alton-ln-suite-16050-california-20619?number=3486,Mo-Sa 08:00-20:00; Su 09:00-18:00,Harbor Freight Tools,Q5654601
19762,h_r_block,H&R Block,,California,MD,,US,+1 301-863-1183,https://www.hrblock.com/local-tax-offices/maryland/california/wildewood-shopping-center/19762/,,H&R Block,Q5627799
md_california_breakfast-45138-first-colony-blvd-3726,ihop,IHOP Breakfast Restaurants Near You at 45138 First Colony Blvd,,California,MD,,US,+1 301-863-4735,https://restaurants.ihop.com/en-us/md/california/breakfast-45138-first-colony-blvd-3726,,IHOP,Q1185675
3198,jiffy_lube_us,Three Notch Road,,CALIFORNIA,MD,,US,+1 301-863-0077,https://www.jiffylube.com/locations/md/california/3198,Mo-Fr 08:00-18:00; Sa 07:30-16:00,Jiffy Lube,Q6192247
18058,mattress_firm_us,Mattress Firm South Plaza,,California,MD,,US,+1 301-862-1038,https://www.mattressfirm.com/en-us/stores/md/california/152065/,,Mattress Firm,Q6791878
0057,mattress_warehouse_us,Mattress Warehouse,,California,MD,,US,+1 301-866-1956,https://stores.mattresswarehouse.com/mattress-warehouse-of-california-lexington-park-72d8cf0436f9?utm_campaign=yext&utm_medium=organic&utm_source=local,Mo-Sa 10:00-20:00; Su 11:00-18:00,Mattress Warehouse,Q61995079
9pg34,medexpress,MedExpress Urgent Care,,California,MD,,US,+1 301-862-1807,https://www.medexpress.com/location/md/california/cam/,Mo-Su 08:00-20:00,MedExpress,Q102183820
https://locations.modpizza.com/#23558327,modpizza,MOD Pizza St. Mary's Marketplace,,California,MD,,US,+1 301-245-7590,https://locations.modpizza.com/usa/md/california/44940-st-andrews-church-rd,Mo-Th 10:30-22:00; Fr-Sa 10:30-23:00; Su 10:30-22:00,MOD Pizza,Q19903469
74596838,moneygram,SHOPPERS FOOD AND PHARMACY - #2408 - SHO,,CALIFORNIA,MD,,US,+1 301-298-8526,,Mo-Su 06:00-24:00,MoneyGram,Q1944412
https://locations.mtb.com/#25081766,mt_bank_us,,,,MD,,US,+1 800-724-2440,https://locations.mtb.com/md/california/bank-branches-and-atms-california-md-pm2249.html,24/7,M&T Bank,Q3272257
23105-three-notch-rd,my_eye_dr,,,California,MD,,US,+1 301-863-2020,https://locations.myeyedr.com/md/california/23105-three-notch-rd,,MyEyeDr.,Q117864710
NNA5727,nissan_europe,NISSAN OF LEXINGTON PARK,,CALIFORNIA,MD,,US,+1 240-895-8210,https://www.nissanoflexingtonpark.com,Mo-Fr 09:00-20:00; Sa 09:00-19:00,Nissan,Q20165
https://locations.outback.com/#15502171,outbacksteakhouse,Outback Steakhouse,,California,MD,,US,+1 301-863-5530,https://locations.outback.com/maryland/california/23415-three-notch-road,Mo-Th 11:00-22:00; Fr-Sa 11:00-23:00; Su 11:00-21:00,Outback Steakhouse,Q1064893
113123,pandaexpress,St. Mary's Marketplace,,California,MD,,US,+1 301-363-2196,"https://www.pandaexpress.com/locations/md/california/44980-st-andrews-church-road,-suite-f",Mo-Th 09:30-22:00; Fr 09:30-22:30; Sa 10:00-22:00; Su 10:00-21:30,Panda Express,Q1358690
used346f0d,pandora,About Pandora Jewelry Authorized Retailer - Blair&#039;s Jewelry &amp; Gifts,,California,MD,,US,+1 301-862-5333,https://stores.pandora.net/md/california/pandora-jewelry-used346f0d.html,,Pandora,Q2241604
042826,penske,Cheseldine Tire &amp; Auto,,CALIFORNIA,MD,,US,+1 301-863-7440,https://www.pensketruckrental.com/locations/us/maryland/california/042826/,,Penske,Q81234570
restaurant_85159,popeyes_us_fr,Popeyes,"45350 Alton Lane California, Maryland 20619 - USA",California,MD,,US,+1 240-237-8176,https://www.popeyes.com/store-locator/store/restaurant_85159,Mo-Su 10:00-22:00,Popeyes,Q1330910
136927,potbelly_sandwich,Lexington Park,,California,MD,,US,+1 301-880-7302,,Mo-Sa 10:00-21:00; Su 10:00-20:00,Potbelly Sandwich Shop,Q7234777
woods-painting-place-35312,ppgpaints,WOODS PAINTING PLACE,,"California, ",MD,,US,+1 301-863-8001,https://www.ppgpaints.com/store-locator/us/maryland/california-paint-stores/woods-painting-place-35312,,PPG Paints,Q83891559
81145,ritasitalianice,Rita’s of Lexington Park MD,,California,MD,,US,+1 240-237-8089,https://www.ritasice.com/location/ritas-of-lexington-park-md/,,Rita's Italian Ice,Q7336456
867,ross_dress_for_less_us,Lexington Park,,California,MD,,US,+1 240-725-0189,,Mo-Th 09:30-22:00; Fr-Sa 09:00-22:00; Su 09:00-21:00,Ross Dress for Less,Q3442791
3158,shellrecharge,SMECO - So MD Higher Education Ctr,,California,MD,,US,,,,Shell Recharge,Q105883058
45035-worth-ave,staples,"Staples California, MD",,California,MD,,US,,https://stores.staples.com/md/california/45035-worth-ave,Mo-Fr 09:00-20:00; Sa 09:00-19:00; Su 10:00-17:00,Staples,Q785943
https://restaurants.subway.com/#14910192,subway,Subway Commercial Center,,California Saint Marys,MD,,US,+1 301-863-6876,https://restaurants.subway.com/united-states/md/california/22630-three-notch-road,Mo-Su 09:00-22:00,Subway,Q244457
https://restaurants.subway.com/#14900170,subway,Subway Wal-Mart #1981,,California Saint Marys,MD,,US,+1 301-866-0580,https://restaurants.subway.com/united-states/md/california/45485-mirimar-way,Mo 08:00-21:00; Tu 10:00-21:00; We-Su 08:00-21:00,Subway,Q244457
35063,sweetfrog_us,sweetFrog Store 35063,,California,MD,,US,+1 301-863-4736,https://www.sweetfrog.com/stores/frozen-yogurt-california/35063,Mo-Su 12:00-21:00,sweetFrog,Q16952110
https://locations.tacobell.com/#6145075,taco_bell,Taco Bell,,California,MD,,US,+1 301-862-2345,https://locations.tacobell.com/md/california/22599-macarthur-blvd.html,Mo-Th 07:00-01:00; Fr-Sa 07:00-02:00; Su 07:00-01:00,Taco Bell,Q752941
101016,tjx,California,22599 MacArthur Blvd,California,MD,,US,+1 301-737-8810,,Mo-Sa 09:30-21:30; Su 10:00-20:00,Marshalls,Q15903261
28380,tjx,California,22599 MacArthur Boulevard,California,MD,,US,+1 301-866-1424,,Mo-Sa 09:30-21:30; Su 10:00-20:00,HomeGoods,Q5887941
4QSP,tmobile_us,3 Notch Rd & Wildewood Blvd,,California,MD,,US,+1 301-276-3085,https://www.t-mobile.com/store-locator/md/california/3-notch-rd-wildewood-blvd,,T-Mobile,Q3511885
1356637,usps,CALIFORNIA,,CALIFORNIA,MD,,US,+1 301-863-9506,,Mo-Fr 09:00-17:00; Sa 09:00-14:00,United States Postal Service,Q668687
2061900002,usps_collection_boxes,USPS COLLECTION BOX - BLUE BOX,23415 THREE NOTCH RD,CALIFORNIA,MD,,US,,,,United States Postal Service,Q668687
2061900008,usps_collection_boxes,USPS COLLECTION BOX - BLUE BOX,45101 FIRST COLONY WAY,CALIFORNIA,MD,,US,,,,United States Postal Service,Q668687
2061900005,usps_collection_boxes,USPS COLLECTION BOX - BLUE BOX,16064 THREE NOTCH RD,CALIFORNIA,MD,,US,,,,United States Postal Service,Q668687
2061900003,usps_collection_boxes,USPS COLLECTION BOX - BLUE BOX,22741 THREE NOTCH RD,CALIFORNIA,MD,,US,,,,United States Postal Service,Q668687
2061900009,usps_collection_boxes,USPS COLLECTION BOX - PO LOBBY,22576 MAC ARTHUR BLVD,CALIFORNIA,MD,,US,,,,United States Postal Service,Q668687
2061900010,usps_collection_boxes,USPS COLLECTION BOX - PO LOBBY,22576 MAC ARTHUR BLVD,CALIFORNIA,MD,,US,,,,United States Postal Service,Q668687
2061900011,usps_collection_boxes,USPS COLLECTION BOX - PO LOBBY,22576 MAC ARTHUR BLVD,CALIFORNIA,MD,,US,,,,United States Postal Service,Q668687
2061900001,usps_collection_boxes,USPS COLLECTION BOX - BLUE BOX,22576 MACARTHUR BLVD,CALIFORNIA,MD,,US,,,,United States Postal Service,Q668687
2061900018,usps_collection_boxes,USPS COLLECTION BOX - PO LOBBY,22576 MACARTHUR BLVD,CALIFORNIA,MD,,US,,,,United States Postal Service,Q668687
R00000001329,verizon_us,Lexington Park,,California,MD,,US,+1 301-863-9094,https://www.verizon.com/stores/details/maryland/california/lexington-park-203336/,Mo-Sa 09:00-19:00; Su 10:00-17:00,Verizon,Q919641
,visa,,,CALIFORNIA,MD,,US,,,,,
,visa,,,CALIFORNIA,MD,,US,,,,,
,visa,,,CALIFORNIA,MD,,US,,,,,
,visa,,,CALIFORNIA,MD,,US,,,,,
,visa,,,CALIFORNIA,MD,,US,,,,,
,visa,,,CALIFORNIA,MD,,US,,,,,
,visa,,,CALIFORNIA,MD,,US,,,,,
,visa,,,CALIFORNIA,MD,,US,,,,,
,visa,,,CALIFORNIA,MD,,US,,,,,
,visa,,,CALIFORNIA,MD,,US,,,,,
,visa,,,CALIFORNIA,MD,,US,,,,,
,visa,,,CALIFORNIA,MD,,US,,,,,
,visa,,,CALIFORNIA,MD,,US,,,,,
,visa,,,CALIFORNIA,MD,,US,,,,,
,visa,,,CALIFORNIA,MD,,US,,,,,
,visa,,,CALIFORNIA,MD,,US,,,,,
,visa,,,CALIFORNIA,MD,,US,,,,,
,visa,,,CALIFORNIA,MD,,US,,,,,
,visa,,,CALIFORNIA,MD,,US,,,,,
,visa,,,CALIFORNIA,MD,,US,,,,,
,visa,,,CALIFORNIA,MD,,US,,,,,
,visa,,,CALIFORNIA,MD,,US,,,,,
,visa,,,CALIFORNIA,MD,,US,,,,,
,visa,,,CALIFORNIA,MD,,US,,,,,
,visa,,,CALIFORNIA,MD,,US,,,,,
,visa,,,CALIFORNIA,MD,,US,,,,,
,visa,,,CALIFORNIA,MD,,US,,,,,
,visa,,,CALIFORNIA,MD,,US,,,,,
,visa,,,CALIFORNIA,MD,,US,,,,,
,visa,,,CALIFORNIA,MD,,US,,,,,
,visa,,,CALIFORNIA,MD,,US,,,,,
,visa,,,SOLOMONS,MD,,US,,,,,
221,visionworks,Visionworks Wildewood Shopping Center,,California,MD,,US,+1 301-862-1896,https://locations.visionworks.com/ll/US/MD/California/23415-Three-Notch,Mo-Sa 09:00-19:00,Visionworks,Q5422607
https://locations.wendys.com/#9251208,wendys,"Wendy's Towncreek in California, MD",,California,MD,,US,+1 301-862-3190,https://locations.wendys.com/united-states/md/california/45460-miramar-way,"Mo-Su 06:30-10:30,07:00-22:00",Wendy's,Q550258
8556a9821dbed170ebd1bc5bad0844fe,western_union,HARRIS TEETER #487,,California,MD,,US,+1 301-737-2393,https://location.westernunion.com/us/md/california/8556a9821dbed170ebd1bc5bad0844fe,Mo-Su 08:00-21:00,Western Union,Q861042
b983709bf5c7c00f418a9f392002d51a,western_union,WALMART #001981,,California,MD,,US,+1 301-737-4420,https://location.westernunion.com/us/md/california/b983709bf5c7c00f418a9f392002d51a,Mo-Sa 08:00-20:00; Su 10:00-18:00,Western Union,Q861042
