Ref,Spider,Name,Address,City,State,Zipcode,Country,Phone,Website,Hours,Brand,WikiData
https://stores.advanceautoparts.com/nc/asheville/403-new-leicester-hwy,advance_auto_parts_us,Advance Auto Parts,,Asheville,NC,,US,+1 828-255-8332,https://stores.advanceautoparts.com/nc/asheville/403-new-leicester-hwy,Mo-Sa 07:30-21:00; Su 09:00-20:00,Advance Auto Parts,Q4686051
https://stores.advanceautoparts.com/nc/asheville/905-patton-ave,advance_auto_parts_us,Advance Auto Parts,,Asheville,NC,,US,+1 828-251-9153,https://stores.advanceautoparts.com/nc/asheville/905-patton-ave,Mo-Sa 07:30-21:00; Su 08:30-20:00,Advance Auto Parts,Q4686051
https://stores.advanceautoparts.com/nc/asheville/1541-patton-ave,advance_auto_parts_us,Advance Auto Parts,,Asheville,NC,,US,+1 828-253-0071,https://stores.advanceautoparts.com/nc/asheville/1541-patton-ave,Mo-Fr 07:30-18:00; Sa 07:30-17:00; Su 10:00-16:00,Advance Auto Parts,Q4686051
https://stores.aldi.us/#4420454,aldi_sud_us,ALDI  1344 Patton Avenue,,Asheville,NC,,US,+1 844-476-1071,https://stores.aldi.us/nc/asheville/1344-patton-avenue,"Mo-Su 08:30-20:00,09:00-20:00",ALDI,Q41171672
https://storelocations.ae.com/#2774063,american_eagle_outfitters,American Eagle Outlet Asheville Outlets,,Asheville,NC,,US,+1 828-667-1022,https://storelocations.ae.com/us/nc/asheville/800-brevard-road.html,Mo-Th 10:00-18:00; Fr-Sa 10:00-20:00; Su 11:00-18:00,American Eagle Outlet,Q2842931
https://stores.anntaylor.com/factory/us/nc/asheville/800-brevard-road.html,anntaylor,Ann Taylor Factory Store,,Asheville,NC,,US,+1 828-670-6786,https://stores.anntaylor.com/factory/us/nc/asheville/800-brevard-road.html,Mo-Th 10:00-18:00; Fr-Sa 10:00-20:00; Su 11:00-18:00,Ann Taylor,Q4766699
2064,anytime_fitness,Anytime Fitness,,Asheville,NC,,US,+1 828-505-3715,https://www.anytimefitness.com/gyms/2064/asheville-nc-28806/,,Anytime Fitness,Q4778364
https://restaurants.applebees.com/en-us/nc/asheville/279-smokey-park-hwy-98079,applebees,Connect with this Applebee's,,Asheville,NC,,US,+1 828-670-9101,https://restaurants.applebees.com/en-us/nc/asheville/279-smokey-park-hwy-98079,Mo-Sa 11:00-24:00; Su 11:00-23:00,Applebees,Q621532
https://locations.arbys.com/nc/asheville/268-smokey-park-hwy.html,arbys_us,"Arby's Fast-Food Drive Through Near You in Asheville, NC",,Asheville,NC,,US,+1 828-633-6756,https://locations.arbys.com/nc/asheville/268-smokey-park-hwy.html,Mo-Su 10:00-22:00,Arby's,Q630866
USAA09B27,audi,Audi Asheville,"621 Brevard Rd, Asheville, NC 28806",Asheville,NC,,US,+1 828-232-4000,,,Audi,Q23317
https://locations.auntieannes.com/#6919,auntie_annes,Auntie Anne's Asheville Outlets,,Asheville,NC,,US,+1 330-965-4433,https://locations.auntieannes.com/nc/asheville/800-brevard-rd,Mo-Sa 10:00-18:00; Su 11:00-18:00,Auntie Anne's,Q4822010
495,autozone_us,AutoZone Auto Parts Asheville,,Asheville,NC,,US,+1 828-252-5779,https://www.autozone.com/locations/nc/asheville/1188-patton-ave.html,Mo-Sa 07:30-21:00; Su 09:00-21:00,AutoZone,Q4826087
https://www.averitt.com/locations/north-carolina/asheville,averitt,Asheville Service Center,,Asheville,NC,,US,+1 800-283-7488,https://www.averitt.com/locations/north-carolina/asheville,,Averitt Express,Q4828320
https://bananarepublic.gap.com/stores/nc/asheville/banana-republic-1248.html,bananarepublic,Banana Republic,,Asheville,NC,,US,+1 828-667-9263,https://bananarepublic.gap.com/stores/nc/asheville/banana-republic-1248.html,Mo-Sa 10:00-20:00; Su 11:00-18:00,Banana Republic,Q806085
https://locators.bankofamerica.com/nc/asheville/financial-centers-asheville-11528.html,bankofamerica,Bank of America Financial Center & Drive-Thru ATM | West Asheville,,Asheville,NC,,US,+1 828-251-8231,https://locators.bankofamerica.com/nc/asheville/financial-centers-asheville-11528.html,Mo-Fr 09:00-17:00; Sa 09:00-14:00,Bank of America,Q487907
https://locators.bankofamerica.com/nc/asheville/atm-asheville-101013.html,bankofamerica,Bank of America Drive-Thru ATM | Centre @ Biltmore Square,,Asheville,NC,,US,+1 844-401-8500,https://locators.bankofamerica.com/nc/asheville/atm-asheville-101013.html,,Bank of America,Q487907
BBW02333,bathandbodyworks_us,ASHEVILLE OUTLETS,,ASHEVILLE,NC,,US,+1 828-665-2015,,Mo-Sa 10:00-20:00; Su 11:00-18:00,Bath & Body Works,Q810773
148710,bluerhino,Speedway #7913,,Asheville,NC,,US,+1 828-670-7188,,,Blue Rhino,Q65681213
35314,bluerhino,Lowe's #526,,Asheville,NC,,US,+1 828-255-9113,,,Blue Rhino,Q65681213
154316,bluerhino,Walgreens #12779,,Asheville,NC,,US,+1 828-771-0512,,,Blue Rhino,Q65681213
139563,bluerhino,CitiStop #107,,Asheville,NC,,US,+1 828-774-5550,,,Blue Rhino,Q65681213
156766,bluerhino,Walgreens  #16102,,Asheville,NC,,US,+1 828-236-1519,,,Blue Rhino,Q65681213
nc/asheville/974-patton-ave,bojangles,"Bojangles Asheville, NC",,Asheville,NC,,US,+1 828-253-7858,https://locations.bojangles.com/nc/asheville/974-patton-ave.html,,Bojangles',Q891163
nc/asheville/270-smokey-park-hwy,bojangles,"Bojangles Asheville, NC",,Asheville,NC,,US,+1 828-633-6619,https://locations.bojangles.com/nc/asheville/270-smokey-park-hwy.html,,Bojangles',Q891163
73711503454912880600100000000000,bp,BP,,Asheville,NC,,US,+1 828-665-1003,,24/7,BP,Q152057
90830621792952880600100000000000,bp,BP,,Asheville,NC,,US,+1 828-665-8177,,24/7,BP,Q152057
121725,bp,BP,,Asheville,NC,,US,+1 828-633-2099,,24/7,BP,Q152057
SAVNYD,builders_firstsource_us,Asheville NC Yard,,Asheville,NC,,US,+1 828-252-2481,https://www.bldr.com/location/asheville-nc-yard/SAVNYD,Mo-Fr 07:30-16:00,Builders FirstSource,Q27686100
//locations.carters.com/nc/asheville/carters-asheville-nc,carters_us,Carter's Asheville,,Asheville,NC,,US,+1 828-665-9545,https://locations.carters.com/nc/asheville/carters-asheville-nc,Mo-Th 10:00-18:00; Fr-Sa 10:00-20:00; Su 11:00-18:00,Carter's,Q5047083
https://stores.catofashions.com/#26559732,cato_us,Cato,,,NC,,US,+1 828-667-9337,https://stores.catofashions.com/nc/asheville/1000-brevard-road,Mo-Sa 10:00-20:00; Su 13:00-18:00,Cato,Q16956136
16493,chevrolet,"ASHEVILLE CHEVROLET, INC.",,Asheville,NC,,US,+1 866-921-1073,https://www.ashevillechevrolet.com,Mo-Fr 09:00-18:30; Sa 09:00-17:30,Chevrolet,Q29570
https://schools.childcarenetwork.com/nc/asheville/330-sardis-road,childcare_network_us,Childcare Network,,Asheville,NC,,US,+1 828-670-9890,https://schools.childcarenetwork.com/nc/asheville/330-sardis-road,,Childcare Network,Q121356406
nc_asheville_946-patton-ave,chipotle, ,,Asheville,NC,,US,+1 828-253-0731,https://locations.chipotle.com/nc/asheville/946-patton-ave,,Chipotle,Q465751
nc_asheville_879-brevard-rd,chipotle, ,,Asheville,NC,,US,+1 828-920-0052,https://locations.chipotle.com/nc/asheville/879-brevard-rd,,Chipotle,Q465751
91935,citi,ATM Walgreens,,Asheville,NC,,US,,,,Citibank,Q857063
50238,citi,ATM CVS,,Asheville,NC,,US,,,,Citibank,Q857063
86812,citi,ATM Walgreens,,Asheville,NC,,US,,,,Citibank,Q857063
49394,citi,ATM CVS,,Asheville,NC,,US,,,,Citibank,Q857063
44505,citi,ATM Citi Stop,,Asheville,NC,,US,,,,Citibank,Q857063
80511,citi,ATM SPEEDWAY#7913,,Asheville,NC,,US,,,,Citibank,Q857063
77088,citi,ATM Speedway,,Asheville,NC,,US,,,,Citibank,Q857063
73847,citi,ATM Roadrunner Market,,Asheville,NC,,US,,,,Citibank,Q857063
51524,citi,ATM CVS,,Asheville,NC,,US,,,,Citibank,Q857063
73856,citi,ATM Roadrunner Market,,Asheville,NC,,US,,,,Citibank,Q857063
asheville/6540,claires,Shop Ear Piercings & Jewelry at Asheville Outlets,,ASHEVILLE,NC,,US,+1 828-670-1404,https://stores.claires.com/us/nc/asheville/6540.html,Mo-Th 10:00-18:00; Fr-Sa 10:00-19:00; Su 11:00-18:00,Claire's,Q2974996
https://www.coach.com/stores/#17277481,coach_us,COACH Outlet,,Asheville,NC,,US,+1 828-484-4426,https://www.coach.com/stores/outlets/nc/asheville/800-brevard-road,Mo-Sa 10:00-20:00; Su 11:00-18:00,Coach,Q727697
1936,cookout,Patton Ave,,Asheville,NC,,US,,,Mo-Th 10:30-03:00; Fr-Sa 10:30-04:00; Su 10:30-03:00,Cookout,Q5166992
,credit_union_us,Telco Community CU,,Asheville,NC,,US,+1 828-252-6458,,Mo-Th 08:30-05:00; Fr 08:30-06:00,,
80193476,cricket_wireless,Cricket Wireless Authorized Retailer,,Asheville,NC,,US,+1 828-633-2526,https://www.cricketwireless.com/stores/ll/US/NC/Asheville/1072-Patton-Ave,Mo-Sa 10:00-19:00; Su 12:00-18:00,Cricket Wireless,Q5184987
4116,cvs_us,CVS Pharmacy,,Asheville,NC,,US,+1 828-253-2872,https://www.cvs.com/store-locator/asheville-nc-pharmacies/24-westgate-pkwy-asheville-nc-28806/storeid=4116,Mo-Fr 09:00-20:00; Sa 09:00-18:00; Su 10:00-18:00,CVS Pharmacy,Q2078880
5586,cvs_us,CVS Pharmacy,,Asheville,NC,,US,+1 828-252-2119,https://www.cvs.com/store-locator/asheville-nc-pharmacies/320-new-leicester-hwy-asheville-nc-28806/storeid=5586,Mo-Fr 08:00-21:00; Sa 08:00-18:00; Su 10:00-18:00,CVS Pharmacy,Q2078880
3847,cvs_us,CVS Pharmacy,,Asheville,NC,,US,+1 828-667-5457,https://www.cvs.com/store-locator/asheville-nc-pharmacies/505-smokey-park-hwy-asheville-nc-28806/storeid=3847,Mo-Su 07:00-22:00,CVS Pharmacy,Q2078880
0518,dillards,"Dillard's Asheville Outlets in Asheville, North Carolina",,Asheville,NC,,US,+1 828-665-4434,https://www.dillards.com/stores/north-carolina/asheville-outlets-asheville/0518,Mo-Sa 12:00-19:00; Su 12:00-18:00,Dillard's,Q844805
90,dollartree,DollarTree,,Asheville,NC,,US,+1 828-365-7623,,Mo-Sa 09:00-21:00; Su 10:00-21:00,Dollar Tree,Q5289230
6555,dollar_general,Dollar General,,Asheville,NC,,US,+1 828-785-4230,https://www.dollargeneral.com/store-directory/nc/asheville/6555,Mo-Su 08:00-22:00,Dollar General,Q145168
20560,dollar_general,Dollar General,,Asheville,NC,,US,+1 828-782-3410,https://www.dollargeneral.com/store-directory/nc/asheville/20560,Mo-Su 08:00-22:00,Dollar General,Q145168
7434,dominos_pizza_us,Domino's Pizza,,Asheville,NC,,US,+1 828-232-1818,https://pizza.dominos.com/north-carolina/asheville/1483-patton-ave,Mo-Th 10:30-24:00; Fr-Sa 10:30-01:00; Su 10:30-24:00,Domino's,Q839466
346954,dunkin_us,Dunkin',,Asheville,NC,,US,+1 828-670-0048,https://locations.dunkindonuts.com/en/nc/asheville/305-smokey-park-hwy/346954,Mo-Sa 04:00-19:00; Su 05:00-19:00,Dunkin',Q847743
355751,dunkin_us,Dunkin',,Asheville,NC,,US,+1 828-412-3910,https://locations.dunkindonuts.com/en/nc/asheville/326-new-leicester-hwy/355751,Mo-Su 04:00-21:00,Dunkin',Q847743
https://www.edwardjones.com/us-en/financial-advisor/ryan-watkins,edwardjones,Ryan Watkins,,Asheville,NC,,US,+1 828-633-6588,https://www.edwardjones.com/us-en/financial-advisor/ryan-watkins,Mo-Fr 09:00-17:00,Edward Jones,Q5343830
2306,eightyfour_lumber_us,ASHEVILLE,,ASHEVILLE,NC,,US,+1 828-665-3815,https://www.84lumber.com/store-locator/store-detail/?storeId=2306,Mo-Fr 07:00-18:00; Sa 08:00-12:00,84 Lumber,Q4644779
100054,electrify_america,"Sam's Club 6452 (Asheville, NC)",,Asheville,NC,,US,,,,Electrify America,Q59773555
E153Z8,enterprise,Asheville Truck Rental,,Asheville,NC,,US,+1 828-665-8277,,,Enterprise Rent-A-Car,Q17085454
E15354,enterprise,Asheville Smokey Park Hwy.,,Asheville,NC,,US,+1 828-665-2389,,,Enterprise Rent-A-Car,Q17085454
E1535A,enterprise,Downtown Asheville,,Asheville,NC,,US,+1 828-255-0236,,,Enterprise Rent-A-Car,Q17085454
800-brevard-rd,express,Asheville Outlets,,Asheville,NC,,US,+1 828-633-3158,https://stores.expressfactoryoutlet.com/us/nc/asheville/800-brevard-rd,Mo-Sa 10:00-20:00; Su 11:00-18:00,Express Factory Outlet,Q1384784
23282,family_dollar_us,FAMILY DOLLAR #3282,,Asheville,NC,,US,+1 828-785-5563,https://www.familydollar.com/locations/nc/asheville/23282/,Mo-Su 09:00-21:00,Family Dollar,Q5433101
Motorcraft1882USAEnglish,ford,Asheville Ford Lincoln,,North Carolina,NC,,US,+1 828-253-2731,,,Ford,Q44294
Motorcraft1883USAEnglish,ford,Isgett Distributors Inc,,North Carolina,NC,,US,,,,Ford,Q44294
https://www.ford.com/dealerships/dealer-details/nc/asheville/asheville-ford/,ford_dealers_us,Asheville Ford,,Asheville,NC,,US,+1 704-489-3547,https://www.ford.com/dealerships/dealer-details/nc/asheville/asheville-ford/,Mo-Fr 09:00-19:00; Sa 09:00-18:00; Su 12:00-17:00,Ford Motor Company,Q44294
https://stores.gnc.com/#24059149,gnc,GNC Asheville Outlets,,,NC,,US,+1 828-667-0902,https://stores.gnc.com/all-stores-north-carolina/asheville/800-brevard-rd,Mo-Th 10:00-18:00; Fr-Sa 10:00-20:00; Su 11:00-18:00,GNC,Q4808595
https://www.goldsgym.com/patton/,goldsgym,Gold's Gym Patton,,Asheville,NC,,US,+1 828-398-1430,https://www.goldsgym.com/patton/,Mo-Fr 05:00-23:00; Sa-Su 07:00-21:00,Gold's Gym,Q1536234
b451053a-458a-e111-8dde-005056934050,goodwill,Retail Store and Career Center - Asheville (Patton Ave),,Asheville,NC,,US,+1 828-298-9023,https://www.goodwill.org/locator/location/?store=YjQ1MTA1M2EtNDU4YS1lMTExLThkZGUtMDA1MDU2OTM0MDUw&lat=MzUuNTcyMzE=&lng=LTgyLjYxNzM5,,Goodwill,Q5583655
https://salons.greatclips.com/us/nc/asheville/5-westgate-pkwy,greatclips,Great Clips,,Asheville,NC,,US,+1 828-251-6008,https://salons.greatclips.com/us/nc/asheville/5-westgate-pkwy,Mo-Fr 10:00-19:00; Sa 09:00-18:00; Su 10:00-16:00,Great Clips,Q5598967
4120,gulf_pr_us,FASTRAC FOOD MART GULF,,Asheville,NC,,US,+1 828-258-1748,https://www.gulfoil.com/fastrac-food-mart-gulf,,Gulf Oil,Q5617505
1504875,hardees_us,Hardee's,,Asheville,NC,,US,+1 828-670-6736,https://locations.hardees.com/nc/asheville/307-smokey-park-hwy,,Hardee's,Q1585088
32630,h_r_block,H&R Block,,Asheville,NC,,US,+1 828-232-6757,https://www.hrblock.com/local-tax-offices/north-carolina/asheville/town-and-country-shop-ctr/32630/,,H&R Block,Q5627799
32685,h_r_block,H&R Block,,Asheville,NC,,US,+1 828-683-8594,https://www.hrblock.com/local-tax-offices/north-carolina/asheville/georgetown-center/32685/,,H&R Block,Q5627799
31984,h_r_block,H&R Block,,Asheville,NC,,US,+1 828-252-1418,https://www.hrblock.com/local-tax-offices/north-carolina/asheville/park-terrace-center/31984/,,H&R Block,Q5627799
nc_asheville_breakfast-275-b-smokey-park-hwy-3226,ihop,IHOP Breakfast Restaurants Near You at 275-B Smokey Park Hwy,,Asheville,NC,,US,+1 828-633-1806,https://restaurants.ihop.com/en-us/nc/asheville/breakfast-275-b-smokey-park-hwy-3226,,IHOP,Q1185675
31,ingles,Asheville,,Asheville,NC,,US,+1 828-667-9306,https://www.ingles-markets.com/storelocate/storeinfo.php?storenum=31,Mo-Su 06:00-23:00,Ingles,Q6032595
24,ingles,Asheville,,Asheville,NC,,US,+1 828-665-0787,https://www.ingles-markets.com/storelocate/storeinfo.php?storenum=24,Mo-Su 07:00-23:00,Ingles,Q6032595
2,ingles,Asheville,,Asheville,NC,,US,+1 828-253-2005,https://www.ingles-markets.com/storelocate/storeinfo.php?storenum=2,Mo-Su 07:00-23:00,Ingles,Q6032595
5,ingles,Asheville,,Asheville,NC,,US,+1 828-259-9268,https://www.ingles-markets.com/storelocate/storeinfo.php?storenum=5,Mo-Su 07:00-23:00,Ingles,Q6032595
62,ingles,Asheville,,Asheville,NC,,US,+1 828-254-3496,https://www.ingles-markets.com/storelocate/storeinfo.php?storenum=62,Mo-Su 06:00-23:00,Ingles,Q6032595
https://office.jacksonhewitt.com/#27578208,jackson_hewitt,Jackson Hewitt,,Asheville,NC,,US,+1 828-225-8870,https://office.jacksonhewitt.com/tax-preparation-services-locations/en/nc/asheville/805-patton-ave/10867,Mo-Fr 09:00-19:00; Sa 09:00-17:00,Jackson Hewitt,Q6117132
https://stores.factory.jcrew.com/#2762964,j_crew_us,J.Crew Factory,,Asheville,NC,,US,+1 828-665-3033,https://stores.factory.jcrew.com/us/nc/asheville/800-brevard-road,Mo-Th 10:00-18:00; Fr-Sa 10:00-20:00; Su 11:00-18:00,J. Crew,Q5370765
https://locations.kfc.com/#11247848,kfc,Chicken Nuggets Near Asheville,,Asheville,NC,,US,,https://locations.kfc.com/nc/asheville/1030-patton-avenue/chickennugget,Mo-Su 10:30-22:00,KFC,Q524757
160130,marathon_petroleum_us,Sand Hill Grocery,,Asheville,NC,,US,+1 828-667-1750,,,Marathon,Q458363
AVLBS,marriott,Fairfield Inn & Suites Asheville Outlets,,Asheville,NC,,US,+1 828-665-4242,https://www.marriott.com/AVLBS,,Fairfield by Marriott,Q5430314
AVLTA,marriott,TownePlace Suites Asheville West,,Asheville,NC,,US,+1 828-575-9900,https://www.marriott.com/AVLTA,,Townplace Suites by Marriott,Q7830092
https://locations.maurices.com/#11688083,maurices,maurices Asheville Outlets,,Asheville,NC,,US,+1 828-665-8233,https://locations.maurices.com/us/nc/asheville/800-brevard-road,Mo-Sa 10:00-20:00; Su 11:00-18:00,maurices,Q6793571
NNA15039,nissan_europe,FRED ANDERSON NISSAN OF ASHEVILLE,,ASHEVILLE,NC,,US,+1 828-252-0000,https://www.andersonnissan.com,Mo-Sa 09:00-18:00,Nissan,Q20165
https://locations.oreillyauto.com/nc/asheville/check-engine-light-testing-5377.html,oreilly,Your Asheville O'Reilly Auto Parts Store,,Asheville,NC,,US,+1 828-210-2423,https://locations.oreillyauto.com/nc/asheville/check-engine-light-testing-5377.html,Mo-Sa 07:30-21:00; Su 09:00-20:00,O'Reilly Auto Parts,Q7071951
https://locations.oreillyauto.com/nc/asheville/wiper-installation-5377.html,oreilly,Your Asheville O'Reilly Auto Parts Store,,Asheville,NC,,US,+1 828-210-2423,https://locations.oreillyauto.com/nc/asheville/wiper-installation-5377.html,Mo-Sa 07:30-21:00; Su 09:00-20:00,O'Reilly Auto Parts,Q7071951
https://locations.oreillyauto.com/nc/asheville/battery-testing-5377.html,oreilly,Your Asheville O'Reilly Auto Parts Store,,Asheville,NC,,US,+1 828-210-2423,https://locations.oreillyauto.com/nc/asheville/battery-testing-5377.html,Mo-Sa 07:30-21:00; Su 09:00-20:00,O'Reilly Auto Parts,Q7071951
https://locations.oreillyauto.com/nc/asheville/autopartes-5377.html,oreilly,Tu tienda O'Reilly Auto Parts en Asheville,,Asheville,NC,,US,+1 828-210-2423,https://locations.oreillyauto.com/nc/asheville/autopartes-5377.html,Mo-Sa 07:30-21:00; Su 09:00-20:00,O'Reilly Auto Parts,Q7071951
https://locations.oreillyauto.com/nc/asheville/check-engine-light-testing-1178.html,oreilly,Your Asheville O'Reilly Auto Parts Store,,Asheville,NC,,US,+1 828-252-0880,https://locations.oreillyauto.com/nc/asheville/check-engine-light-testing-1178.html,Mo-Sa 07:00-21:00; Su 08:30-20:00,O'Reilly Auto Parts,Q7071951
https://locations.oreillyauto.com/nc/asheville/wiper-installation-1178.html,oreilly,Your Asheville O'Reilly Auto Parts Store,,Asheville,NC,,US,+1 828-252-0880,https://locations.oreillyauto.com/nc/asheville/wiper-installation-1178.html,Mo-Sa 07:00-21:00; Su 08:30-20:00,O'Reilly Auto Parts,Q7071951
https://locations.oreillyauto.com/nc/asheville/autopartes-1178.html,oreilly,Tu tienda O'Reilly Auto Parts en Asheville,,Asheville,NC,,US,+1 828-252-0880,https://locations.oreillyauto.com/nc/asheville/autopartes-1178.html,Mo-Sa 07:00-21:00; Su 08:30-20:00,O'Reilly Auto Parts,Q7071951
https://locations.oreillyauto.com/nc/asheville/battery-testing-1178.html,oreilly,Your Asheville O'Reilly Auto Parts Store,,Asheville,NC,,US,+1 828-252-0880,https://locations.oreillyauto.com/nc/asheville/battery-testing-1178.html,Mo-Sa 07:00-21:00; Su 08:30-20:00,O'Reilly Auto Parts,Q7071951
//locations.oshkosh.com/nc/asheville/oshkosh-asheville-nc,oshkosh_us,Oshkosh B'gosh Asheville,,Asheville,NC,,US,+1 828-665-9545,https://locations.oshkosh.com/nc/asheville/oshkosh-asheville-nc,Mo-Th 10:00-18:00; Fr-Sa 10:00-20:00; Su 11:00-18:00,OshKosh B'gosh,Q1417347
us5bc88007,pandora,About Pandora Jewelry at 3833 Pandora @ Asheville Outlets Store # 655,,Asheville,NC,,US,+1 828-670-1992,https://stores.pandora.net/nc/asheville/pandora-jewelry-us5bc88007.html,Mo-Sa 10:00-20:00; Su 11:00-18:00,Pandora,Q2241604
https://locations.papajohns.com/#10693151,papa_johns,Papa John's,,Asheville,NC,,US,+1 828-255-0000,https://locations.papajohns.com/united-states/nc/28806/asheville/1334-patton-avenue,Mo-Th 10:30-23:00; Fr-Sa 10:30-24:00; Su 10:30-23:00,Papa John's Pizza,Q2759586
001910,penske,Penske Asheville,,ASHEVILLE,NC,,US,+1 828-667-9341,https://www.pensketruckrental.com/locations/us/north_carolina/asheville/001910/,,Penske,Q81234570
https://stores.petco.com/#27960055,petco,Petco Asheville,,Asheville,NC,,US,+1 828-665-7977,https://stores.petco.com/nc/asheville/pet-supplies-asheville-nc-1533.html,Mo-Sa 09:00-20:00; Su 10:00-19:00,Petco,Q7171798
nc_asheville_353-new-leicester-hwy,pizza_hut_us,353 New Leicester Hwy,,Asheville,NC,,US,+1 828-254-8388,https://locations.pizzahut.com/nc/asheville/353-new-leicester-hwy,,Pizza Hut,Q191615
restaurant_237959,popeyes_us_fr,Popeyes,"275 Smokey Park Highway Asheville, North Carolina 28806 - USA",Asheville,NC,,US,+1 828-633-6063,https://www.popeyes.com/store-locator/store/restaurant_237959,Mo-Su 10:00-22:00,Popeyes,Q1330910
restaurant_878567,popeyes_us_fr,Popeyes,"881 Brevard Road Asheville, North Carolina 28806 - USA",Asheville,NC,,US,+1 828-398-0007,https://www.popeyes.com/store-locator/store/restaurant_878567,Mo-Su 10:00-22:00,Popeyes,Q1330910
1755,rentacenter,Rent-A-Center,,Asheville,NC,,US,+1 828-254-9398,https://locations.rentacenter.com/north-carolina/asheville/891-c-patton-ave/,Mo-Sa 10:00-18:00,Rent-A-Center,Q7313497
417,rentacenter,Rent-A-Center,,Asheville,NC,,US,+1 828-253-5929,https://locations.rentacenter.com/north-carolina/asheville/1065-patton-ave/,Mo-Sa 10:00-18:00,Rent-A-Center,Q7313497
81016,ritasitalianice,Rita’s of Asheville NC,,Asheville,NC,,US,+1 828-505-7990,https://www.ritasice.com/location/ritas-of-asheville-nc/,,Rita's Italian Ice,Q7336456
6452,sams_club,Asheville Sam's Club,,Asheville,NC,,US,+1 828-251-9791,https://www.samsclub.com/club/asheville-nc-sams-club/6452,Mo 10:00-20:00; Sa 09:00-20:00; Su 10:00-18:00,Sam's Club,Q1972120
722482,sherwin_williams,ASHEVILLE-CANDLER,107 Smokey Park Hwy,Asheville,NC,,US,+1 828-412-8363,https://www.sherwin-williams.com/store-locator/paint-store/asheville/nc/722482?storeNumber=1098503&from=,,Sherwin-Williams Paint Store,Q48881
https://restaurants.subway.com/#14903160,subway,Subway,,Asheville Buncombe,NC,,US,+1 828-236-9844,https://restaurants.subway.com/united-states/nc/asheville/815-patton-ave,Mo-Su 08:00-21:00,Subway,Q244457
https://restaurants.subway.com/#14908763,subway,Subway,,Asheville Buncombe,NC,,US,+1 828-251-1999,https://restaurants.subway.com/united-states/nc/asheville/325-leicester-highway,,Subway,Q244457
https://restaurants.subway.com/#14908533,subway,Subway,,Asheville Buncombe,NC,,US,+1 828-251-1691,https://restaurants.subway.com/united-states/nc/asheville/278-smokey-park-hwy,Mo-Su 09:00-20:00,Subway,Q244457
https://stores.sunglasshut.com/us/nc/asheville/800-brevard-rd,sunglass_hut_1,Sunglass Hut,,Asheville,NC,,US,+1 828-665-2970,https://stores.sunglasshut.com/us/nc/asheville/800-brevard-rd,Mo-Sa 10:00-20:00; Su 11:00-18:00,Sunglass Hut,Q136311
0164674400,sunoco_us,Sunoco,,ASHEVILLE,NC,,US,+1 828-258-2986,,Mo-Sa 07:00-23:00; Su 07:00-22:00,Sunoco,Q1423218
https://locations.tacobell.com/#6141564,taco_bell,Taco Bell,,Asheville,NC,,US,+1 828-259-9331,https://locations.tacobell.com/nc/asheville/985-patton-ave.html,Mo-Su 08:00-02:00,Taco Bell,Q752941
https://locations.tacobell.com/#6141866,taco_bell,Taco Bell,,Asheville,NC,,US,+1 828-667-9901,https://locations.tacobell.com/nc/asheville/872-brevard-rd.html,Mo-Su 09:00-24:00,Taco Bell,Q752941
https://www.tangeroutlet.com/asheville/location,tanger_outlet,Tanger Outlets,800 Brevard Rd,Asheville,NC,,US,,https://www.tangeroutlet.com/asheville/location,,Tanger Outlet,Q7682888
212G,tmobile_us,Smokey Park & Old Hollywood,,Asheville,NC,,US,+1 828-761-6242,https://www.t-mobile.com/store-locator/nc/asheville/smokey-park-old-hollywood,,T-Mobile,Q3511885
9351,tmobile_us,Patton Ave & Regent Park Blvd,,Asheville,NC,,US,+1 828-281-3229,https://www.t-mobile.com/store-locator/nc/asheville/patton-ave-regent-park-blvd,,T-Mobile,Q3511885
2B13,tmobile_us,Sam's Club Asheville NC,,Asheville,NC,,US,+1 828-653-8835,https://www.t-mobile.com/store-locator/nc/asheville/sams-club-asheville-nc,,T-Mobile,Q3511885
UAFH-800BRAN,under_armour,Under Armour Factory House,,Asheville,NC,,US,+1 828-667-5816,https://store-locations.underarmour.com/nc/asheville/UAFH-800BRAN,,Under Armour,Q2031485
1386945,usps,WEST ASHEVILLE,,ASHEVILLE,NC,,US,+1 828-271-6418,,Mo-Fr 08:30-17:00; Sa 09:00-13:00,United States Postal Service,Q668687
2880600052,usps_collection_boxes,USPS COLLECTION BOX - BLUE BOX,537 COLLEGE ST,ASHEVILLE,NC,,US,,,,United States Postal Service,Q668687
2880600043,usps_collection_boxes,USPS COLLECTION BOX - BLUE BOX,WESTGATE PKWY,ASHEVILLE,NC,,US,,,,United States Postal Service,Q668687
2880600005,usps_collection_boxes,USPS COLLECTION BOX - BLUE BOX,12 REGENT PARK BLVD,ASHEVILLE,NC,,US,,,,United States Postal Service,Q668687
2880600033,usps_collection_boxes,USPS COLLECTION BOX - BLUE BOX,462 HAYWOOD RD,ASHEVILLE,NC,,US,,,,United States Postal Service,Q668687
2880600048,usps_collection_boxes,USPS COLLECTION BOX - BLUE BOX,669 HAYWOOD RD,ASHEVILLE,NC,,US,,,,United States Postal Service,Q668687
2880600037,usps_collection_boxes,USPS COLLECTION BOX - BLUE BOX,1302 PATTON AVE,ASHEVILLE,NC,,US,,,,United States Postal Service,Q668687
2880600050,usps_collection_boxes,USPS COLLECTION BOX - PO LOBBY,1302 PATTON AVE,ASHEVILLE,NC,,US,,,,United States Postal Service,Q668687
2880600051,usps_collection_boxes,USPS COLLECTION BOX - PO LOBBY,1302 PATTON AVE,ASHEVILLE,NC,,US,,,,United States Postal Service,Q668687
2880600058,usps_collection_boxes,USPS COLLECTION BOX - PO LOBBY,1302 PATTON AVE,ASHEVILLE,NC,,US,,,,United States Postal Service,Q668687
2880600041,usps_collection_boxes,USPS COLLECTION BOX - BLUE BOX,200 RIDGEFIELD BLVD,ASHEVILLE,NC,,US,,,,United States Postal Service,Q668687
asheville_oil-change-go0004,valvoline_instant_oil_change,Valvoline,243 Sardis Road ,Asheville,NC,,US,+1 828-670-1645,https://store.vioc.com/nc/asheville/oil-change-go0004.html,,Valvoline Instant Oil Change,Q7912852
,visa,,,ASHEVILLE,NC,,US,,,,,
,visa,,,ASHEVILLE,NC,,US,,,,,
,visa,,,MARION,NC,,US,,,,,
,visa,,,ASHVILLE,NC,,US,,,,,
,visa,,,ASHVILLE,NC,,US,,,,,
,visa,,,ASHEVILLE,NC,,US,,,,,
,visa,,,ASHEVILLE,NC,,US,,,,,
,visa,,,ASHEVILLE,NC,,US,,,,,
,visa,,,ASHEVILLE,NC,,US,,,,,
,visa,,,ASHEVILLE,NC,,US,,,,,
,visa,,,ASHEVILLE,NC,,US,,,,,
,visa,,,ASHEVILLE,NC,,US,,,,,
,visa,,,ASHEVILLE,NC,,US,,,,,
,visa,,,ASHEVILLE,NC,,US,,,,,
,visa,,,ASHEVILLE,NC,,US,,,,,
,visa,,,ASHEVILLE,NC,,US,,,,,
,visa,,,ASHEVILLE,NC,,US,,,,,
,visa,,,ASHEVILLE,NC,,US,,,,,
,visa,,,ASHEVILLLE,NC,,US,,,,,
,visa,,,ASHEVILLE,NC,,US,,,,,
,visa,,,ASHEVILLE,NC,,US,,,,,
,visa,,,ASHEVILLE,NC,,US,,,,,
,visa,,,ASHEVILLE,NC,,US,,,,,
,visa,,,ASHEVILLE,NC,,US,,,,,
,visa,,,ASHEVILLE,NC,,US,,,,,
,visa,,,ASHEVILLE,NC,,US,,,,,
,visa,,,ASHEVILLE,NC,,US,,,,,
,visa,,,ASHEVILLE,NC,,US,,,,,
,visa,,,ASHEVILLE,NC,,US,,,,,
,visa,,,ASHEVILLE,NC,,US,,,,,
,visa,,,ASHEVILLE,NC,,US,,,,,
,visa,,,ASHEVILLE,NC,,US,,,,,
,visa,,,ASHEVILLE,NC,,US,,,,,
,visa,,,ASHEVILLE,NC,,US,,,,,
,visa,,,ASHEVILLE,NC,,US,,,,,
,visa,,,ASHEVILLE,NC,,US,,,,,
,visa,,,ASHEVILLE,NC,,US,,,,,
,visa,,,ASHEVILLE,NC,,US,,,,,
,visa,,,ASHEVILLE,NC,,US,,,,,
,visa,,,ASHEVILLE,NC,,US,,,,,
,visa,,,ASHEVILLE,NC,,US,,,,,
,visa,,,ASHEVILLE,NC,,US,,,,,
,visa,,,ASHEVILLE,NC,,US,,,,,
,visa,,,ASHEVILLE,NC,,US,,,,,
,visa,,,ASHEVILLE,NC,,US,,,,,
,visa,,,ASHEVILLE,NC,,US,,,,,
,visa,,,ASHEVILLE,NC,,US,,,,,
,visa,,,ASHEVILLE,NC,,US,,,,,
,visa,,,ASHEVILLE,NC,,US,,,,,
,visa,,,ASHEVILLE,NC,,US,,,,,
,visa,,,ASHEVILLE,NC,,US,,,,,
,visa,,,ASHEVILLE,NC,,US,,,,,
,visa,,,ASHEVILLE,NC,,US,,,,,
,visa,,,ASHEVILLE,NC,,US,,,,,
,visa,,,ASHEVILLE,NC,,US,,,,,
,visa,,,ASHEVILLE,NC,,US,,,,,
,visa,,,ASHEVILLE,NC,,US,,,,,
,visa,,,ASHEVILLE,NC,,US,,,,,
,visa,,,ASHEVILLE,NC,,US,,,,,
,visa,,,ASHEVILLE,NC,,US,,,,,
,visa,,,ASHEVILLE,NC,,US,,,,,
,visa,,,ASHEVILLE,NC,,US,,,,,
,visa,,,ASHEVILLE,NC,,US,,,,,
,visa,,,ASHEVILLE,NC,,US,,,,,
,visa,,,ASHEVILLE,NC,,US,,,,,
,visa,,,ASHEVILLE,NC,,US,,,,,
,visa,,,ASHEVILLE,NC,,US,,,,,
,visa,,,ASHEVILLE,NC,,US,,,,,
,visa,,,LEICESTER,NC,,US,,,,,
,visa,,,ASHVILLE,NC,,US,,,,,
,visa,,,ASHVILLE,NC,,US,,,,,
,visa,,,ASHEVILLE,NC,,US,,,,,
,visa,,,ASHEVILLE,NC,,US,,,,,
,visa,,,ASHEVILLE,NC,,US,,,,,
,visa,,,ASHEVILLE,NC,,US,,,,,
,visa,,,ASHEVILLE,NC,,US,,,,,
,visa,,,ASHEVILLE,NC,,US,,,,,
,visa,,,ASHEVILLE,NC,,US,,,,,
,visa,,,ASHEVILLE,NC,,US,,,,,
,visa,,,LEICESTER,NC,,US,,,,,
,visa,,,ASHEVILLE,NC,,US,,,,,
,visa,,,ASHEVILLE,NC,,US,,,,,
,visa,,,ASHEVILLE,NC,,US,,,,,
,visa,,,ASHEVILLE,NC,,US,,,,,
,visa,,,ASHEVILLE,NC,,US,,,,,
24,waffle_house_us,Waffle House #24,,ASHEVILLE,NC,,US,+1 828-665-1500,https://locations.wafflehouse.com/asheville-nc-24,24/7,Waffle House,Q1701206
https://www.walgreens.com/locator/walgreens-1124+patton+ave-asheville-nc-28806/id=16102,walgreens,Walgreens,,Asheville,NC,,US,+1 828-236-1519,https://www.walgreens.com/locator/walgreens-1124+patton+ave-asheville-nc-28806/id=16102,Mo-Su 08:00-21:00,Walgreens,Q1591889
https://www.walgreens.com/locator/walgreens-578+new+leicester+hwy-asheville-nc-28806/id=12779,walgreens,Walgreens,,Asheville,NC,,US,+1 828-771-0512,https://www.walgreens.com/locator/walgreens-578+new+leicester+hwy-asheville-nc-28806/id=12779,Mo-Sa 07:00-22:00; Su 08:00-22:00,Walgreens,Q1591889
940__BREVARD__RD_ASHEVILLE_NC_28806,wellsfargo,,940 BREVARD RD,ASHEVILLE,NC,,US,+1 800-869-3557,https://www.wellsfargo.com/locator/bank/940__BREVARD__RD_ASHEVILLE_NC_28806/,,Wells Fargo,Q744149
1__VERMONT__AVE_ASHEVILLE_NC_28806,wellsfargo,,1 VERMONT AVE,ASHEVILLE,NC,,US,+1 800-869-3557,https://www.wellsfargo.com/locator/bank/1__VERMONT__AVE_ASHEVILLE_NC_28806/,,Wells Fargo,Q744149
1037__W__PATTON__AVE_ASHEVILLE_NC_28806,wellsfargo,Wells Fargo,1037 W PATTON AVE,ASHEVILLE,NC,,US,+1 828-255-2221,https://www.wellsfargo.com/locator/bank/1037__W__PATTON__AVE_ASHEVILLE_NC_28806/,Mo-Fr 09:00-17:00,Wells Fargo,Q744149
https://locations.wendys.com/#9250662,wendys,"Wendy's 24 Smokey Park in Asheville, NC",,Asheville,NC,,US,+1 828-665-0440,https://locations.wendys.com/united-states/nc/asheville/265-smokey-park-hwy,"Mo-Th 06:30-10:30,09:00-22:00; Fr-Sa 06:30-10:30,09:00-23:00; Su 06:30-10:30,09:00-22:00",Wendy's,Q550258
9449863f72feb8bc1ea47a276319ce14,western_union,DOLLAR GENERAL #20560,,Asheville,NC,,US,+1 828-782-3410,https://location.westernunion.com/us/nc/asheville/9449863f72feb8bc1ea47a276319ce14,Mo-Su 08:00-22:00,Western Union,Q861042
4da66be9d48e2f4ff4d62401e96914bf,western_union,LOS NENES BAKERY LLC,,Asheville,NC,,US,+1 828-253-2086,https://location.westernunion.com/us/nc/asheville/4da66be9d48e2f4ff4d62401e96914bf,Mo-Su 08:00-22:00,Western Union,Q861042
5947ac2713eed1faec0f56719376303a,western_union,I-MARKET #731,,Asheville,NC,,US,+1 828-667-9306,https://location.westernunion.com/us/nc/asheville/5947ac2713eed1faec0f56719376303a,Mo-Su 08:00-21:00,Western Union,Q861042
301fb9901364c272eb1eac494257cc47,western_union,FOOD LION #412,,Asheville,NC,,US,+1 828-667-8785,https://location.westernunion.com/us/nc/asheville/301fb9901364c272eb1eac494257cc47,Mo-Su 07:00-23:00,Western Union,Q861042
969f5639f1cc61e8c1a82465f7398aff,western_union,AZTECA INC #2,,Asheville,NC,,US,+1 828-251-7283,https://location.westernunion.com/us/nc/asheville/969f5639f1cc61e8c1a82465f7398aff,Mo-Su 09:00-21:30,Western Union,Q861042
