Ref,Spider,Name,Address,City,State,Zipcode,Country,Phone,Website,Hours,Brand,WikiData
6804,aaa,Town & Country Office,,St. Louis,MO,,US,+1 314-514-7888,,,American Automobile Association,Q463436
1003,aaa,Creve Coeur- East Insurance Office,,Creve Coeur,MO,,US,+1 314-989-0793,,,American Automobile Association,Q463436
https://stores.aldi.us/#4420671,aldi_sud_us,ALDI  11745 Olive Blvd,,Creve Coeur,MO,,US,+1 855-955-2534,https://stores.aldi.us/mo/creve-coeur/11745-olive-blvd,"Mo-Th 08:30-20:00,09:00-20:00; Fr 08:30-15:00,08:30-20:00,09:00-20:00; Sa-Su 08:30-20:00,09:00-20:00",ALDI,Q41171672
https://restaurants.applebees.com/en-us/mo/creve-coeur/11950-olive-blvd-81012,applebees,Connect with this Applebee's,,Creve Coeur,MO,,US,+1 314-567-3252,https://restaurants.applebees.com/en-us/mo/creve-coeur/11950-olive-blvd-81012,Mo-Th 11:00-22:00; Fr-Sa 11:00-23:00; Su 11:00-22:00,Applebees,Q621532
23892,asics_us,Birkenstock & More,12350 Olive Blvd,St. Louis,MO,,US,+1 314-434-4430,,Mo-Sa 10:00-18:00; Su 10:00-15:00,asics,Q327247
94589,att_us,CREVE COEUR,,Creve Coeur,MO,,US,+1 314-692-2265,https://www.att.com/stores/missouri/creve-coeur/94589,Mo-Fr 09:00-20:00; Sa 09:00-19:00; Su 10:00-18:00,AT&T,Q298594
USAA24A10,audi,Audi Creve Coeur,"11830 Olive Blvd., Creve Coeur, MO 63141",Creve Coeur,MO,,US,+1 314-301-1700,,,Audi,Q23317
6870,autozone_us,AutoZone Auto Parts Saint Louis,,Saint Louis,MO,,US,+1 314-624-6630,https://www.autozone.com/locations/mo/saint-louis/13029-olive-blvd.html,Mo-Fr 07:30-20:00; Sa 07:30-19:00; Su 09:00-19:00,AutoZone,Q4826087
https://locators.bankofamerica.com/mo/crevecoeur/financial-centers-creve-coeur-8060.html,bankofamerica,Bank of America Financial Center & Drive-Thru ATM | Fern Ridge Parkway,,Creve Coeur,MO,,US,+1 314-284-8500,https://locators.bankofamerica.com/mo/crevecoeur/financial-centers-creve-coeur-8060.html,Mo-Fr 09:00-17:00; Sa 09:00-14:00,Bank of America,Q487907
https://locators.bankofamerica.com/mo/saintlouis/sales-office-atm-saint-louis-110643.html,bankofamerica,Bank of America Bank of America Advanced Center™Virtual Banking & Separate ATM | Mosley Square,,Saint Louis,MO,,US,+1 314-254-5293,https://locators.bankofamerica.com/mo/saintlouis/sales-office-atm-saint-louis-110643.html,Mo-Fr 09:00-17:00; Sa 09:00-15:00,Bank of America,Q487907
Christian Brothers College High School,barnesnoblecollege,Christian Brothers College High School,,Louis,MO,,US,,https://www.bncollege.com/campus-stores/,,Barnes & Noble College,Q4861508
De Smet Jesuit High School,barnesnoblecollege,De Smet Jesuit High School,,Louis,MO,,US,,https://www.bncollege.com/campus-stores/,,Barnes & Noble College,Q4861508
Saint Louis Priory School,barnesnoblecollege,Saint Louis Priory School,,Louis,MO,,US,,https://www.bncollege.com/campus-stores/,,Barnes & Noble College,Q4861508
Whitfield School,barnesnoblecollege,Whitfield School,,Louis,MO,,US,,https://www.bncollege.com/campus-stores/,,Barnes & Noble College,Q4861508
BBW01270,bathandbodyworks_us,HERITAGE PLACE SHOPPING CENTER,,CREVE COEUR,MO,,US,+1 314-514-9126,,Mo-Sa 10:00-20:00; Su 11:00-17:00,Bath & Body Works,Q810773
379,batteriesplus,Visit our Creve Coeur store Today,,Creve Coeur,MO,,US,+1 314-392-9939,https://www.batteriesplus.com/store-locator/mo/crevecoeur/batteries-plus-379,Mo-Sa 08:00-19:00; Su 10:00-17:00,Batteries Plus Bulbs,Q17005157
150748,bluerhino,Walgreens #3305,,Creve Coeur,MO,,US,+1 314-878-4413,,,Blue Rhino,Q65681213
213675,bluerhino,Alta Convenience #6565,,Creve Coeur,MO,,US,+1 314-567-1763,,,Blue Rhino,Q65681213
240442,bluerhino,Circle K #4701650,,Creve Coeur,MO,,US,+1 314-569-2956,,,Blue Rhino,Q65681213
156426,bluerhino,Walgreens #10082,,Creve Coeur,MO,,US,+1 314-997-0555,,,Blue Rhino,Q65681213
21181_01,bmw_group,Plaza Motor Company,,Creve Coeur,MO,,US,+1 314-301-1705,https://www.plazabmw.com,,BMW,Q26678
24793977330016314100100000000000,bp,BP,,Creve Coeur,MO,,US,+1 314-993-0576,,Mo-Fr 05:00-23:00; Sa 06:00-23:00; Su 07:00-22:00,BP,Q152057
8482,burgerking,Burger King,,St. Louis,MO,,US,+1 314-579-6080,https://www.bk.com/store-locator/store/restaurant_4789,Mo-Sa 05:30-22:00; Su 07:00-21:00,Burger King,Q177054
1015369375,chase_us,Creve Coeur - New branch,,Saint Louis,MO,,US,+1 314-986-1000,https://locator.chase.com/mo/saint-louis/11600-olive-blvd,Mo-Fr 09:00-17:00; Sa 09:00-13:00,Chase,Q524629
03827,chevrolet,WEBER CHEVROLET CO.,,Creve Coeur,MO,,US,+1 866-695-3442,https://www.weberchev.com/,Mo 08:30-19:00; Tu 08:30-18:00; We 08:30-19:00; Th 08:30-18:00; Fr 08:30-19:00; Sa 08:30-18:00,Chevrolet,Q29570
mo_creve-coeur_11485-olive-blvd,chipotle, ,,Creve Coeur,MO,,US,+1 314-983-9358,https://locations.chipotle.com/mo/creve-coeur/11485-olive-blvd,,Chipotle,Q465751
87229,citi,ATM Walgreens,,Creve Coeur,MO,,US,,,,Citibank,Q857063
37338,citi,ATM BUSEY BANK,,Saint Louis,MO,,US,,,,Citibank,Q857063
39332,citi,ATM Central Bank,,Creve Coeur,MO,,US,,,,Citibank,Q857063
47265,citi,ATM CVS,,Creve Coeur,MO,,US,,,,Citibank,Q857063
86645,citi,ATM Walgreens,,Creve Coeur,MO,,US,,,,Citibank,Q857063
21507,coldstone_creamery,Cold Stone Creamery,,Creve Coeur,MO,,US,+1 314-576-3945,https://www.coldstonecreamery.com/stores/21507,,Cold Stone Creamery,Q1094923
18010,cvs_us,CVS Pharmacy,,Creve Coeur,MO,,US,+1 314-434-4522,https://www.cvs.com/store-locator/creve-coeur-mo-pharmacies/12756-olive-street-rd-creve-coeur-mo-63141/storeid=18010,"Mo-Fr 09:00-13:30,14:00-19:00; Sa 10:00-13:30,14:00-18:00; Su 11:00-13:30,14:00-17:00",CVS Pharmacy,Q2078880
18001,cvs_us,CVS Pharmacy,,St. Louis,MO,,US,+1 314-432-5599,https://www.cvs.com/store-locator/st-louis-mo-pharmacies/10650-olive-blvd-st-louis-mo-63141/storeid=18001,"Mo-Fr 09:00-13:30,14:00-19:00; Sa 10:00-13:30,14:00-18:00; Su 11:00-13:30,14:00-17:00",CVS Pharmacy,Q2078880
3087,cvs_us,CVS Pharmacy,,Creve Coeur,MO,,US,+1 314-995-7128,https://www.cvs.com/store-locator/creve-coeur-mo-pharmacies/11560-olive-blvd-creve-coeur-mo-63141/storeid=3087,Mo-Su 06:00-00:00,CVS Pharmacy,Q2078880
vc_0414V,department_veterans_affairs,St. Louis Vet Center,,Creve Coeur,MO,,US,+1 314-894-5739,,,Department Veterans Affairs,Q592576
TG9jYXRpb246MjQ=,dierbergs,Heritage Place,,St. Louis,MO,,US,+1 314-542-2094,,Mo-Su 06:00-22:00,Dierberg's,Q5274978
TG9jYXRpb246MzI=,dierbergs,West Oak,,St. Louis,MO,,US,+1 314-432-6561,,Mo-Su 06:00-22:00,Dierberg's,Q5274978
1602,dominos_pizza_us,Domino's Pizza,,Creve Coeur,MO,,US,+1 314-567-1010,https://pizza.dominos.com/missouri/creve-coeur/11933-olive-blvd,Mo-Th 10:00-24:00; Fr 10:00-01:00; Sa 10:30-01:00; Su 10:30-24:00,Domino's,Q839466
https://www.edwardjones.com/us-en/financial-advisor/jared-ramsey,edwardjones,Jared B Ramsey,,Creve Coeur,MO,,US,+1 314-567-5543,https://www.edwardjones.com/us-en/financial-advisor/jared-ramsey,Mo-We 08:00-16:30; Th 08:00-17:00; Fr 08:00-16:30,Edward Jones,Q5343830
E10119,enterprise,Creve Coeur,,Saint Louis,MO,,US,+1 314-569-3200,,,Enterprise Rent-A-Car,Q17085454
0458,european_wax_center_us,European Wax Center,,Creve Coeur,MO,,US,+1 314-628-9300,https://locations.waxcenter.com/mo/crevecoeur/creve-coeur-0458.html,Mo-Fr 09:00-20:00; Sa 09:00-17:00; Su 10:00-16:00,European Wax Center,Q5413426
20303,firestone_auto_care,Firestone Complete Auto Care,,Saint Louis,MO,,US,+1 314-720-6316,https://local.firestonecompleteautocare.com/missouri/saint-louis/12740-olive-blvd/,,Firestone,Q420837
https://restaurants.fiveguys.com/#15552750,five_guys_us,Five Guys Creve Coeur,,St. Louis,MO,,US,+1 314-997-6700,https://restaurants.fiveguys.com/790-north-new-ballas-road,"Mo-Su 11:00-21:30,11:00-22:00",Five Guys,Q1131810
534906,follett,Maryville University,,St. Louis,MO,,US,+1 314-529-9438,https://www.bkstr.com/maryvillemstore/home,,,
4427,fresenius_kidney_care_us,Fresenius Kidney Care Creve Coeur,,Saint Louis,MO,,US,+1 800-881-5101,https://www.freseniuskidneycare.com/dialysis-centers/missouri/4427,Mo 05:00-20:30; Tu 06:00-15:30; We 05:00-20:30; Th 06:00-15:30; Fr 05:00-20:30; Sa 06:00-15:30,,
100747,fresenius_kidney_care_us,Fresenius Kidney Care Creve Coeur Home,,Saint Louis,MO,,US,+1 800-881-5101,https://www.freseniuskidneycare.com/dialysis-centers/missouri/100747,Mo-Fr 08:00-16:30,,
0420,gamestop_us,Heritage Place,,Creve Coeur,MO,,US,+1 314-514-0550,https://www.gamestop.com/search/?store=0420,Mo-Th 12:00-19:00; Fr-Sa 11:00-21:00; Su 12:00-18:00,GameStop,Q202210
https://stores.gnc.com/#24058193,gnc,GNC Heritage Place,,,MO,,US,+1 314-453-9599,https://stores.gnc.com/all-stores-missouri/st.-louis/12591-olive-blvd,Mo-Sa 10:00-20:00; Su 10:00-18:00,GNC,Q4808595
https://salons.greatclips.com/us/mo/saint-louis/10554-old-olive-st-rd,greatclips,Great Clips,,Saint Louis,MO,,US,+1 314-567-4535,https://salons.greatclips.com/us/mo/saint-louis/10554-old-olive-st-rd,Mo-Fr 09:00-19:00; Sa-Su 09:00-17:00,Great Clips,Q5598967
https://www.blockadvisors.com/local-tax-offices/missouri/creve-coeur/12734-olive-blvd/24035/,h_r_block,H&R Block,,Creve Coeur,MO,,US,+1 314-434-3084,https://www.blockadvisors.com/local-tax-offices/missouri/creve-coeur/12734-olive-blvd/24035/,,H&R Block,Q5627799
https://locations.ironmountain.com/mo/creve-coeur/379/,iron_mountain,"Iron Mountain in 10720 Baur, Creve Coeur, Missouri | Secure Shredding, Scanning, IT Asset Disposition, & Records Management",,Creve Coeur,MO,,US,+1 800-899-4766,https://locations.ironmountain.com/mo/creve-coeur/379/,,Iron Mountain Incorporated,Q1673079
https://locations.jimmyjohns.com/mo/crevecoeur/sandwiches-61.html,jimmy_johns,Jimmy John's,,Creve Coeur,MO,,US,+1 314-275-7011,https://locations.jimmyjohns.com/mo/crevecoeur/sandwiches-61.html,,Jimmy John's,Q1689380
353,kohls_us,Kohl's,,Creve Coeur,MO,,US,+1 314-878-4700,https://www.kohls.com/stores/mo/crevecoeur-353.shtml,Mo-Sa 09:00-21:00; Su 09:00-20:00,Kohl's,Q967265
STLWE,marriott,Marriott St. Louis West,,St. Louis,MO,,US,+1 314-878-2747,https://www.marriott.com/STLWE,,Marriott Hotels & Resorts,Q3918608
https://locations.massageenvy.com/#1773482,massage_envy,Massage Envy Creve Coeur,,Creve Coeur,MO,,US,+1 314-744-7779,https://locations.massageenvy.com/missouri/creve-coeur/12528-olive-blvd.html,Mo-Fr 08:00-21:00; Sa 08:00-18:00; Su 10:00-18:00,Massage Envy,Q10327170
17170,mattress_firm_us,Mattress Firm Creve Coeur,,Creve Coeur,MO,,US,+1 314-692-9006,https://www.mattressfirm.com/en-us/stores/mo/creve-coeur/018014/,,Mattress Firm,Q6791878
12515-olive-blvd,mcalisters_deli,McAlister's Deli Creve Coeur ,,Creve Coeur,MO,,US,+1 314-985-3280,https://locations.mcalistersdeli.com/mo/creve-coeur/12515-olive-blvd,Mo-Su 10:30-21:00,McAlister's Deli,Q17020829
https://www.mercy.net/content/mercy/us/en/practice/creve-coeur/mercy-gohealth-urgent-care-creve-coeur.html,mercy,Mercy-GoHealth Urgent Care - Creve Coeur,,Creve Coeur,MO,,US,+1 314-428-9543,https://www.mercy.nethttps://www.gohealthuc.com/mercy-st-louis/locations/creve-coeur,Mo-Fr 08:00-20:00; Sa-Su 09:00-17:00,Mercy,Q30289045
https://www.mercy.net/content/mercy/us/en/practice/creve-coeur/mercy-pharmacy-dierbergs-west-oak.html,mercy,Mercy Pharmacy - Dierbergs West Oak,,Creve Coeur,MO,,US,+1 314-432-5708,https://www.mercy.net/practice/mercy-pharmacy-dierbergs-west-oak,"Mo-Fr 08:00-13:30,14:00-20:00; Sa 08:00-13:30,14:00-18:00; Su 10:00-16:00",Mercy,Q30289045
https://www.mercy.net/content/mercy/us/en/practice/st-louis/mercy-sports-performance-at-the-mercy-center-for-performance-medicine.html,mercy,Mercy Sports Performance at the Mercy Center for Performance Medicine,,St. Louis,MO,,US,+1 314-251-5810,https://www.mercy.net/practice/mercy-sports-performance-at-the-mercy-center-for-performance-medicine,Mo-Fr 09:00-20:15; Sa 09:00-11:00,Mercy,Q30289045
https://www.mercy.net/content/mercy/us/en/practice/st-louis/mercy-arrhythmia-center-st-louis.html,mercy,Mercy Arrhythmia Center - St. Louis,,St. Louis,MO,,US,+1 314-251-1700,https://www.mercy.net/practice/mercy-arrhythmia-center-st-louis,Mo-Fr 08:00-17:00,Mercy,Q30289045
https://www.mercy.net/content/mercy/us/en/practice/st-louis/mercy-clinic-electrophysiology-mercy-heart-hospital-st-louis.html,mercy,Mercy Clinic Electrophysiology - Mercy Heart Hospital St. Louis,,St. Louis,MO,,US,+1 314-251-1700,https://www.mercy.net/practice/mercy-clinic-electrophysiology-mercy-heart-hospital-st-louis,,Mercy,Q30289045
https://www.mercy.net/content/mercy/us/en/practice/st-louis/mercy-heart-and-vascular-hospital-st-louis.html,mercy,Mercy Heart and Vascular Hospital St. Louis,,St. Louis,MO,,US,+1 314-251-1100,https://www.mercy.net/practice/mercy-heart-and-vascular-hospital-st-louis,24/7,Mercy,Q30289045
https://www.mercy.net/content/mercy/us/en/practice/st-louis/mercy-clinic-heart-and-vascular-mercy-heart-hospital-st-louis.html,mercy,Mercy Clinic Heart and Vascular - Mercy Heart Hospital St. Louis,,St. Louis,MO,,US,+1 314-251-1700,https://www.mercy.net/practice/mercy-clinic-heart-and-vascular-mercy-heart-hospital-st-louis,Mo-Fr 07:30-16:30,Mercy,Q30289045
https://www.mercy.net/content/mercy/us/en/practice/st-louis/mercy-clinic-cardiovascular-and-thoracic-surgery-mercy-heart-hospital-st-louis.html,mercy,Mercy Clinic Cardiovascular and Thoracic Surgery - Mercy Heart Hospital St. Louis,,St. Louis,MO,,US,+1 314-251-6970,https://www.mercy.net/practice/mercy-clinic-cardiovascular-and-thoracic-surgery-mercy-heart-hospital-st-louis,Mo-Fr 08:30-16:00,Mercy,Q30289045
https://www.mercy.net/content/mercy/us/en/practice/st-louis/mercy-clinic-vascular-specialists-mercy-heart-hospital-st-louis.html,mercy,Mercy Clinic Vascular Specialists - Mercy Heart Hospital St. Louis,,St. Louis,MO,,US,+1 314-251-4200,https://www.mercy.net/practice/mercy-clinic-vascular-specialists-mercy-heart-hospital-st-louis,Mo-Fr 08:30-16:00,Mercy,Q30289045
https://www.mercy.net/content/mercy/us/en/practice/st-louis/mercy-clinic-orthopedic-and-walk-in-care-at-the-mercy-center-for-performance-medicine.html,mercy,Mercy Clinic Orthopedic and Walk-in Care at the Mercy Center for Performance Medicine,,St. Louis,MO,,US,+1 314-251-6710,https://www.mercy.net/practice/mercy-clinic-orthopedic-and-walk-in-care-at-the-mercy-center-for-performance-medicine,Mo-Th 10:00-18:00; Fr 10:00-17:00; Sa 08:00-12:00,Mercy,Q30289045
https://www.mercy.net/content/mercy/us/en/practice/st-louis/mercy-clinic-spine-and-pain-management-at-the-mercy-center-for-performance-medicine.html,mercy,Mercy Clinic Spine and Pain Management at the Mercy Center for Performance Medicine,,St. Louis,MO,,US,+1 314-251-7888,https://www.mercy.net/practice/mercy-clinic-spine-and-pain-management-at-the-mercy-center-for-performance-medicine,Mo-Fr 08:00-16:30,Mercy,Q30289045
https://www.mercy.net/content/mercy/us/en/practice/st-louis/mercy-clinic-sports-medicine-at-the-mercy-center-for-performance-medicine.html,mercy,Mercy Clinic Sports Medicine at the Mercy Center for Performance Medicine,,St. Louis,MO,,US,+1 314-251-6710,https://www.mercy.net/practice/mercy-clinic-sports-medicine-at-the-mercy-center-for-performance-medicine,Mo-Th 08:00-17:00,Mercy,Q30289045
https://www.mercy.net/content/mercy/us/en/practice/st-louis/mercy-clinic-neurosurgery-at-the-mercy-center-for-performance-medicine.html,mercy,Mercy Clinic Neurosurgery at the Mercy Center for Performance Medicine,,St. Louis,MO,,US,+1 314-251-6364,https://www.mercy.net/practice/mercy-clinic-neurosurgery-at-the-mercy-center-for-performance-medicine,Mo-Fr 08:00-17:00,Mercy,Q30289045
https://www.mercy.net/content/mercy/us/en/practice/st-louis/mercy-clinic-plastic-surgery-at-the-mercy-center-for-performance-medicine.html,mercy,Mercy Clinic Plastic Surgery at the Mercy Center for Performance Medicine,,St. Louis,MO,,US,+1 314-251-8750,https://www.mercy.net/practice/mercy-clinic-plastic-surgery-at-the-mercy-center-for-performance-medicine,Mo-Fr 08:00-16:30,Mercy,Q30289045
https://www.mercy.net/content/mercy/us/en/practice/st-louis/mercy-clinic-physical-medicine-and-rehabilitation-at-the-mercy-center-for-performance-medicine.html,mercy,Mercy Clinic Physical Medicine and Rehabilitation at the Mercy Center for Performance Medicine,,St. Louis,MO,,US,+1 314-251-6710,https://www.mercy.net/practice/mercy-clinic-physical-medicine-and-rehabilitation-at-the-mercy-center-for-performance-medicine,Mo-Fr 08:00-17:00,Mercy,Q30289045
https://www.mercy.net/content/mercy/us/en/practice/st-louis/mercy-sports-medicine-at-the-mercy-center-for-performance-medicine.html,mercy,Mercy Sports Medicine at the Mercy Center for Performance Medicine,,St. Louis,MO,,US,+1 314-251-5810,https://www.mercy.net/practice/mercy-sports-medicine-at-the-mercy-center-for-performance-medicine,,Mercy,Q30289045
https://www.mercy.net/content/mercy/us/en/practice/st-louis/office-of-precision-medicine-at-the-mercy-center-for-performance-medicine.html,mercy,Office of Precision Medicine at the Mercy Center for Performance Medicine,,St. Louis,MO,,US,+1 314-251-7855,https://www.mercy.net/practice/office-of-precision-medicine-at-the-mercy-center-for-performance-medicine,Mo-Fr 08:00-16:30,Mercy,Q30289045
https://www.mercy.net/content/mercy/us/en/practice/st-louis/mercy-pharmacy-at-the-mercy-center-for-performance-medicine.html,mercy,Mercy Pharmacy at the Mercy Center for Performance Medicine,,St. Louis,MO,,US,+1 314-251-7570,https://www.mercy.net/practice/mercy-pharmacy-at-the-mercy-center-for-performance-medicine,Mo-Fr 07:30-18:00,Mercy,Q30289045
https://www.mercy.net/content/mercy/us/en/practice/st-louis/mercy-therapy-services-at-the-mercy-center-for-performance-medicine.html,mercy,Mercy Therapy Services at the Mercy Center for Performance Medicine,,St. Louis,MO,,US,+1 314-251-5810,https://www.mercy.net/practice/mercy-therapy-services-at-the-mercy-center-for-performance-medicine,,Mercy,Q30289045
https://www.mercy.net/content/mercy/us/en/practice/st-louis/mercy-imaging-services-at-the-mercy-center-for-performance-medicine.html,mercy,Mercy Imaging Services at the Mercy Center for Performance Medicine,,St. Louis,MO,,US,+1 314-251-5720,https://www.mercy.net/practice/mercy-imaging-services-at-the-mercy-center-for-performance-medicine,,Mercy,Q30289045
https://www.mercy.net/content/mercy/us/en/practice/st-louis/mercy-multispecialty-surgery-center-at-the-mercy-center-for-performance-medicine.html,mercy,Mercy Multispecialty Surgery Center at the Mercy Center for Performance Medicine,,St. Louis,MO,,US,+1 314-251-7580,https://www.mercy.net/practice/mercy-multispecialty-surgery-center-at-the-mercy-center-for-performance-medicine,,Mercy,Q30289045
https://www.mercy.net/content/mercy/us/en/practice/st-louis/mercy-clinic-bariatrics-at-the-mercy-center-for-performance-medicine.html,mercy,Mercy Clinic Bariatrics at the Mercy Center for Performance Medicine,,St. Louis,MO,,US,+1 314-251-5890,https://www.mercy.net/practice/mercy-clinic-bariatrics-at-the-mercy-center-for-performance-medicine,Mo-Fr 08:00-16:30,Mercy,Q30289045
https://www.mercy.net/content/mercy/us/en/practice/st-louis/mercy-clinic-childrens-urology-at-the-mercy-center-for-performance-medicine.html,mercy,Mercy Clinic Children's Urology at the Mercy Center for Performance Medicine,,St. Louis,MO,,US,+1 314-251-6990,https://www.mercy.net/practice/mercy-clinic-childrens-urology-at-the-mercy-center-for-performance-medicine,Mo-Fr 09:00-16:00,Mercy,Q30289045
https://www.mercy.net/content/mercy/us/en/practice/st-louis/mercy-clinic-urology-at-the-mercy-center-for-performance-medicine.html,mercy,Mercy Clinic Urology at the Mercy Center for Performance Medicine,,St. Louis,MO,,US,+1 314-251-8850,https://www.mercy.net/practice/mercy-clinic-urology-at-the-mercy-center-for-performance-medicine,Mo-Fr 08:00-16:00,Mercy,Q30289045
https://www.mercy.net/content/mercy/us/en/practice/st-louis/mercy-clinic-orthopedic-surgery-at-the-mercy-center-for-performance-medicine.html,mercy,Mercy Clinic Orthopedic Surgery at the Mercy Center for Performance Medicine,,St. Louis,MO,,US,+1 314-251-6710,https://www.mercy.net/practice/mercy-clinic-orthopedic-surgery-at-the-mercy-center-for-performance-medicine,Mo-Fr 08:00-16:00,Mercy,Q30289045
https://www.mercy.net/content/mercy/us/en/practice/st-louis/mercy-center-for-performance-medicine-and-specialty-care.html,mercy,Mercy Center for Performance Medicine and Specialty Care,,St. Louis,MO,,US,+1 314-251-6000,https://www.mercy.net/practice/mercy-center-for-performance-medicine-and-specialty-care,Mo-Fr 06:00-19:00; Sa 08:00-12:00,Mercy,Q30289045
https://www.mercy.net/content/mercy/us/en/practice/st-louis/mercy-occupational-and-corporate-health-studt-avenue.html,mercy,Mercy Occupational and Corporate Health - Studt Avenue,,St. Louis,MO,,US,+1 314-989-9199,https://www.mercy.net/practice/mercy-occupational-and-corporate-health-studt-avenue,Mo-Fr 07:00-17:00,Mercy,Q30289045
https://www.mercy.net/content/mercy/us/en/practice/st-louis/mercy-clinic-fertility-services-studt-avenue.html,mercy,Mercy Clinic Fertility Services - Studt Avenue,,St. Louis,MO,,US,+1 314-991-0327,https://www.mercy.net/practice/mercy-clinic-fertility-services-studt-avenue,,Mercy,Q30289045
https://www.mercy.net/content/mercy/us/en/practice/st-louis/mercy-hyperbaric-and-wound-care-studt-avenue.html,mercy,Mercy Hyperbaric and Wound Care - Studt Avenue,,St. Louis,MO,,US,+1 314-989-1181,https://www.mercy.net/practice/mercy-hyperbaric-and-wound-care-studt-avenue,Mo-Fr 08:00-16:00,Mercy,Q30289045
https://www.mercy.net/content/mercy/us/en/practice/st-louis/mercy-spiritual-care-st-louis.html,mercy,Mercy Spiritual Care - St. Louis,,St. Louis,MO,,US,+1 314-251-6470,https://www.mercy.net/practice/mercy-spiritual-care-st-louis,Mo-Su 06:00-17:00,Mercy,Q30289045
https://www.mercy.net/content/mercy/us/en/practice/st-louis/mercy-birthplace-st-louis.html,mercy,Mercy Birthplace - St. Louis,,St. Louis,MO,,US,+1 314-251-6092,https://www.mercy.net/practice/mercy-birthplace-st-louis,24/7,Mercy,Q30289045
https://www.mercy.net/content/mercy/us/en/practice/st-louis/mercy-volunteer-services-st-louis.html,mercy,Mercy Volunteer Services - St. Louis,,St. Louis,MO,,US,+1 314-251-6180,https://www.mercy.net/practice/mercy-volunteer-services-st-louis,Mo-Fr 08:00-16:30,Mercy,Q30289045
https://www.mercy.net/content/mercy/us/en/practice/st-louis/mercy-health-foundation-st-louis.html,mercy,Mercy Health Foundation St. Louis,,St. Louis,MO,,US,+1 314-251-1800,https://www.mercy.net/practice/mercy-health-foundation-st-louis,Mo-Fr 08:00-16:30,Mercy,Q30289045
https://www.mercy.net/content/mercy/us/en/practice/st-louis/mercy-childrens-hospital-st-louis.html,mercy,Mercy Children's Hospital St. Louis,,St. Louis,MO,,US,+1 314-251-6000,https://www.mercy.net/practice/mercy-childrens-hospital-st-louis,24/7,Mercy,Q30289045
https://www.mercy.net/content/mercy/us/en/practice/st-louis/mercy-clinic-childrens-critical-care.html,mercy,Mercy Clinic Children's Critical Care,,St. Louis,MO,,US,+1 314-251-6598,https://www.mercy.net/practice/mercy-clinic-childrens-critical-care,24/7,Mercy,Q30289045
https://www.mercy.net/content/mercy/us/en/practice/st-louis/mercy-clinic-neuropsychology-st-louis.html,mercy,Mercy Clinic Neuropsychology - St. Louis,,St. Louis,MO,,US,+1 314-251-4683,https://www.mercy.net/practice/mercy-clinic-neuropsychology-st-louis,,Mercy,Q30289045
https://www.mercy.net/content/mercy/us/en/practice/st-louis/mercy-clinic-childrens-infectious-disease-and-rheumatology-st-louis.html,mercy,Mercy Clinic Children's Infectious Disease and Rheumatology - St. Louis,,St. Louis,MO,,US,+1 314-251-6831,https://www.mercy.net/practice/mercy-clinic-childrens-infectious-disease-and-rheumatology-st-louis,Mo-Th 08:00-15:30; Fr 08:00-14:00,Mercy,Q30289045
https://www.mercy.net/content/mercy/us/en/practice/st-louis/mercy-burn-center-st-louis.html,mercy,Mercy Burn Center - St. Louis,,St. Louis,MO,,US,+1 314-251-6055,https://www.mercy.net/practice/mercy-burn-center-st-louis,24/7,Mercy,Q30289045
https://www.mercy.net/content/mercy/us/en/practice/st-louis/mercy-cardiopulmonary-rehabilitation-st-louis.html,mercy,Mercy Cardiopulmonary Rehabilitation - St. Louis,,St. Louis,MO,,US,+1 314-251-6337,https://www.mercy.net/practice/mercy-cardiopulmonary-rehabilitation-st-louis,Mo 07:00-17:00; Tu 07:00-15:30; We 07:00-17:00; Th 07:00-15:30; Fr 07:00-17:00,Mercy,Q30289045
https://www.mercy.net/content/mercy/us/en/practice/st-louis/mercy-behavioral-health-st-louis.html,mercy,Mercy Behavioral Health - St. Louis,,St. Louis,MO,,US,+1 314-251-4845,https://www.mercy.net/practice/mercy-behavioral-health-st-louis,Mo-Fr 08:00-20:00,Mercy,Q30289045
https://www.mercy.net/content/mercy/us/en/practice/st-louis/emerson-level-iv-neonatal-intensive-care-unit-st-louis.html,mercy,Emerson Level IV Neonatal Intensive Care Unit - St. Louis,,St. Louis,MO,,US,+1 314-251-6450,https://www.mercy.net/practice/emerson-level-iv-neonatal-intensive-care-unit-st-louis,24/7,Mercy,Q30289045
https://www.mercy.net/content/mercy/us/en/practice/st-louis/mercy-hospital-st-louis.html,mercy,Mercy Hospital St. Louis,,St. Louis,MO,,US,+1 314-251-6000,https://www.mercy.net/practice/mercy-hospital-st-louis,24/7,Mercy,Q30289045
https://www.mercy.net/content/mercy/us/en/practice/st-louis/mercy-neighborhood-ministry.html,mercy,Mercy Neighborhood Ministry,,St. Louis,MO,,US,+1 314-251-2850,https://www.mercy.net/practice/mercy-neighborhood-ministry,Mo-Fr 08:00-16:30,Mercy,Q30289045
https://www.mercy.net/content/mercy/us/en/practice/st-louis/mercy-gastrointestinal-endoscopy-st-louis.html,mercy,Mercy Gastrointestinal Endoscopy - St. Louis,,St. Louis,MO,,US,+1 314-251-6359,https://www.mercy.net/practice/mercy-gastrointestinal-endoscopy-st-louis,Mo-Fr 06:00-15:00,Mercy,Q30289045
https://www.mercy.net/content/mercy/us/en/practice/st-louis/mercy-birthing-center-midwifery-care-st-louis.html,mercy,Mercy Birthing Center Midwifery Care - St. Louis,,St. Louis,MO,,US,+1 314-251-7955,https://www.mercy.net/practice/mercy-birthing-center-midwifery-care-st-louis,Mo-Fr 08:00-17:00,Mercy,Q30289045
https://www.mercy.net/content/mercy/us/en/practice/st-louis/mercy-jfk-clinic.html,mercy,Mercy JFK Clinic,,St. Louis,MO,,US,+1 314-251-6382,https://www.mercy.net/practice/mercy-jfk-clinic,Mo-Fr 08:00-16:00,Mercy,Q30289045
https://www.mercy.net/content/mercy/us/en/practice/st-louis/mercy-emergency-department-mercy-hospital-st-louis.html,mercy,Mercy Emergency Department - Mercy Hospital St. Louis,,St. Louis,MO,,US,+1 314-251-6090,https://www.mercy.net/practice/mercy-emergency-department-mercy-hospital-st-louis,24/7,Mercy,Q30289045
https://www.mercy.net/content/mercy/us/en/practice/st-louis/mercy-clinic-gastroenterology-mercy-hospital.html,mercy,Mercy Clinic Gastroenterology - Mercy Hospital ,,St. Louis,MO,,US,+1 314-251-2880,https://www.mercy.net/practice/mercy-clinic-gastroenterology-mercy-hospital,Mo-Fr 09:00-16:30,Mercy,Q30289045
https://www.mercy.net/content/mercy/us/en/practice/st-louis/mercy-maternal-and-fetal-health-center-st-louis.html,mercy,Mercy Maternal and Fetal Health Center - St. Louis,,St. Louis,MO,,US,+1 314-251-6981,https://www.mercy.net/practice/mercy-maternal-and-fetal-health-center-st-louis,Mo-Fr 07:00-17:00,Mercy,Q30289045
https://www.mercy.net/content/mercy/us/en/practice/st-louis/mercy-clinic-kids-gi.html,mercy,Mercy Clinic Kids GI,,St. Louis,MO,,US,+1 314-251-5550,https://www.mercy.net/practice/mercy-clinic-kids-gi,Mo-Th 08:00-15:30; Fr 08:00-14:00,Mercy,Q30289045
https://www.mercy.net/content/mercy/us/en/practice/st-louis/mercy-stroke-center-st-louis.html,mercy,Mercy Stroke Center - St. Louis,,St. Louis,MO,,US,+1 314-251-7262,https://www.mercy.net/practice/mercy-stroke-center-st-louis,24/7,Mercy,Q30289045
https://www.mercy.net/content/mercy/us/en/practice/st-louis/mercy-imaging-services-mercy-hospital-st-louis.html,mercy,Mercy Imaging Services - Mercy Hospital St. Louis,,St. Louis,MO,,US,+1 314-251-6031,https://www.mercy.net/practice/mercy-imaging-services-mercy-hospital-st-louis,24/7,Mercy,Q30289045
https://www.mercy.net/content/mercy/us/en/practice/st-louis/mercy-pharmacy-st-louis-lobby.html,mercy,Mercy Pharmacy - St. Louis Lobby,,St. Louis,MO,,US,+1 314-251-6900,https://www.mercy.net/practice/mercy-pharmacy-st-louis-lobby,Mo-Su 08:00-24:00,Mercy,Q30289045
https://www.mercy.net/content/mercy/us/en/practice/st-louis/mercy-sleep-center-st-louis.html,mercy,Mercy Sleep Center - St. Louis,,St. Louis,MO,,US,+1 314-251-6808,https://www.mercy.net/practice/mercy-sleep-center-st-louis,Mo-Fr 07:00-15:30,Mercy,Q30289045
https://www.mercy.net/content/mercy/us/en/practice/st-louis/mercy-clinic-childrens-audiology-and-hearing-aid-center-st-louis.html,mercy,Mercy Clinic Children's Audiology and Hearing Aid Center - St. Louis,,St. Louis,MO,,US,+1 314-251-5850,https://www.mercy.net/practice/mercy-clinic-childrens-audiology-and-hearing-aid-center-st-louis,Mo-Fr 07:30-17:00,Mercy,Q30289045
https://www.mercy.net/content/mercy/us/en/practice/st-louis/mercy-clinic-minimally-invasive-gynecology.html,mercy,Mercy Clinic Minimally Invasive Gynecology ,,St. Louis,MO,,US,+1 314-251-7650,https://www.mercy.net/practice/mercy-clinic-minimally-invasive-gynecology,Mo-Th 08:30-16:30; Fr 08:30-13:30,Mercy,Q30289045
https://www.mercy.net/content/mercy/us/en/practice/st-louis/mercy-clinic-palliative-care-medical-tower-b.html,mercy,Mercy Clinic Palliative Care - Medical Tower B,,St. Louis,MO,,US,+1 314-251-7840,https://www.mercy.net/practice/mercy-clinic-palliative-care-medical-tower-b,Mo-Fr 09:00-16:00,Mercy,Q30289045
https://www.mercy.net/content/mercy/us/en/practice/st-louis/mercy-clinic-pediatrics-tower-b-suite-1001.html,mercy,Mercy Clinic Pediatrics - Tower B Suite 1001,,St. Louis,MO,,US,+1 314-872-8752,https://www.mercy.net/practice/mercy-clinic-pediatrics-tower-b-suite-1001,Mo-Fr 09:00-16:30,Mercy,Q30289045
https://www.mercy.net/content/mercy/us/en/practice/st-louis/mercy-clinic-obgyn-medical-tower-a-suite-101a.html,mercy,Mercy Clinic OB/Gyn - Medical Tower A Suite 101A,,St. Louis,MO,,US,+1 314-569-2751,https://www.mercy.net/practice/mercy-clinic-obgyn-medical-tower-a-suite-101a,Mo-Th 09:00-17:00; Fr 09:00-16:00,Mercy,Q30289045
https://www.mercy.net/content/mercy/us/en/practice/st-louis/mercy-clinic-womens-health-medical-tower-b-suite-1015.html,mercy,Mercy Clinic Women’s Health - Medical Tower B Suite 1015,,St. Louis,MO,,US,+1 314-251-8965,https://www.mercy.net/practice/mercy-clinic-womens-health-medical-tower-b-suite-1015,Mo-Fr 08:00-16:30,Mercy,Q30289045
https://www.mercy.net/content/mercy/us/en/practice/st-louis/mercy-clinic-womens-health-medical-tower-b-suite-1017.html,mercy,Mercy Clinic Women's Health - Medical Tower B Suite 1017,,St. Louis,MO,,US,+1 314-292-7080,https://www.mercy.net/practice/mercy-clinic-womens-health-medical-tower-b-suite-1017,Mo-Fr 09:00-17:00,Mercy,Q30289045
https://www.mercy.net/content/mercy/us/en/practice/st-louis/mercy-clinic-obgyn-medical-tower-b-suite-4005b.html,mercy,Mercy Clinic OB/GYN - Medical Tower B Suite 4005B,,St. Louis,MO,,US,+1 314-251-5016,https://www.mercy.net/practice/mercy-clinic-obgyn-medical-tower-b-suite-4005b,Mo-Th 08:30-16:30; Fr 08:30-15:30,Mercy,Q30289045
https://www.mercy.net/content/mercy/us/en/practice/st-louis/mercy-clinic-obgyn-medical-tower-b-suite-4017.html,mercy,Mercy Clinic OB/Gyn - Medical Tower B Suite 4017,,St. Louis,MO,,US,+1 314-872-9192,https://www.mercy.net/practice/mercy-clinic-obgyn-medical-tower-b-suite-4017,Mo-Fr 08:30-17:00,Mercy,Q30289045
https://www.mercy.net/content/mercy/us/en/practice/st-louis/mercy-clinic-obgyn-medical-tower-a-suite-695a.html,mercy,Mercy Clinic OB/GYN - Medical Tower A Suite 695A,,St. Louis,MO,,US,+1 314-872-7400,https://www.mercy.net/practice/mercy-clinic-obgyn-medical-tower-a-suite-695a,Mo-Th 08:00-17:00; Fr 08:00-16:30,Mercy,Q30289045
https://www.mercy.net/content/mercy/us/en/practice/st-louis/mercy-clinic-womens-health-medical-tower-a-suite-499.html,mercy,Mercy Clinic Women's Health - Medical Tower A Suite 499,,St. Louis,MO,,US,+1 314-251-7477,https://www.mercy.net/practice/mercy-clinic-womens-health-medical-tower-a-suite-499,Mo-Th 09:00-17:00; Fr 09:00-15:00,Mercy,Q30289045
https://www.mercy.net/content/mercy/us/en/practice/st-louis/mercy-clinic-pediatric-orthopedic-surgery-tower-b-suite-63b.html,mercy,Mercy Clinic Pediatric Orthopedic Surgery - Tower B Suite 63B,,St. Louis,MO,,US,+1 314-251-3500,https://www.mercy.net/practice/mercy-clinic-pediatric-orthopedic-surgery-tower-b-suite-63b,Mo-Fr 08:00-16:30,Mercy,Q30289045
https://www.mercy.net/content/mercy/us/en/practice/st-louis/mercy-clinic-childrens-urology-medical-tower-a.html,mercy,Mercy Clinic Children's Urology - Medical Tower A,,St. Louis,MO,,US,+1 314-251-6990,https://www.mercy.net/practice/mercy-clinic-childrens-urology-medical-tower-a,Mo-Fr 09:00-16:00,Mercy,Q30289045
https://www.mercy.net/content/mercy/us/en/practice/st-louis/mercy-eye-care-optical-shop-medical-tower-a.html,mercy,Mercy Eye Care - Optical Shop - Medical Tower A,,St. Louis,MO,,US,+1 314-251-6430,https://www.mercy.net/practice/mercy-eye-care-optical-shop-medical-tower-a,,Mercy,Q30289045
https://www.mercy.net/content/mercy/us/en/practice/st-louis/mercy-clinic-child-and-adolescent-psychiatry-medical-tower-a-suite-693a.html,mercy,Mercy Clinic Child and Adolescent Psychiatry - Medical Tower A Suite 693A,,St. Louis,MO,,US,+1 314-251-6898,https://www.mercy.net/practice/mercy-clinic-child-and-adolescent-psychiatry-medical-tower-a-suite-693a,Mo-Th 07:30-16:00; Fr 07:30-12:00,Mercy,Q30289045
https://www.mercy.net/content/mercy/us/en/practice/st-louis/mercy-clinic-infectious-disease-medical-tower-b-7018b.html,mercy,Mercy Clinic Infectious Disease - Medical Tower B 7018B,,St. Louis,MO,,US,+1 314-251-4949,https://www.mercy.net/practice/mercy-clinic-infectious-disease-medical-tower-b-7018b,Mo-Fr 08:00-16:00,Mercy,Q30289045
https://www.mercy.net/content/mercy/us/en/practice/st-louis/mercy-clinic-eye-specialists-ophthalmology-medical-tower-b-suite-5006-b.html,mercy,Mercy Clinic Eye Specialists - Ophthalmology - Medical Tower B Suite 5006-B,,St. Louis,MO,,US,+1 314-251-5300,https://www.mercy.net/practice/mercy-clinic-eye-specialists-ophthalmology-medical-tower-b-suite-5006-b,Mo-Fr 07:00-16:00,Mercy,Q30289045
https://www.mercy.net/content/mercy/us/en/practice/st-louis/mercy-clinic-childrens-heart-center.html,mercy,Mercy Clinic Children's Heart Center,,St. Louis,MO,,US,+1 314-251-6777,https://www.mercy.net/practice/mercy-clinic-childrens-heart-center,Mo-Fr 08:00-16:30,Mercy,Q30289045
https://www.mercy.net/content/mercy/us/en/practice/st-louis/mercy-clinic-child-and-adolescent-psychiatry--medical-tower-b-suite-6002b.html,mercy,Mercy Clinic Child and Adolescent Psychiatry – Medical Tower B Suite 6002B,,St. Louis,MO,,US,+1 314-628-6550,https://www.mercy.net/practice/mercy-clinic-child-and-adolescent-psychiatry--medical-tower-b-suite-6002b,Mo-Th 07:30-16:00; Fr 07:30-12:00,Mercy,Q30289045
https://www.mercy.net/content/mercy/us/en/practice/st-louis/mercy-clinic-adult-psychiatry-medical-tower-b.html,mercy,Mercy Clinic Adult Psychiatry - Medical Tower B,,St. Louis,MO,,US,+1 314-251-8892,https://www.mercy.net/practice/mercy-clinic-adult-psychiatry-medical-tower-b,,Mercy,Q30289045
https://www.mercy.net/content/mercy/us/en/practice/st-louis/mercy-clinic-childrens-eye-specialists-medical-tower-a.html,mercy,Mercy Clinic Children's Eye Specialists - Medical Tower A,,St. Louis,MO,,US,+1 314-251-6478,https://www.mercy.net/practice/mercy-clinic-childrens-eye-specialists-medical-tower-a,Mo-Th 08:00-16:30; Fr 08:00-14:00,Mercy,Q30289045
https://www.mercy.net/content/mercy/us/en/practice/st-louis/mercy-clinic-genetics-tower-b.html,mercy,Mercy Clinic Genetics - Tower B,,St. Louis,MO,,US,+1 314-251-8385,https://www.mercy.net/practice/mercy-clinic-genetics-tower-b,,Mercy,Q30289045
https://www.mercy.net/content/mercy/us/en/practice/st-louis/mercy-clinic-endocrinology-medical-tower-a.html,mercy,Mercy Clinic Endocrinology - Medical Tower A,,St. Louis,MO,,US,+1 314-801-5292,https://www.mercy.net/practice/mercy-clinic-endocrinology-medical-tower-a,Mo-Th 08:00-16:00,Mercy,Q30289045
https://www.mercy.net/content/mercy/us/en/practice/st-louis/mercy-mobile-mammography-east-missouri.html,mercy,Mercy Mobile Mammography - East Missouri,,St. Louis,MO,,US,+1 314-251-6300,https://www.mercy.net/practice/mercy-mobile-mammography-east-missouri,,Mercy,Q30289045
https://www.mercy.net/content/mercy/us/en/practice/st-louis/mercy-clinic-burn-care-suite-7003b.html,mercy,Mercy Clinic Burn Care - Suite 7003B,,St. Louis,MO,,US,+1 314-251-5570,https://www.mercy.net/practice/mercy-clinic-burn-care-suite-7003b,Mo-Fr 08:00-16:30,Mercy,Q30289045
https://www.mercy.net/content/mercy/us/en/practice/st-louis/mercy-eye-care-optometry-medical-tower-a-suite-140a.html,mercy,Mercy Eye Care - Optometry - Medical Tower A Suite 140A,,St. Louis,MO,,US,+1 314-251-6430,https://www.mercy.net/practice/mercy-eye-care-optometry-medical-tower-a-suite-140a,,Mercy,Q30289045
https://www.mercy.net/content/mercy/us/en/practice/st-louis/mercy-clinic-trauma-and-general-surgery.html,mercy,Mercy Clinic Trauma and General Surgery,,St. Louis,MO,,US,+1 314-251-6440,https://www.mercy.net/practice/mercy-clinic-trauma-and-general-surgery,Mo-Fr 08:00-16:00,Mercy,Q30289045
https://www.mercy.net/content/mercy/us/en/practice/st-louis/mercy-audiology-and-hearing-aid-center-medical-tower-a-suite-385.html,mercy,Mercy Audiology and Hearing Aid Center - Medical Tower A Suite 385,,St. Louis,MO,,US,+1 314-251-5850,https://www.mercy.net/practice/mercy-audiology-and-hearing-aid-center-medical-tower-a-suite-385,Mo-Fr 08:00-16:30,Mercy,Q30289045
https://www.mercy.net/content/mercy/us/en/practice/st-louis/mercy-clinic-pulmonology-st-louis.html,mercy,Mercy Clinic Pulmonology - St. Louis,,St. Louis,MO,,US,+1 314-251-4966,https://www.mercy.net/practice/mercy-clinic-pulmonology-st-louis,Mo-Fr 09:00-16:00,Mercy,Q30289045
https://www.mercy.net/content/mercy/us/en/practice/st-louis/mercy-clinic-surgical-specialists-medical-tower-b.html,mercy,Mercy Clinic Surgical Specialists - Medical Tower B,,St. Louis,MO,,US,+1 314-251-6840,https://www.mercy.net/practice/mercy-clinic-surgical-specialists-medical-tower-b,Mo-Fr 08:00-17:00,Mercy,Q30289045
https://www.mercy.net/content/mercy/us/en/practice/st-louis/mercy-clinic-hepatology-medical-tower-a.html,mercy,Mercy Clinic Hepatology - Medical Tower A,,St. Louis,MO,,US,+1 314-251-3380,https://www.mercy.net/practice/mercy-clinic-hepatology-medical-tower-a,Mo-Fr 09:00-16:30,Mercy,Q30289045
https://www.mercy.net/content/mercy/us/en/practice/st-louis/mercy-research-medical-tower-a.html,mercy,Mercy Research - Medical Tower A,,St. Louis,MO,,US,+1 314-251-8890,https://www.mercy.net/practice/mercy-research-medical-tower-a,Mo-Th 06:00-17:00; Fr 06:00-16:30,Mercy,Q30289045
https://www.mercy.net/content/mercy/us/en/practice/st-louis/mercy-clinic-pediatrics-medical-tower-b-suite-2003.html,mercy,Mercy Clinic Pediatrics - Medical Tower B Suite 2003,,St. Louis,MO,,US,+1 314-251-5811,https://www.mercy.net/practice/mercy-clinic-pediatrics-medical-tower-b-suite-2003,Mo-Fr 08:00-16:30; Sa 08:00-23:30,Mercy,Q30289045
https://www.mercy.net/content/mercy/us/en/practice/st-louis/mercy-clinic-childrens-surgery.html,mercy,Mercy Clinic Children's Surgery,,St. Louis,MO,,US,+1 314-251-5940,https://www.mercy.net/practice/mercy-clinic-childrens-surgery,Mo-Th 07:00-16:00; Fr 07:00-14:00,Mercy,Q30289045
https://www.mercy.net/content/mercy/us/en/practice/st-louis/mercy-clinic-childrens-respiratory-and-sleep-medicine.html,mercy,Mercy Clinic Children's Respiratory and Sleep Medicine,,St. Louis,MO,,US,+1 314-251-5880,https://www.mercy.net/practice/mercy-clinic-childrens-respiratory-and-sleep-medicine,Mo-Th 08:00-16:00; Fr 08:00-14:00,Mercy,Q30289045
https://www.mercy.net/content/mercy/us/en/practice/st-louis/mercy-clinic-neurology-medical-tower-b-suite-6005-b.html,mercy,Mercy Clinic Neurology - Medical Tower B Suite 6005-B,,St. Louis,MO,,US,+1 314-251-8892,https://www.mercy.net/practice/mercy-clinic-neurology-medical-tower-b-suite-6005-b,Mo-Fr 08:00-16:00,Mercy,Q30289045
https://www.mercy.net/content/mercy/us/en/practice/st-louis/mercy-clinic-internal-medicine-medical-tower-a-suite-189.html,mercy,Mercy Clinic Internal Medicine - Medical Tower A Suite 189,,St. Louis,MO,,US,+1 314-251-6335,https://www.mercy.net/practice/mercy-clinic-internal-medicine-medical-tower-a-suite-189,Mo-Fr 09:00-16:00,Mercy,Q30289045
https://www.mercy.net/content/mercy/us/en/practice/st-louis/mercy-clinic-endocrinology.html,mercy,Mercy Clinic Endocrinology,,St. Louis,MO,,US,+1 314-251-4330,https://www.mercy.net/practice/mercy-clinic-endocrinology,Mo-Fr 09:00-16:00,Mercy,Q30289045
https://www.mercy.net/content/mercy/us/en/practice/st-louis/mercy-clinic-primary-care-medical-tower-a-suite-399.html,mercy,Mercy Clinic Primary Care - Medical Tower A Suite 399,,St. Louis,MO,,US,+1 314-251-1820,https://www.mercy.net/practice/mercy-clinic-primary-care-medical-tower-a-suite-399,Mo-Fr 08:00-16:30,Mercy,Q30289045
https://www.mercy.net/content/mercy/us/en/practice/st-louis/mercy-clinic-internal-medicine-medical-tower-a-suite-507.html,mercy,Mercy Clinic Internal Medicine - Medical Tower A Suite 507,,St. Louis,MO,,US,+1 314-251-6800,https://www.mercy.net/practice/mercy-clinic-internal-medicine-medical-tower-a-suite-507,Mo-Fr 08:00-16:00,Mercy,Q30289045
https://www.mercy.net/content/mercy/us/en/practice/st-louis/mercy-hearing-aid-center-medical-tower-a-suite-482.html,mercy,Mercy Hearing Aid Center - Medical Tower A Suite 482,,St. Louis,MO,,US,+1 314-251-5850,https://www.mercy.net/practice/mercy-hearing-aid-center-medical-tower-a-suite-482,Mo-Fr 08:00-16:30,Mercy,Q30289045
https://www.mercy.net/content/mercy/us/en/practice/st-louis/mercy-clinic-neurology-medical-tower-b-suite-5003-b.html,mercy,Mercy Clinic Neurology - Medical Tower B Suite 5003-B,,St. Louis,MO,,US,+1 314-251-8892,https://www.mercy.net/practice/mercy-clinic-neurology-medical-tower-b-suite-5003-b,Mo-Fr 08:00-16:00,Mercy,Q30289045
https://www.mercy.net/content/mercy/us/en/practice/st-louis/mercy-clinic-orthopedic-surgery-tower-b-suite-3005b.html,mercy,Mercy Clinic Orthopedic Surgery - Tower B Suite 3005B,,St. Louis,MO,,US,+1 314-567-5850,https://www.mercy.net/practice/mercy-clinic-orthopedic-surgery-tower-b-suite-3005b,Mo-Fr 08:00-16:00,Mercy,Q30289045
https://www.mercy.net/content/mercy/us/en/practice/st-louis/mercy-clinic-maternal-and-fetal-medicine-medical-tower-b.html,mercy,Mercy Clinic Maternal and Fetal Medicine - Medical Tower B,,St. Louis,MO,,US,+1 314-991-5000,https://www.mercy.net/practice/mercy-clinic-maternal-and-fetal-medicine-medical-tower-b,,Mercy,Q30289045
https://www.mercy.net/content/mercy/us/en/practice/st-louis/mercy-clinic-child-neurology.html,mercy,Mercy Clinic Child Neurology,,St. Louis,MO,,US,+1 314-251-5866,https://www.mercy.net/practice/mercy-clinic-child-neurology,Mo-Th 08:30-16:00,Mercy,Q30289045
https://www.mercy.net/content/mercy/us/en/practice/st-louis/mercy-pharmacy-medical-tower-a-suite-20a.html,mercy,Mercy Pharmacy - Medical Tower A Suite 20A,,St. Louis,MO,,US,+1 314-251-7444,https://www.mercy.net/practice/mercy-pharmacy-medical-tower-a-suite-20a,Mo-Fr 07:30-18:00; Sa 08:00-12:00,Mercy,Q30289045
https://www.mercy.net/content/mercy/us/en/practice/st-louis/mercy-imaging-services-medical-tower-a.html,mercy,Mercy Imaging Services - Medical Tower A,,St. Louis,MO,,US,+1 314-251-6373,https://www.mercy.net/practice/mercy-imaging-services-medical-tower-a,Mo-Fr 08:00-17:00,Mercy,Q30289045
https://www.mercy.net/content/mercy/us/en/practice/st-louis/mercy-clinic-nephrology-medical-tower-a.html,mercy,Mercy Clinic Nephrology - Medical Tower A,,St. Louis,MO,,US,+1 314-251-6344,https://www.mercy.net/practice/mercy-clinic-nephrology-medical-tower-a,,Mercy,Q30289045
https://www.mercy.net/content/mercy/us/en/practice/st-louis/mercy-clinic-pediatric-ear-nose-and-throat-medical-tower-a.html,mercy,"Mercy Clinic Pediatric Ear, Nose and Throat - Medical Tower A",,St. Louis,MO,,US,+1 314-251-1830,https://www.mercy.net/practice/mercy-clinic-pediatric-ear-nose-and-throat-medical-tower-a,Mo 08:00-16:00; Tu-We 08:00-16:15; Th 08:00-16:00; Fr 08:00-16:15,Mercy,Q30289045
https://www.mercy.net/content/mercy/us/en/practice/st-louis/mercy-clinic-neurosurgery-medical-tower-a-suite-297a.html,mercy,Mercy Clinic Neurosurgery - Medical Tower A Suite 297A,,St. Louis,MO,,US,+1 314-251-6364,https://www.mercy.net/practice/mercy-clinic-neurosurgery-medical-tower-a-suite-297a,Mo-Fr 08:30-17:00,Mercy,Q30289045
https://www.mercy.net/content/mercy/us/en/practice/st-louis/mercy-clinic-neurosurgery-medical-tower-a-suite-298a.html,mercy,Mercy Clinic Neurosurgery - Medical Tower A Suite 298A,,St. Louis,MO,,US,+1 314-251-6364,https://www.mercy.net/practice/mercy-clinic-neurosurgery-medical-tower-a-suite-298a,Mo-Fr 08:30-17:00,Mercy,Q30289045
https://www.mercy.net/content/mercy/us/en/practice/st-louis/mercy-breast-center-medical-tower-a.html,mercy,Mercy Breast Center - Medical Tower A,,St. Louis,MO,,US,+1 314-251-6300,https://www.mercy.net/practice/mercy-breast-center-medical-tower-a,Mo-Fr 07:30-17:00; Sa 08:00-12:00,Mercy,Q30289045
https://www.mercy.net/content/mercy/us/en/practice/st-louis/mercy-clinic-gastroenterology-medical-tower-a-suite-584a.html,mercy,Mercy Clinic Gastroenterology - Medical Tower A Suite 584A,,St. Louis,MO,,US,+1 314-251-3600,https://www.mercy.net/practice/mercy-clinic-gastroenterology-medical-tower-a-suite-584a,Mo-Fr 08:00-16:00,Mercy,Q30289045
https://www.mercy.net/content/mercy/us/en/practice/st-louis/mercy-clinic-ear-nose-and-throat-david-c-pratt-cancer-center.html,mercy,"Mercy Clinic Ear, Nose and Throat - David C. Pratt Cancer Center",,St. Louis,MO,,US,+1 314-251-6394,https://www.mercy.net/practice/mercy-clinic-ear-nose-and-throat-david-c-pratt-cancer-center,Mo-Fr 08:00-16:00,Mercy,Q30289045
https://www.mercy.net/content/mercy/us/en/practice/st-louis/mercy-clinic-audiology-david-c-pratt-cancer-center.html,mercy,Mercy Clinic Audiology - David C. Pratt Cancer Center,,St. Louis,MO,,US,+1 314-251-6394,https://www.mercy.net/practice/mercy-clinic-audiology-david-c-pratt-cancer-center,Mo-Fr 08:00-16:00,Mercy,Q30289045
https://www.mercy.net/content/mercy/us/en/practice/st-louis/mercy-imaging-services-david-c-pratt-cancer-center.html,mercy,Mercy Imaging Services - David C. Pratt Cancer Center,,St. Louis,MO,,US,+1 314-251-6031,https://www.mercy.net/practice/mercy-imaging-services-david-c-pratt-cancer-center,Mo-Fr 07:00-17:00,Mercy,Q30289045
https://www.mercy.net/content/mercy/us/en/practice/st-louis/mercy-therapy-services-david-c-pratt-cancer-center.html,mercy,Mercy Therapy Services - David C. Pratt Cancer Center,,St. Louis,MO,,US,+1 314-251-6571,https://www.mercy.net/practice/mercy-therapy-services-david-c-pratt-cancer-center,Mo-Fr 08:00-16:00,Mercy,Q30289045
https://www.mercy.net/content/mercy/us/en/practice/st-louis/mercy-infusion-center-david-c-pratt-cancer-center-suite-2330.html,mercy,Mercy Infusion Center - David C. Pratt Cancer Center Suite 2330,,St. Louis,MO,,US,+1 314-251-4954,https://www.mercy.net/practice/mercy-infusion-center-david-c-pratt-cancer-center-suite-2330,Mo 08:00-17:30; Tu 08:00-19:30; We 08:00-17:30; Th 08:00-19:30; Fr 08:00-17:30,Mercy,Q30289045
https://www.mercy.net/content/mercy/us/en/practice/st-louis/mercy-research-david-c-pratt-cancer-center.html,mercy,Mercy Research - David C. Pratt Cancer Center,,St. Louis,MO,,US,+1 314-251-7869,https://www.mercy.net/practice/mercy-research-david-c-pratt-cancer-center,Mo-Fr 08:00-17:00,Mercy,Q30289045
https://www.mercy.net/content/mercy/us/en/practice/st-louis/mercy-infusion-center-david-c-pratt-cancer-center-suite-3225.html,mercy,Mercy Infusion Center - David C. Pratt Cancer Center Suite 3225,,St. Louis,MO,,US,+1 314-251-6756,https://www.mercy.net/practice/mercy-infusion-center-david-c-pratt-cancer-center-suite-3225,Mo-Fr 08:00-17:30,Mercy,Q30289045
https://www.mercy.net/content/mercy/us/en/practice/st-louis/mercy-clinic-gynecologic-oncology-david-c-pratt-cancer-center.html,mercy,Mercy Clinic Gynecologic Oncology - David C Pratt Cancer Center,,St. Louis,MO,,US,+1 314-251-4260,https://www.mercy.net/practice/mercy-clinic-gynecologic-oncology-david-c-pratt-cancer-center,Mo-Fr 08:00-16:00,Mercy,Q30289045
https://www.mercy.net/content/mercy/us/en/practice/st-louis/david-c-pratt-cancer-center.html,mercy,David C. Pratt Cancer Center,,St. Louis,MO,,US,+1 314-251-6400,https://www.mercy.net/practice/david-c-pratt-cancer-center,Mo-Fr 08:00-16:30,Mercy,Q30289045
https://www.mercy.net/content/mercy/us/en/practice/st-louis/mercy-radiation-oncology-david-c-pratt-cancer-center.html,mercy,Mercy Radiation Oncology - David C. Pratt Cancer Center,,St. Louis,MO,,US,+1 314-251-6844,https://www.mercy.net/practice/mercy-radiation-oncology-david-c-pratt-cancer-center,Mo-Fr 08:00-16:30,Mercy,Q30289045
https://www.mercy.net/content/mercy/us/en/practice/st-louis/mercy-clinic-childrens-cancer-and-hematology.html,mercy,Mercy Clinic Children's Cancer and Hematology,,St. Louis,MO,,US,+1 314-251-6986,https://www.mercy.net/practice/mercy-clinic-childrens-cancer-and-hematology,Mo-Fr 08:00-16:30; Sa 08:00-12:00,Mercy,Q30289045
https://www.mercy.net/content/mercy/us/en/practice/st-louis/mercy-clinic-oncology-and-hematology-david-c-pratt-cancer-center.html,mercy,Mercy Clinic Oncology and Hematology - David C. Pratt Cancer Center,,St. Louis,MO,,US,+1 314-251-4400,https://www.mercy.net/practice/mercy-clinic-oncology-and-hematology-david-c-pratt-cancer-center,Mo-Fr 08:00-16:30,Mercy,Q30289045
https://www.mercy.net/content/mercy/us/en/practice/st-louis/mercy-clinic-palliative-care-david-c-pratt-cancer-center.html,mercy,Mercy Clinic Palliative Care - David C. Pratt Cancer Center,,St. Louis,MO,,US,+1 314-251-7840,https://www.mercy.net/practice/mercy-clinic-palliative-care-david-c-pratt-cancer-center,Tu 13:00-16:00; Fr 13:00-16:00,Mercy,Q30289045
https://www.mercy.net/content/mercy/us/en/practice/st-louis/mercy-specialty-pharmacy-st-louis-david-c-pratt-cancer-center.html,mercy,Mercy Specialty Pharmacy St. Louis - David C. Pratt Cancer Center,,St. Louis,MO,,US,+1 314-251-5478,https://www.mercy.net/practice/mercy-specialty-pharmacy-st-louis-david-c-pratt-cancer-center,Mo-Fr 08:00-16:30,Mercy,Q30289045
https://www.mercy.net/content/mercy/us/en/practice/st-louis/mercy-clinic-urology-david-c-pratt-cancer-center.html,mercy,Mercy Clinic Urology - David C. Pratt Cancer Center,,St. Louis,MO,,US,+1 314-251-8850,https://www.mercy.net/practice/mercy-clinic-urology-david-c-pratt-cancer-center,Mo-Fr 08:00-16:00,Mercy,Q30289045
https://www.mercy.net/content/mercy/us/en/practice/creve-coeur/mercy-pharmacy-dierbergs-heritage-place.html,mercy,Mercy Pharmacy - Dierbergs Heritage Place,,Creve Coeur,MO,,US,+1 314-542-2194,https://www.mercy.net/practice/mercy-pharmacy-dierbergs-heritage-place,"Mo-Fr 08:00-13:30,14:00-20:00; Sa 08:00-13:30,14:00-18:00; Su 10:00-16:00",Mercy,Q30289045
https://www.mercy.net/content/mercy/us/en/practice/st-louis/mercy-clinic-internal-medicine-creve-coeur.html,mercy,Mercy Clinic Internal Medicine - Creve Coeur,,St. Louis,MO,,US,+1 314-432-4415,https://www.mercy.net/practice/mercy-clinic-internal-medicine-creve-coeur,Mo-Fr 08:00-15:30,Mercy,Q30289045
https://www.mercy.net/content/mercy/us/en/practice/st-louis/mercy-clinic-primary-care-olive-mason.html,mercy,Mercy Clinic Primary Care - Olive-Mason,,St. Louis,MO,,US,+1 314-251-8900,https://www.mercy.net/practice/mercy-clinic-primary-care-olive-mason,Mo-Fr 08:00-16:00,Mercy,Q30289045
https://www.mercy.net/content/mercy/us/en/practice/st-louis/mercy-kids-therapy-and-development-center.html,mercy,Mercy Kids Therapy and Development Center,,St. Louis,MO,,US,+1 314-872-3345,https://www.mercy.net/practice/mercy-kids-therapy-and-development-center,Mo-Fr 07:30-17:00,Mercy,Q30289045
https://www.mercy.net/content/mercy/us/en/practice/st-louis/mercy-therapy-services-olive-mason.html,mercy,Mercy Therapy Services - Olive-Mason,,St. Louis,MO,,US,+1 314-251-8910,https://www.mercy.net/practice/mercy-therapy-services-olive-mason,Mo 08:00-18:00; Tu 07:30-18:00; We 08:00-18:00; Th 07:30-18:00; Fr 08:00-17:00,Mercy,Q30289045
https://www.mercy.net/content/mercy/us/en/practice/st-louis/mercy-integrative-medicine-olive-mason.html,mercy,Mercy Integrative Medicine - Olive-Mason,,St. Louis,MO,,US,+1 314-251-8911,https://www.mercy.net/practice/mercy-integrative-medicine-olive-mason,Mo-Fr 08:00-18:00,Mercy,Q30289045
https://www.mercy.net/content/mercy/us/en/practice/st-louis/mercy-kids-autism-center-olive-mason.html,mercy,Mercy Kids Autism Center - Olive-Mason,,St. Louis,MO,,US,+1 314-529-5660,https://www.mercy.net/practice/mercy-kids-autism-center-olive-mason,Mo-Fr 08:00-16:30,Mercy,Q30289045
https://www.mercy.net/content/mercy/us/en/practice/st-louis/mercy-dietitian-services-olive-mason.html,mercy,Mercy Dietitian Services - Olive-Mason,,St. Louis,MO,,US,+1 314-251-8885,https://www.mercy.net/practice/mercy-dietitian-services-olive-mason,,Mercy,Q30289045
https://www.mercy.net/content/mercy/us/en/practice/st-louis/mercy-clinic-childrens-audiology-olive-mason.html,mercy,Mercy Clinic Children's Audiology - Olive-Mason,,St. Louis,MO,,US,+1 314-251-5850,https://www.mercy.net/practice/mercy-clinic-childrens-audiology-olive-mason,Mo-Fr 07:30-17:00,Mercy,Q30289045
https://www.mercy.net/content/mercy/us/en/practice/st-louis/mercy-clinic-family-medicine-olive-mason.html,mercy,Mercy Clinic Family Medicine - Olive-Mason,,St. Louis,MO,,US,+1 314-251-8888,https://www.mercy.net/practice/mercy-clinic-family-medicine-olive-mason,Mo-Fr 08:00-16:30,Mercy,Q30289045
https://www.mercy.net/content/mercy/us/en/practice/st-louis/mercy-imaging-services-olive-mason.html,mercy,Mercy Imaging Services - Olive-Mason,,St. Louis,MO,,US,+1 314-251-8919,https://www.mercy.net/practice/mercy-imaging-services-olive-mason,Mo-Fr 08:30-16:00,Mercy,Q30289045
https://www.mercy.net/content/mercy/us/en/practice/st-louis/mercy-pharmacy-olive-mason.html,mercy,Mercy Pharmacy - Olive-Mason,,St. Louis,MO,,US,+1 314-251-8989,https://www.mercy.net/practice/mercy-pharmacy-olive-mason,"Mo-Fr 08:30-13:30,14:00-17:00",Mercy,Q30289045
https://www.mercy.net/content/mercy/us/en/practice/st-louis/mercy-intensive-outpatient-behavioral-health-edgewood.html,mercy,Mercy Intensive Outpatient Behavioral Health - Edgewood,,St. Louis,MO,,US,+1 314-251-0555,https://www.mercy.net/practice/mercy-intensive-outpatient-behavioral-health-edgewood,Mo-Fr 08:00-16:00,Mercy,Q30289045
https://locations.noodles.com/mo/creve-coeur/10925-olive-blvd.html,noodles_and_company_us,Noodles & Company Creve Coeur,,Creve Coeur,MO,,US,+1 314-997-8804,https://locations.noodles.com/mo/creve-coeur/10925-olive-blvd.html,Mo-Th 10:30-21:00; Fr-Sa 10:30-22:00; Su 10:30-21:00,Noodles and Company,Q7049673
3020,orangetheory_fitness,Creve Coeur,,St. Louis,MO,,US,+1 314-685-8846,,,Orangetheory Fitness,Q25005163
113043,pandaexpress,Olive Blvd & Pavilion Dr,,Creve Coeur,MO,,US,+1 314-569-9063,https://www.pandaexpress.com/locations/mo/creve-coeur/10445-olive-blvd,Mo-Sa 10:00-21:30; Su 10:00-21:00,Panda Express,Q1358690
mo_saint-louis_11451-olive-blvd,pizza_hut_us,11451 Olive Blvd,,Saint Louis,MO,,US,+1 314-997-2252,https://locations.pizzahut.com/mo/saint-louis/11451-olive-blvd,,Pizza Hut,Q191615
137074,potbelly_sandwich,St. Louis - Creve Coeur,,Creve Coeur,MO,,US,+1 314-991-6800,,Mo-Su 09:00-20:00,Potbelly Sandwich Shop,Q7234777
https://locations.qdoba.com/us/mo/creve-coeur/766-n-new-ballas-rd.html,qdoba,QDOBA Olive and New Ballas,,Creve Coeur,MO,,US,+1 314-983-0189,https://locations.qdoba.com/us/mo/creve-coeur/766-n-new-ballas-rd.html,Mo-Sa 10:30-22:00; Su 10:30-21:00,Qdoba,Q1363885
102,schnucks_us,Schnucks Creve Coeur,,Creve Coeur,MO,,US,+1 314-567-3838,https:/locations.schnucks.com/mo-st-louis-102,Mo-Su 06:00-22:00,Schnuck's,Q7431920
116,schnucks_us,Schnucks Mason,,St. Louis,MO,,US,+1 314-434-7323,https:/locations.schnucks.com/mo-st-louis-116,Mo-Su 06:00-22:00,Schnuck's,Q7431920
https://locations.scrubsandbeyond.com/mo/crevecoeur/scrubs-creve-coeur-mo-7.html,scrubs_and_beyond,Nursing Uniforms & Medical Scrubs at 12551 Olive Blvd Ste D100 | Scrubs & Beyond Near Me,,Creve Coeur,MO,,US,+1 314-542-2226,https://locations.scrubsandbeyond.com/mo/crevecoeur/scrubs-creve-coeur-mo-7.html,Mo-Fr 09:00-20:00; Sa 10:00-20:00; Su 12:00-18:00,Scrubs and Beyond,Q119972011
200,sola_salon_studios,Creve Coeur,,Creve Coeur,MO,,US,+1 314-440-6808,https://www.solasalonstudios.com/locations/creve-coeur1,,Sola Salon Studios,Q64337426
https://restaurants.subway.com/#14894599,subway,Subway Creve Coeur Plaza Shopping Cnt,,Creve Coeur Saint Louis,MO,,US,+1 314-993-2270,https://restaurants.subway.com/united-states/mo/creve-coeur/782-north-new-ballas-rd,Mo-Fr 09:00-21:00; Sa-Su 10:00-20:00,Subway,Q244457
https://restaurants.subway.com/#14907437,subway,Subway,,Creve Coeur Saint Louis,MO,,US,+1 314-997-0012,https://restaurants.subway.com/united-states/mo/creve-coeur/11268-&-11272-olive-blvd,Mo-Fr 08:30-21:00; Sa 10:00-19:00; Su 10:00-20:00,Subway,Q244457
https://restaurants.subway.com/#14895818,subway,Subway,,Creve Coeur Saint Louis,MO,,US,+1 314-514-7827,https://restaurants.subway.com/united-states/mo/creve-coeur/12321-olive-boulevard,Mo-Th 09:00-21:00; Fr 09:00-15:30; Sa-Su 10:00-20:00,Subway,Q244457
https://locations.tacobell.com/#6146528,taco_bell,Taco Bell,,Saint Louis,MO,,US,+1 314-205-8295,https://locations.tacobell.com/mo/saint-louis/13123-olive-blvd.html,Mo-We 08:00-24:00; Th-Sa 08:00-01:00; Su 08:00-24:00,Taco Bell,Q752941
0841,tjx,Creve Coeur,12559 Olive Blvd,Creve Coeur,MO,,US,+1 314-542-8300,,Mo-Sa 09:30-21:30; Su 10:00-20:00,TJ Maxx,Q10860683
10132,tjx,Saint Louis (Creve Ceour),12555 Olive Blvd.,Saint Louis (Creve Ceour),MO,,US,+1 314-469-5433,,Mo-Sa 09:30-21:30; Su 10:00-20:00,Marshalls,Q15903261
3SGL,tmobile_us,City Place,,Saint Louis,MO,,US,+1 314-993-5357,https://www.t-mobile.com/store-locator/mo/st-louis/city-place,,T-Mobile,Q3511885
694,trader_joes_us,Trader Joe's Creve Coeur (694),,Creve Coeur,MO,,US,+1 314-569-0427,https://locations.traderjoes.com/mo/creve-coeur/694/,Mo-Su 08:00-21:00,Trader Joe's,Q688825
"Advanced Endoscopy Center, St. Louis, Missouri",united_surgical_partners_international,Advanced Endoscopy Center,11525 Olde Cabin Road Suite 101,St. Louis,MO,,US,+1 314-400-9999,na,,United Surgical Partners International,Q7893575
"Advanced Surgical Care, Creve Coeur, Missouri",united_surgical_partners_international,Advanced Surgical Care,10448 Old Olive Street Road Suite 100,Creve Coeur,MO,,US,+1 314-743-8091,na,,United Surgical Partners International,Q7893575
"Gateway Endoscopy Center, St. Louis, Missouri",united_surgical_partners_international,Gateway Endoscopy Center,12855 N Forty Drive Suite 150,St. Louis,MO,,US,+1 314-336-1130,na,,United Surgical Partners International,Q7893575
"North Campus Surgery Center, Creve Coeur, Missouri",united_surgical_partners_international,North Campus Surgery Center,633 Emerson Road Suite 120,Creve Coeur,MO,,US,+1 314-991-2090,na,,United Surgical Partners International,Q7893575
0592,upsstore,West Oak Square,11469 Olive Blvd,Creve Coeur,MO,,US,+1 314-991-1010,https://locations.theupsstore.com/mo/creve-coeur/11469-olive-blvd,,UPS Store,Q7771029
1434996,usps,CREVE COEUR,,SAINT LOUIS,MO,,US,+1 314-432-3664,,Mo-Fr 09:00-18:30; Sa 09:30-14:30,United States Postal Service,Q668687
6314100047,usps_collection_boxes,USPS COLLECTION BOX - BLUE BOX,520 MARYVILLE CENTRE DR,SAINT LOUIS,MO,,US,,,,United States Postal Service,Q668687
6314100053,usps_collection_boxes,USPS COLLECTION BOX - BLUE BOX,645 MARYVILLE CENTRE DR,SAINT LOUIS,MO,,US,,,,United States Postal Service,Q668687
6314100130,usps_collection_boxes,USPS COLLECTION BOX - BLUE BOX,12935 N 40 DR,SAINT LOUIS,MO,,US,,,,United States Postal Service,Q668687
6314100002,usps_collection_boxes,USPS COLLECTION BOX - BLUE BOX,6 THE PINES CT,SAINT LOUIS,MO,,US,,,,United States Postal Service,Q668687
6314100073,usps_collection_boxes,USPS COLLECTION BOX - BLUE BOX,969 N MASON RD,SAINT LOUIS,MO,,US,,,,United States Postal Service,Q668687
6314100105,usps_collection_boxes,USPS COLLECTION BOX - BLUE BOX,12756 OLIVE BLVD,SAINT LOUIS,MO,,US,,,,United States Postal Service,Q668687
6314100064,usps_collection_boxes,USPS COLLECTION BOX - BLUE BOX,777 S NEW BALLAS RD,SAINT LOUIS,MO,,US,,,,United States Postal Service,Q668687
6314100021,usps_collection_boxes,USPS COLLECTION BOX - BLUE BOX,1215 FERN RIDGE PKWY,SAINT LOUIS,MO,,US,,,,United States Postal Service,Q668687
6314100062,usps_collection_boxes,USPS COLLECTION BOX - BLUE BOX,755 S NEW BALLAS RD,SAINT LOUIS,MO,,US,,,,United States Postal Service,Q668687
6314100148,usps_collection_boxes,USPS COLLECTION BOX - BLUE BOX,615 S NEW BALLAS RD,SAINT LOUIS,MO,,US,,,,United States Postal Service,Q668687
6314100153,usps_collection_boxes,USPS COLLECTION BOX - BLUE BOX,621 S NEW BALLAS RD,SAINT LOUIS,MO,,US,,,,United States Postal Service,Q668687
6314100137,usps_collection_boxes,USPS COLLECTION BOX - BLUE BOX,12655 OLIVE BLVD,SAINT LOUIS,MO,,US,,,,United States Postal Service,Q668687
6314100030,usps_collection_boxes,USPS COLLECTION BOX - BLUE BOX,12595 OLIVE BLVD,SAINT LOUIS,MO,,US,,,,United States Postal Service,Q668687
6314100070,usps_collection_boxes,USPS COLLECTION BOX - BLUE BOX,12101 WOODCREST EXECUTIVE DR,SAINT LOUIS,MO,,US,,,,United States Postal Service,Q668687
6314100080,usps_collection_boxes,USPS COLLECTION BOX - BLUE BOX,12312 OLIVE BLVD,SAINT LOUIS,MO,,US,,,,United States Postal Service,Q668687
6314100089,usps_collection_boxes,USPS COLLECTION BOX - BLUE BOX,1 CITYPLACE DR,SAINT LOUIS,MO,,US,,,,United States Postal Service,Q668687
6314100011,usps_collection_boxes,USPS COLLECTION BOX - BLUE BOX,10650 OLIVE BLVD,SAINT LOUIS,MO,,US,,,,United States Postal Service,Q668687
6314100124,usps_collection_boxes,USPS COLLECTION BOX - BLUE BOX,11010 OLIVE BLVD,SAINT LOUIS,MO,,US,,,,United States Postal Service,Q668687
6314100012,usps_collection_boxes,USPS COLLECTION BOX - BLUE BOX,11330 OLIVE BLVD,SAINT LOUIS,MO,,US,,,,United States Postal Service,Q668687
6314100042,usps_collection_boxes,USPS COLLECTION BOX - BLUE BOX,311 N LINDBERGH BLVD,SAINT LOUIS,MO,,US,,,,United States Postal Service,Q668687
6314100142,usps_collection_boxes,USPS COLLECTION BOX - BLUE BOX,666 OFFICE PKWY,SAINT LOUIS,MO,,US,,,,United States Postal Service,Q668687
6314100111,usps_collection_boxes,USPS COLLECTION BOX - BLUE BOX,666 OFFICE PKWY,SAINT LOUIS,MO,,US,,,,United States Postal Service,Q668687
6314100155,usps_collection_boxes,USPS COLLECTION BOX - BLUE BOX,666 OFFICE PKWY,SAINT LOUIS,MO,,US,,,,United States Postal Service,Q668687
6314100093,usps_collection_boxes,USPS COLLECTION BOX - BLUE BOX,331 N NEW BALLAS RD,SAINT LOUIS,MO,,US,,,,United States Postal Service,Q668687
6314100094,usps_collection_boxes,USPS COLLECTION BOX - BLUE BOX,331 N NEW BALLAS RD,SAINT LOUIS,MO,,US,,,,United States Postal Service,Q668687
6314100097,usps_collection_boxes,USPS COLLECTION BOX - BLUE BOX,331 N NEW BALLAS RD,SAINT LOUIS,MO,,US,,,,United States Postal Service,Q668687
6314100141,usps_collection_boxes,USPS COLLECTION BOX - PO LOBBY,331 N NEW BALLAS RD,SAINT LOUIS,MO,,US,,,,United States Postal Service,Q668687
6314100149,usps_collection_boxes,USPS COLLECTION BOX - APC,331 N NEW BALLAS RD,SAINT LOUIS,MO,,US,,,,United States Postal Service,Q668687
6314100159,usps_collection_boxes,USPS COLLECTION BOX - PO LOBBY,331 N NEW BALLAS RD,SAINT LOUIS,MO,,US,,,,United States Postal Service,Q668687
6314100045,usps_collection_boxes,USPS COLLECTION BOX - BLUE BOX,456 N NEW BALLAS RD,SAINT LOUIS,MO,,US,,,,United States Postal Service,Q668687
6314100046,usps_collection_boxes,USPS COLLECTION BOX - BLUE BOX,522 N NEW BALLAS RD,SAINT LOUIS,MO,,US,,,,United States Postal Service,Q668687
6314100128,usps_collection_boxes,USPS COLLECTION BOX - BLUE BOX,600 EMERSON RD,SAINT LOUIS,MO,,US,,,,United States Postal Service,Q668687
6314100018,usps_collection_boxes,USPS COLLECTION BOX - BLUE BOX,11709 OLD BALLAS RD,SAINT LOUIS,MO,,US,,,,United States Postal Service,Q668687
6314100113,usps_collection_boxes,USPS COLLECTION BOX - BLUE BOX,701 EMERSON RD,SAINT LOUIS,MO,,US,,,,United States Postal Service,Q668687
6314100087,usps_collection_boxes,USPS COLLECTION BOX - BLUE BOX,675 OLD BALLAS RD,SAINT LOUIS,MO,,US,,,,United States Postal Service,Q668687
6314100065,usps_collection_boxes,USPS COLLECTION BOX - BLUE BOX,766 N NEW BALLAS RD,SAINT LOUIS,MO,,US,,,,United States Postal Service,Q668687
crevecoeur_oil-change-050055,valvoline_instant_oil_change,Valvoline,11333 Olive ,Creve Coeur,MO,,US,+1 314-993-5808,https://store.vioc.com/mo/crevecoeur/oil-change-050055.html,,Valvoline Instant Oil Change,Q7912852
https://vcahospitals.com/bal-coeur,vca,VCA Bal-Coeur Animal Hospital,,Creve Coeur,MO,,US,+1 314-432-1150,https://vcahospitals.com/bal-coeur,Mo-Th 08:00-19:00; Fr 08:00-17:00; Sa 08:00-13:00,VCA,Q7906620
R00000000323,verizon_us,Creve Coeur,,Creve Coeur,MO,,US,+1 314-993-4300,https://www.verizon.com/stores/details/missouri/creve-coeur/creve-coeur-204264/,Mo-Sa 09:00-19:00; Su 10:00-17:00,Verizon,Q919641
,visa,,,CREVE COEUR,MO,,US,,,,,
,visa,,,CREVE COUER,MO,,US,,,,,
,visa,,,SAINT LOUIS,MO,,US,,,,,
,visa,,,CREVE COEUR,MO,,US,,,,,
,visa,,,CREVE COEUR,MO,,US,,,,,
,visa,,,CREVE COUER,MO,,US,,,,,
,visa,,,CREVE COEUR,MO,,US,,,,,
,visa,,,SAINT LOUIS,MO,,US,,,,,
,visa,,,CREVE COEUR,MO,,US,,,,,
,visa,,,SAINT LOUIS,MO,,US,,,,,
,visa,,,CREVE COEUR,MO,,US,,,,,
,visa,,,CREVE COEUR,MO,,US,,,,,
,visa,,,CREVE COEUR,MO,,US,,,,,
,visa,,,CREVE COEUR,MO,,US,,,,,
,visa,,,SAINT LOUIS,MO,,US,,,,,
,visa,,,CREVE COEUR,MO,,US,,,,,
,visa,,,CREVE COEUR,MO,,US,,,,,
,visa,,,CREVE COUER,MO,,US,,,,,
,visa,,,CREVE COEUR,MO,,US,,,,,
,visa,,,CREVE COEUR,MO,,US,,,,,
,visa,,,ST. LOUIS,MO,,US,,,,,
,visa,,,CREVE COEUR,MO,,US,,,,,
,visa,,,ST. LOUIS,MO,,US,,,,,
,visa,,,CREVE COEUR,MO,,US,,,,,
,visa,,,SAINT LOUIS,MO,,US,,,,,
,visa,,,ST LOUIS,MO,,US,,,,,
,visa,,,ST LOUIS,MO,,US,,,,,
,visa,,,CREVE COEUR,MO,,US,,,,,
,visa,,,CREVE COEUR,MO,,US,,,,,
,visa,,,SAINT LOUIS,MO,,US,,,,,
,visa,,,SAINT LOUIS,MO,,US,,,,,
,visa,,,CREVE COEUR,MO,,US,,,,,
,visa,,,SAINT LOUIS,MO,,US,,,,,
,visa,,,ST LOUIS,MO,,US,,,,,
,visa,,,CREVE COEUR,MO,,US,,,,,
,visa,,,ST. LOUIS,MO,,US,,,,,
,visa,,,ST LOUIS,MO,,US,,,,,
,visa,,,ST LOUIS,MO,,US,,,,,
,visa,,,ST. LOUIS,MO,,US,,,,,
,visa,,,ST. LOUIS,MO,,US,,,,,
"https://www.walgreens.com/locator/community,+a+walgreens+pharmacy-628+n+new+ballas+rd-creve+coeur-mo-63141/id=16552",walgreens,"Community, a Walgreens Pharmacy",,Creve Coeur,MO,,US,+1 314-813-2160,"https://www.walgreens.com/locator/community,+a+walgreens+pharmacy-628+n+new+ballas+rd-creve+coeur-mo-63141/id=16552",,,
https://www.walgreens.com/locator/walgreens-12661+olive+blvd-creve+coeur-mo-63141/id=3305,walgreens,Walgreens,,Creve Coeur,MO,,US,+1 314-878-4413,https://www.walgreens.com/locator/walgreens-12661+olive+blvd-creve+coeur-mo-63141/id=3305,24/7,Walgreens,Q1591889
https://www.walgreens.com/locator/walgreens-10941+olive+blvd-creve+coeur-mo-63141/id=10082,walgreens,Walgreens,,Creve Coeur,MO,,US,+1 314-997-0555,https://www.walgreens.com/locator/walgreens-10941+olive+blvd-creve+coeur-mo-63141/id=10082,Mo-Su 06:00-24:00,Walgreens,Q1591889
