Ref,Spider,Name,Address,City,State,Zipcode,Country,Phone,Website,Hours,Brand,WikiData
https://stores.advanceautoparts.com/pa/norristown/2637-ridge-pike,advance_auto_parts_us,Advance Auto Parts,,Norristown,PA,,US,+1 610-630-6832,https://stores.advanceautoparts.com/pa/norristown/2637-ridge-pike,Mo-Sa 07:30-21:00; Su 09:00-20:00,Advance Auto Parts,Q4686051
https://local.acmemarkets.com/#5603091,albertsons,ACME Markets,,Norristown,PA,,US,+1 610-630-0890,https://local.acmemarkets.com/pa/norristown/2761-w-ridge-pike.html,"Mo-Fr 07:00-22:00,09:00-20:00; Sa 07:00-22:00,09:00-17:00; Su 07:00-22:00,09:00-16:00",ACME Markets,Q341975
https://local.pharmacy.acmemarkets.com/#5672424,albertsons,ACME Markets Pharmacy,,Norristown,PA,,US,+1 610-630-0882,https://local.pharmacy.acmemarkets.com/pa/norristown/2761-w-ridge-pike.html,Mo-Fr 09:00-20:00; Sa 09:00-17:00; Su 09:00-16:00,ACME Markets,Q341975
https://stores.aldi.us/#4419865,aldi_sud_us,ALDI  550 S. Trooper Road,,Norristown,PA,,US,+1 844-460-7045,https://stores.aldi.us/pa/norristown/550-s-trooper-road,"Mo-Su 08:00-20:00,09:00-20:00",ALDI,Q41171672
https://restaurants.applebees.com/en-us/pa/norristown/555-s.-trooper-road-94092,applebees,Connect with this Applebee's,,Norristown,PA,,US,+1 610-631-8184,https://restaurants.applebees.com/en-us/pa/norristown/555-s.-trooper-road-94092,Mo-Th 11:30-23:00; Fr-Sa 11:30-24:00; Su 11:30-23:00,Applebees,Q621532
https://locations.arbys.com/pa/audubon/2610-egypt-rd.html,arbys_us,"Arby's Fast-Food Drive Through Near You in Audubon, PA",,Audubon,PA,,US,+1 610-676-0976,https://locations.arbys.com/pa/audubon/2610-egypt-rd.html,Mo-Su 10:00-22:00,Arby's,Q630866
https://locations.atipt.com/trooper-pa,ati_physical_therapy,ATI Physical Therapy Trooper 461,,Trooper,PA,,US,+1 484-391-2252,https://locations.atipt.com/trooper-pa,,ATI Physical Therapy,Q50039703
https://locations.auntieannes.com/#5341,auntie_annes,Auntie Anne's West Norriton Wal-Mart #3475/Subway #37657,,Norristown,PA,,US,+1 610-631-2838,https://locations.auntieannes.com/pa/norristown/650-s-trooper-rd,Mo-Sa 10:00-21:30; Su 10:00-18:00,Auntie Anne's,Q4822010
3927,autozone_us,AutoZone Auto Parts Norristown,,Norristown,PA,,US,+1 610-676-0536,https://www.autozone.com/locations/pa/norristown/2551-w-main-st.html,Mo-Sa 07:30-21:00; Su 07:30-20:00,AutoZone,Q4826087
https://locators.bankofamerica.com/pa/westnorriton/financial-centers-west-norriton-13888.html,bankofamerica,Bank of America Financial Center & Drive-Thru ATM | West Norriton,,West Norriton,PA,,US,+1 610-631-0717,https://locators.bankofamerica.com/pa/westnorriton/financial-centers-west-norriton-13888.html,Mo-Fr 10:00-16:00,Bank of America,Q487907
177737,bluerhino,Turkey Hill #299,,Norristown,PA,,US,+1 610-539-3359,,,Blue Rhino,Q65681213
152276,bluerhino,Walgreens #07014,,Trooper,PA,,US,+1 484-636-5003,,,Blue Rhino,Q65681213
168747,bluerhino,Norristown Shell,,Norristown,PA,,US,+1 610-630-1204,,,Blue Rhino,Q65681213
155033,bluerhino,Walgreens #06837,,NORRISTOWN,PA,,US,+1 610-630-5819,,,Blue Rhino,Q65681213
pa_audubon_717-s-trooper-rd,chipotle, ,,Audubon,PA,,US,+1 484-370-7544,https://locations.chipotle.com/pa/audubon/717-s-trooper-rd,,Chipotle,Q465751
060605,citizens_us,Citizens Park Ridge,,Norristown,PA,,US,+1 610-539-9515,,Mo-Fr 09:00-16:00; Sa 09:00-12:00,Citizens,Q5122694
060607,citizens_us,Citizens Audubon,,Norristown,PA,,US,+1 610-666-6919,,Mo-Fr 09:00-16:00; Sa 09:00-12:00,Citizens,Q5122694
060657,citizens_us,Citizens Supermarket Branch Trooper Giant,,Norristown,PA,,US,+1 610-666-6588,,Mo-Fr 10:00-17:00; Sa 10:00-15:00,Citizens,Q5122694
ATM-777,citizens_us,,,Norristown,PA,,US,+1 724-539-8534,,24/7,Citizens,Q5122694
ATM-1178,citizens_us,,,Eagleville,PA,,US,,,24/7,Citizens,Q5122694
ATM-2172,citizens_us,,,Norristown,PA,,US,,,,Citizens,Q5122694
ATM-2535,citizens_us,,,Trooper,PA,,US,,,,Citizens,Q5122694
ATM-2583,citizens_us,,,Eagleville,PA,,US,,,,Citizens,Q5122694
ATM-603,citizens_us,,,Norristown,PA,,US,+1 610-666-6588,,,Citizens,Q5122694
ATM-604,citizens_us,,,Audubon,PA,,US,+1 610-666-6919,,24/7,Citizens,Q5122694
,credit_union_us,TruMark Financial CU,,Trooper,PA,,US,+1 610-539-1024,,Mo-Fr 08:30-05:00; Sa 09:00-01:00,,
8616,dollartree,DollarTree,,Norristown,PA,,US,+1 610-382-9954,,Mo-Sa 09:00-21:00; Su 10:00-20:00,Dollar Tree,Q5289230
4827,dominos_pizza_us,Domino's Pizza,,Norristown,PA,,US,+1 610-631-9090,https://pizza.dominos.com/pennsylvania/norristown/2-n-park-ave,Mo-Th 10:30-24:00; Fr-Sa 10:30-01:00; Su 10:30-24:00,Domino's,Q839466
4831,dominos_pizza_us,Domino's Pizza,,Norristown,PA,,US,+1 610-906-8600,https://pizza.dominos.com/pennsylvania/norristown/431-west-main-st,Mo-Th 10:30-24:00; Fr-Sa 10:30-01:00; Su 10:30-24:00,Domino's,Q839466
330105,dunkin_us,Dunkin',,Norristown,PA,,US,+1 610-539-1398,https://locations.dunkindonuts.com/en/pa/norristown/1941-main-st/330105,Mo-Su 04:00-22:00,Dunkin',Q847743
353609,dunkin_us,Dunkin',,Trooper,PA,,US,+1 484-370-8154,https://locations.dunkindonuts.com/en/pa/trooper/2600-ridge-pike/353609,Mo-Su 04:00-21:00,Dunkin',Q847743
521429,eg_america_us,Turkey Hill,,Eagleville,PA,,US,+1 610-539-3359,https://www.turkeyhillcstores.com/find-us/generic-store-page/?id=950299,,Turkey Hill,Q42376970
E11724,enterprise,Norristown,,Norristown,PA,,US,+1 610-631-6960,,,Enterprise Rent-A-Car,Q17085454
22055,firestone_auto_care,Firestone Complete Auto Care,,Norristown,PA,,US,+1 610-355-4069,https://local.firestonecompleteautocare.com/pennsylvania/norristown/2738-ridge-pike/,,Firestone,Q420837
1741,gamestop_us,Audobon Square,,Audubon,PA,,US,+1 610-631-7719,https://www.gamestop.com/search/?store=1741,Mo-Th 12:00-20:00; Fr-Sa 10:00-21:00; Su 11:00-18:00,GameStop,Q202210
#6084,giantfoodstores,GIANT Norristown,,Norristown,PA,,US,+1 610-631-8130,https://stores.giantfoodstores.com/pa/norristown/2670-egypt-rd,"Mo-Fr 06:00-22:00,09:00-20:00; Sa 06:00-22:00,09:00-17:00; Su 06:00-22:00,10:00-17:00",Giant,Q5558332
#6535,giantfoodstores,GIANT Audubon,,Audubon,PA,,US,+1 610-728-5600,https://stores.giantfoodstores.com/pa/audubon/10000-shannondell-drive,Mo-Fr 09:00-16:00; Sa 09:00-13:00,Giant,Q5558332
https://salons.greatclips.com/us/pa/eagleville/3200-ridge-pike,greatclips,Great Clips,,Eagleville,PA,,US,+1 610-539-1776,https://salons.greatclips.com/us/pa/eagleville/3200-ridge-pike,Mo-Fr 10:00-19:00; Sa 09:00-18:00; Su 10:00-16:00,Great Clips,Q5598967
phlavru-tru-audubon-valley-forge,hilton,Tru By Hilton Audubon Valley Forge,,,PA,,US,+1 484-231-8722,https://www.hilton.com/ar/hotels/phlavru-tru-audubon-valley-forge/,,Tru by Hilton,Q24907770
phlhwhw-homewood-suites-philadelphia-valley-forge,hilton,Homewood Suites by Hilton Philadelphia-Valley Forge,,,PA,,US,+1 610-539-7300,https://www.hilton.com/ar/hotels/phlhwhw-homewood-suites-philadelphia-valley-forge/,,Homewood Suites by Hilton,Q5890701
37027,h_r_block,H&R Block,,West Norriton,PA,,US,+1 610-539-1868,https://www.hrblock.com/local-tax-offices/pennsylvania/west-norriton/2030-w-main-st/37027/,,H&R Block,Q5627799
West Norriton Farmers Market IGA#20839,iga,West Norriton Farmers Market IGA#20839,"1930 West Main Street, Norristown, PA, 19403",Norristown,PA,,US,+1 609-499-1550,http://www.westnorritonfarmersmarket.com,,IGA,Q3146662
https://office.jacksonhewitt.com/#27575160,jackson_hewitt,Jackson Hewitt,,Norristown,PA,,US,+1 888-548-1040,https://office.jacksonhewitt.com/tax-preparation-services-locations/en/pa/norristown/650-south-trooper-road/53475,Mo 10:00-20:00; Tu-Th 11:00-19:00; Fr-Sa 10:00-20:00; Su 10:00-16:00,Jackson Hewitt,Q6117132
https://www.jeffersonhealth.org/locations/braemer-medical-arts-building,jefferson_univ_hosp,Minerva D. Braemer Medical Arts Building,,East Norriton,PA,,US,+1 484-622-1000,https://www.jeffersonhealth.org/locations/braemer-medical-arts-building,,Jefferson University Hospital,Q59676202
https://www.jeffersonhealth.org/locations/moss-magee-rehabilitation-einstein-montgomery,jefferson_univ_hosp,Jefferson Moss-Magee Rehabilitation – Einstein Montgomery,,East Norriton,PA,,US,+1 484-622-7470,https://www.jeffersonhealth.org/locations/moss-magee-rehabilitation-einstein-montgomery,,Jefferson University Hospital,Q59676202
https://www.jeffersonhealth.org/locations/jefferson-einstein-montgomery-hospital,jefferson_univ_hosp,Jefferson Einstein Montgomery Hospital,,East Norriton,PA,,US,+1 484-622-1000,https://www.jeffersonhealth.org/locations/jefferson-einstein-montgomery-hospital,,Jefferson University Hospital,Q59676202
https://www.jeffersonhealth.org/locations/comprehensive-weight-management-east-norriton,jefferson_univ_hosp,Jefferson Comprehensive Weight Management - East Norriton,,East Norriton,PA,,US,+1 484-622-1000,https://www.jeffersonhealth.org/locations/comprehensive-weight-management-east-norriton,,Jefferson University Hospital,Q59676202
https://www.jeffersonhealth.org/locations/emergency-department-einstein-medical-center-montgomery,jefferson_univ_hosp,Emergency Department at Jefferson Einstein Montgomery Hospital,,East Norriton,PA,,US,+1 484-622-1000,https://www.jeffersonhealth.org/locations/emergency-department-einstein-medical-center-montgomery,,Jefferson University Hospital,Q59676202
https://www.jeffersonhealth.org/locations/einstein-transplant-surgery-montgomery-nephrology-associates,jefferson_univ_hosp,Einstein Transplant Surgery at Montgomery - Nephrology Associates,,East Norriton,PA,,US,+1 610-275-9770,https://www.jeffersonhealth.org/locations/einstein-transplant-surgery-montgomery-nephrology-associates,,Jefferson University Hospital,Q59676202
https://www.jeffersonhealth.org/locations/einstein-physicians-womens-associates-east-norriton,jefferson_univ_hosp,Einstein Physicians Women's Associates - East Norriton,,East Norriton,PA,,US,+1 484-622-7940,https://www.jeffersonhealth.org/locations/einstein-physicians-womens-associates-east-norriton,,Jefferson University Hospital,Q59676202
https://www.jeffersonhealth.org/locations/einstein-physicians-shannondell,jefferson_univ_hosp,Einstein Physicians Shannondell,,Audubon,PA,,US,+1 484-392-4045,https://www.jeffersonhealth.org/locations/einstein-physicians-shannondell,,Jefferson University Hospital,Q59676202
https://www.jeffersonhealth.org/locations/einstein-physicians-norriton,jefferson_univ_hosp,Einstein Physicians Norriton,,East Norriton,PA,,US,+1 610-279-1500,https://www.jeffersonhealth.org/locations/einstein-physicians-norriton,,Jefferson University Hospital,Q59676202
https://www.jeffersonhealth.org/locations/montgomery-womens-center,jefferson_univ_hosp,Einstein Montgomery Women's Center,,East Norriton,PA,,US,+1 484-622-2778,https://www.jeffersonhealth.org/locations/montgomery-womens-center,,Jefferson University Hospital,Q59676202
https://www.jeffersonhealth.org/locations/gastroenterology-associates-montgomery,jefferson_univ_hosp,Einstein Gastroenterology Associates Montgomery,,East Norriton,PA,,US,+1 610-233-3660,https://www.jeffersonhealth.org/locations/gastroenterology-associates-montgomery,,Jefferson University Hospital,Q59676202
https://www.jeffersonhealth.org/locations/einstein-cardiothoracic-surgery-at-montgomery,jefferson_univ_hosp,Einstein Cardiothoracic Surgery at Montgomery,,East Norriton,PA,,US,+1 484-622-2300,https://www.jeffersonhealth.org/locations/einstein-cardiothoracic-surgery-at-montgomery,,Jefferson University Hospital,Q59676202
https://www.jeffersonhealth.org/locations/east-norriton-womens-health,jefferson_univ_hosp,East Norriton Women's Health,,East Norriton,PA,,US,+1 610-239-8970,https://www.jeffersonhealth.org/locations/east-norriton-womens-health,,Jefferson University Hospital,Q59676202
1246,lidl_us,Trooper PA - Ridge Pike,,Trooper,PA,,US,+1 844-747-5435,,,Lidl,Q151954
70405156,moneygram,WEST NORRITON FARMERS MARKET,,NORRISTOWN,PA,,US,+1 610-539-8987,,Mo-Su 08:00-21:00,MoneyGram,Q1944412
308,ollies_bargain_outlet,Ollie's Bargain Outlet,,Eagleville,PA,,US,+1 610-539-6371,https://www.ollies.us/locations/3200-ridge-pike-eagleville-pa/,Mo-Sa 09:00-21:00; Su 10:00-19:00,Ollie's Bargain Outlet,Q7088304
2081,orangetheory_fitness,"Audubon, PA",,Audubon,PA,,US,+1 484-235-0596,,,Orangetheory Fitness,Q25005163
https://locations.papajohns.com/#10692241,papa_johns,Papa John's,,Norristown,PA,,US,+1 610-631-2300,https://locations.papajohns.com/united-states/pa/19403/norristown/2810-ridge-pike,Mo-Th 11:00-23:00; Fr 11:00-24:00; Sa-Su 11:00-23:00,Papa John's Pizza,Q2759586
0000876683,phillips_66_conoco_76,NORRISTOWN,,NORRISTOWN,PA,,US,+1 610-539-7500,,,Conoco,Q109341187
pa_norristown_2805-ridge-pike,pizza_hut_us,2805 Ridge Pike,,Norristown,PA,,US,,https://locations.pizzahut.com/pa/norristown/2805-ridge-pike,,Pizza Hut,Q191615
restaurant_240831,popeyes_us_fr,Popeyes,"2530 W Main St Norristown, Pennsylvania 19403 - USA",Norristown,PA,,US,+1 484-681-9504,https://www.popeyes.com/store-locator/store/restaurant_240831,Mo-We 10:00-21:30; Th-Sa 10:00-22:30; Su 10:00-21:30,Popeyes,Q1330910
https://www.publicstorage.com/self-storage-pa-norristown/1638.html,public_storage_us,Public Storage,,Norristown,PA,,US,+1 484-685-3836,https://www.publicstorage.com/self-storage-pa-norristown/1638.html,,Public Storage,Q1156045
81191,ritasitalianice,Rita’s of Trooper PA,,Norristown,PA,,US,+1 610-631-8492,https://www.ritasice.com/location/ritas-of-trooper-pa/,,Rita's Italian Ice,Q7336456
03389,rite_aid_us,Rite Aid #03389 Audubon,,Audubon,PA,,US,+1 610-650-8490,https://locations2.riteaid.com.yext-cdn.com/pa/audubon/2674-egypt-road.html,Mo-Sa 08:00-22:00; Su 09:00-20:00,Rite Aid,Q3433273
23676,seven_eleven_ca_us,7-Eleven Store,,Norristown,PA,,US,+1 610-539-0203,https://www.7-eleven.com/locations/pa/west-norriton-townsh/1503-west-main-street-23676,,7-Eleven,Q259340
839,sola_salon_studios,Audubon,,Audubon,PA,,US,+1 267-848-9520,https://www.solasalonstudios.com/locations/audubon,,Sola Salon Studios,Q64337426
https://restaurants.subway.com/#14915565,subway,Subway Wal-Mart #3475,,Norristown Montgomery,PA,,US,+1 610-631-2838,https://restaurants.subway.com/united-states/pa/norristown/650-south-trooper-road,Mo-Su 08:00-21:30,Subway,Q244457
8002179601,sunoco_us,Sunoco,,NORRISTOWN,PA,,US,,,,Sunoco,Q1423218
0793046400,sunoco_us,Sunoco,,NORRISTOWN,PA,,US,+1 215-572-9800,,Mo-Su 06:00-00:00,Sunoco,Q1423218
81205,supercuts,Valley Forge Marketplace,424 Egypt Rd,Norristown,PA,,US,+1 484-231-8756,https://www.supercuts.com/checkin/81205,Mo 09:00-17:00; Tu-We 09:00-16:00; Th-Sa 09:00-19:00; Su 10:00-18:00,Supercuts,Q7643239
https://locations.tacobell.com/#6146882,taco_bell,Taco Bell,,Audubon,PA,,US,+1 484-831-5521,https://locations.tacobell.com/pa/audubon/1165-south-trooper-road.html,Mo-Th 08:00-24:00; Fr-Sa 08:00-01:00; Su 08:00-24:00,Taco Bell,Q752941
10501,tjx,Norristown,540 S. Trooper Road,Norristown,PA,,US,+1 610-631-7805,,Mo-Sa 09:30-21:30; Su 10:00-20:00,Marshalls,Q15903261
3USJ,tmobile_us,S Trooper Rd & Forge Ave,,Audubon,PA,,US,+1 610-590-4346,https://www.t-mobile.com/store-locator/pa/audubon/s-trooper-rd-forge-ave,,T-Mobile,Q3511885
100127,two_men_and_truck,Philadelphia,2092 W Main St,Norristown,PA,,US,+1 610-499-2021,https://twomenandatruck.com/movers/pa/philadelphia,,Two Men and a Truck,Q7859087
2447,upsstore,Audubon,2820 Audubon Village Dr,Audubon,PA,,US,+1 610-650-8114,https://locations.theupsstore.com/pa/audubon/2820-audubon-village-dr,,UPS Store,Q7771029
1436434,usps,EAGLEVILLE,,NORRISTOWN,PA,,US,+1 610-666-1592,,Mo-Fr 09:00-16:30; Sa 09:00-12:00,United States Postal Service,Q668687
1361610,usps,EAGLEVILLE CARRIER ANNEX,,NORRISTOWN,PA,,US,+1 610-630-9718,,,United States Postal Service,Q668687
1940300043,usps_collection_boxes,USPS COLLECTION BOX - BLUE BOX,300 DEER RUN,NORRISTOWN,PA,,US,,,,United States Postal Service,Q668687
1940300060,usps_collection_boxes,USPS COLLECTION BOX - BLUE BOX,539 W GERMANTOWN PIKE,NORRISTOWN,PA,,US,,,,United States Postal Service,Q668687
1940300016,usps_collection_boxes,USPS COLLECTION BOX - BLUE BOX,200 STONYBROOK DR,NORRISTOWN,PA,,US,,,,United States Postal Service,Q668687
1940300018,usps_collection_boxes,USPS COLLECTION BOX - BLUE BOX,546 FOUNDRY RD,NORRISTOWN,PA,,US,,,,United States Postal Service,Q668687
1940300053,usps_collection_boxes,USPS COLLECTION BOX - BLUE BOX,1025 VALLEY FORGE RD,NORRISTOWN,PA,,US,,,,United States Postal Service,Q668687
1940300007,usps_collection_boxes,USPS COLLECTION BOX - BLUE BOX,402 SNOWFLAKE CIR,NORRISTOWN,PA,,US,,,,United States Postal Service,Q668687
1940300041,usps_collection_boxes,USPS COLLECTION BOX - BLUE BOX,1400 BEECH ST,NORRISTOWN,PA,,US,,,,United States Postal Service,Q668687
1940300011,usps_collection_boxes,USPS COLLECTION BOX - BLUE BOX,2717 W MAIN ST,NORRISTOWN,PA,,US,,,,United States Postal Service,Q668687
1940300022,usps_collection_boxes,USPS COLLECTION BOX - BLUE BOX,1930 W MAIN ST,NORRISTOWN,PA,,US,,,,United States Postal Service,Q668687
1940300049,usps_collection_boxes,USPS COLLECTION BOX - BLUE BOX,3200 RIDGE PIKE,NORRISTOWN,PA,,US,,,,United States Postal Service,Q668687
1940300056,usps_collection_boxes,USPS COLLECTION BOX - PO LOBBY,3200 RIDGE PIKE,NORRISTOWN,PA,,US,,,,United States Postal Service,Q668687
1940300064,usps_collection_boxes,USPS COLLECTION BOX - PO LOBBY,3200 RIDGE PIKE STE 300,NORRISTOWN,PA,,US,,,,United States Postal Service,Q668687
1940300013,usps_collection_boxes,USPS COLLECTION BOX - BLUE BOX,3218 MARILYN AVE,NORRISTOWN,PA,,US,,,,United States Postal Service,Q668687
1940300021,usps_collection_boxes,USPS COLLECTION BOX - BLUE BOX,1 WESTOVER CLUB DR,NORRISTOWN,PA,,US,,,,United States Postal Service,Q668687
1940300047,usps_collection_boxes,USPS COLLECTION BOX - BLUE BOX,301 WILLOWBROOK DR,NORRISTOWN,PA,,US,,,,United States Postal Service,Q668687
1940300040,usps_collection_boxes,USPS COLLECTION BOX - BLUE BOX,1917 YORKTOWN N,NORRISTOWN,PA,,US,,,,United States Postal Service,Q668687
1940300028,usps_collection_boxes,USPS COLLECTION BOX - BLUE BOX,2605 EGYPT RD,NORRISTOWN,PA,,US,,,,United States Postal Service,Q668687
1940300057,usps_collection_boxes,USPS COLLECTION BOX - BLUE BOX,2670 EGYPT RD,NORRISTOWN,PA,,US,,,,United States Postal Service,Q668687
1940300006,usps_collection_boxes,USPS COLLECTION BOX - BLUE BOX,2575 BLVD OF THE GENRLS,NORRISTOWN,PA,,US,,,,United States Postal Service,Q668687
1940300058,usps_collection_boxes,USPS COLLECTION BOX - BLUE BOX,940 MADISON AVE,NORRISTOWN,PA,,US,,,,United States Postal Service,Q668687
1940300031,usps_collection_boxes,USPS COLLECTION BOX - BLUE BOX,500 MILL GROVE DR,NORRISTOWN,PA,,US,,,,United States Postal Service,Q668687
1940300054,usps_collection_boxes,USPS COLLECTION BOX - BLUE BOX,2838 AUDUBON VILLAGE DR,NORRISTOWN,PA,,US,,,,United States Postal Service,Q668687
norristown_oil-change-an3169,valvoline_instant_oil_change,Valvoline,2734 Ridge Pike ,Norristown,PA,,US,+1 484-681-4157,https://store.vioc.com/pa/norristown/oil-change-an3169.html,,Valvoline Instant Oil Change,Q7912852
A00000201711,verizon_us,Victra Norristown,,NORRISTOWN,PA,,US,+1 610-631-2290,https://www.verizon.com/stores/details/pennsylvania/norristown/gowireless-norristown-1657722/,Mo-Fr 10:00-18:00; Sa 10:00-17:00,Verizon,Q919641
,visa,,,MORRISVILLE,PA,,US,,,,,
,visa,,,EAST NORRITON,PA,,US,,,,,
,visa,,,NORRISTOWN,PA,,US,,,,,
,visa,,,NORRISTOWN,PA,,US,,,,,
,visa,,,NORRISTOWN,PA,,US,,,,,
,visa,,,NORRISTOWN,PA,,US,,,,,
,visa,,,NORRISTOWN,PA,,US,,,,,
,visa,,,EAGLEVILLE,PA,,US,,,,,
,visa,,,EAST NORRITON,PA,,US,,,,,
,visa,,,EAST NORRITON,PA,,US,,,,,
,visa,,,NORRISTOWN,PA,,US,,,,,
,visa,,,JEFFERSONVILLE,PA,,US,,,,,
,visa,,,NORRISTOWN,PA,,US,,,,,
,visa,,,W. NORRISTOWN,PA,,US,,,,,
,visa,,,NORRISTOWN,PA,,US,,,,,
,visa,,,NORRISTOWN,PA,,US,,,,,
,visa,,,NORRISTOWN,PA,,US,,,,,
,visa,,,NORRISTOWN,PA,,US,,,,,
,visa,,,WEST NORRITON,PA,,US,,,,,
,visa,,,JEFFERSONVILLE,PA,,US,,,,,
,visa,,,AUDUBON,PA,,US,,,,,
,visa,,,EAGLEVILLE,PA,,US,,,,,
,visa,,,NORRISTOWN,PA,,US,,,,,
,visa,,,FAIRVIEW VILLAGE,PA,,US,,,,,
,visa,,,NORRISTOWN,PA,,US,,,,,
,visa,,,FAIRVIEW VILLAG,PA,,US,,,,,
,visa,,,JEFFERSONVILLE,PA,,US,,,,,
,visa,,,EAGLEVILLE,PA,,US,,,,,
,visa,,,NORRISTOWN,PA,,US,,,,,
,visa,,,EAGLEVILLE,PA,,US,,,,,
,visa,,,TROOPER,PA,,US,,,,,
,visa,,,NORRISTOWN,PA,,US,,,,,
,visa,,,TROOPER,PA,,US,,,,,
,visa,,,TROOPER,PA,,US,,,,,
,visa,,,NORRISTOWN,PA,,US,,,,,
,visa,,,NORRISTOWN,PA,,US,,,,,
,visa,,,NORRISTOWN,PA,,US,,,,,
,visa,,,NORRISTOWN,PA,,US,,,,,
,visa,,,NORRISTOWN (TROOPER),PA,,US,,,,,
,visa,,,NORRISTOWN,PA,,US,,,,,
,visa,,,TROOPER,PA,,US,,,,,
,visa,,,NORRISTOWN,PA,,US,,,,,
,visa,,,NORRISTOWN,PA,,US,,,,,
,visa,,,NORRISTOWN,PA,,US,,,,,
,visa,,,WEST NORRITON,PA,,US,,,,,
,visa,,,NORRISTOWN,PA,,US,,,,,
,visa,,,NORRISTOWN,PA,,US,,,,,
,visa,,,AUDUBON,PA,,US,,,,,
,visa,,,KING OF PRUSS,PA,,US,,,,,
,visa,,,NORRISTOWN,PA,,US,,,,,
,visa,,,NORRISTOWN,PA,,US,,,,,
,visa,,,AUDUBON,PA,,US,,,,,
,visa,,,EAGLEVILLE,PA,,US,,,,,
,visa,,,EAGLEVILLE,PA,,US,,,,,
,visa,,,EAGLEVILLE,PA,,US,,,,,
,visa,,,EAGLEVILLE,PA,,US,,,,,
,visa,,,EAGLEVILLE,PA,,US,,,,,
,visa,,,EAGLEVILLE,PA,,US,,,,,
,visa,,,EAGLEVILLE,PA,,US,,,,,
,visa,,,NORRISTOWN,PA,,US,,,,,
,visa,,,NORRISTOWN,PA,,US,,,,,
,visa,,,NORRISTOWN,PA,,US,,,,,
,visa,,,AUDUBON,PA,,US,,,,,
,visa,,,EAGLEVILLE,PA,,US,,,,,
,visa,,,EAGLEVILLE,PA,,US,,,,,
,visa,,,NORRISTOWN,PA,,US,,,,,
,visa,,,AUDUBON,PA,,US,,,,,
,visa,,,AUDUBON,PA,,US,,,,,
,visa,,,AUDUBON,PA,,US,,,,,
,visa,,,AUDUBON,PA,,US,,,,,
,visa,,,AUDUBON,PA,,US,,,,,
,visa,,,MALVERN,PA,,US,,,,,
https://www.walgreens.com/locator/walgreens-2803+ridge+pike-norristown-pa-19403/id=7014,walgreens,Walgreens,,Norristown,PA,,US,+1 484-636-5003,https://www.walgreens.com/locator/walgreens-2803+ridge+pike-norristown-pa-19403/id=7014,Mo-Su 07:00-22:00,Walgreens,Q1591889
https://www.walgreens.com/locator/walgreens-699+w+germantown+pike-norristown-pa-19403/id=6837,walgreens,Walgreens,,Norristown,PA,,US,+1 610-630-5819,https://www.walgreens.com/locator/walgreens-699+w+germantown+pike-norristown-pa-19403/id=6837,Mo-Su 07:00-23:00,Walgreens,Q1591889
2672__EGYPT__RD_NORRISTOWN_PA_19403,wellsfargo,Wells Fargo,2672 EGYPT RD,NORRISTOWN,PA,,US,+1 610-539-3088,https://www.wellsfargo.com/locator/bank/2672__EGYPT__RD_NORRISTOWN_PA_19403/,Mo-Fr 09:00-17:00,Wells Fargo,Q744149
https://locations.wendys.com/#9254540,wendys,"Wendy's 590 South Trooper Road in Norristown, PA",,Norristown,PA,,US,+1 610-630-4940,https://locations.wendys.com/united-states/pa/norristown/590-south-trooper-road,"Mo-Su 06:30-10:30,07:00-22:00",Wendy's,Q550258
a63a09cc883b99e19c48d33e2affba0e,western_union,RAFAYS MART,,West Norriton,PA,,US,+1 413-275-0258,https://location.westernunion.com/us/pa/west-norriton/a63a09cc883b99e19c48d33e2affba0e,Mo-Fr 07:00-23:00; Sa-Su 08:00-23:00,Western Union,Q861042
bccc71f28d9f588626d49d5bb579b198,western_union,GIANT FOOD STORE #6084,,Norristown,PA,,US,+1 610-631-8130,https://location.westernunion.com/us/pa/norristown/bccc71f28d9f588626d49d5bb579b198,Mo-Su 08:30-20:30,Western Union,Q861042
c4b204923950492176d173a7f405cdef,western_union,WALMART #003475,,Norristown,PA,,US,+1 610-631-6750,https://location.westernunion.com/us/pa/norristown/c4b204923950492176d173a7f405cdef,Mo-Su 07:00-21:00,Western Union,Q861042
07bea5bfd77cfc80078aa51acb67df52,western_union,TURKEY HILL #299,,Eagleville,PA,,US,+1 610-539-3359,https://location.westernunion.com/us/pa/eagleville/07bea5bfd77cfc80078aa51acb67df52,Mo-Su 06:00-21:00,Western Union,Q861042
